event_id,session_id,user_id,timestamp,ts,action_type,tool,amount,recipient_id,recipient_type,category,request_status,decision_status,balance_before,policy_auto_limit,policy_daily_limit,policy_allowed_tools,source,scenario,risk_label,fraud_label,policy_violation_label,is_new_recipient
E0000001,U001-normal-000,U001,2026-05-01T09:00:48,1777593648.0,PAYMENT,payment.execute,14100.0,U001-R011,MERCHANT,FOOD,SUCCESS,NOT_EVALUATED,5875330.512398113,680000.0,1800000.0,balance.read|history.read|transfer.execute|payment.execute,normal_user,DAILY_NORMAL,0,0,0,0
E0000002,U001-agent-normal-015,U001,2026-05-01T12:50:01,1777607401.0,HISTORY_READ,history.read,0.0,U001-R012,BILL,UTILITY,SUCCESS,NOT_EVALUATED,5861230.512398113,680000.0,1800000.0,balance.read|history.read|transfer.execute|payment.execute,normal_agent,DELEGATED_NORMAL,0,0,0,0
E0000003,U001-normal-000,U001,2026-05-01T14:58:30,1777615110.0,PAYMENT,payment.execute,11700.0,U001-R037,MERCHANT,TRANSPORT,SUCCESS,NOT_EVALUATED,5861230.512398113,680000.0,1800000.0,balance.read|history.read|transfer.execute|payment.execute,normal_user,DAILY_NORMAL,0,0,0,0
E0000004,U001-normal-000,U001,2026-05-01T17:25:58,1777623958.0,PAYMENT,payment.execute,127400.0,U001-R006,MERCHANT,ETC,SUCCESS,NOT_EVALUATED,5849530.512398113,680000.0,1800000.0,balance.read|history.read|transfer.execute|payment.execute,normal_user,DAILY_NORMAL,0,0,0,0
E0000005,U001-normal-001,U001,2026-05-02T13:46:16,1777697176.0,PAYMENT,payment.execute,15500.0,U001-R036,MERCHANT,FOOD,SUCCESS,NOT_EVALUATED,5722130.512398113,680000.0,1800000.0,balance.read|history.read|transfer.execute|payment.execute,normal_user,DAILY_NORMAL,0,0,0,0
E0000006,U001-normal-002,U001,2026-05-03T11:36:24,1777775784.0,PAYMENT,payment.execute,82600.0,U001-R019,MERCHANT,TRANSPORT,SUCCESS,NOT_EVALUATED,5706630.512398113,680000.0,1800000.0,balance.read|history.read|transfer.execute|payment.execute,normal_user,DAILY_NORMAL,0,0,0,0
E0000007,U001-normal-002,U001,2026-05-03T21:53:53,1777812833.0,PAYMENT,payment.execute,10100.0,U001-R003,MERCHANT,SIMPLE_PAY,SUCCESS,NOT_EVALUATED,5624030.512398113,680000.0,1800000.0,balance.read|history.read|transfer.execute|payment.execute,normal_user,DAILY_NORMAL,0,0,0,0
E0000008,U001-normal-003,U001,2026-05-04T07:42:11,1777848131.0,TRANSFER,transfer.execute,16600.0,U001-R015,PERSON,P2P,SUCCESS,NOT_EVALUATED,5613930.512398113,680000.0,1800000.0,balance.read|history.read|transfer.execute|payment.execute,normal_user,DAILY_NORMAL,0,0,0,0
E0000009,U001-agent-normal-026,U001,2026-05-04T08:47:30,1777852050.0,PAYMENT,payment.execute,15300.0,U001-R033,MERCHANT,SIMPLE_PAY,SUCCESS,NOT_EVALUATED,5597330.512398113,680000.0,1800000.0,balance.read|history.read|transfer.execute|payment.execute,normal_agent,DELEGATED_NORMAL,0,0,0,0
E0000010,U001-normal-003,U001,2026-05-04T17:07:20,1777882040.0,PAYMENT,payment.execute,14300.0,U001-R024,MERCHANT,FOOD,SUCCESS,NOT_EVALUATED,5582030.512398113,680000.0,1800000.0,balance.read|history.read|transfer.execute|payment.execute,normal_user,DAILY_NORMAL,0,0,0,0
E0000011,U001-normal-003,U001,2026-05-04T17:38:19,1777883899.0,PAYMENT,payment.execute,10900.0,U001-R034,MERCHANT,TRANSPORT,SUCCESS,NOT_EVALUATED,5567730.512398113,680000.0,1800000.0,balance.read|history.read|transfer.execute|payment.execute,normal_user,DAILY_NORMAL,0,0,0,0
E0000012,U001-agent-normal-017,U001,2026-05-04T19:09:34,1777889374.0,PAYMENT,payment.execute,56700.0,U001-R025,MERCHANT,SIMPLE_PAY,SUCCESS,NOT_EVALUATED,5556830.512398113,680000.0,1800000.0,balance.read|history.read|transfer.execute|payment.execute,normal_agent,DELEGATED_NORMAL,0,0,0,0
E0000013,U001-normal-003,U001,2026-05-04T22:57:02,1777903022.0,TRANSFER,transfer.execute,2100.0,U001-R015,PERSON,P2P,SUCCESS,NOT_EVALUATED,5500130.512398113,680000.0,1800000.0,balance.read|history.read|transfer.execute|payment.execute,normal_user,DAILY_NORMAL,0,0,0,0
E0000014,U001-normal-004,U001,2026-05-05T11:21:49,1777947709.0,PAYMENT,payment.execute,25400.0,U001-R002,MERCHANT,FOOD,SUCCESS,NOT_EVALUATED,5498030.512398113,680000.0,1800000.0,balance.read|history.read|transfer.execute|payment.execute,normal_user,DAILY_NORMAL,0,0,0,0
E0000015,U001-normal-004,U001,2026-05-05T12:16:57,1777951017.0,PAYMENT,payment.execute,5300.0,U001-R031,BILL,UTILITY,SUCCESS,NOT_EVALUATED,5472630.512398113,680000.0,1800000.0,balance.read|history.read|transfer.execute|payment.execute,normal_user,DAILY_NORMAL,0,0,0,0
E0000016,U001-normal-004,U001,2026-05-05T17:09:35,1777968575.0,PAYMENT,payment.execute,24400.0,U001-R013,MERCHANT,SUBSCRIPTION,SUCCESS,NOT_EVALUATED,5467330.512398113,680000.0,1800000.0,balance.read|history.read|transfer.execute|payment.execute,normal_user,DAILY_NORMAL,0,0,0,0
E0000017,U001-normal-004,U001,2026-05-05T17:10:25,1777968625.0,PAYMENT,payment.execute,25700.0,U001-R014,MERCHANT,SIMPLE_PAY,SUCCESS,NOT_EVALUATED,5442930.512398113,680000.0,1800000.0,balance.read|history.read|transfer.execute|payment.execute,normal_user,DAILY_NORMAL,0,0,0,0
E0000018,U001-agent-normal-031,U001,2026-05-05T17:24:33,1777969473.0,PAYMENT,payment.execute,14100.0,U001-R007,BILL,RENT,SUCCESS,NOT_EVALUATED,5417230.512398113,680000.0,1800000.0,balance.read|history.read|transfer.execute|payment.execute,normal_agent,DELEGATED_NORMAL,0,0,0,0
E0000019,U001-normal-004,U001,2026-05-05T18:37:29,1777973849.0,PAYMENT,payment.execute,198100.0,U001-R022,MERCHANT,SHOPPING,SUCCESS,NOT_EVALUATED,5403130.512398113,680000.0,1800000.0,balance.read|history.read|transfer.execute|payment.execute,normal_user,DAILY_NORMAL,0,0,0,0
E0000020,U001-agent-normal-023,U001,2026-05-05T18:54:49,1777974889.0,BALANCE_READ,balance.read,0.0,U001-R019,MERCHANT,TRANSPORT,SUCCESS,NOT_EVALUATED,5205030.512398113,680000.0,1800000.0,balance.read|history.read|transfer.execute|payment.execute,normal_agent,DELEGATED_NORMAL,0,0,0,0
E0000021,U001-normal-005,U001,2026-05-06T07:20:12,1778019612.0,PAYMENT,payment.execute,9000.0,U001-R017,MERCHANT,SHOPPING,SUCCESS,NOT_EVALUATED,5205030.512398113,680000.0,1800000.0,balance.read|history.read|transfer.execute|payment.execute,normal_user,DAILY_NORMAL,0,0,0,0
E0000022,U001-normal-005,U001,2026-05-06T09:26:51,1778027211.0,PAYMENT,payment.execute,7100.0,U001-R033,MERCHANT,SIMPLE_PAY,SUCCESS,NOT_EVALUATED,5196030.512398113,680000.0,1800000.0,balance.read|history.read|transfer.execute|payment.execute,normal_user,DAILY_NORMAL,0,0,0,0
E0000023,U001-normal-005,U001,2026-05-06T17:52:31,1778057551.0,PAYMENT,payment.execute,24100.0,U001-R006,MERCHANT,ETC,SUCCESS,NOT_EVALUATED,5188930.512398113,680000.0,1800000.0,balance.read|history.read|transfer.execute|payment.execute,normal_user,DAILY_NORMAL,0,0,0,0
E0000024,U001-normal-006,U001,2026-05-07T17:19:56,1778141996.0,PAYMENT,payment.execute,46900.0,U001-R016,MERCHANT,FOOD,SUCCESS,NOT_EVALUATED,5164830.512398113,680000.0,1800000.0,balance.read|history.read|transfer.execute|payment.execute,normal_user,DAILY_NORMAL,0,0,0,0
E0000025,U001-normal-006,U001,2026-05-07T18:43:25,1778147005.0,PAYMENT,payment.execute,12000.0,U001-R017,MERCHANT,SHOPPING,SUCCESS,NOT_EVALUATED,5117930.512398113,680000.0,1800000.0,balance.read|history.read|transfer.execute|payment.execute,normal_user,DAILY_NORMAL,0,0,0,0
E0000026,U001-normal-006,U001,2026-05-07T22:35:08,1778160908.0,PAYMENT,payment.execute,195400.0,U001-R025,MERCHANT,SIMPLE_PAY,SUCCESS,NOT_EVALUATED,5105930.512398113,680000.0,1800000.0,balance.read|history.read|transfer.execute|payment.execute,normal_user,DAILY_NORMAL,0,0,0,0
E0000027,U001-normal-007,U001,2026-05-08T10:02:07,1778202127.0,PAYMENT,payment.execute,235700.0,U001-R009,MERCHANT,FOOD,SUCCESS,NOT_EVALUATED,4910530.512398113,680000.0,1800000.0,balance.read|history.read|transfer.execute|payment.execute,normal_user,DAILY_NORMAL,0,0,0,0
E0000028,U001-normal-007,U001,2026-05-08T14:27:04,1778218024.0,PAYMENT,payment.execute,60800.0,U001-R019,MERCHANT,TRANSPORT,SUCCESS,NOT_EVALUATED,4674830.512398113,680000.0,1800000.0,balance.read|history.read|transfer.execute|payment.execute,normal_user,DAILY_NORMAL,0,0,0,0
E0000029,U001-normal-007,U001,2026-05-08T17:48:13,1778230093.0,PAYMENT,payment.execute,26200.0,U001-R037,MERCHANT,TRANSPORT,SUCCESS,NOT_EVALUATED,4614030.512398113,680000.0,1800000.0,balance.read|history.read|transfer.execute|payment.execute,normal_user,DAILY_NORMAL,0,0,0,0
E0000030,U001-normal-007,U001,2026-05-08T18:15:08,1778231708.0,PAYMENT,payment.execute,29300.0,U001-R010,MERCHANT,SIMPLE_PAY,SUCCESS,NOT_EVALUATED,4587830.512398113,680000.0,1800000.0,balance.read|history.read|transfer.execute|payment.execute,normal_user,DAILY_NORMAL,0,0,0,0
E0000031,U001-normal-008,U001,2026-05-09T12:45:44,1778298344.0,PAYMENT,payment.execute,20900.0,U001-R025,MERCHANT,SIMPLE_PAY,SUCCESS,NOT_EVALUATED,4558530.512398113,680000.0,1800000.0,balance.read|history.read|transfer.execute|payment.execute,normal_user,DAILY_NORMAL,0,0,0,0
E0000032,U001-normal-008,U001,2026-05-09T18:15:00,1778318100.0,PAYMENT,payment.execute,63000.0,U001-R012,BILL,UTILITY,SUCCESS,NOT_EVALUATED,4537630.512398113,680000.0,1800000.0,balance.read|history.read|transfer.execute|payment.execute,normal_user,RECURRING_NORMAL,0,0,0,0
E0000033,U001-normal-008,U001,2026-05-09T22:04:49,1778331889.0,PAYMENT,payment.execute,59700.0,U001-R019,MERCHANT,TRANSPORT,SUCCESS,NOT_EVALUATED,4474630.512398113,680000.0,1800000.0,balance.read|history.read|transfer.execute|payment.execute,normal_user,DAILY_NORMAL,0,0,0,0
E0000034,U001-agent-normal-005,U001,2026-05-10T00:11:05,1778339465.0,HISTORY_READ,history.read,0.0,U001-R022,MERCHANT,SHOPPING,SUCCESS,NOT_EVALUATED,4414930.512398113,680000.0,1800000.0,balance.read|history.read|transfer.execute|payment.execute,normal_agent,DELEGATED_NORMAL,0,0,0,0
E0000035,U001-normal-009,U001,2026-05-10T10:21:40,1778376100.0,PAYMENT,payment.execute,4800.0,U001-R030,MERCHANT,SHOPPING,SUCCESS,NOT_EVALUATED,4414930.512398113,680000.0,1800000.0,balance.read|history.read|transfer.execute|payment.execute,normal_user,DAILY_NORMAL,0,0,0,0
E0000036,U001-normal-009,U001,2026-05-10T12:18:07,1778383087.0,PAYMENT,payment.execute,26700.0,U001-R002,MERCHANT,FOOD,SUCCESS,NOT_EVALUATED,4410130.512398113,680000.0,1800000.0,balance.read|history.read|transfer.execute|payment.execute,normal_user,DAILY_NORMAL,0,0,0,0
E0000037,U001-normal-009,U001,2026-05-10T17:50:22,1778403022.0,PAYMENT,payment.execute,34100.0,U001-R036,MERCHANT,FOOD,SUCCESS,NOT_EVALUATED,4383430.512398113,680000.0,1800000.0,balance.read|history.read|transfer.execute|payment.execute,normal_user,DAILY_NORMAL,0,0,0,0
E0000038,U001-normal-010,U001,2026-05-11T07:44:16,1778453056.0,PAYMENT,payment.execute,9400.0,U001-R034,MERCHANT,TRANSPORT,SUCCESS,NOT_EVALUATED,4349330.512398113,680000.0,1800000.0,balance.read|history.read|transfer.execute|payment.execute,normal_user,DAILY_NORMAL,0,0,0,0
E0000039,U001-normal-010,U001,2026-05-11T18:23:21,1778491401.0,PAYMENT,payment.execute,6400.0,U001-R011,MERCHANT,FOOD,SUCCESS,NOT_EVALUATED,4339930.512398113,680000.0,1800000.0,balance.read|history.read|transfer.execute|payment.execute,normal_user,DAILY_NORMAL,0,0,0,0
E0000040,U001-normal-011,U001,2026-05-12T21:33:52,1778589232.0,PAYMENT,payment.execute,5100.0,U001-R014,MERCHANT,SIMPLE_PAY,SUCCESS,NOT_EVALUATED,4333530.512398113,680000.0,1800000.0,balance.read|history.read|transfer.execute|payment.execute,normal_user,DAILY_NORMAL,0,0,0,0
E0000041,U001-normal-012,U001,2026-05-13T08:12:48,1778627568.0,PAYMENT,payment.execute,48300.0,U001-R037,MERCHANT,TRANSPORT,SUCCESS,NOT_EVALUATED,4328430.512398113,680000.0,1800000.0,balance.read|history.read|transfer.execute|payment.execute,normal_user,DAILY_NORMAL,0,0,0,0
E0000042,U001-agent-normal-014,U001,2026-05-13T14:03:30,1778648610.0,PAYMENT,payment.execute,14600.0,U001-R001,MERCHANT,SUBSCRIPTION,SUCCESS,NOT_EVALUATED,4280130.512398113,680000.0,1800000.0,balance.read|history.read|transfer.execute|payment.execute,normal_agent,DELEGATED_NORMAL,0,0,0,0
E0000043,U001-agent-normal-012,U001,2026-05-13T16:16:54,1778656614.0,BALANCE_READ,balance.read,0.0,U001-R005,MERCHANT,FOOD,SUCCESS,NOT_EVALUATED,4265530.512398113,680000.0,1800000.0,balance.read|history.read|transfer.execute|payment.execute,normal_agent,DELEGATED_NORMAL,0,0,0,0
E0000044,U001-normal-012,U001,2026-05-13T19:29:45,1778668185.0,PAYMENT,payment.execute,16700.0,U001-R018,MERCHANT,SIMPLE_PAY,SUCCESS,NOT_EVALUATED,4265530.512398113,680000.0,1800000.0,balance.read|history.read|transfer.execute|payment.execute,normal_user,DAILY_NORMAL,0,0,0,0
E0000045,U001-normal-012,U001,2026-05-13T20:05:23,1778670323.0,PAYMENT,payment.execute,18100.0,U001-R021,MERCHANT,FOOD,SUCCESS,NOT_EVALUATED,4248830.512398113,680000.0,1800000.0,balance.read|history.read|transfer.execute|payment.execute,normal_user,DAILY_NORMAL,0,0,0,0
E0000046,U001-normal-013,U001,2026-05-14T09:23:12,1778718192.0,TRANSFER,transfer.execute,103000.0,U001-R015,PERSON,P2P,SUCCESS,NOT_EVALUATED,4230730.512398113,680000.0,1800000.0,balance.read|history.read|transfer.execute|payment.execute,normal_user,DAILY_NORMAL,0,0,0,0
E0000047,U001-normal-013,U001,2026-05-14T15:13:57,1778739237.0,PAYMENT,payment.execute,16200.0,U001-R029,MERCHANT,SIMPLE_PAY,SUCCESS,NOT_EVALUATED,4127730.5123981126,680000.0,1800000.0,balance.read|history.read|transfer.execute|payment.execute,normal_user,DAILY_NORMAL,0,0,0,0
E0000048,U001-normal-013,U001,2026-05-14T17:34:02,1778747642.0,PAYMENT,payment.execute,26900.0,U001-R012,BILL,UTILITY,SUCCESS,NOT_EVALUATED,4111530.5123981126,680000.0,1800000.0,balance.read|history.read|transfer.execute|payment.execute,normal_user,DAILY_NORMAL,0,0,0,0
E0000049,U001-normal-013,U001,2026-05-14T18:42:39,1778751759.0,PAYMENT,payment.execute,37500.0,U001-R036,MERCHANT,FOOD,SUCCESS,NOT_EVALUATED,4084630.5123981126,680000.0,1800000.0,balance.read|history.read|transfer.execute|payment.execute,normal_user,DAILY_NORMAL,0,0,0,0
E0000050,U001-normal-013,U001,2026-05-14T18:47:49,1778752069.0,PAYMENT,payment.execute,13200.0,U001-R032,MERCHANT,SUBSCRIPTION,SUCCESS,NOT_EVALUATED,4047130.5123981126,680000.0,1800000.0,balance.read|history.read|transfer.execute|payment.execute,normal_user,DAILY_NORMAL,0,0,0,0
E0000051,U001-agent-normal-028,U001,2026-05-14T19:31:18,1778754678.0,BALANCE_READ,balance.read,0.0,U001-R037,MERCHANT,TRANSPORT,SUCCESS,NOT_EVALUATED,4033930.5123981126,680000.0,1800000.0,balance.read|history.read|transfer.execute|payment.execute,normal_agent,DELEGATED_NORMAL,0,0,0,0
E0000052,U001-normal-014,U001,2026-05-15T07:20:56,1778797256.0,PAYMENT,payment.execute,16100.0,U001-R028,MERCHANT,SHOPPING,SUCCESS,NOT_EVALUATED,4033930.5123981126,680000.0,1800000.0,balance.read|history.read|transfer.execute|payment.execute,normal_user,DAILY_NORMAL,0,0,0,0
E0000053,U001-normal-014,U001,2026-05-15T16:10:58,1778829058.0,PAYMENT,payment.execute,11100.0,U001-R019,MERCHANT,TRANSPORT,SUCCESS,NOT_EVALUATED,4017830.5123981126,680000.0,1800000.0,balance.read|history.read|transfer.execute|payment.execute,normal_user,DAILY_NORMAL,0,0,0,0
E0000054,U001-normal-014,U001,2026-05-15T16:12:37,1778829157.0,PAYMENT,payment.execute,29100.0,U001-R026,MERCHANT,SIMPLE_PAY,SUCCESS,NOT_EVALUATED,4006730.5123981126,680000.0,1800000.0,balance.read|history.read|transfer.execute|payment.execute,normal_user,DAILY_NORMAL,0,0,0,0
E0000055,U001-paysim-fraud-002,U001,2026-05-16T00:15:00,1778858100.0,TRANSFER,transfer.execute,1733834.6901904978,U001-N483783,PERSON,P2P,SUCCESS,NOT_EVALUATED,3977630.5123981126,680000.0,1800000.0,balance.read|history.read|transfer.execute|payment.execute,paysim_fraud,ACCOUNT_DRAIN_TRANSFER,1,1,1,1
E0000056,U001-paysim-fraud-002,U001,2026-05-16T00:16:00,1778858160.0,TRANSFER,transfer.execute,61157.201094017364,U001-N483783,PERSON,P2P,SUCCESS,NOT_EVALUATED,2243795.822207615,680000.0,1800000.0,balance.read|history.read|transfer.execute|payment.execute,paysim_fraud,FOLLOW_UP_CASHOUT_PROXY,1,1,0,0
E0000057,U001-normal-016,U001,2026-05-17T17:03:05,1779004985.0,PAYMENT,payment.execute,62100.0,U001-R035,MERCHANT,FOOD,SUCCESS,NOT_EVALUATED,2182638.6211135974,680000.0,1800000.0,balance.read|history.read|transfer.execute|payment.execute,normal_user,DAILY_NORMAL,0,0,0,0
E0000058,U001-normal-016,U001,2026-05-17T21:25:16,1779020716.0,PAYMENT,payment.execute,11400.0,U001-R007,BILL,RENT,SUCCESS,NOT_EVALUATED,2120538.6211135974,680000.0,1800000.0,balance.read|history.read|transfer.execute|payment.execute,normal_user,DAILY_NORMAL,0,0,0,0
E0000059,U001-normal-017,U001,2026-05-18T12:05:51,1779073551.0,PAYMENT,payment.execute,17800.0,U001-R007,BILL,RENT,SUCCESS,NOT_EVALUATED,2109138.6211135974,680000.0,1800000.0,balance.read|history.read|transfer.execute|payment.execute,normal_user,DAILY_NORMAL,0,0,0,0
E0000060,U001-normal-017,U001,2026-05-18T17:46:37,1779093997.0,TRANSFER,transfer.execute,11500.0,U001-R015,PERSON,P2P,SUCCESS,NOT_EVALUATED,2091338.6211135974,680000.0,1800000.0,balance.read|history.read|transfer.execute|payment.execute,normal_user,DAILY_NORMAL,0,0,0,0
E0000061,U001-normal-018,U001,2026-05-19T08:52:18,1779148338.0,PAYMENT,payment.execute,8800.0,U001-R037,MERCHANT,TRANSPORT,SUCCESS,NOT_EVALUATED,2079838.6211135974,680000.0,1800000.0,balance.read|history.read|transfer.execute|payment.execute,normal_user,DAILY_NORMAL,0,0,0,0
E0000062,U001-normal-018,U001,2026-05-19T09:28:47,1779150527.0,PAYMENT,payment.execute,6900.0,U001-R031,BILL,UTILITY,SUCCESS,NOT_EVALUATED,2071038.6211135974,680000.0,1800000.0,balance.read|history.read|transfer.execute|payment.execute,normal_user,DAILY_NORMAL,0,0,0,0
E0000063,U001-normal-018,U001,2026-05-19T13:01:50,1779163310.0,PAYMENT,payment.execute,9300.0,U001-R023,MERCHANT,FOOD,SUCCESS,NOT_EVALUATED,2064138.6211135974,680000.0,1800000.0,balance.read|history.read|transfer.execute|payment.execute,normal_user,DAILY_NORMAL,0,0,0,0
E0000064,U001-normal-018,U001,2026-05-19T20:57:06,1779191826.0,PAYMENT,payment.execute,21000.0,U001-R037,MERCHANT,TRANSPORT,SUCCESS,NOT_EVALUATED,2054838.6211135974,680000.0,1800000.0,balance.read|history.read|transfer.execute|payment.execute,normal_user,DAILY_NORMAL,0,0,0,0
E0000065,U001-normal-018,U001,2026-05-19T22:24:53,1779197093.0,PAYMENT,payment.execute,22300.0,U001-R003,MERCHANT,SIMPLE_PAY,SUCCESS,NOT_EVALUATED,2033838.6211135974,680000.0,1800000.0,balance.read|history.read|transfer.execute|payment.execute,normal_user,DAILY_NORMAL,0,0,0,0
E0000066,U001-normal-018,U001,2026-05-19T22:34:38,1779197678.0,PAYMENT,payment.execute,47600.0,U001-R001,MERCHANT,SUBSCRIPTION,SUCCESS,NOT_EVALUATED,2011538.6211135974,680000.0,1800000.0,balance.read|history.read|transfer.execute|payment.execute,normal_user,DAILY_NORMAL,0,0,0,0
E0000067,U001-normal-019,U001,2026-05-20T12:16:02,1779246962.0,PAYMENT,payment.execute,66300.0,U001-R013,MERCHANT,SUBSCRIPTION,SUCCESS,NOT_EVALUATED,1963938.6211135974,680000.0,1800000.0,balance.read|history.read|transfer.execute|payment.execute,normal_user,DAILY_NORMAL,0,0,0,0
E0000068,U001-agent-normal-034,U001,2026-05-20T13:16:44,1779250604.0,HISTORY_READ,history.read,0.0,U001-R004,MERCHANT,SHOPPING,SUCCESS,NOT_EVALUATED,1897638.6211135974,680000.0,1800000.0,balance.read|history.read|transfer.execute|payment.execute,normal_agent,DELEGATED_NORMAL,0,0,0,0
E0000069,U001-normal-019,U001,2026-05-20T14:27:22,1779254842.0,PAYMENT,payment.execute,51500.0,U001-R002,MERCHANT,FOOD,SUCCESS,NOT_EVALUATED,1897638.6211135974,680000.0,1800000.0,balance.read|history.read|transfer.execute|payment.execute,normal_user,DAILY_NORMAL,0,0,0,0
E0000070,U001-agent-normal-032,U001,2026-05-20T18:37:51,1779269871.0,PAYMENT,payment.execute,25000.0,U001-R035,MERCHANT,FOOD,SUCCESS,NOT_EVALUATED,1846138.6211135974,680000.0,1800000.0,balance.read|history.read|transfer.execute|payment.execute,normal_agent,DELEGATED_NORMAL,0,0,0,0
E0000071,U001-normal-020,U001,2026-05-21T08:42:02,1779320522.0,PAYMENT,payment.execute,5800.0,U001-R032,MERCHANT,SUBSCRIPTION,SUCCESS,NOT_EVALUATED,1821138.6211135974,680000.0,1800000.0,balance.read|history.read|transfer.execute|payment.execute,normal_user,DAILY_NORMAL,0,0,0,0
E0000072,U001-normal-020,U001,2026-05-21T23:30:06,1779373806.0,PAYMENT,payment.execute,13300.0,U001-R009,MERCHANT,FOOD,SUCCESS,NOT_EVALUATED,1815338.6211135974,680000.0,1800000.0,balance.read|history.read|transfer.execute|payment.execute,normal_user,DAILY_NORMAL,0,0,0,0
E0000073,U001-normal-021,U001,2026-05-22T08:49:44,1779407384.0,PAYMENT,payment.execute,9000.0,U001-R007,BILL,RENT,SUCCESS,NOT_EVALUATED,1802038.6211135974,680000.0,1800000.0,balance.read|history.read|transfer.execute|payment.execute,normal_user,DAILY_NORMAL,0,0,0,0
E0000074,U001-normal-021,U001,2026-05-22T17:01:12,1779436872.0,PAYMENT,payment.execute,5600.0,U001-R013,MERCHANT,SUBSCRIPTION,SUCCESS,NOT_EVALUATED,1793038.6211135974,680000.0,1800000.0,balance.read|history.read|transfer.execute|payment.execute,normal_user,DAILY_NORMAL,0,0,0,0
E0000075,U001-normal-021,U001,2026-05-22T19:41:27,1779446487.0,PAYMENT,payment.execute,8200.0,U001-R018,MERCHANT,SIMPLE_PAY,SUCCESS,NOT_EVALUATED,1787438.6211135974,680000.0,1800000.0,balance.read|history.read|transfer.execute|payment.execute,normal_user,DAILY_NORMAL,0,0,0,0
E0000076,U001-normal-021,U001,2026-05-22T20:57:45,1779451065.0,PAYMENT,payment.execute,22100.0,U001-R019,MERCHANT,TRANSPORT,SUCCESS,NOT_EVALUATED,1779238.6211135974,680000.0,1800000.0,balance.read|history.read|transfer.execute|payment.execute,normal_user,DAILY_NORMAL,0,0,0,0
E0000077,U001-normal-022,U001,2026-05-23T00:38:57,1779464337.0,PAYMENT,payment.execute,6300.0,U001-R031,BILL,UTILITY,SUCCESS,NOT_EVALUATED,1757138.6211135974,680000.0,1800000.0,balance.read|history.read|transfer.execute|payment.execute,normal_user,DAILY_NORMAL,0,0,0,0
E0000078,U001-normal-022,U001,2026-05-23T08:57:51,1779494271.0,PAYMENT,payment.execute,8700.0,U001-R023,MERCHANT,FOOD,SUCCESS,NOT_EVALUATED,1750838.6211135974,680000.0,1800000.0,balance.read|history.read|transfer.execute|payment.execute,normal_user,DAILY_NORMAL,0,0,0,0
E0000079,U001-normal-022,U001,2026-05-23T12:37:51,1779507471.0,PAYMENT,payment.execute,32400.0,U001-R037,MERCHANT,TRANSPORT,SUCCESS,NOT_EVALUATED,1742138.6211135974,680000.0,1800000.0,balance.read|history.read|transfer.execute|payment.execute,normal_user,DAILY_NORMAL,0,0,0,0
E0000080,U001-misuse-LOW_AND_SLOW_ATTACK-008,U001,2026-05-24T04:15:00,1779563700.0,TRANSFER,transfer.execute,299407.30820220127,U001-N686063,PERSON,P2P,SUCCESS,NOT_EVALUATED,1709738.6211135974,680000.0,1800000.0,balance.read|history.read|transfer.execute|payment.execute,agent_misuse,LOW_AND_SLOW_ATTACK,1,0,0,1
E0000081,U001-misuse-LOW_AND_SLOW_ATTACK-008,U001,2026-05-24T06:15:00,1779570900.0,TRANSFER,transfer.execute,219297.2348161038,U001-R015,PERSON,P2P,SUCCESS,NOT_EVALUATED,1410331.3129113961,680000.0,1800000.0,balance.read|history.read|transfer.execute|payment.execute,agent_misuse,LOW_AND_SLOW_ATTACK,1,0,0,0
E0000082,U001-misuse-LOW_AND_SLOW_ATTACK-008,U001,2026-05-24T08:15:00,1779578100.0,TRANSFER,transfer.execute,296893.9677765142,U001-R015,PERSON,P2P,SUCCESS,NOT_EVALUATED,1191034.0780952924,680000.0,1800000.0,balance.read|history.read|transfer.execute|payment.execute,agent_misuse,LOW_AND_SLOW_ATTACK,1,0,0,0
E0000083,U001-misuse-LOW_AND_SLOW_ATTACK-008,U001,2026-05-24T10:15:00,1779585300.0,TRANSFER,transfer.execute,160565.00443039322,U001-N900333,PERSON,P2P,SUCCESS,NOT_EVALUATED,894140.1103187783,680000.0,1800000.0,balance.read|history.read|transfer.execute|payment.execute,agent_misuse,LOW_AND_SLOW_ATTACK,1,0,0,1
E0000084,U001-misuse-LOW_AND_SLOW_ATTACK-008,U001,2026-05-24T12:15:00,1779592500.0,TRANSFER,transfer.execute,273326.0913153015,U001-R015,PERSON,P2P,SUCCESS,NOT_EVALUATED,734416.3140497641,680000.0,1800000.0,balance.read|history.read|transfer.execute|payment.execute,agent_misuse,LOW_AND_SLOW_ATTACK,1,0,0,0
E0000085,U001-normal-023,U001,2026-05-24T13:20:42,1779596442.0,PAYMENT,payment.execute,90900.0,U001-R012,BILL,UTILITY,SUCCESS,NOT_EVALUATED,734416.3140497641,680000.0,1800000.0,balance.read|history.read|transfer.execute|payment.execute,normal_user,DAILY_NORMAL,0,0,0,0
E0000086,U001-normal-023,U001,2026-05-24T13:44:39,1779597879.0,PAYMENT,payment.execute,82800.0,U001-R016,MERCHANT,FOOD,SUCCESS,NOT_EVALUATED,734416.3140497641,680000.0,1800000.0,balance.read|history.read|transfer.execute|payment.execute,normal_user,DAILY_NORMAL,0,0,0,0
E0000087,U001-misuse-LOW_AND_SLOW_ATTACK-008,U001,2026-05-24T14:15:00,1779599700.0,TRANSFER,transfer.execute,339132.34039033303,U001-R015,PERSON,P2P,SUCCESS,NOT_EVALUATED,734416.3140497641,680000.0,1800000.0,balance.read|history.read|transfer.execute|payment.execute,agent_misuse,LOW_AND_SLOW_ATTACK,1,0,0,0
E0000088,U001-misuse-LOW_AND_SLOW_ATTACK-008,U001,2026-05-24T16:15:00,1779606900.0,TRANSFER,transfer.execute,276195.39737042476,U001-N271790,PERSON,P2P,SUCCESS,NOT_EVALUATED,734416.3140497641,680000.0,1800000.0,balance.read|history.read|transfer.execute|payment.execute,agent_misuse,LOW_AND_SLOW_ATTACK,1,0,1,1
E0000089,U001-misuse-LOW_AND_SLOW_ATTACK-008,U001,2026-05-24T18:15:00,1779614100.0,TRANSFER,transfer.execute,186004.66889871308,U001-R015,PERSON,P2P,SUCCESS,NOT_EVALUATED,734416.3140497641,680000.0,1800000.0,balance.read|history.read|transfer.execute|payment.execute,agent_misuse,LOW_AND_SLOW_ATTACK,1,0,1,0
E0000090,U001-misuse-LOW_AND_SLOW_ATTACK-008,U001,2026-05-24T20:15:00,1779621300.0,TRANSFER,transfer.execute,210320.76770570982,U001-R015,PERSON,P2P,SUCCESS,NOT_EVALUATED,734416.3140497641,680000.0,1800000.0,balance.read|history.read|transfer.execute|payment.execute,agent_misuse,LOW_AND_SLOW_ATTACK,1,0,1,0
E0000091,U001-misuse-LOW_AND_SLOW_ATTACK-008,U001,2026-05-24T22:15:00,1779628500.0,TRANSFER,transfer.execute,373490.9059605388,U001-N974353,PERSON,P2P,SUCCESS,NOT_EVALUATED,734416.3140497641,680000.0,1800000.0,balance.read|history.read|transfer.execute|payment.execute,agent_misuse,LOW_AND_SLOW_ATTACK,1,0,1,1
E0000092,U001-misuse-LOW_AND_SLOW_ATTACK-008,U001,2026-05-25T00:15:00,1779635700.0,TRANSFER,transfer.execute,244680.22716680213,U001-R015,PERSON,P2P,SUCCESS,NOT_EVALUATED,734416.3140497641,680000.0,1800000.0,balance.read|history.read|transfer.execute|payment.execute,agent_misuse,LOW_AND_SLOW_ATTACK,1,0,0,0
E0000093,U001-misuse-LOW_AND_SLOW_ATTACK-008,U001,2026-05-25T02:15:00,1779642900.0,TRANSFER,transfer.execute,360297.7272053183,U001-R015,PERSON,P2P,SUCCESS,NOT_EVALUATED,734416.3140497641,680000.0,1800000.0,balance.read|history.read|transfer.execute|payment.execute,agent_misuse,LOW_AND_SLOW_ATTACK,1,0,0,0
E0000094,U001-normal-024,U001,2026-05-25T18:38:00,1779701880.0,TRANSFER,transfer.execute,605000.0,U001-R007,BILL,RENT,SUCCESS,NOT_EVALUATED,734416.3140497641,680000.0,1800000.0,balance.read|history.read|transfer.execute|payment.execute,normal_user,RECURRING_NORMAL,0,0,0,0
E0000095,U001-paysim-fraud-001,U001,2026-05-26T00:38:00,1779723480.0,TRANSFER,transfer.execute,2626131.7146079387,U001-N827398,PERSON,P2P,SUCCESS,NOT_EVALUATED,2668131.7146079387,680000.0,1800000.0,balance.read|history.read|transfer.execute|payment.execute,paysim_fraud,ACCOUNT_DRAIN_TRANSFER,1,1,1,1
E0000096,U001-paysim-fraud-001,U001,2026-05-26T00:39:00,1779723540.0,TRANSFER,transfer.execute,443484.9141331762,U001-N827398,PERSON,P2P,SUCCESS,NOT_EVALUATED,734416.3140497641,680000.0,1800000.0,balance.read|history.read|transfer.execute|payment.execute,paysim_fraud,FOLLOW_UP_CASHOUT_PROXY,1,1,1,0
E0000097,U001-normal-026,U001,2026-05-27T06:12:32,1779829952.0,PAYMENT,payment.execute,442500.0,U001-R012,BILL,UTILITY,SUCCESS,NOT_EVALUATED,734416.3140497641,680000.0,1800000.0,balance.read|history.read|transfer.execute|payment.execute,normal_user,DAILY_NORMAL,0,0,0,0
E0000098,U001-normal-026,U001,2026-05-27T10:06:19,1779843979.0,PAYMENT,payment.execute,8800.0,U001-R013,MERCHANT,SUBSCRIPTION,SUCCESS,NOT_EVALUATED,734416.3140497641,680000.0,1800000.0,balance.read|history.read|transfer.execute|payment.execute,normal_user,DAILY_NORMAL,0,0,0,0
E0000099,U001-agent-normal-033,U001,2026-05-27T14:03:35,1779858215.0,HISTORY_READ,history.read,0.0,U001-R015,PERSON,P2P,SUCCESS,NOT_EVALUATED,734416.3140497641,680000.0,1800000.0,balance.read|history.read|transfer.execute|payment.execute,normal_agent,DELEGATED_NORMAL,0,0,0,0
E0000100,U001-normal-026,U001,2026-05-27T18:56:25,1779875785.0,PAYMENT,payment.execute,5100.0,U001-R019,MERCHANT,TRANSPORT,SUCCESS,NOT_EVALUATED,734416.3140497641,680000.0,1800000.0,balance.read|history.read|transfer.execute|payment.execute,normal_user,DAILY_NORMAL,0,0,0,0
E0000101,U001-normal-027,U001,2026-05-28T06:43:06,1779918186.0,PAYMENT,payment.execute,23800.0,U001-R019,MERCHANT,TRANSPORT,SUCCESS,NOT_EVALUATED,734416.3140497641,680000.0,1800000.0,balance.read|history.read|transfer.execute|payment.execute,normal_user,DAILY_NORMAL,0,0,0,0
E0000102,U001-normal-027,U001,2026-05-28T10:23:50,1779931430.0,PAYMENT,payment.execute,28400.0,U001-R006,MERCHANT,ETC,SUCCESS,NOT_EVALUATED,734416.3140497641,680000.0,1800000.0,balance.read|history.read|transfer.execute|payment.execute,normal_user,DAILY_NORMAL,0,0,0,0
E0000103,U001-normal-027,U001,2026-05-28T17:24:25,1779956665.0,PAYMENT,payment.execute,20800.0,U001-R032,MERCHANT,SUBSCRIPTION,SUCCESS,NOT_EVALUATED,734416.3140497641,680000.0,1800000.0,balance.read|history.read|transfer.execute|payment.execute,normal_user,DAILY_NORMAL,0,0,0,0
E0000104,U001-normal-027,U001,2026-05-28T17:50:22,1779958222.0,PAYMENT,payment.execute,51000.0,U001-R009,MERCHANT,FOOD,SUCCESS,NOT_EVALUATED,734416.3140497641,680000.0,1800000.0,balance.read|history.read|transfer.execute|payment.execute,normal_user,DAILY_NORMAL,0,0,0,0
E0000105,U001-normal-027,U001,2026-05-28T18:34:00,1779960840.0,PAYMENT,payment.execute,14900.0,U001-R032,MERCHANT,SUBSCRIPTION,SUCCESS,NOT_EVALUATED,734416.3140497641,680000.0,1800000.0,balance.read|history.read|transfer.execute|payment.execute,normal_user,RECURRING_NORMAL,0,0,0,0
E0000106,U001-normal-027,U001,2026-05-28T21:34:23,1779971663.0,PAYMENT,payment.execute,360600.0,U001-R024,MERCHANT,FOOD,SUCCESS,NOT_EVALUATED,734416.3140497641,680000.0,1800000.0,balance.read|history.read|transfer.execute|payment.execute,normal_user,DAILY_NORMAL,0,0,0,0
E0000107,U001-normal-028,U001,2026-05-29T13:57:52,1780030672.0,PAYMENT,payment.execute,89600.0,U001-R026,MERCHANT,SIMPLE_PAY,SUCCESS,NOT_EVALUATED,734416.3140497641,680000.0,1800000.0,balance.read|history.read|transfer.execute|payment.execute,normal_user,DAILY_NORMAL,0,0,0,0
E0000108,U001-misuse-UNAUTHORIZED_TOOL-006,U001,2026-05-29T17:17:00,1780042620.0,LIMIT_MODIFY,limit.modify,0.0,U001-N911856,MERCHANT,SECURITIES,SUCCESS,NOT_EVALUATED,734416.3140497641,680000.0,1800000.0,balance.read|history.read|transfer.execute|payment.execute,agent_misuse,UNAUTHORIZED_TOOL,1,0,1,1
E0000109,U001-misuse-UNAUTHORIZED_TOOL-006,U001,2026-05-29T17:26:00,1780043160.0,INVEST_ORDER,invest.order,408000.0,U001-N553262,MERCHANT,SECURITIES,SUCCESS,NOT_EVALUATED,734416.3140497641,680000.0,1800000.0,balance.read|history.read|transfer.execute|payment.execute,agent_misuse,UNAUTHORIZED_TOOL,1,0,1,1
E0000110,U001-misuse-UNAUTHORIZED_TOOL-006,U001,2026-05-29T17:35:00,1780043700.0,CARD_ISSUE,card.issue,0.0,U001-N463215,MERCHANT,SECURITIES,SUCCESS,NOT_EVALUATED,734416.3140497641,680000.0,1800000.0,balance.read|history.read|transfer.execute|payment.execute,agent_misuse,UNAUTHORIZED_TOOL,1,0,1,1
E0000111,U001-normal-028,U001,2026-05-29T23:43:21,1780065801.0,PAYMENT,payment.execute,23400.0,U001-R017,MERCHANT,SHOPPING,SUCCESS,NOT_EVALUATED,734416.3140497641,680000.0,1800000.0,balance.read|history.read|transfer.execute|payment.execute,normal_user,DAILY_NORMAL,0,0,0,0
E0000112,U001-normal-029,U001,2026-05-30T08:07:57,1780096077.0,PAYMENT,payment.execute,54500.0,U001-R027,MERCHANT,SIMPLE_PAY,SUCCESS,NOT_EVALUATED,734416.3140497641,680000.0,1800000.0,balance.read|history.read|transfer.execute|payment.execute,normal_user,DAILY_NORMAL,0,0,0,0
E0000113,U001-normal-029,U001,2026-05-30T10:12:40,1780103560.0,PAYMENT,payment.execute,33500.0,U001-R006,MERCHANT,ETC,SUCCESS,NOT_EVALUATED,734416.3140497641,680000.0,1800000.0,balance.read|history.read|transfer.execute|payment.execute,normal_user,DAILY_NORMAL,0,0,0,0
E0000114,U001-misuse-CUMULATIVE_BYPASS-003,U001,2026-05-30T12:21:00,1780111260.0,TRANSFER,transfer.execute,346308.52014943416,U001-R015,PERSON,P2P,SUCCESS,NOT_EVALUATED,734416.3140497641,680000.0,1800000.0,balance.read|history.read|transfer.execute|payment.execute,agent_misuse,CUMULATIVE_BYPASS,1,0,0,0
E0000115,U001-misuse-CUMULATIVE_BYPASS-003,U001,2026-05-30T12:49:00,1780112940.0,TRANSFER,transfer.execute,331715.7826341475,U001-R015,PERSON,P2P,SUCCESS,NOT_EVALUATED,734416.3140497641,680000.0,1800000.0,balance.read|history.read|transfer.execute|payment.execute,agent_misuse,CUMULATIVE_BYPASS,1,0,0,0
E0000116,U001-misuse-CUMULATIVE_BYPASS-003,U001,2026-05-30T13:17:00,1780114620.0,TRANSFER,transfer.execute,302382.525108537,U001-R015,PERSON,P2P,SUCCESS,NOT_EVALUATED,734416.3140497641,680000.0,1800000.0,balance.read|history.read|transfer.execute|payment.execute,agent_misuse,CUMULATIVE_BYPASS,1,0,0,0
E0000117,U001-misuse-CUMULATIVE_BYPASS-003,U001,2026-05-30T13:45:00,1780116300.0,TRANSFER,transfer.execute,282381.6316925922,U001-R015,PERSON,P2P,SUCCESS,NOT_EVALUATED,734416.3140497641,680000.0,1800000.0,balance.read|history.read|transfer.execute|payment.execute,agent_misuse,CUMULATIVE_BYPASS,1,0,0,0
E0000118,U001-misuse-CUMULATIVE_BYPASS-003,U001,2026-05-30T14:13:00,1780117980.0,TRANSFER,transfer.execute,287292.32751126046,U001-R015,PERSON,P2P,SUCCESS,NOT_EVALUATED,734416.3140497641,680000.0,1800000.0,balance.read|history.read|transfer.execute|payment.execute,agent_misuse,CUMULATIVE_BYPASS,1,0,0,0
E0000119,U001-misuse-CUMULATIVE_BYPASS-003,U001,2026-05-30T14:41:00,1780119660.0,TRANSFER,transfer.execute,338139.084554541,U001-R015,PERSON,P2P,SUCCESS,NOT_EVALUATED,734416.3140497641,680000.0,1800000.0,balance.read|history.read|transfer.execute|payment.execute,agent_misuse,CUMULATIVE_BYPASS,1,0,1,0
E0000120,U001-misuse-CUMULATIVE_BYPASS-003,U001,2026-05-30T15:09:00,1780121340.0,TRANSFER,transfer.execute,288381.47216261947,U001-R015,PERSON,P2P,SUCCESS,NOT_EVALUATED,734416.3140497641,680000.0,1800000.0,balance.read|history.read|transfer.execute|payment.execute,agent_misuse,CUMULATIVE_BYPASS,1,0,1,0
E0000121,U001-normal-030,U001,2026-05-31T17:22:24,1780215744.0,PAYMENT,payment.execute,25100.0,U001-R003,MERCHANT,SIMPLE_PAY,SUCCESS,NOT_EVALUATED,734416.3140497641,680000.0,1800000.0,balance.read|history.read|transfer.execute|payment.execute,normal_user,DAILY_NORMAL,0,0,0,0
E0000122,U001-normal-030,U001,2026-05-31T17:59:19,1780217959.0,PAYMENT,payment.execute,5200.0,U001-R018,MERCHANT,SIMPLE_PAY,SUCCESS,NOT_EVALUATED,734416.3140497641,680000.0,1800000.0,balance.read|history.read|transfer.execute|payment.execute,normal_user,DAILY_NORMAL,0,0,0,0
E0000123,U001-normal-031,U001,2026-06-01T09:29:16,1780273756.0,PAYMENT,payment.execute,26800.0,U001-R013,MERCHANT,SUBSCRIPTION,SUCCESS,NOT_EVALUATED,734416.3140497641,680000.0,1800000.0,balance.read|history.read|transfer.execute|payment.execute,normal_user,DAILY_NORMAL,0,0,0,0
E0000124,U001-agent-normal-001,U001,2026-06-01T13:51:49,1780289509.0,TRANSFER,transfer.execute,5000.0,U001-R035,MERCHANT,FOOD,SUCCESS,NOT_EVALUATED,734416.3140497641,680000.0,1800000.0,balance.read|history.read|transfer.execute|payment.execute,normal_agent,DELEGATED_NORMAL,0,0,0,0
E0000125,U001-normal-031,U001,2026-06-01T19:23:13,1780309393.0,PAYMENT,payment.execute,19500.0,U001-R011,MERCHANT,FOOD,SUCCESS,NOT_EVALUATED,734416.3140497641,680000.0,1800000.0,balance.read|history.read|transfer.execute|payment.execute,normal_user,DAILY_NORMAL,0,0,0,0
E0000126,U001-normal-031,U001,2026-06-01T21:11:19,1780315879.0,PAYMENT,payment.execute,152400.0,U001-R026,MERCHANT,SIMPLE_PAY,SUCCESS,NOT_EVALUATED,734416.3140497641,680000.0,1800000.0,balance.read|history.read|transfer.execute|payment.execute,normal_user,DAILY_NORMAL,0,0,0,0
E0000127,U001-normal-032,U001,2026-06-02T01:11:04,1780330264.0,PAYMENT,payment.execute,65100.0,U001-R000,MERCHANT,SHOPPING,SUCCESS,NOT_EVALUATED,734416.3140497641,680000.0,1800000.0,balance.read|history.read|transfer.execute|payment.execute,normal_user,DAILY_NORMAL,0,0,0,0
E0000128,U001-normal-032,U001,2026-06-02T08:48:54,1780357734.0,PAYMENT,payment.execute,23900.0,U001-R032,MERCHANT,SUBSCRIPTION,SUCCESS,NOT_EVALUATED,734416.3140497641,680000.0,1800000.0,balance.read|history.read|transfer.execute|payment.execute,normal_user,DAILY_NORMAL,0,0,0,0
E0000129,U001-normal-032,U001,2026-06-02T19:23:54,1780395834.0,TRANSFER,transfer.execute,39700.0,U001-R015,PERSON,P2P,SUCCESS,NOT_EVALUATED,734416.3140497641,680000.0,1800000.0,balance.read|history.read|transfer.execute|payment.execute,normal_user,DAILY_NORMAL,0,0,0,0
E0000130,U001-normal-033,U001,2026-06-03T17:55:55,1780476955.0,PAYMENT,payment.execute,6500.0,U001-R012,BILL,UTILITY,SUCCESS,NOT_EVALUATED,734416.3140497641,680000.0,1800000.0,balance.read|history.read|transfer.execute|payment.execute,normal_user,DAILY_NORMAL,0,0,0,0
E0000131,U001-normal-033,U001,2026-06-03T21:59:16,1780491556.0,PAYMENT,payment.execute,38500.0,U001-R037,MERCHANT,TRANSPORT,SUCCESS,NOT_EVALUATED,734416.3140497641,680000.0,1800000.0,balance.read|history.read|transfer.execute|payment.execute,normal_user,DAILY_NORMAL,0,0,0,0
E0000132,U001-normal-035,U001,2026-06-05T10:29:21,1780622961.0,PAYMENT,payment.execute,45800.0,U001-R020,MERCHANT,SHOPPING,SUCCESS,NOT_EVALUATED,734416.3140497641,680000.0,1800000.0,balance.read|history.read|transfer.execute|payment.execute,normal_user,DAILY_NORMAL,0,0,0,0
E0000133,U001-agent-normal-011,U001,2026-06-05T10:51:43,1780624303.0,HISTORY_READ,history.read,0.0,U001-R016,MERCHANT,FOOD,SUCCESS,NOT_EVALUATED,734416.3140497641,680000.0,1800000.0,balance.read|history.read|transfer.execute|payment.execute,normal_agent,DELEGATED_NORMAL,0,0,0,0
E0000134,U001-normal-035,U001,2026-06-05T11:13:46,1780625626.0,PAYMENT,payment.execute,42600.0,U001-R003,MERCHANT,SIMPLE_PAY,SUCCESS,NOT_EVALUATED,734416.3140497641,680000.0,1800000.0,balance.read|history.read|transfer.execute|payment.execute,normal_user,DAILY_NORMAL,0,0,0,0
E0000135,U001-normal-035,U001,2026-06-05T11:25:59,1780626359.0,PAYMENT,payment.execute,10200.0,U001-R006,MERCHANT,ETC,SUCCESS,NOT_EVALUATED,734416.3140497641,680000.0,1800000.0,balance.read|history.read|transfer.execute|payment.execute,normal_user,DAILY_NORMAL,0,0,0,0
E0000136,U001-normal-035,U001,2026-06-05T19:07:54,1780654074.0,PAYMENT,payment.execute,28200.0,U001-R004,MERCHANT,SHOPPING,SUCCESS,NOT_EVALUATED,734416.3140497641,680000.0,1800000.0,balance.read|history.read|transfer.execute|payment.execute,normal_user,DAILY_NORMAL,0,0,0,0
E0000137,U001-normal-036,U001,2026-06-06T08:36:20,1780702580.0,PAYMENT,payment.execute,60400.0,U001-R019,MERCHANT,TRANSPORT,SUCCESS,NOT_EVALUATED,734416.3140497641,680000.0,1800000.0,balance.read|history.read|transfer.execute|payment.execute,normal_user,DAILY_NORMAL,0,0,0,0
E0000138,U001-normal-036,U001,2026-06-06T12:54:03,1780718043.0,PAYMENT,payment.execute,2400.0,U001-R009,MERCHANT,FOOD,SUCCESS,NOT_EVALUATED,734416.3140497641,680000.0,1800000.0,balance.read|history.read|transfer.execute|payment.execute,normal_user,DAILY_NORMAL,0,0,0,0
E0000139,U001-normal-036,U001,2026-06-06T14:23:05,1780723385.0,PAYMENT,payment.execute,500.0,U001-R006,MERCHANT,ETC,SUCCESS,NOT_EVALUATED,734416.3140497641,680000.0,1800000.0,balance.read|history.read|transfer.execute|payment.execute,normal_user,DAILY_NORMAL,0,0,0,0
E0000140,U001-normal-036,U001,2026-06-06T14:28:07,1780723687.0,PAYMENT,payment.execute,4500.0,U001-R016,MERCHANT,FOOD,SUCCESS,NOT_EVALUATED,734416.3140497641,680000.0,1800000.0,balance.read|history.read|transfer.execute|payment.execute,normal_user,DAILY_NORMAL,0,0,0,0
E0000141,U001-normal-037,U001,2026-06-07T17:36:59,1780821419.0,PAYMENT,payment.execute,8700.0,U001-R007,BILL,RENT,SUCCESS,NOT_EVALUATED,734416.3140497641,680000.0,1800000.0,balance.read|history.read|transfer.execute|payment.execute,normal_user,DAILY_NORMAL,0,0,0,0
E0000142,U001-agent-normal-006,U001,2026-06-07T19:37:20,1780828640.0,TRANSFER,transfer.execute,5500.0,U001-R032,MERCHANT,SUBSCRIPTION,SUCCESS,NOT_EVALUATED,734416.3140497641,680000.0,1800000.0,balance.read|history.read|transfer.execute|payment.execute,normal_agent,DELEGATED_NORMAL,0,0,0,0
E0000143,U001-normal-037,U001,2026-06-07T19:50:26,1780829426.0,PAYMENT,payment.execute,70300.0,U001-R005,MERCHANT,FOOD,SUCCESS,NOT_EVALUATED,734416.3140497641,680000.0,1800000.0,balance.read|history.read|transfer.execute|payment.execute,normal_user,DAILY_NORMAL,0,0,0,0
E0000144,U001-normal-037,U001,2026-06-07T21:46:16,1780836376.0,PAYMENT,payment.execute,10600.0,U001-R005,MERCHANT,FOOD,SUCCESS,NOT_EVALUATED,734416.3140497641,680000.0,1800000.0,balance.read|history.read|transfer.execute|payment.execute,normal_user,DAILY_NORMAL,0,0,0,0
E0000145,U001-normal-038,U001,2026-06-08T04:08:51,1780859331.0,PAYMENT,payment.execute,5600.0,U001-R013,MERCHANT,SUBSCRIPTION,SUCCESS,NOT_EVALUATED,734416.3140497641,680000.0,1800000.0,balance.read|history.read|transfer.execute|payment.execute,normal_user,DAILY_NORMAL,0,0,0,0
E0000146,U001-normal-038,U001,2026-06-08T07:44:55,1780872295.0,PAYMENT,payment.execute,28200.0,U001-R026,MERCHANT,SIMPLE_PAY,SUCCESS,NOT_EVALUATED,734416.3140497641,680000.0,1800000.0,balance.read|history.read|transfer.execute|payment.execute,normal_user,DAILY_NORMAL,0,0,0,0
E0000147,U001-normal-038,U001,2026-06-08T10:07:58,1780880878.0,PAYMENT,payment.execute,47100.0,U001-R034,MERCHANT,TRANSPORT,SUCCESS,NOT_EVALUATED,734416.3140497641,680000.0,1800000.0,balance.read|history.read|transfer.execute|payment.execute,normal_user,DAILY_NORMAL,0,0,0,0
E0000148,U001-misuse-POLICY_CONFLICT-007,U001,2026-06-08T13:25:00,1780892700.0,TRANSFER,transfer.execute,802400.0,U001-N157186,PERSON,P2P,SUCCESS,NOT_EVALUATED,844400.0,680000.0,1800000.0,balance.read|history.read|transfer.execute|payment.execute,agent_misuse,POLICY_CONFLICT,1,0,1,1
E0000149,U001-agent-normal-010,U001,2026-06-08T14:09:33,1780895373.0,BALANCE_READ,balance.read,0.0,U001-R003,MERCHANT,SIMPLE_PAY,SUCCESS,NOT_EVALUATED,734416.3140497641,680000.0,1800000.0,balance.read|history.read|transfer.execute|payment.execute,normal_agent,DELEGATED_NORMAL,0,0,0,0
E0000150,U001-normal-038,U001,2026-06-08T16:32:52,1780903972.0,PAYMENT,payment.execute,29500.0,U001-R031,BILL,UTILITY,SUCCESS,NOT_EVALUATED,734416.3140497641,680000.0,1800000.0,balance.read|history.read|transfer.execute|payment.execute,normal_user,DAILY_NORMAL,0,0,0,0
E0000151,U001-normal-039,U001,2026-06-09T07:04:24,1780956264.0,PAYMENT,payment.execute,66100.0,U001-R036,MERCHANT,FOOD,SUCCESS,NOT_EVALUATED,734416.3140497641,680000.0,1800000.0,balance.read|history.read|transfer.execute|payment.execute,normal_user,DAILY_NORMAL,0,0,0,0
E0000152,U001-hard-BUSINESS_BATCH-005,U001,2026-06-09T10:00:00,1780966800.0,TRANSFER,transfer.execute,168000.0,U001-N513738,PERSON,P2P,SUCCESS,NOT_EVALUATED,734416.3140497641,680000.0,1800000.0,balance.read|history.read|transfer.execute|payment.execute,hard_negative,BUSINESS_BATCH,0,0,0,1
E0000153,U001-hard-BUSINESS_BATCH-005,U001,2026-06-09T10:08:00,1780967280.0,TRANSFER,transfer.execute,168000.0,U001-N811963,PERSON,P2P,SUCCESS,NOT_EVALUATED,734416.3140497641,680000.0,1800000.0,balance.read|history.read|transfer.execute|payment.execute,hard_negative,BUSINESS_BATCH,0,0,0,1
E0000154,U001-hard-BUSINESS_BATCH-005,U001,2026-06-09T10:16:00,1780967760.0,TRANSFER,transfer.execute,168000.0,U001-N590244,PERSON,P2P,SUCCESS,NOT_EVALUATED,734416.3140497641,680000.0,1800000.0,balance.read|history.read|transfer.execute|payment.execute,hard_negative,BUSINESS_BATCH,0,0,0,1
E0000155,U001-hard-BUSINESS_BATCH-005,U001,2026-06-09T10:24:00,1780968240.0,TRANSFER,transfer.execute,168000.0,U001-N723373,PERSON,P2P,SUCCESS,NOT_EVALUATED,734416.3140497641,680000.0,1800000.0,balance.read|history.read|transfer.execute|payment.execute,hard_negative,BUSINESS_BATCH,0,0,0,1
E0000156,U001-hard-BUSINESS_BATCH-005,U001,2026-06-09T10:32:00,1780968720.0,TRANSFER,transfer.execute,168000.0,U001-N772692,PERSON,P2P,SUCCESS,NOT_EVALUATED,734416.3140497641,680000.0,1800000.0,balance.read|history.read|transfer.execute|payment.execute,hard_negative,BUSINESS_BATCH,0,0,0,1
E0000157,U001-hard-BUSINESS_BATCH-005,U001,2026-06-09T10:40:00,1780969200.0,TRANSFER,transfer.execute,168000.0,U001-N657686,PERSON,P2P,SUCCESS,NOT_EVALUATED,734416.3140497641,680000.0,1800000.0,balance.read|history.read|transfer.execute|payment.execute,hard_negative,BUSINESS_BATCH,0,0,0,1
E0000158,U001-hard-BUSINESS_BATCH-005,U001,2026-06-09T10:48:00,1780969680.0,TRANSFER,transfer.execute,168000.0,U001-N269000,PERSON,P2P,SUCCESS,NOT_EVALUATED,734416.3140497641,680000.0,1800000.0,balance.read|history.read|transfer.execute|payment.execute,hard_negative,BUSINESS_BATCH,0,0,0,1
E0000159,U001-normal-039,U001,2026-06-09T18:21:00,1780996860.0,PAYMENT,payment.execute,63000.0,U001-R012,BILL,UTILITY,SUCCESS,NOT_EVALUATED,734416.3140497641,680000.0,1800000.0,balance.read|history.read|transfer.execute|payment.execute,normal_user,RECURRING_NORMAL,0,0,0,0
E0000160,U001-normal-040,U001,2026-06-10T17:31:34,1781080294.0,PAYMENT,payment.execute,8200.0,U001-R031,BILL,UTILITY,SUCCESS,NOT_EVALUATED,734416.3140497641,680000.0,1800000.0,balance.read|history.read|transfer.execute|payment.execute,normal_user,DAILY_NORMAL,0,0,0,0
E0000161,U001-normal-040,U001,2026-06-10T18:57:33,1781085453.0,PAYMENT,payment.execute,79600.0,U001-R004,MERCHANT,SHOPPING,SUCCESS,NOT_EVALUATED,734416.3140497641,680000.0,1800000.0,balance.read|history.read|transfer.execute|payment.execute,normal_user,DAILY_NORMAL,0,0,0,0
E0000162,U001-normal-041,U001,2026-06-11T11:11:29,1781143889.0,PAYMENT,payment.execute,9400.0,U001-R029,MERCHANT,SIMPLE_PAY,SUCCESS,NOT_EVALUATED,734416.3140497641,680000.0,1800000.0,balance.read|history.read|transfer.execute|payment.execute,normal_user,DAILY_NORMAL,0,0,0,0
E0000163,U001-hard-TRAVEL_MODE-001,U001,2026-06-11T12:13:00,1781147580.0,PAYMENT,payment.execute,80400.0,U001-N676341,PERSON,OVERSEAS_REMIT,SUCCESS,NOT_EVALUATED,734416.3140497641,680000.0,1800000.0,balance.read|history.read|transfer.execute|payment.execute,hard_negative,TRAVEL_MODE,0,0,0,1
E0000164,U001-hard-TRAVEL_MODE-001,U001,2026-06-11T13:13:00,1781151180.0,PAYMENT,payment.execute,13700.0,U001-N231859,PERSON,OVERSEAS_REMIT,SUCCESS,NOT_EVALUATED,734416.3140497641,680000.0,1800000.0,balance.read|history.read|transfer.execute|payment.execute,hard_negative,TRAVEL_MODE,0,0,0,1
E0000165,U001-hard-TRAVEL_MODE-001,U001,2026-06-11T14:13:00,1781154780.0,PAYMENT,payment.execute,85300.0,U001-N547903,PERSON,OVERSEAS_REMIT,SUCCESS,NOT_EVALUATED,734416.3140497641,680000.0,1800000.0,balance.read|history.read|transfer.execute|payment.execute,hard_negative,TRAVEL_MODE,0,0,0,1
E0000166,U001-normal-041,U001,2026-06-11T14:31:44,1781155904.0,PAYMENT,payment.execute,6000.0,U001-R004,MERCHANT,SHOPPING,SUCCESS,NOT_EVALUATED,734416.3140497641,680000.0,1800000.0,balance.read|history.read|transfer.execute|payment.execute,normal_user,DAILY_NORMAL,0,0,0,0
E0000167,U001-normal-041,U001,2026-06-11T19:12:43,1781172763.0,PAYMENT,payment.execute,5600.0,U001-R010,MERCHANT,SIMPLE_PAY,SUCCESS,NOT_EVALUATED,734416.3140497641,680000.0,1800000.0,balance.read|history.read|transfer.execute|payment.execute,normal_user,DAILY_NORMAL,0,0,0,0
E0000168,U001-agent-normal-019,U001,2026-06-12T09:55:30,1781225730.0,HISTORY_READ,history.read,0.0,U001-R023,MERCHANT,FOOD,SUCCESS,NOT_EVALUATED,734416.3140497641,680000.0,1800000.0,balance.read|history.read|transfer.execute|payment.execute,normal_agent,DELEGATED_NORMAL,0,0,0,0
E0000169,U001-hard-TRAVEL_MODE-001,U001,2026-06-12T15:13:00,1781244780.0,PAYMENT,payment.execute,7700.0,U001-N375746,PERSON,OVERSEAS_REMIT,SUCCESS,NOT_EVALUATED,734416.3140497641,680000.0,1800000.0,balance.read|history.read|transfer.execute|payment.execute,hard_negative,TRAVEL_MODE,0,0,0,1
E0000170,U001-misuse-VELOCITY_ATTACK-001,U001,2026-06-12T16:01:25,1781247685.0,TRANSFER,transfer.execute,293926.75242479326,U001-R015,PERSON,P2P,SUCCESS,NOT_EVALUATED,734416.3140497641,680000.0,1800000.0,balance.read|history.read|transfer.execute|payment.execute,agent_misuse,VELOCITY_ATTACK,1,0,0,0
E0000171,U001-misuse-VELOCITY_ATTACK-001,U001,2026-06-12T16:02:26,1781247746.0,TRANSFER,transfer.execute,284624.26540530164,U001-R015,PERSON,P2P,SUCCESS,NOT_EVALUATED,734416.3140497641,680000.0,1800000.0,balance.read|history.read|transfer.execute|payment.execute,agent_misuse,VELOCITY_ATTACK,1,0,0,0
E0000172,U001-misuse-VELOCITY_ATTACK-001,U001,2026-06-12T16:03:11,1781247791.0,TRANSFER,transfer.execute,140301.82084040623,U001-N249525,PERSON,P2P,SUCCESS,NOT_EVALUATED,734416.3140497641,680000.0,1800000.0,balance.read|history.read|transfer.execute|payment.execute,agent_misuse,VELOCITY_ATTACK,1,0,0,1
E0000173,U001-misuse-VELOCITY_ATTACK-001,U001,2026-06-12T16:03:25,1781247805.0,TRANSFER,transfer.execute,210914.25826284906,U001-R015,PERSON,P2P,SUCCESS,NOT_EVALUATED,734416.3140497641,680000.0,1800000.0,balance.read|history.read|transfer.execute|payment.execute,agent_misuse,VELOCITY_ATTACK,1,0,0,0
E0000174,U001-misuse-VELOCITY_ATTACK-001,U001,2026-06-12T16:05:01,1781247901.0,TRANSFER,transfer.execute,256596.97103760147,U001-R015,PERSON,P2P,SUCCESS,NOT_EVALUATED,734416.3140497641,680000.0,1800000.0,balance.read|history.read|transfer.execute|payment.execute,agent_misuse,VELOCITY_ATTACK,1,0,0,0
E0000175,U001-misuse-VELOCITY_ATTACK-001,U001,2026-06-12T16:06:19,1781247979.0,TRANSFER,transfer.execute,251332.86938122613,U001-N430351,PERSON,P2P,SUCCESS,NOT_EVALUATED,734416.3140497641,680000.0,1800000.0,balance.read|history.read|transfer.execute|payment.execute,agent_misuse,VELOCITY_ATTACK,1,0,0,1
E0000176,U001-misuse-VELOCITY_ATTACK-001,U001,2026-06-12T16:07:01,1781248021.0,TRANSFER,transfer.execute,259208.51784865232,U001-N307045,PERSON,P2P,SUCCESS,NOT_EVALUATED,734416.3140497641,680000.0,1800000.0,balance.read|history.read|transfer.execute|payment.execute,agent_misuse,VELOCITY_ATTACK,1,0,0,1
E0000177,U001-misuse-VELOCITY_ATTACK-001,U001,2026-06-12T16:07:30,1781248050.0,TRANSFER,transfer.execute,106265.14257353437,U001-N707189,PERSON,P2P,SUCCESS,NOT_EVALUATED,734416.3140497641,680000.0,1800000.0,balance.read|history.read|transfer.execute|payment.execute,agent_misuse,VELOCITY_ATTACK,1,0,1,1
E0000178,U001-misuse-VELOCITY_ATTACK-001,U001,2026-06-12T16:11:41,1781248301.0,TRANSFER,transfer.execute,257042.74004414154,U001-R015,PERSON,P2P,SUCCESS,NOT_EVALUATED,734416.3140497641,680000.0,1800000.0,balance.read|history.read|transfer.execute|payment.execute,agent_misuse,VELOCITY_ATTACK,1,0,1,0
E0000179,U001-misuse-VELOCITY_ATTACK-001,U001,2026-06-12T16:12:04,1781248324.0,TRANSFER,transfer.execute,307436.2724836781,U001-R015,PERSON,P2P,SUCCESS,NOT_EVALUATED,734416.3140497641,680000.0,1800000.0,balance.read|history.read|transfer.execute|payment.execute,agent_misuse,VELOCITY_ATTACK,1,0,1,0
E0000180,U001-hard-TRAVEL_MODE-001,U001,2026-06-12T16:13:00,1781248380.0,PAYMENT,payment.execute,22600.0,U001-N719915,PERSON,OVERSEAS_REMIT,SUCCESS,NOT_EVALUATED,734416.3140497641,680000.0,1800000.0,balance.read|history.read|transfer.execute|payment.execute,hard_negative,TRAVEL_MODE,0,0,0,1
E0000181,U001-hard-TRAVEL_MODE-001,U001,2026-06-12T17:13:00,1781251980.0,PAYMENT,payment.execute,92600.0,U001-N985667,PERSON,OVERSEAS_REMIT,SUCCESS,NOT_EVALUATED,734416.3140497641,680000.0,1800000.0,balance.read|history.read|transfer.execute|payment.execute,hard_negative,TRAVEL_MODE,0,0,0,1
E0000182,U001-normal-042,U001,2026-06-12T20:25:08,1781263508.0,PAYMENT,payment.execute,11100.0,U001-R033,MERCHANT,SIMPLE_PAY,SUCCESS,NOT_EVALUATED,734416.3140497641,680000.0,1800000.0,balance.read|history.read|transfer.execute|payment.execute,normal_user,DAILY_NORMAL,0,0,0,0
E0000183,U001-misuse-RECIPIENT_BURST-002,U001,2026-06-13T01:06:00,1781280360.0,TRANSFER,transfer.execute,393452.0390359536,U001-N253073,PERSON,P2P,SUCCESS,NOT_EVALUATED,734416.3140497641,680000.0,1800000.0,balance.read|history.read|transfer.execute|payment.execute,agent_misuse,RECIPIENT_BURST,1,0,0,1
E0000184,U001-misuse-RECIPIENT_BURST-002,U001,2026-06-13T01:11:00,1781280660.0,TRANSFER,transfer.execute,458328.5747483821,U001-N128168,PERSON,P2P,SUCCESS,NOT_EVALUATED,734416.3140497641,680000.0,1800000.0,balance.read|history.read|transfer.execute|payment.execute,agent_misuse,RECIPIENT_BURST,1,0,0,1
E0000185,U001-misuse-RECIPIENT_BURST-002,U001,2026-06-13T01:16:00,1781280960.0,TRANSFER,transfer.execute,321955.77281580574,U001-N272304,PERSON,P2P,SUCCESS,NOT_EVALUATED,734416.3140497641,680000.0,1800000.0,balance.read|history.read|transfer.execute|payment.execute,agent_misuse,RECIPIENT_BURST,1,0,0,1
E0000186,U001-misuse-RECIPIENT_BURST-002,U001,2026-06-13T01:21:00,1781281260.0,TRANSFER,transfer.execute,375137.1282833764,U001-N742968,PERSON,P2P,SUCCESS,NOT_EVALUATED,734416.3140497641,680000.0,1800000.0,balance.read|history.read|transfer.execute|payment.execute,agent_misuse,RECIPIENT_BURST,1,0,0,1
E0000187,U001-misuse-RECIPIENT_BURST-002,U001,2026-06-13T01:26:00,1781281560.0,TRANSFER,transfer.execute,369664.1438937051,U001-N879580,PERSON,P2P,SUCCESS,NOT_EVALUATED,734416.3140497641,680000.0,1800000.0,balance.read|history.read|transfer.execute|payment.execute,agent_misuse,RECIPIENT_BURST,1,0,1,1
E0000188,U001-misuse-RECIPIENT_BURST-002,U001,2026-06-13T01:31:00,1781281860.0,TRANSFER,transfer.execute,320421.3065548695,U001-N321173,PERSON,P2P,SUCCESS,NOT_EVALUATED,734416.3140497641,680000.0,1800000.0,balance.read|history.read|transfer.execute|payment.execute,agent_misuse,RECIPIENT_BURST,1,0,1,1
E0000189,U001-misuse-RECIPIENT_BURST-002,U001,2026-06-13T01:36:00,1781282160.0,TRANSFER,transfer.execute,170963.14773115967,U001-N483233,PERSON,P2P,SUCCESS,NOT_EVALUATED,734416.3140497641,680000.0,1800000.0,balance.read|history.read|transfer.execute|payment.execute,agent_misuse,RECIPIENT_BURST,1,0,1,1
E0000190,U001-misuse-RECIPIENT_BURST-002,U001,2026-06-13T01:41:00,1781282460.0,TRANSFER,transfer.execute,240239.8855907862,U001-N894672,PERSON,P2P,SUCCESS,NOT_EVALUATED,734416.3140497641,680000.0,1800000.0,balance.read|history.read|transfer.execute|payment.execute,agent_misuse,RECIPIENT_BURST,1,0,1,1
E0000191,U001-misuse-RECIPIENT_BURST-002,U001,2026-06-13T01:46:00,1781282760.0,TRANSFER,transfer.execute,335675.66033502895,U001-N157581,PERSON,P2P,SUCCESS,NOT_EVALUATED,734416.3140497641,680000.0,1800000.0,balance.read|history.read|transfer.execute|payment.execute,agent_misuse,RECIPIENT_BURST,1,0,1,1
E0000192,U001-hard-TRAVEL_MODE-001,U001,2026-06-13T12:13:00,1781320380.0,PAYMENT,payment.execute,48300.0,U001-N132735,PERSON,OVERSEAS_REMIT,SUCCESS,NOT_EVALUATED,734416.3140497641,680000.0,1800000.0,balance.read|history.read|transfer.execute|payment.execute,hard_negative,TRAVEL_MODE,0,0,0,1
E0000193,U001-normal-043,U001,2026-06-13T12:50:14,1781322614.0,TRANSFER,transfer.execute,175900.0,U001-R015,PERSON,P2P,SUCCESS,NOT_EVALUATED,734416.3140497641,680000.0,1800000.0,balance.read|history.read|transfer.execute|payment.execute,normal_user,DAILY_NORMAL,0,0,0,0
E0000194,U001-hard-TRAVEL_MODE-001,U001,2026-06-13T13:13:00,1781323980.0,PAYMENT,payment.execute,3300.0,U001-N752447,PERSON,OVERSEAS_REMIT,SUCCESS,NOT_EVALUATED,734416.3140497641,680000.0,1800000.0,balance.read|history.read|transfer.execute|payment.execute,hard_negative,TRAVEL_MODE,0,0,0,1
E0000195,U001-normal-043,U001,2026-06-13T22:35:43,1781357743.0,PAYMENT,payment.execute,19700.0,U001-R004,MERCHANT,SHOPPING,SUCCESS,NOT_EVALUATED,734416.3140497641,680000.0,1800000.0,balance.read|history.read|transfer.execute|payment.execute,normal_user,DAILY_NORMAL,0,0,0,0
E0000196,U001-normal-044,U001,2026-06-14T01:14:37,1781367277.0,PAYMENT,payment.execute,106700.0,U001-R010,MERCHANT,SIMPLE_PAY,SUCCESS,NOT_EVALUATED,734416.3140497641,680000.0,1800000.0,balance.read|history.read|transfer.execute|payment.execute,normal_user,DAILY_NORMAL,0,0,0,0
E0000197,U001-normal-044,U001,2026-06-14T13:02:32,1781409752.0,PAYMENT,payment.execute,185800.0,U001-R019,MERCHANT,TRANSPORT,SUCCESS,NOT_EVALUATED,734416.3140497641,680000.0,1800000.0,balance.read|history.read|transfer.execute|payment.execute,normal_user,DAILY_NORMAL,0,0,0,0
E0000198,U001-normal-044,U001,2026-06-14T19:03:51,1781431431.0,PAYMENT,payment.execute,22400.0,U001-R019,MERCHANT,TRANSPORT,SUCCESS,NOT_EVALUATED,734416.3140497641,680000.0,1800000.0,balance.read|history.read|transfer.execute|payment.execute,normal_user,DAILY_NORMAL,0,0,0,0
E0000199,U001-normal-044,U001,2026-06-14T19:04:11,1781431451.0,PAYMENT,payment.execute,4900.0,U001-R021,MERCHANT,FOOD,SUCCESS,NOT_EVALUATED,734416.3140497641,680000.0,1800000.0,balance.read|history.read|transfer.execute|payment.execute,normal_user,DAILY_NORMAL,0,0,0,0
E0000200,U001-normal-045,U001,2026-06-15T09:05:05,1781481905.0,PAYMENT,payment.execute,9900.0,U001-R036,MERCHANT,FOOD,SUCCESS,NOT_EVALUATED,734416.3140497641,680000.0,1800000.0,balance.read|history.read|transfer.execute|payment.execute,normal_user,DAILY_NORMAL,0,0,0,0
E0000201,U001-normal-045,U001,2026-06-15T12:50:02,1781495402.0,PAYMENT,payment.execute,23200.0,U001-R011,MERCHANT,FOOD,SUCCESS,NOT_EVALUATED,734416.3140497641,680000.0,1800000.0,balance.read|history.read|transfer.execute|payment.execute,normal_user,DAILY_NORMAL,0,0,0,0
E0000202,U001-normal-045,U001,2026-06-15T14:58:07,1781503087.0,PAYMENT,payment.execute,8100.0,U001-R037,MERCHANT,TRANSPORT,SUCCESS,NOT_EVALUATED,734416.3140497641,680000.0,1800000.0,balance.read|history.read|transfer.execute|payment.execute,normal_user,DAILY_NORMAL,0,0,0,0
E0000203,U001-normal-046,U001,2026-06-16T05:19:55,1781554795.0,PAYMENT,payment.execute,10200.0,U001-R037,MERCHANT,TRANSPORT,SUCCESS,NOT_EVALUATED,734416.3140497641,680000.0,1800000.0,balance.read|history.read|transfer.execute|payment.execute,normal_user,DAILY_NORMAL,0,0,0,0
E0000204,U001-normal-046,U001,2026-06-16T13:09:44,1781582984.0,PAYMENT,payment.execute,36700.0,U001-R030,MERCHANT,SHOPPING,SUCCESS,NOT_EVALUATED,734416.3140497641,680000.0,1800000.0,balance.read|history.read|transfer.execute|payment.execute,normal_user,DAILY_NORMAL,0,0,0,0
E0000205,U001-misuse-RETRY_PATTERN-004,U001,2026-06-16T16:11:00,1781593860.0,TRANSFER,transfer.execute,879536.303123158,U001-N689050,PERSON,P2P,FAILED,NOT_EVALUATED,921536.303123158,680000.0,1800000.0,balance.read|history.read|transfer.execute|payment.execute,agent_misuse,RETRY_PATTERN,1,0,1,1
E0000206,U001-misuse-RETRY_PATTERN-004,U001,2026-06-16T16:14:00,1781594040.0,TRANSFER,transfer.execute,647686.4908130585,U001-N689050,PERSON,P2P,FAILED,NOT_EVALUATED,734416.3140497641,680000.0,1800000.0,balance.read|history.read|transfer.execute|payment.execute,agent_misuse,RETRY_PATTERN,1,0,0,0
E0000207,U001-misuse-RETRY_PATTERN-004,U001,2026-06-16T16:17:00,1781594220.0,TRANSFER,transfer.execute,512856.9171634371,U001-N689050,PERSON,P2P,FAILED,NOT_EVALUATED,734416.3140497641,680000.0,1800000.0,balance.read|history.read|transfer.execute|payment.execute,agent_misuse,RETRY_PATTERN,1,0,1,0
E0000208,U001-misuse-RETRY_PATTERN-004,U001,2026-06-16T16:20:00,1781594400.0,TRANSFER,transfer.execute,449619.9216206958,U001-N689050,PERSON,P2P,SUCCESS,NOT_EVALUATED,734416.3140497641,680000.0,1800000.0,balance.read|history.read|transfer.execute|payment.execute,agent_misuse,RETRY_PATTERN,1,0,1,0
E0000209,U001-misuse-RETRY_PATTERN-004,U001,2026-06-16T16:23:00,1781594580.0,TRANSFER,transfer.execute,393436.6492502744,U001-N689050,PERSON,P2P,SUCCESS,NOT_EVALUATED,734416.3140497641,680000.0,1800000.0,balance.read|history.read|transfer.execute|payment.execute,agent_misuse,RETRY_PATTERN,1,0,1,0
E0000210,U001-misuse-RETRY_PATTERN-004,U001,2026-06-16T16:26:00,1781594760.0,TRANSFER,transfer.execute,298746.64338478714,U001-N689050,PERSON,P2P,SUCCESS,NOT_EVALUATED,734416.3140497641,680000.0,1800000.0,balance.read|history.read|transfer.execute|payment.execute,agent_misuse,RETRY_PATTERN,1,0,1,0
E0000211,U001-normal-046,U001,2026-06-16T19:20:50,1781605250.0,PAYMENT,payment.execute,17500.0,U001-R000,MERCHANT,SHOPPING,SUCCESS,NOT_EVALUATED,734416.3140497641,680000.0,1800000.0,balance.read|history.read|transfer.execute|payment.execute,normal_user,DAILY_NORMAL,0,0,0,0
E0000212,U001-agent-normal-003,U001,2026-06-17T18:53:50,1781690030.0,HISTORY_READ,history.read,0.0,U001-R008,MERCHANT,FOOD,SUCCESS,NOT_EVALUATED,734416.3140497641,680000.0,1800000.0,balance.read|history.read|transfer.execute|payment.execute,normal_agent,DELEGATED_NORMAL,0,0,0,0
E0000213,U001-agent-normal-016,U001,2026-06-18T17:21:14,1781770874.0,PAYMENT,payment.execute,4000.0,U001-R035,MERCHANT,FOOD,SUCCESS,NOT_EVALUATED,734416.3140497641,680000.0,1800000.0,balance.read|history.read|transfer.execute|payment.execute,normal_agent,DELEGATED_NORMAL,0,0,0,0
E0000214,U001-normal-048,U001,2026-06-18T20:55:18,1781783718.0,PAYMENT,payment.execute,51900.0,U001-R007,BILL,RENT,SUCCESS,NOT_EVALUATED,734416.3140497641,680000.0,1800000.0,balance.read|history.read|transfer.execute|payment.execute,normal_user,DAILY_NORMAL,0,0,0,0
E0000215,U001-normal-048,U001,2026-06-18T21:02:01,1781784121.0,PAYMENT,payment.execute,22000.0,U001-R011,MERCHANT,FOOD,SUCCESS,NOT_EVALUATED,734416.3140497641,680000.0,1800000.0,balance.read|history.read|transfer.execute|payment.execute,normal_user,DAILY_NORMAL,0,0,0,0
E0000216,U001-normal-049,U001,2026-06-19T14:08:37,1781845717.0,PAYMENT,payment.execute,25500.0,U001-R007,BILL,RENT,SUCCESS,NOT_EVALUATED,734416.3140497641,680000.0,1800000.0,balance.read|history.read|transfer.execute|payment.execute,normal_user,DAILY_NORMAL,0,0,0,0
E0000217,U001-normal-049,U001,2026-06-19T16:45:24,1781855124.0,PAYMENT,payment.execute,74800.0,U001-R007,BILL,RENT,SUCCESS,NOT_EVALUATED,734416.3140497641,680000.0,1800000.0,balance.read|history.read|transfer.execute|payment.execute,normal_user,DAILY_NORMAL,0,0,0,0
E0000218,U001-normal-050,U001,2026-06-20T08:28:10,1781911690.0,PAYMENT,payment.execute,5200.0,U001-R021,MERCHANT,FOOD,SUCCESS,NOT_EVALUATED,734416.3140497641,680000.0,1800000.0,balance.read|history.read|transfer.execute|payment.execute,normal_user,DAILY_NORMAL,0,0,0,0
E0000219,U001-normal-050,U001,2026-06-20T10:10:40,1781917840.0,PAYMENT,payment.execute,47000.0,U001-R009,MERCHANT,FOOD,SUCCESS,NOT_EVALUATED,734416.3140497641,680000.0,1800000.0,balance.read|history.read|transfer.execute|payment.execute,normal_user,DAILY_NORMAL,0,0,0,0
E0000220,U001-agent-normal-021,U001,2026-06-20T10:46:13,1781919973.0,BALANCE_READ,balance.read,0.0,U001-R019,MERCHANT,TRANSPORT,SUCCESS,NOT_EVALUATED,734416.3140497641,680000.0,1800000.0,balance.read|history.read|transfer.execute|payment.execute,normal_agent,DELEGATED_NORMAL,0,0,0,0
E0000221,U001-normal-050,U001,2026-06-20T13:30:19,1781929819.0,PAYMENT,payment.execute,9200.0,U001-R007,BILL,RENT,SUCCESS,NOT_EVALUATED,734416.3140497641,680000.0,1800000.0,balance.read|history.read|transfer.execute|payment.execute,normal_user,DAILY_NORMAL,0,0,0,0
E0000222,U001-normal-050,U001,2026-06-20T15:51:14,1781938274.0,TRANSFER,transfer.execute,25700.0,U001-R015,PERSON,P2P,SUCCESS,NOT_EVALUATED,734416.3140497641,680000.0,1800000.0,balance.read|history.read|transfer.execute|payment.execute,normal_user,DAILY_NORMAL,0,0,0,0
E0000223,U001-paysim-fraud-000,U001,2026-06-21T03:37:00,1781980620.0,TRANSFER,transfer.execute,1061991.9952591471,U001-N809769,PERSON,P2P,SUCCESS,NOT_EVALUATED,1103991.9952591471,680000.0,1800000.0,balance.read|history.read|transfer.execute|payment.execute,paysim_fraud,ACCOUNT_DRAIN_TRANSFER,1,1,1,1
E0000224,U001-paysim-fraud-000,U001,2026-06-21T03:39:00,1781980740.0,TRANSFER,transfer.execute,520873.7912715846,U001-N809769,PERSON,P2P,SUCCESS,NOT_EVALUATED,734416.3140497641,680000.0,1800000.0,balance.read|history.read|transfer.execute|payment.execute,paysim_fraud,FOLLOW_UP_CASHOUT_PROXY,1,1,0,0
E0000225,U001-normal-051,U001,2026-06-21T13:37:32,1782016652.0,PAYMENT,payment.execute,40800.0,U001-R012,BILL,UTILITY,SUCCESS,NOT_EVALUATED,734416.3140497641,680000.0,1800000.0,balance.read|history.read|transfer.execute|payment.execute,normal_user,DAILY_NORMAL,0,0,0,0
E0000226,U001-normal-051,U001,2026-06-21T18:25:54,1782033954.0,PAYMENT,payment.execute,16200.0,U001-R004,MERCHANT,SHOPPING,SUCCESS,NOT_EVALUATED,734416.3140497641,680000.0,1800000.0,balance.read|history.read|transfer.execute|payment.execute,normal_user,DAILY_NORMAL,0,0,0,0
E0000227,U001-normal-051,U001,2026-06-21T18:32:40,1782034360.0,PAYMENT,payment.execute,11300.0,U001-R034,MERCHANT,TRANSPORT,SUCCESS,NOT_EVALUATED,734416.3140497641,680000.0,1800000.0,balance.read|history.read|transfer.execute|payment.execute,normal_user,DAILY_NORMAL,0,0,0,0
E0000228,U001-normal-051,U001,2026-06-21T20:44:45,1782042285.0,PAYMENT,payment.execute,17700.0,U001-R028,MERCHANT,SHOPPING,SUCCESS,NOT_EVALUATED,734416.3140497641,680000.0,1800000.0,balance.read|history.read|transfer.execute|payment.execute,normal_user,DAILY_NORMAL,0,0,0,0
E0000229,U001-normal-051,U001,2026-06-21T20:59:55,1782043195.0,PAYMENT,payment.execute,35500.0,U001-R007,BILL,RENT,SUCCESS,NOT_EVALUATED,734416.3140497641,680000.0,1800000.0,balance.read|history.read|transfer.execute|payment.execute,normal_user,DAILY_NORMAL,0,0,0,0
E0000230,U001-normal-051,U001,2026-06-21T21:52:51,1782046371.0,PAYMENT,payment.execute,68400.0,U001-R004,MERCHANT,SHOPPING,SUCCESS,NOT_EVALUATED,734416.3140497641,680000.0,1800000.0,balance.read|history.read|transfer.execute|payment.execute,normal_user,DAILY_NORMAL,0,0,0,0
E0000231,U001-normal-052,U001,2026-06-22T09:59:35,1782089975.0,PAYMENT,payment.execute,104200.0,U001-R007,BILL,RENT,SUCCESS,NOT_EVALUATED,734416.3140497641,680000.0,1800000.0,balance.read|history.read|transfer.execute|payment.execute,normal_user,DAILY_NORMAL,0,0,0,0
E0000232,U001-normal-052,U001,2026-06-22T17:15:08,1782116108.0,TRANSFER,transfer.execute,10400.0,U001-R015,PERSON,P2P,SUCCESS,NOT_EVALUATED,734416.3140497641,680000.0,1800000.0,balance.read|history.read|transfer.execute|payment.execute,normal_user,DAILY_NORMAL,0,0,0,0
E0000233,U001-normal-052,U001,2026-06-22T19:02:58,1782122578.0,PAYMENT,payment.execute,62500.0,U001-R011,MERCHANT,FOOD,SUCCESS,NOT_EVALUATED,734416.3140497641,680000.0,1800000.0,balance.read|history.read|transfer.execute|payment.execute,normal_user,DAILY_NORMAL,0,0,0,0
E0000234,U001-normal-052,U001,2026-06-22T20:08:39,1782126519.0,PAYMENT,payment.execute,23000.0,U001-R010,MERCHANT,SIMPLE_PAY,SUCCESS,NOT_EVALUATED,734416.3140497641,680000.0,1800000.0,balance.read|history.read|transfer.execute|payment.execute,normal_user,DAILY_NORMAL,0,0,0,0
E0000235,U001-normal-052,U001,2026-06-22T22:08:31,1782133711.0,PAYMENT,payment.execute,6900.0,U001-R029,MERCHANT,SIMPLE_PAY,SUCCESS,NOT_EVALUATED,734416.3140497641,680000.0,1800000.0,balance.read|history.read|transfer.execute|payment.execute,normal_user,DAILY_NORMAL,0,0,0,0
E0000236,U001-normal-053,U001,2026-06-23T08:43:06,1782171786.0,TRANSFER,transfer.execute,20100.0,U001-R015,PERSON,P2P,SUCCESS,NOT_EVALUATED,734416.3140497641,680000.0,1800000.0,balance.read|history.read|transfer.execute|payment.execute,normal_user,DAILY_NORMAL,0,0,0,0
E0000237,U001-normal-053,U001,2026-06-23T10:33:25,1782178405.0,PAYMENT,payment.execute,44300.0,U001-R025,MERCHANT,SIMPLE_PAY,SUCCESS,NOT_EVALUATED,734416.3140497641,680000.0,1800000.0,balance.read|history.read|transfer.execute|payment.execute,normal_user,DAILY_NORMAL,0,0,0,0
E0000238,U001-agent-normal-008,U001,2026-06-23T17:11:49,1782202309.0,BALANCE_READ,balance.read,0.0,U001-R013,MERCHANT,SUBSCRIPTION,SUCCESS,NOT_EVALUATED,734416.3140497641,680000.0,1800000.0,balance.read|history.read|transfer.execute|payment.execute,normal_agent,DELEGATED_NORMAL,0,0,0,0
E0000239,U001-normal-053,U001,2026-06-23T21:37:15,1782218235.0,PAYMENT,payment.execute,198700.0,U001-R034,MERCHANT,TRANSPORT,SUCCESS,NOT_EVALUATED,734416.3140497641,680000.0,1800000.0,balance.read|history.read|transfer.execute|payment.execute,normal_user,DAILY_NORMAL,0,0,0,0
E0000240,U001-normal-053,U001,2026-06-23T22:32:03,1782221523.0,PAYMENT,payment.execute,4900.0,U001-R002,MERCHANT,FOOD,SUCCESS,NOT_EVALUATED,734416.3140497641,680000.0,1800000.0,balance.read|history.read|transfer.execute|payment.execute,normal_user,DAILY_NORMAL,0,0,0,0
E0000241,U001-normal-054,U001,2026-06-24T11:00:28,1782266428.0,PAYMENT,payment.execute,11600.0,U001-R012,BILL,UTILITY,SUCCESS,NOT_EVALUATED,734416.3140497641,680000.0,1800000.0,balance.read|history.read|transfer.execute|payment.execute,normal_user,DAILY_NORMAL,0,0,0,0
E0000242,U001-normal-054,U001,2026-06-24T11:18:43,1782267523.0,PAYMENT,payment.execute,30600.0,U001-R006,MERCHANT,ETC,SUCCESS,NOT_EVALUATED,734416.3140497641,680000.0,1800000.0,balance.read|history.read|transfer.execute|payment.execute,normal_user,DAILY_NORMAL,0,0,0,0
E0000243,U001-normal-054,U001,2026-06-24T18:35:00,1782293700.0,PAYMENT,payment.execute,5100.0,U001-R003,MERCHANT,SIMPLE_PAY,SUCCESS,NOT_EVALUATED,734416.3140497641,680000.0,1800000.0,balance.read|history.read|transfer.execute|payment.execute,normal_user,DAILY_NORMAL,0,0,0,0
E0000244,U001-paysim-fraud-004,U001,2026-06-25T01:28:00,1782318480.0,TRANSFER,transfer.execute,2911013.6920454744,U001-N763991,PERSON,P2P,SUCCESS,NOT_EVALUATED,2953013.6920454744,680000.0,1800000.0,balance.read|history.read|transfer.execute|payment.execute,paysim_fraud,ACCOUNT_DRAIN_TRANSFER,1,1,1,1
E0000245,U001-paysim-fraud-004,U001,2026-06-25T01:29:00,1782318540.0,TRANSFER,transfer.execute,360919.6091235955,U001-N763991,PERSON,P2P,SUCCESS,NOT_EVALUATED,734416.3140497641,680000.0,1800000.0,balance.read|history.read|transfer.execute|payment.execute,paysim_fraud,FOLLOW_UP_CASHOUT_PROXY,1,1,1,0
E0000246,U001-normal-055,U001,2026-06-25T07:15:10,1782339310.0,PAYMENT,payment.execute,14900.0,U001-R001,MERCHANT,SUBSCRIPTION,SUCCESS,NOT_EVALUATED,734416.3140497641,680000.0,1800000.0,balance.read|history.read|transfer.execute|payment.execute,normal_user,DAILY_NORMAL,0,0,0,0
E0000247,U001-agent-normal-029,U001,2026-06-25T17:54:46,1782377686.0,PAYMENT,payment.execute,9100.0,U001-R037,MERCHANT,TRANSPORT,SUCCESS,NOT_EVALUATED,734416.3140497641,680000.0,1800000.0,balance.read|history.read|transfer.execute|payment.execute,normal_agent,DELEGATED_NORMAL,0,0,0,0
E0000248,U001-agent-normal-030,U001,2026-06-25T18:38:06,1782380286.0,BALANCE_READ,balance.read,0.0,U001-R033,MERCHANT,SIMPLE_PAY,SUCCESS,NOT_EVALUATED,734416.3140497641,680000.0,1800000.0,balance.read|history.read|transfer.execute|payment.execute,normal_agent,DELEGATED_NORMAL,0,0,0,0
E0000249,U001-normal-055,U001,2026-06-25T18:41:00,1782380460.0,TRANSFER,transfer.execute,605000.0,U001-R007,BILL,RENT,SUCCESS,NOT_EVALUATED,734416.3140497641,680000.0,1800000.0,balance.read|history.read|transfer.execute|payment.execute,normal_user,RECURRING_NORMAL,0,0,0,0
E0000250,U001-paysim-fraud-003,U001,2026-06-26T01:36:00,1782405360.0,TRANSFER,transfer.execute,2567281.2022775984,U001-N650665,PERSON,P2P,SUCCESS,NOT_EVALUATED,2609281.2022775984,680000.0,1800000.0,balance.read|history.read|transfer.execute|payment.execute,paysim_fraud,ACCOUNT_DRAIN_TRANSFER,1,1,1,1
E0000251,U001-paysim-fraud-003,U001,2026-06-26T01:40:00,1782405600.0,TRANSFER,transfer.execute,1089591.2045855229,U001-N650665,PERSON,P2P,SUCCESS,NOT_EVALUATED,1131591.2045855229,680000.0,1800000.0,balance.read|history.read|transfer.execute|payment.execute,paysim_fraud,FOLLOW_UP_CASHOUT_PROXY,1,1,1,0
E0000252,U001-paysim-fraud-005,U001,2026-06-26T03:13:00,1782411180.0,TRANSFER,transfer.execute,2014742.8482126445,U001-N258701,PERSON,P2P,SUCCESS,NOT_EVALUATED,2056742.8482126445,680000.0,1800000.0,balance.read|history.read|transfer.execute|payment.execute,paysim_fraud,ACCOUNT_DRAIN_TRANSFER,1,1,1,1
E0000253,U001-paysim-fraud-005,U001,2026-06-26T03:15:00,1782411300.0,TRANSFER,transfer.execute,668524.0359478747,U001-N258701,PERSON,P2P,SUCCESS,NOT_EVALUATED,734416.3140497641,680000.0,1800000.0,balance.read|history.read|transfer.execute|payment.execute,paysim_fraud,FOLLOW_UP_CASHOUT_PROXY,1,1,1,0
E0000254,U001-normal-056,U001,2026-06-26T08:20:50,1782429650.0,PAYMENT,payment.execute,90200.0,U001-R032,MERCHANT,SUBSCRIPTION,SUCCESS,NOT_EVALUATED,734416.3140497641,680000.0,1800000.0,balance.read|history.read|transfer.execute|payment.execute,normal_user,DAILY_NORMAL,0,0,0,0
E0000255,U001-normal-056,U001,2026-06-26T14:07:14,1782450434.0,TRANSFER,transfer.execute,14100.0,U001-R015,PERSON,P2P,SUCCESS,NOT_EVALUATED,734416.3140497641,680000.0,1800000.0,balance.read|history.read|transfer.execute|payment.execute,normal_user,DAILY_NORMAL,0,0,0,0
E0000256,U001-normal-056,U001,2026-06-26T14:26:06,1782451566.0,PAYMENT,payment.execute,47400.0,U001-R004,MERCHANT,SHOPPING,SUCCESS,NOT_EVALUATED,734416.3140497641,680000.0,1800000.0,balance.read|history.read|transfer.execute|payment.execute,normal_user,DAILY_NORMAL,0,0,0,0
E0000257,U001-normal-056,U001,2026-06-26T19:36:13,1782470173.0,PAYMENT,payment.execute,15400.0,U001-R017,MERCHANT,SHOPPING,SUCCESS,NOT_EVALUATED,734416.3140497641,680000.0,1800000.0,balance.read|history.read|transfer.execute|payment.execute,normal_user,DAILY_NORMAL,0,0,0,0
E0000258,U001-normal-056,U001,2026-06-26T20:04:39,1782471879.0,PAYMENT,payment.execute,13200.0,U001-R003,MERCHANT,SIMPLE_PAY,SUCCESS,NOT_EVALUATED,734416.3140497641,680000.0,1800000.0,balance.read|history.read|transfer.execute|payment.execute,normal_user,DAILY_NORMAL,0,0,0,0
E0000259,U001-normal-057,U001,2026-06-27T02:50:03,1782496203.0,PAYMENT,payment.execute,25600.0,U001-R007,BILL,RENT,SUCCESS,NOT_EVALUATED,734416.3140497641,680000.0,1800000.0,balance.read|history.read|transfer.execute|payment.execute,normal_user,DAILY_NORMAL,0,0,0,0
E0000260,U001-normal-057,U001,2026-06-27T12:36:50,1782531410.0,PAYMENT,payment.execute,6000.0,U001-R005,MERCHANT,FOOD,SUCCESS,NOT_EVALUATED,734416.3140497641,680000.0,1800000.0,balance.read|history.read|transfer.execute|payment.execute,normal_user,DAILY_NORMAL,0,0,0,0
E0000261,U001-normal-058,U001,2026-06-28T11:16:36,1782612996.0,PAYMENT,payment.execute,38500.0,U001-R026,MERCHANT,SIMPLE_PAY,SUCCESS,NOT_EVALUATED,734416.3140497641,680000.0,1800000.0,balance.read|history.read|transfer.execute|payment.execute,normal_user,DAILY_NORMAL,0,0,0,0
E0000262,U001-normal-058,U001,2026-06-28T16:08:20,1782630500.0,PAYMENT,payment.execute,19800.0,U001-R032,MERCHANT,SUBSCRIPTION,SUCCESS,NOT_EVALUATED,734416.3140497641,680000.0,1800000.0,balance.read|history.read|transfer.execute|payment.execute,normal_user,DAILY_NORMAL,0,0,0,0
E0000263,U001-normal-058,U001,2026-06-28T18:07:00,1782637620.0,PAYMENT,payment.execute,14900.0,U001-R001,MERCHANT,SUBSCRIPTION,SUCCESS,NOT_EVALUATED,734416.3140497641,680000.0,1800000.0,balance.read|history.read|transfer.execute|payment.execute,normal_user,RECURRING_NORMAL,0,0,0,0
E0000264,U001-normal-058,U001,2026-06-28T19:10:15,1782641415.0,PAYMENT,payment.execute,315200.0,U001-R014,MERCHANT,SIMPLE_PAY,SUCCESS,NOT_EVALUATED,734416.3140497641,680000.0,1800000.0,balance.read|history.read|transfer.execute|payment.execute,normal_user,DAILY_NORMAL,0,0,0,0
E0000265,U001-normal-058,U001,2026-06-28T20:15:25,1782645325.0,PAYMENT,payment.execute,40300.0,U001-R032,MERCHANT,SUBSCRIPTION,SUCCESS,NOT_EVALUATED,734416.3140497641,680000.0,1800000.0,balance.read|history.read|transfer.execute|payment.execute,normal_user,DAILY_NORMAL,0,0,0,0
E0000266,U001-normal-058,U001,2026-06-28T21:24:27,1782649467.0,PAYMENT,payment.execute,31200.0,U001-R030,MERCHANT,SHOPPING,SUCCESS,NOT_EVALUATED,734416.3140497641,680000.0,1800000.0,balance.read|history.read|transfer.execute|payment.execute,normal_user,DAILY_NORMAL,0,0,0,0
E0000267,U001-paysim-fraud-007,U001,2026-06-29T03:09:00,1782670140.0,TRANSFER,transfer.execute,2178965.7086394047,U001-N771264,PERSON,P2P,SUCCESS,NOT_EVALUATED,2220965.7086394047,680000.0,1800000.0,balance.read|history.read|transfer.execute|payment.execute,paysim_fraud,ACCOUNT_DRAIN_TRANSFER,1,1,1,1
E0000268,U001-paysim-fraud-007,U001,2026-06-29T03:10:00,1782670200.0,TRANSFER,transfer.execute,333814.7622920028,U001-N771264,PERSON,P2P,SUCCESS,NOT_EVALUATED,734416.3140497641,680000.0,1800000.0,balance.read|history.read|transfer.execute|payment.execute,paysim_fraud,FOLLOW_UP_CASHOUT_PROXY,1,1,1,0
E0000269,U001-normal-059,U001,2026-06-29T18:17:55,1782724675.0,PAYMENT,payment.execute,53400.0,U001-R027,MERCHANT,SIMPLE_PAY,SUCCESS,NOT_EVALUATED,734416.3140497641,680000.0,1800000.0,balance.read|history.read|transfer.execute|payment.execute,normal_user,DAILY_NORMAL,0,0,0,0
E0000270,U001-normal-060,U001,2026-06-30T07:10:06,1782771006.0,PAYMENT,payment.execute,24800.0,U001-R029,MERCHANT,SIMPLE_PAY,SUCCESS,NOT_EVALUATED,734416.3140497641,680000.0,1800000.0,balance.read|history.read|transfer.execute|payment.execute,normal_user,DAILY_NORMAL,0,0,0,0
E0000271,U001-normal-060,U001,2026-06-30T12:30:57,1782790257.0,PAYMENT,payment.execute,21200.0,U001-R035,MERCHANT,FOOD,SUCCESS,NOT_EVALUATED,734416.3140497641,680000.0,1800000.0,balance.read|history.read|transfer.execute|payment.execute,normal_user,DAILY_NORMAL,0,0,0,0
E0000272,U001-normal-060,U001,2026-06-30T12:52:19,1782791539.0,PAYMENT,payment.execute,23300.0,U001-R027,MERCHANT,SIMPLE_PAY,SUCCESS,NOT_EVALUATED,734416.3140497641,680000.0,1800000.0,balance.read|history.read|transfer.execute|payment.execute,normal_user,DAILY_NORMAL,0,0,0,0
E0000273,U001-normal-060,U001,2026-06-30T13:58:41,1782795521.0,PAYMENT,payment.execute,39200.0,U001-R036,MERCHANT,FOOD,SUCCESS,NOT_EVALUATED,734416.3140497641,680000.0,1800000.0,balance.read|history.read|transfer.execute|payment.execute,normal_user,DAILY_NORMAL,0,0,0,0
E0000274,U001-normal-062,U001,2026-07-02T03:23:21,1782930201.0,PAYMENT,payment.execute,18900.0,U001-R037,MERCHANT,TRANSPORT,SUCCESS,NOT_EVALUATED,734416.3140497641,680000.0,1800000.0,balance.read|history.read|transfer.execute|payment.execute,normal_user,DAILY_NORMAL,0,0,0,0
E0000275,U001-agent-normal-024,U001,2026-07-03T11:18:27,1783045107.0,PAYMENT,payment.execute,17600.0,U001-R010,MERCHANT,SIMPLE_PAY,SUCCESS,NOT_EVALUATED,734416.3140497641,680000.0,1800000.0,balance.read|history.read|transfer.execute|payment.execute,normal_agent,DELEGATED_NORMAL,0,0,0,0
E0000276,U001-normal-063,U001,2026-07-03T22:40:42,1783086042.0,PAYMENT,payment.execute,43400.0,U001-R012,BILL,UTILITY,SUCCESS,NOT_EVALUATED,734416.3140497641,680000.0,1800000.0,balance.read|history.read|transfer.execute|payment.execute,normal_user,DAILY_NORMAL,0,0,0,0
E0000277,U001-normal-064,U001,2026-07-04T14:59:48,1783144788.0,PAYMENT,payment.execute,20300.0,U001-R034,MERCHANT,TRANSPORT,SUCCESS,NOT_EVALUATED,734416.3140497641,680000.0,1800000.0,balance.read|history.read|transfer.execute|payment.execute,normal_user,DAILY_NORMAL,0,0,0,0
E0000278,U001-normal-064,U001,2026-07-04T16:04:01,1783148641.0,PAYMENT,payment.execute,28400.0,U001-R028,MERCHANT,SHOPPING,SUCCESS,NOT_EVALUATED,734416.3140497641,680000.0,1800000.0,balance.read|history.read|transfer.execute|payment.execute,normal_user,DAILY_NORMAL,0,0,0,0
E0000279,U001-normal-064,U001,2026-07-04T18:38:42,1783157922.0,PAYMENT,payment.execute,30700.0,U001-R037,MERCHANT,TRANSPORT,SUCCESS,NOT_EVALUATED,734416.3140497641,680000.0,1800000.0,balance.read|history.read|transfer.execute|payment.execute,normal_user,DAILY_NORMAL,0,0,0,0
E0000280,U001-paysim-fraud-006,U001,2026-07-05T01:15:00,1783181700.0,TRANSFER,transfer.execute,2805556.7024639915,U001-N174455,PERSON,P2P,SUCCESS,NOT_EVALUATED,2847556.7024639915,680000.0,1800000.0,balance.read|history.read|transfer.execute|payment.execute,paysim_fraud,ACCOUNT_DRAIN_TRANSFER,1,1,1,1
E0000281,U001-paysim-fraud-006,U001,2026-07-05T01:18:00,1783181880.0,TRANSFER,transfer.execute,412508.34860628145,U001-N174455,PERSON,P2P,SUCCESS,NOT_EVALUATED,734416.3140497641,680000.0,1800000.0,balance.read|history.read|transfer.execute|payment.execute,paysim_fraud,FOLLOW_UP_CASHOUT_PROXY,1,1,1,0
E0000282,U001-normal-065,U001,2026-07-05T17:42:19,1783240939.0,PAYMENT,payment.execute,14000.0,U001-R017,MERCHANT,SHOPPING,SUCCESS,NOT_EVALUATED,734416.3140497641,680000.0,1800000.0,balance.read|history.read|transfer.execute|payment.execute,normal_user,DAILY_NORMAL,0,0,0,0
E0000283,U001-normal-065,U001,2026-07-05T18:37:23,1783244243.0,PAYMENT,payment.execute,29500.0,U001-R007,BILL,RENT,SUCCESS,NOT_EVALUATED,734416.3140497641,680000.0,1800000.0,balance.read|history.read|transfer.execute|payment.execute,normal_user,DAILY_NORMAL,0,0,0,0
E0000284,U001-normal-066,U001,2026-07-06T15:08:46,1783318126.0,PAYMENT,payment.execute,18200.0,U001-R003,MERCHANT,SIMPLE_PAY,SUCCESS,NOT_EVALUATED,734416.3140497641,680000.0,1800000.0,balance.read|history.read|transfer.execute|payment.execute,normal_user,DAILY_NORMAL,0,0,0,0
E0000285,U001-normal-066,U001,2026-07-06T20:10:03,1783336203.0,PAYMENT,payment.execute,16300.0,U001-R028,MERCHANT,SHOPPING,SUCCESS,NOT_EVALUATED,734416.3140497641,680000.0,1800000.0,balance.read|history.read|transfer.execute|payment.execute,normal_user,DAILY_NORMAL,0,0,0,0
E0000286,U001-normal-067,U001,2026-07-07T10:15:32,1783386932.0,PAYMENT,payment.execute,41100.0,U001-R034,MERCHANT,TRANSPORT,SUCCESS,NOT_EVALUATED,734416.3140497641,680000.0,1800000.0,balance.read|history.read|transfer.execute|payment.execute,normal_user,DAILY_NORMAL,0,0,0,0
E0000287,U001-normal-067,U001,2026-07-07T10:42:03,1783388523.0,PAYMENT,payment.execute,20500.0,U001-R036,MERCHANT,FOOD,SUCCESS,NOT_EVALUATED,734416.3140497641,680000.0,1800000.0,balance.read|history.read|transfer.execute|payment.execute,normal_user,DAILY_NORMAL,0,0,0,0
E0000288,U001-hard-NEW_RECIPIENT_NORMAL-002,U001,2026-07-07T14:20:00,1783401600.0,TRANSFER,transfer.execute,336000.0,U001-N714115,PERSON,P2P,SUCCESS,NOT_EVALUATED,734416.3140497641,680000.0,1800000.0,balance.read|history.read|transfer.execute|payment.execute,hard_negative,NEW_RECIPIENT_NORMAL,0,0,0,1
E0000289,U001-normal-067,U001,2026-07-07T15:58:58,1783407538.0,PAYMENT,payment.execute,14400.0,U001-R007,BILL,RENT,SUCCESS,NOT_EVALUATED,734416.3140497641,680000.0,1800000.0,balance.read|history.read|transfer.execute|payment.execute,normal_user,DAILY_NORMAL,0,0,0,0
E0000290,U001-normal-067,U001,2026-07-07T16:26:38,1783409198.0,PAYMENT,payment.execute,82400.0,U001-R022,MERCHANT,SHOPPING,SUCCESS,NOT_EVALUATED,734416.3140497641,680000.0,1800000.0,balance.read|history.read|transfer.execute|payment.execute,normal_user,DAILY_NORMAL,0,0,0,0
E0000291,U001-normal-067,U001,2026-07-07T20:09:00,1783422540.0,PAYMENT,payment.execute,90000.0,U001-R024,MERCHANT,FOOD,SUCCESS,NOT_EVALUATED,734416.3140497641,680000.0,1800000.0,balance.read|history.read|transfer.execute|payment.execute,normal_user,DAILY_NORMAL,0,0,0,0
E0000292,U001-normal-068,U001,2026-07-08T02:38:34,1783445914.0,TRANSFER,transfer.execute,23600.0,U001-R015,PERSON,P2P,SUCCESS,NOT_EVALUATED,734416.3140497641,680000.0,1800000.0,balance.read|history.read|transfer.execute|payment.execute,normal_user,DAILY_NORMAL,0,0,0,0
E0000293,U001-hard-SUBSCRIPTION_BURST-003,U001,2026-07-08T09:00:00,1783468800.0,PAYMENT,payment.execute,49000.0,U001-R001,MERCHANT,SUBSCRIPTION,SUCCESS,NOT_EVALUATED,734416.3140497641,680000.0,1800000.0,balance.read|history.read|transfer.execute|payment.execute,hard_negative,SUBSCRIPTION_BURST,0,0,0,0
E0000294,U001-hard-SUBSCRIPTION_BURST-003,U001,2026-07-08T09:11:00,1783469460.0,PAYMENT,payment.execute,14900.0,U001-R032,MERCHANT,SUBSCRIPTION,SUCCESS,NOT_EVALUATED,734416.3140497641,680000.0,1800000.0,balance.read|history.read|transfer.execute|payment.execute,hard_negative,SUBSCRIPTION_BURST,0,0,0,0
E0000295,U001-hard-SUBSCRIPTION_BURST-003,U001,2026-07-08T09:22:00,1783470120.0,PAYMENT,payment.execute,49000.0,U001-R001,MERCHANT,SUBSCRIPTION,SUCCESS,NOT_EVALUATED,734416.3140497641,680000.0,1800000.0,balance.read|history.read|transfer.execute|payment.execute,hard_negative,SUBSCRIPTION_BURST,0,0,0,0
E0000296,U001-hard-SUBSCRIPTION_BURST-003,U001,2026-07-08T09:33:00,1783470780.0,PAYMENT,payment.execute,29000.0,U001-R032,MERCHANT,SUBSCRIPTION,SUCCESS,NOT_EVALUATED,734416.3140497641,680000.0,1800000.0,balance.read|history.read|transfer.execute|payment.execute,hard_negative,SUBSCRIPTION_BURST,0,0,0,0
E0000297,U001-hard-SUBSCRIPTION_BURST-003,U001,2026-07-08T09:44:00,1783471440.0,PAYMENT,payment.execute,9900.0,U001-R013,MERCHANT,SUBSCRIPTION,SUCCESS,NOT_EVALUATED,734416.3140497641,680000.0,1800000.0,balance.read|history.read|transfer.execute|payment.execute,hard_negative,SUBSCRIPTION_BURST,0,0,0,0
E0000298,U001-agent-normal-020,U001,2026-07-08T13:47:46,1783486066.0,PAYMENT,payment.execute,23400.0,U001-R006,MERCHANT,ETC,SUCCESS,NOT_EVALUATED,734416.3140497641,680000.0,1800000.0,balance.read|history.read|transfer.execute|payment.execute,normal_agent,DELEGATED_NORMAL,0,0,0,0
E0000299,U001-agent-normal-022,U001,2026-07-08T14:00:16,1783486816.0,PAYMENT,payment.execute,184200.0,U001-R004,MERCHANT,SHOPPING,SUCCESS,NOT_EVALUATED,734416.3140497641,680000.0,1800000.0,balance.read|history.read|transfer.execute|payment.execute,normal_agent,DELEGATED_NORMAL,0,0,0,0
E0000300,U001-normal-069,U001,2026-07-09T10:33:37,1783560817.0,TRANSFER,transfer.execute,40900.0,U001-R015,PERSON,P2P,SUCCESS,NOT_EVALUATED,734416.3140497641,680000.0,1800000.0,balance.read|history.read|transfer.execute|payment.execute,normal_user,DAILY_NORMAL,0,0,0,0
E0000301,U001-normal-069,U001,2026-07-09T15:46:46,1783579606.0,PAYMENT,payment.execute,28100.0,U001-R023,MERCHANT,FOOD,SUCCESS,NOT_EVALUATED,734416.3140497641,680000.0,1800000.0,balance.read|history.read|transfer.execute|payment.execute,normal_user,DAILY_NORMAL,0,0,0,0
E0000302,U001-normal-069,U001,2026-07-09T18:40:00,1783590000.0,PAYMENT,payment.execute,63000.0,U001-R031,BILL,UTILITY,SUCCESS,NOT_EVALUATED,734416.3140497641,680000.0,1800000.0,balance.read|history.read|transfer.execute|payment.execute,normal_user,RECURRING_NORMAL,0,0,0,0
E0000303,U001-normal-070,U001,2026-07-10T10:30:22,1783647022.0,PAYMENT,payment.execute,52100.0,U001-R022,MERCHANT,SHOPPING,SUCCESS,NOT_EVALUATED,734416.3140497641,680000.0,1800000.0,balance.read|history.read|transfer.execute|payment.execute,normal_user,DAILY_NORMAL,0,0,0,0
E0000304,U001-normal-070,U001,2026-07-10T21:29:26,1783686566.0,PAYMENT,payment.execute,7100.0,U001-R010,MERCHANT,SIMPLE_PAY,SUCCESS,NOT_EVALUATED,734416.3140497641,680000.0,1800000.0,balance.read|history.read|transfer.execute|payment.execute,normal_user,DAILY_NORMAL,0,0,0,0
E0000305,U001-normal-071,U001,2026-07-11T12:48:26,1783741706.0,PAYMENT,payment.execute,24900.0,U001-R012,BILL,UTILITY,SUCCESS,NOT_EVALUATED,734416.3140497641,680000.0,1800000.0,balance.read|history.read|transfer.execute|payment.execute,normal_user,DAILY_NORMAL,0,0,0,0
E0000306,U001-normal-071,U001,2026-07-11T13:22:35,1783743755.0,PAYMENT,payment.execute,37200.0,U001-R028,MERCHANT,SHOPPING,SUCCESS,NOT_EVALUATED,734416.3140497641,680000.0,1800000.0,balance.read|history.read|transfer.execute|payment.execute,normal_user,DAILY_NORMAL,0,0,0,0
E0000307,U001-normal-071,U001,2026-07-11T14:22:16,1783747336.0,PAYMENT,payment.execute,46700.0,U001-R031,BILL,UTILITY,SUCCESS,NOT_EVALUATED,734416.3140497641,680000.0,1800000.0,balance.read|history.read|transfer.execute|payment.execute,normal_user,DAILY_NORMAL,0,0,0,0
E0000308,U001-normal-072,U001,2026-07-12T05:06:37,1783800397.0,PAYMENT,payment.execute,11600.0,U001-R021,MERCHANT,FOOD,SUCCESS,NOT_EVALUATED,734416.3140497641,680000.0,1800000.0,balance.read|history.read|transfer.execute|payment.execute,normal_user,DAILY_NORMAL,0,0,0,0
E0000309,U001-normal-072,U001,2026-07-12T13:25:18,1783830318.0,PAYMENT,payment.execute,28700.0,U001-R026,MERCHANT,SIMPLE_PAY,SUCCESS,NOT_EVALUATED,734416.3140497641,680000.0,1800000.0,balance.read|history.read|transfer.execute|payment.execute,normal_user,DAILY_NORMAL,0,0,0,0
E0000310,U001-normal-072,U001,2026-07-12T20:46:29,1783856789.0,PAYMENT,payment.execute,21100.0,U001-R031,BILL,UTILITY,SUCCESS,NOT_EVALUATED,734416.3140497641,680000.0,1800000.0,balance.read|history.read|transfer.execute|payment.execute,normal_user,DAILY_NORMAL,0,0,0,0
E0000311,U001-normal-072,U001,2026-07-12T23:01:58,1783864918.0,PAYMENT,payment.execute,16300.0,U001-R031,BILL,UTILITY,SUCCESS,NOT_EVALUATED,734416.3140497641,680000.0,1800000.0,balance.read|history.read|transfer.execute|payment.execute,normal_user,DAILY_NORMAL,0,0,0,0
E0000312,U001-normal-073,U001,2026-07-13T11:53:16,1783911196.0,PAYMENT,payment.execute,7800.0,U001-R019,MERCHANT,TRANSPORT,SUCCESS,NOT_EVALUATED,734416.3140497641,680000.0,1800000.0,balance.read|history.read|transfer.execute|payment.execute,normal_user,DAILY_NORMAL,0,0,0,0
E0000313,U001-normal-073,U001,2026-07-13T11:56:07,1783911367.0,PAYMENT,payment.execute,91800.0,U001-R028,MERCHANT,SHOPPING,SUCCESS,NOT_EVALUATED,734416.3140497641,680000.0,1800000.0,balance.read|history.read|transfer.execute|payment.execute,normal_user,DAILY_NORMAL,0,0,0,0
E0000314,U001-normal-073,U001,2026-07-13T12:11:06,1783912266.0,PAYMENT,payment.execute,53700.0,U001-R002,MERCHANT,FOOD,SUCCESS,NOT_EVALUATED,734416.3140497641,680000.0,1800000.0,balance.read|history.read|transfer.execute|payment.execute,normal_user,DAILY_NORMAL,0,0,0,0
E0000315,U001-agent-normal-000,U001,2026-07-13T20:48:11,1783943291.0,PAYMENT,payment.execute,70100.0,U001-R037,MERCHANT,TRANSPORT,SUCCESS,NOT_EVALUATED,734416.3140497641,680000.0,1800000.0,balance.read|history.read|transfer.execute|payment.execute,normal_agent,DELEGATED_NORMAL,0,0,0,0
E0000316,U001-normal-074,U001,2026-07-14T08:55:30,1783986930.0,PAYMENT,payment.execute,18200.0,U001-R034,MERCHANT,TRANSPORT,SUCCESS,NOT_EVALUATED,734416.3140497641,680000.0,1800000.0,balance.read|history.read|transfer.execute|payment.execute,normal_user,DAILY_NORMAL,0,0,0,0
E0000317,U001-agent-normal-009,U001,2026-07-14T19:42:15,1784025735.0,HISTORY_READ,history.read,0.0,U001-R033,MERCHANT,SIMPLE_PAY,SUCCESS,NOT_EVALUATED,734416.3140497641,680000.0,1800000.0,balance.read|history.read|transfer.execute|payment.execute,normal_agent,DELEGATED_NORMAL,0,0,0,0
E0000318,U001-normal-074,U001,2026-07-14T20:46:32,1784029592.0,PAYMENT,payment.execute,63900.0,U001-R000,MERCHANT,SHOPPING,SUCCESS,NOT_EVALUATED,734416.3140497641,680000.0,1800000.0,balance.read|history.read|transfer.execute|payment.execute,normal_user,DAILY_NORMAL,0,0,0,0
E0000319,U001-normal-075,U001,2026-07-15T12:07:52,1784084872.0,PAYMENT,payment.execute,60700.0,U001-R032,MERCHANT,SUBSCRIPTION,SUCCESS,NOT_EVALUATED,734416.3140497641,680000.0,1800000.0,balance.read|history.read|transfer.execute|payment.execute,normal_user,DAILY_NORMAL,0,0,0,0
E0000320,U001-normal-075,U001,2026-07-15T12:24:38,1784085878.0,PAYMENT,payment.execute,8200.0,U001-R022,MERCHANT,SHOPPING,SUCCESS,NOT_EVALUATED,734416.3140497641,680000.0,1800000.0,balance.read|history.read|transfer.execute|payment.execute,normal_user,DAILY_NORMAL,0,0,0,0
E0000321,U001-normal-075,U001,2026-07-15T15:45:48,1784097948.0,TRANSFER,transfer.execute,11800.0,U001-R015,PERSON,P2P,SUCCESS,NOT_EVALUATED,734416.3140497641,680000.0,1800000.0,balance.read|history.read|transfer.execute|payment.execute,normal_user,DAILY_NORMAL,0,0,0,0
E0000322,U001-normal-076,U001,2026-07-16T20:32:50,1784201570.0,PAYMENT,payment.execute,102700.0,U001-R003,MERCHANT,SIMPLE_PAY,SUCCESS,NOT_EVALUATED,734416.3140497641,680000.0,1800000.0,balance.read|history.read|transfer.execute|payment.execute,normal_user,DAILY_NORMAL,0,0,0,0
E0000323,U001-agent-normal-018,U001,2026-07-17T16:39:35,1784273975.0,PAYMENT,payment.execute,118000.0,U001-R013,MERCHANT,SUBSCRIPTION,SUCCESS,NOT_EVALUATED,734416.3140497641,680000.0,1800000.0,balance.read|history.read|transfer.execute|payment.execute,normal_agent,DELEGATED_NORMAL,0,0,0,0
E0000324,U001-normal-077,U001,2026-07-17T17:20:31,1784276431.0,PAYMENT,payment.execute,9900.0,U001-R021,MERCHANT,FOOD,SUCCESS,NOT_EVALUATED,734416.3140497641,680000.0,1800000.0,balance.read|history.read|transfer.execute|payment.execute,normal_user,DAILY_NORMAL,0,0,0,0
E0000325,U001-normal-077,U001,2026-07-17T18:17:22,1784279842.0,PAYMENT,payment.execute,47600.0,U001-R022,MERCHANT,SHOPPING,SUCCESS,NOT_EVALUATED,734416.3140497641,680000.0,1800000.0,balance.read|history.read|transfer.execute|payment.execute,normal_user,DAILY_NORMAL,0,0,0,0
E0000326,U001-normal-078,U001,2026-07-18T12:16:07,1784344567.0,PAYMENT,payment.execute,160300.0,U001-R022,MERCHANT,SHOPPING,SUCCESS,NOT_EVALUATED,734416.3140497641,680000.0,1800000.0,balance.read|history.read|transfer.execute|payment.execute,normal_user,DAILY_NORMAL,0,0,0,0
E0000327,U001-normal-078,U001,2026-07-18T12:18:00,1784344680.0,PAYMENT,payment.execute,70100.0,U001-R016,MERCHANT,FOOD,SUCCESS,NOT_EVALUATED,734416.3140497641,680000.0,1800000.0,balance.read|history.read|transfer.execute|payment.execute,normal_user,DAILY_NORMAL,0,0,0,0
E0000328,U001-normal-078,U001,2026-07-18T19:22:06,1784370126.0,PAYMENT,payment.execute,5200.0,U001-R028,MERCHANT,SHOPPING,SUCCESS,NOT_EVALUATED,734416.3140497641,680000.0,1800000.0,balance.read|history.read|transfer.execute|payment.execute,normal_user,DAILY_NORMAL,0,0,0,0
E0000329,U001-normal-080,U001,2026-07-20T15:17:56,1784528276.0,PAYMENT,payment.execute,40000.0,U001-R007,BILL,RENT,SUCCESS,NOT_EVALUATED,734416.3140497641,680000.0,1800000.0,balance.read|history.read|transfer.execute|payment.execute,normal_user,DAILY_NORMAL,0,0,0,0
E0000330,U001-agent-normal-007,U001,2026-07-20T15:32:07,1784529127.0,PAYMENT,payment.execute,5100.0,U001-R034,MERCHANT,TRANSPORT,SUCCESS,NOT_EVALUATED,734416.3140497641,680000.0,1800000.0,balance.read|history.read|transfer.execute|payment.execute,normal_agent,DELEGATED_NORMAL,0,0,0,0
E0000331,U001-hard-PAYDAY_BURST-000,U001,2026-07-20T18:00:00,1784538000.0,PAYMENT,payment.execute,24200.0,U001-R006,MERCHANT,ETC,SUCCESS,NOT_EVALUATED,734416.3140497641,680000.0,1800000.0,balance.read|history.read|transfer.execute|payment.execute,hard_negative,PAYDAY_BURST,0,0,0,0
E0000332,U001-hard-PAYDAY_BURST-000,U001,2026-07-20T18:07:00,1784538420.0,PAYMENT,payment.execute,79100.0,U001-R033,MERCHANT,SIMPLE_PAY,SUCCESS,NOT_EVALUATED,734416.3140497641,680000.0,1800000.0,balance.read|history.read|transfer.execute|payment.execute,hard_negative,PAYDAY_BURST,0,0,0,0
E0000333,U001-hard-PAYDAY_BURST-000,U001,2026-07-20T18:14:00,1784538840.0,PAYMENT,payment.execute,51000.0,U001-R027,MERCHANT,SIMPLE_PAY,SUCCESS,NOT_EVALUATED,734416.3140497641,680000.0,1800000.0,balance.read|history.read|transfer.execute|payment.execute,hard_negative,PAYDAY_BURST,0,0,0,0
E0000334,U001-hard-PAYDAY_BURST-000,U001,2026-07-20T18:21:00,1784539260.0,PAYMENT,payment.execute,32300.0,U001-R004,MERCHANT,SHOPPING,SUCCESS,NOT_EVALUATED,734416.3140497641,680000.0,1800000.0,balance.read|history.read|transfer.execute|payment.execute,hard_negative,PAYDAY_BURST,0,0,0,0
E0000335,U001-hard-PAYDAY_BURST-000,U001,2026-07-20T18:28:00,1784539680.0,PAYMENT,payment.execute,41100.0,U001-R006,MERCHANT,ETC,SUCCESS,NOT_EVALUATED,734416.3140497641,680000.0,1800000.0,balance.read|history.read|transfer.execute|payment.execute,hard_negative,PAYDAY_BURST,0,0,0,0
E0000336,U001-hard-PAYDAY_BURST-000,U001,2026-07-20T18:35:00,1784540100.0,PAYMENT,payment.execute,31300.0,U001-R023,MERCHANT,FOOD,SUCCESS,NOT_EVALUATED,734416.3140497641,680000.0,1800000.0,balance.read|history.read|transfer.execute|payment.execute,hard_negative,PAYDAY_BURST,0,0,0,0
E0000337,U001-normal-080,U001,2026-07-20T18:39:14,1784540354.0,PAYMENT,payment.execute,27200.0,U001-R037,MERCHANT,TRANSPORT,SUCCESS,NOT_EVALUATED,734416.3140497641,680000.0,1800000.0,balance.read|history.read|transfer.execute|payment.execute,normal_user,DAILY_NORMAL,0,0,0,0
E0000338,U001-normal-080,U001,2026-07-20T20:32:33,1784547153.0,PAYMENT,payment.execute,11900.0,U001-R027,MERCHANT,SIMPLE_PAY,SUCCESS,NOT_EVALUATED,734416.3140497641,680000.0,1800000.0,balance.read|history.read|transfer.execute|payment.execute,normal_user,DAILY_NORMAL,0,0,0,0
E0000339,U001-misuse-CATEGORY_DRIFT-005,U001,2026-07-21T06:12:00,1784581920.0,PAYMENT,payment.execute,170203.81707902194,U001-N615162,MERCHANT,GIFT_CARD,SUCCESS,NOT_EVALUATED,734416.3140497641,680000.0,1800000.0,balance.read|history.read|transfer.execute|payment.execute,agent_misuse,CATEGORY_DRIFT,1,0,0,1
E0000340,U001-misuse-CATEGORY_DRIFT-005,U001,2026-07-21T06:29:00,1784582940.0,PAYMENT,payment.execute,303641.832452125,U001-N576616,PERSON,OVERSEAS_REMIT,SUCCESS,NOT_EVALUATED,734416.3140497641,680000.0,1800000.0,balance.read|history.read|transfer.execute|payment.execute,agent_misuse,CATEGORY_DRIFT,1,0,0,1
E0000341,U001-misuse-CATEGORY_DRIFT-005,U001,2026-07-21T06:46:00,1784583960.0,PAYMENT,payment.execute,403544.6557832369,U001-N115690,MERCHANT,SECURITIES,SUCCESS,NOT_EVALUATED,734416.3140497641,680000.0,1800000.0,balance.read|history.read|transfer.execute|payment.execute,agent_misuse,CATEGORY_DRIFT,1,0,0,1
E0000342,U001-misuse-CATEGORY_DRIFT-005,U001,2026-07-21T07:03:00,1784584980.0,PAYMENT,payment.execute,336240.92533634877,U001-N671442,PERSON,OVERSEAS_REMIT,SUCCESS,NOT_EVALUATED,734416.3140497641,680000.0,1800000.0,balance.read|history.read|transfer.execute|payment.execute,agent_misuse,CATEGORY_DRIFT,1,0,0,1
E0000343,U001-misuse-CATEGORY_DRIFT-005,U001,2026-07-21T07:20:00,1784586000.0,PAYMENT,payment.execute,429838.1477771657,U001-N804209,MERCHANT,GIFT_CARD,SUCCESS,NOT_EVALUATED,734416.3140497641,680000.0,1800000.0,balance.read|history.read|transfer.execute|payment.execute,agent_misuse,CATEGORY_DRIFT,1,0,0,1
E0000344,U001-misuse-CATEGORY_DRIFT-005,U001,2026-07-21T07:37:00,1784587020.0,PAYMENT,payment.execute,400425.8369585167,U001-N284475,MERCHANT,GIFT_CARD,SUCCESS,NOT_EVALUATED,734416.3140497641,680000.0,1800000.0,balance.read|history.read|transfer.execute|payment.execute,agent_misuse,CATEGORY_DRIFT,1,0,1,1
E0000345,U001-misuse-CATEGORY_DRIFT-005,U001,2026-07-21T07:54:00,1784588040.0,PAYMENT,payment.execute,171034.852537648,U001-N130305,MERCHANT,GIFT_CARD,SUCCESS,NOT_EVALUATED,734416.3140497641,680000.0,1800000.0,balance.read|history.read|transfer.execute|payment.execute,agent_misuse,CATEGORY_DRIFT,1,0,1,1
E0000346,U001-misuse-LIMIT_RATCHETING-000,U001,2026-07-21T08:01:00,1784588460.0,TRANSFER,transfer.execute,666400.0,U001-R015,PERSON,P2P,SUCCESS,NOT_EVALUATED,734416.3140497641,680000.0,1800000.0,balance.read|history.read|transfer.execute|payment.execute,agent_misuse,LIMIT_RATCHETING,1,0,1,0
E0000347,U001-misuse-LIMIT_RATCHETING-000,U001,2026-07-21T08:13:00,1784589180.0,TRANSFER,transfer.execute,652800.0,U001-N432995,PERSON,P2P,SUCCESS,NOT_EVALUATED,734416.3140497641,680000.0,1800000.0,balance.read|history.read|transfer.execute|payment.execute,agent_misuse,LIMIT_RATCHETING,1,0,1,1
E0000348,U001-misuse-LIMIT_RATCHETING-000,U001,2026-07-21T08:25:00,1784589900.0,TRANSFER,transfer.execute,673200.0,U001-N281515,PERSON,P2P,SUCCESS,NOT_EVALUATED,734416.3140497641,680000.0,1800000.0,balance.read|history.read|transfer.execute|payment.execute,agent_misuse,LIMIT_RATCHETING,1,0,1,1
E0000349,U001-agent-normal-025,U001,2026-07-21T14:46:17,1784612777.0,TRANSFER,transfer.execute,78200.0,U001-R021,MERCHANT,FOOD,SUCCESS,NOT_EVALUATED,734416.3140497641,680000.0,1800000.0,balance.read|history.read|transfer.execute|payment.execute,normal_agent,DELEGATED_NORMAL,0,0,0,0
E0000350,U001-normal-081,U001,2026-07-21T14:58:06,1784613486.0,PAYMENT,payment.execute,31600.0,U001-R020,MERCHANT,SHOPPING,SUCCESS,NOT_EVALUATED,734416.3140497641,680000.0,1800000.0,balance.read|history.read|transfer.execute|payment.execute,normal_user,DAILY_NORMAL,0,0,0,0
E0000351,U001-normal-082,U001,2026-07-22T03:18:54,1784657934.0,PAYMENT,payment.execute,161900.0,U001-R014,MERCHANT,SIMPLE_PAY,SUCCESS,NOT_EVALUATED,734416.3140497641,680000.0,1800000.0,balance.read|history.read|transfer.execute|payment.execute,normal_user,DAILY_NORMAL,0,0,0,0
E0000352,U001-normal-082,U001,2026-07-22T08:38:14,1784677094.0,PAYMENT,payment.execute,26400.0,U001-R013,MERCHANT,SUBSCRIPTION,SUCCESS,NOT_EVALUATED,734416.3140497641,680000.0,1800000.0,balance.read|history.read|transfer.execute|payment.execute,normal_user,DAILY_NORMAL,0,0,0,0
E0000353,U001-normal-082,U001,2026-07-22T11:06:52,1784686012.0,TRANSFER,transfer.execute,19900.0,U001-R015,PERSON,P2P,SUCCESS,NOT_EVALUATED,734416.3140497641,680000.0,1800000.0,balance.read|history.read|transfer.execute|payment.execute,normal_user,DAILY_NORMAL,0,0,0,0
E0000354,U001-normal-082,U001,2026-07-22T11:15:35,1784686535.0,PAYMENT,payment.execute,46500.0,U001-R037,MERCHANT,TRANSPORT,SUCCESS,NOT_EVALUATED,734416.3140497641,680000.0,1800000.0,balance.read|history.read|transfer.execute|payment.execute,normal_user,DAILY_NORMAL,0,0,0,0
E0000355,U001-normal-082,U001,2026-07-22T12:09:17,1784689757.0,PAYMENT,payment.execute,800.0,U001-R000,MERCHANT,SHOPPING,SUCCESS,NOT_EVALUATED,734416.3140497641,680000.0,1800000.0,balance.read|history.read|transfer.execute|payment.execute,normal_user,DAILY_NORMAL,0,0,0,0
E0000356,U001-normal-082,U001,2026-07-22T22:08:55,1784725735.0,PAYMENT,payment.execute,32900.0,U001-R027,MERCHANT,SIMPLE_PAY,SUCCESS,NOT_EVALUATED,734416.3140497641,680000.0,1800000.0,balance.read|history.read|transfer.execute|payment.execute,normal_user,DAILY_NORMAL,0,0,0,0
E0000357,U001-normal-083,U001,2026-07-23T12:31:51,1784777511.0,PAYMENT,payment.execute,120500.0,U001-R026,MERCHANT,SIMPLE_PAY,SUCCESS,NOT_EVALUATED,734416.3140497641,680000.0,1800000.0,balance.read|history.read|transfer.execute|payment.execute,normal_user,DAILY_NORMAL,0,0,0,0
E0000358,U001-agent-normal-027,U001,2026-07-23T17:43:55,1784796235.0,PAYMENT,payment.execute,60700.0,U001-R012,BILL,UTILITY,SUCCESS,NOT_EVALUATED,734416.3140497641,680000.0,1800000.0,balance.read|history.read|transfer.execute|payment.execute,normal_agent,DELEGATED_NORMAL,0,0,0,0
E0000359,U001-normal-083,U001,2026-07-23T18:45:41,1784799941.0,PAYMENT,payment.execute,7800.0,U001-R006,MERCHANT,ETC,SUCCESS,NOT_EVALUATED,734416.3140497641,680000.0,1800000.0,balance.read|history.read|transfer.execute|payment.execute,normal_user,DAILY_NORMAL,0,0,0,0
E0000360,U001-normal-084,U001,2026-07-24T08:54:26,1784850866.0,PAYMENT,payment.execute,68800.0,U001-R024,MERCHANT,FOOD,SUCCESS,NOT_EVALUATED,734416.3140497641,680000.0,1800000.0,balance.read|history.read|transfer.execute|payment.execute,normal_user,DAILY_NORMAL,0,0,0,0
E0000361,U001-normal-084,U001,2026-07-24T10:53:12,1784857992.0,PAYMENT,payment.execute,49100.0,U001-R026,MERCHANT,SIMPLE_PAY,SUCCESS,NOT_EVALUATED,734416.3140497641,680000.0,1800000.0,balance.read|history.read|transfer.execute|payment.execute,normal_user,DAILY_NORMAL,0,0,0,0
E0000362,U001-hard-EMERGENCY_LARGE_TRANSFER-004,U001,2026-07-24T11:40:00,1784860800.0,TRANSFER,transfer.execute,598400.0,U001-N528790,PERSON,P2P,SUCCESS,NOT_EVALUATED,734416.3140497641,680000.0,1800000.0,balance.read|history.read|transfer.execute|payment.execute,hard_negative,EMERGENCY_LARGE_TRANSFER,0,0,0,1
E0000363,U001-normal-084,U001,2026-07-24T16:23:29,1784877809.0,PAYMENT,payment.execute,34300.0,U001-R014,MERCHANT,SIMPLE_PAY,SUCCESS,NOT_EVALUATED,734416.3140497641,680000.0,1800000.0,balance.read|history.read|transfer.execute|payment.execute,normal_user,DAILY_NORMAL,0,0,0,0
E0000364,U001-normal-085,U001,2026-07-25T18:14:38,1784970878.0,PAYMENT,payment.execute,53000.0,U001-R007,BILL,RENT,SUCCESS,NOT_EVALUATED,734416.3140497641,680000.0,1800000.0,balance.read|history.read|transfer.execute|payment.execute,normal_user,DAILY_NORMAL,0,0,0,0
E0000365,U001-normal-085,U001,2026-07-25T18:21:00,1784971260.0,TRANSFER,transfer.execute,605000.0,U001-R007,BILL,RENT,SUCCESS,NOT_EVALUATED,734416.3140497641,680000.0,1800000.0,balance.read|history.read|transfer.execute|payment.execute,normal_user,RECURRING_NORMAL,0,0,0,0
E0000366,U001-normal-085,U001,2026-07-25T18:44:09,1784972649.0,PAYMENT,payment.execute,30800.0,U001-R037,MERCHANT,TRANSPORT,SUCCESS,NOT_EVALUATED,734416.3140497641,680000.0,1800000.0,balance.read|history.read|transfer.execute|payment.execute,normal_user,DAILY_NORMAL,0,0,0,0
E0000367,U001-normal-085,U001,2026-07-25T20:48:23,1784980103.0,TRANSFER,transfer.execute,6500.0,U001-R015,PERSON,P2P,SUCCESS,NOT_EVALUATED,734416.3140497641,680000.0,1800000.0,balance.read|history.read|transfer.execute|payment.execute,normal_user,DAILY_NORMAL,0,0,0,0
E0000368,U001-normal-086,U001,2026-07-26T03:55:00,1785005700.0,PAYMENT,payment.execute,11000.0,U001-R034,MERCHANT,TRANSPORT,SUCCESS,NOT_EVALUATED,734416.3140497641,680000.0,1800000.0,balance.read|history.read|transfer.execute|payment.execute,normal_user,DAILY_NORMAL,0,0,0,0
E0000369,U001-agent-normal-004,U001,2026-07-26T10:27:49,1785029269.0,BALANCE_READ,balance.read,0.0,U001-R007,BILL,RENT,SUCCESS,NOT_EVALUATED,734416.3140497641,680000.0,1800000.0,balance.read|history.read|transfer.execute|payment.execute,normal_agent,DELEGATED_NORMAL,0,0,0,0
E0000370,U001-normal-086,U001,2026-07-26T14:30:35,1785043835.0,PAYMENT,payment.execute,69800.0,U001-R022,MERCHANT,SHOPPING,SUCCESS,NOT_EVALUATED,734416.3140497641,680000.0,1800000.0,balance.read|history.read|transfer.execute|payment.execute,normal_user,DAILY_NORMAL,0,0,0,0
E0000371,U001-normal-086,U001,2026-07-26T14:47:58,1785044878.0,PAYMENT,payment.execute,34300.0,U001-R005,MERCHANT,FOOD,SUCCESS,NOT_EVALUATED,734416.3140497641,680000.0,1800000.0,balance.read|history.read|transfer.execute|payment.execute,normal_user,DAILY_NORMAL,0,0,0,0
E0000372,U001-normal-087,U001,2026-07-27T00:16:59,1785079019.0,PAYMENT,payment.execute,24600.0,U001-R026,MERCHANT,SIMPLE_PAY,SUCCESS,NOT_EVALUATED,734416.3140497641,680000.0,1800000.0,balance.read|history.read|transfer.execute|payment.execute,normal_user,DAILY_NORMAL,0,0,0,0
E0000373,U001-agent-normal-002,U001,2026-07-27T07:16:33,1785104193.0,HISTORY_READ,history.read,0.0,U001-R021,MERCHANT,FOOD,SUCCESS,NOT_EVALUATED,734416.3140497641,680000.0,1800000.0,balance.read|history.read|transfer.execute|payment.execute,normal_agent,DELEGATED_NORMAL,0,0,0,0
E0000374,U001-normal-087,U001,2026-07-27T09:14:28,1785111268.0,PAYMENT,payment.execute,4700.0,U001-R004,MERCHANT,SHOPPING,SUCCESS,NOT_EVALUATED,734416.3140497641,680000.0,1800000.0,balance.read|history.read|transfer.execute|payment.execute,normal_user,DAILY_NORMAL,0,0,0,0
E0000375,U001-normal-088,U001,2026-07-28T01:06:15,1785168375.0,PAYMENT,payment.execute,79600.0,U001-R001,MERCHANT,SUBSCRIPTION,SUCCESS,NOT_EVALUATED,734416.3140497641,680000.0,1800000.0,balance.read|history.read|transfer.execute|payment.execute,normal_user,DAILY_NORMAL,0,0,0,0
E0000376,U001-normal-088,U001,2026-07-28T12:37:01,1785209821.0,PAYMENT,payment.execute,39500.0,U001-R007,BILL,RENT,SUCCESS,NOT_EVALUATED,734416.3140497641,680000.0,1800000.0,balance.read|history.read|transfer.execute|payment.execute,normal_user,DAILY_NORMAL,0,0,0,0
E0000377,U001-normal-088,U001,2026-07-28T18:21:00,1785230460.0,PAYMENT,payment.execute,14900.0,U001-R001,MERCHANT,SUBSCRIPTION,SUCCESS,NOT_EVALUATED,734416.3140497641,680000.0,1800000.0,balance.read|history.read|transfer.execute|payment.execute,normal_user,RECURRING_NORMAL,0,0,0,0
E0000378,U001-normal-089,U001,2026-07-29T03:55:49,1785264949.0,PAYMENT,payment.execute,66300.0,U001-R027,MERCHANT,SIMPLE_PAY,SUCCESS,NOT_EVALUATED,734416.3140497641,680000.0,1800000.0,balance.read|history.read|transfer.execute|payment.execute,normal_user,DAILY_NORMAL,0,0,0,0
E0000379,U001-normal-089,U001,2026-07-29T17:05:02,1785312302.0,PAYMENT,payment.execute,6600.0,U001-R034,MERCHANT,TRANSPORT,SUCCESS,NOT_EVALUATED,734416.3140497641,680000.0,1800000.0,balance.read|history.read|transfer.execute|payment.execute,normal_user,DAILY_NORMAL,0,0,0,0
E0000380,U001-agent-normal-013,U001,2026-07-29T18:07:28,1785316048.0,PAYMENT,payment.execute,13200.0,U001-R023,MERCHANT,FOOD,SUCCESS,NOT_EVALUATED,734416.3140497641,680000.0,1800000.0,balance.read|history.read|transfer.execute|payment.execute,normal_agent,DELEGATED_NORMAL,0,0,0,0
E0000381,U002-normal-000,U002,2026-05-01T06:09:01,1777583341.0,PAYMENT,payment.execute,12200.0,U002-R012,MERCHANT,SIMPLE_PAY,SUCCESS,NOT_EVALUATED,7312939.384194196,900000.0,2600000.0,balance.read|history.read|transfer.execute|payment.execute,normal_user,DAILY_NORMAL,0,0,0,0
E0000382,U002-normal-000,U002,2026-05-01T13:05:35,1777608335.0,PAYMENT,payment.execute,8500.0,U002-R016,MERCHANT,SIMPLE_PAY,SUCCESS,NOT_EVALUATED,7300739.384194196,900000.0,2600000.0,balance.read|history.read|transfer.execute|payment.execute,normal_user,DAILY_NORMAL,0,0,0,0
E0000383,U002-agent-normal-030,U002,2026-05-01T13:49:10,1777610950.0,TRANSFER,transfer.execute,32200.0,U002-R021,MERCHANT,SHOPPING,SUCCESS,NOT_EVALUATED,7292239.384194196,900000.0,2600000.0,balance.read|history.read|transfer.execute|payment.execute,normal_agent,DELEGATED_NORMAL,0,0,0,0
E0000384,U002-normal-000,U002,2026-05-01T21:26:47,1777638407.0,PAYMENT,payment.execute,18900.0,U002-R023,MERCHANT,SUBSCRIPTION,SUCCESS,NOT_EVALUATED,7260039.384194196,900000.0,2600000.0,balance.read|history.read|transfer.execute|payment.execute,normal_user,DAILY_NORMAL,0,0,0,0
E0000385,U002-normal-001,U002,2026-05-02T16:25:48,1777706748.0,PAYMENT,payment.execute,16600.0,U002-R032,MERCHANT,ETC,SUCCESS,NOT_EVALUATED,7241139.384194196,900000.0,2600000.0,balance.read|history.read|transfer.execute|payment.execute,normal_user,DAILY_NORMAL,0,0,0,0
E0000386,U002-agent-normal-007,U002,2026-05-02T18:24:37,1777713877.0,BALANCE_READ,balance.read,0.0,U002-R001,MERCHANT,SHOPPING,SUCCESS,NOT_EVALUATED,7224539.384194196,900000.0,2600000.0,balance.read|history.read|transfer.execute|payment.execute,normal_agent,DELEGATED_NORMAL,0,0,0,0
E0000387,U002-normal-001,U002,2026-05-02T18:55:08,1777715708.0,PAYMENT,payment.execute,392400.0,U002-R027,MERCHANT,SHOPPING,SUCCESS,NOT_EVALUATED,7224539.384194196,900000.0,2600000.0,balance.read|history.read|transfer.execute|payment.execute,normal_user,DAILY_NORMAL,0,0,0,0
E0000388,U002-normal-002,U002,2026-05-03T06:11:10,1777756270.0,PAYMENT,payment.execute,145100.0,U002-R018,MERCHANT,FOOD,SUCCESS,NOT_EVALUATED,6832139.384194196,900000.0,2600000.0,balance.read|history.read|transfer.execute|payment.execute,normal_user,DAILY_NORMAL,0,0,0,0
E0000389,U002-agent-normal-008,U002,2026-05-03T07:13:25,1777760005.0,BALANCE_READ,balance.read,0.0,U002-R030,PERSON,P2P,SUCCESS,NOT_EVALUATED,6687039.384194196,900000.0,2600000.0,balance.read|history.read|transfer.execute|payment.execute,normal_agent,DELEGATED_NORMAL,0,0,0,0
E0000390,U002-normal-002,U002,2026-05-03T14:52:35,1777787555.0,PAYMENT,payment.execute,14900.0,U002-R012,MERCHANT,SIMPLE_PAY,SUCCESS,NOT_EVALUATED,6687039.384194196,900000.0,2600000.0,balance.read|history.read|transfer.execute|payment.execute,normal_user,DAILY_NORMAL,0,0,0,0
E0000391,U002-normal-003,U002,2026-05-04T08:11:21,1777849881.0,PAYMENT,payment.execute,82200.0,U002-R032,MERCHANT,ETC,SUCCESS,NOT_EVALUATED,6672139.384194196,900000.0,2600000.0,balance.read|history.read|transfer.execute|payment.execute,normal_user,DAILY_NORMAL,0,0,0,0
E0000392,U002-normal-003,U002,2026-05-04T08:38:24,1777851504.0,PAYMENT,payment.execute,61100.0,U002-R023,MERCHANT,SUBSCRIPTION,SUCCESS,NOT_EVALUATED,6589939.384194196,900000.0,2600000.0,balance.read|history.read|transfer.execute|payment.execute,normal_user,DAILY_NORMAL,0,0,0,0
E0000393,U002-normal-003,U002,2026-05-04T11:06:59,1777860419.0,PAYMENT,payment.execute,46500.0,U002-R016,MERCHANT,SIMPLE_PAY,SUCCESS,NOT_EVALUATED,6528839.384194196,900000.0,2600000.0,balance.read|history.read|transfer.execute|payment.execute,normal_user,DAILY_NORMAL,0,0,0,0
E0000394,U002-normal-003,U002,2026-05-04T11:21:59,1777861319.0,PAYMENT,payment.execute,6900.0,U002-R018,MERCHANT,FOOD,SUCCESS,NOT_EVALUATED,6482339.384194196,900000.0,2600000.0,balance.read|history.read|transfer.execute|payment.execute,normal_user,DAILY_NORMAL,0,0,0,0
E0000395,U002-normal-003,U002,2026-05-04T15:58:31,1777877911.0,TRANSFER,transfer.execute,105900.0,U002-R014,PERSON,P2P,SUCCESS,NOT_EVALUATED,6475439.384194196,900000.0,2600000.0,balance.read|history.read|transfer.execute|payment.execute,normal_user,DAILY_NORMAL,0,0,0,0
E0000396,U002-normal-003,U002,2026-05-04T17:05:36,1777881936.0,PAYMENT,payment.execute,23800.0,U002-R004,MERCHANT,SIMPLE_PAY,SUCCESS,NOT_EVALUATED,6369539.384194196,900000.0,2600000.0,balance.read|history.read|transfer.execute|payment.execute,normal_user,DAILY_NORMAL,0,0,0,0
E0000397,U002-normal-004,U002,2026-05-05T01:52:44,1777913564.0,PAYMENT,payment.execute,76800.0,U002-R008,MERCHANT,SHOPPING,SUCCESS,NOT_EVALUATED,6345739.384194196,900000.0,2600000.0,balance.read|history.read|transfer.execute|payment.execute,normal_user,DAILY_NORMAL,0,0,0,0
E0000398,U002-normal-004,U002,2026-05-05T12:10:47,1777950647.0,PAYMENT,payment.execute,8200.0,U002-R012,MERCHANT,SIMPLE_PAY,SUCCESS,NOT_EVALUATED,6268939.384194196,900000.0,2600000.0,balance.read|history.read|transfer.execute|payment.execute,normal_user,DAILY_NORMAL,0,0,0,0
E0000399,U002-agent-normal-002,U002,2026-05-05T14:53:13,1777960393.0,HISTORY_READ,history.read,0.0,U002-R032,MERCHANT,ETC,SUCCESS,NOT_EVALUATED,6260739.384194196,900000.0,2600000.0,balance.read|history.read|transfer.execute|payment.execute,normal_agent,DELEGATED_NORMAL,0,0,0,0
E0000400,U002-normal-004,U002,2026-05-05T15:35:04,1777962904.0,PAYMENT,payment.execute,85700.0,U002-R017,MERCHANT,SUBSCRIPTION,SUCCESS,NOT_EVALUATED,6260739.384194196,900000.0,2600000.0,balance.read|history.read|transfer.execute|payment.execute,normal_user,DAILY_NORMAL,0,0,0,0
E0000401,U002-normal-004,U002,2026-05-05T18:06:01,1777971961.0,PAYMENT,payment.execute,12300.0,U002-R029,MERCHANT,SHOPPING,SUCCESS,NOT_EVALUATED,6175039.384194196,900000.0,2600000.0,balance.read|history.read|transfer.execute|payment.execute,normal_user,DAILY_NORMAL,0,0,0,0
E0000402,U002-normal-004,U002,2026-05-05T18:33:48,1777973628.0,TRANSFER,transfer.execute,98300.0,U002-R030,PERSON,P2P,SUCCESS,NOT_EVALUATED,6162739.384194196,900000.0,2600000.0,balance.read|history.read|transfer.execute|payment.execute,normal_user,DAILY_NORMAL,0,0,0,0
E0000403,U002-normal-005,U002,2026-05-06T01:02:28,1777996948.0,PAYMENT,payment.execute,5200.0,U002-R017,MERCHANT,SUBSCRIPTION,SUCCESS,NOT_EVALUATED,6064439.384194196,900000.0,2600000.0,balance.read|history.read|transfer.execute|payment.execute,normal_user,DAILY_NORMAL,0,0,0,0
E0000404,U002-normal-005,U002,2026-05-06T13:20:08,1778041208.0,PAYMENT,payment.execute,107300.0,U002-R033,MERCHANT,FOOD,SUCCESS,NOT_EVALUATED,6059239.384194196,900000.0,2600000.0,balance.read|history.read|transfer.execute|payment.execute,normal_user,DAILY_NORMAL,0,0,0,0
E0000405,U002-normal-006,U002,2026-05-07T07:11:46,1778105506.0,PAYMENT,payment.execute,31900.0,U002-R026,MERCHANT,SUBSCRIPTION,SUCCESS,NOT_EVALUATED,5951939.384194196,900000.0,2600000.0,balance.read|history.read|transfer.execute|payment.execute,normal_user,DAILY_NORMAL,0,0,0,0
E0000406,U002-normal-006,U002,2026-05-07T08:21:34,1778109694.0,PAYMENT,payment.execute,27900.0,U002-R031,MERCHANT,TRANSPORT,SUCCESS,NOT_EVALUATED,5920039.384194196,900000.0,2600000.0,balance.read|history.read|transfer.execute|payment.execute,normal_user,DAILY_NORMAL,0,0,0,0
E0000407,U002-normal-006,U002,2026-05-07T20:12:46,1778152366.0,PAYMENT,payment.execute,18800.0,U002-R033,MERCHANT,FOOD,SUCCESS,NOT_EVALUATED,5892139.384194196,900000.0,2600000.0,balance.read|history.read|transfer.execute|payment.execute,normal_user,DAILY_NORMAL,0,0,0,0
E0000408,U002-agent-normal-025,U002,2026-05-08T12:17:16,1778210236.0,TRANSFER,transfer.execute,8800.0,U002-R022,MERCHANT,SHOPPING,SUCCESS,NOT_EVALUATED,5873339.384194196,900000.0,2600000.0,balance.read|history.read|transfer.execute|payment.execute,normal_agent,DELEGATED_NORMAL,0,0,0,0
E0000409,U002-normal-007,U002,2026-05-08T16:15:54,1778224554.0,PAYMENT,payment.execute,59400.0,U002-R012,MERCHANT,SIMPLE_PAY,SUCCESS,NOT_EVALUATED,5864539.384194196,900000.0,2600000.0,balance.read|history.read|transfer.execute|payment.execute,normal_user,DAILY_NORMAL,0,0,0,0
E0000410,U002-misuse-CUMULATIVE_BYPASS-003,U002,2026-05-09T10:28:00,1778290080.0,TRANSFER,transfer.execute,534465.8315707745,U002-R010,PERSON,P2P,SUCCESS,NOT_EVALUATED,5805139.384194196,900000.0,2600000.0,balance.read|history.read|transfer.execute|payment.execute,agent_misuse,CUMULATIVE_BYPASS,1,0,0,0
E0000411,U002-misuse-CUMULATIVE_BYPASS-003,U002,2026-05-09T10:56:00,1778291760.0,TRANSFER,transfer.execute,580871.3880293284,U002-R030,PERSON,P2P,SUCCESS,NOT_EVALUATED,5270673.552623422,900000.0,2600000.0,balance.read|history.read|transfer.execute|payment.execute,agent_misuse,CUMULATIVE_BYPASS,1,0,0,0
E0000412,U002-misuse-CUMULATIVE_BYPASS-003,U002,2026-05-09T11:24:00,1778293440.0,TRANSFER,transfer.execute,570253.9682665367,U002-R030,PERSON,P2P,SUCCESS,NOT_EVALUATED,4689802.164594093,900000.0,2600000.0,balance.read|history.read|transfer.execute|payment.execute,agent_misuse,CUMULATIVE_BYPASS,1,0,0,0
E0000413,U002-misuse-CUMULATIVE_BYPASS-003,U002,2026-05-09T11:52:00,1778295120.0,TRANSFER,transfer.execute,479500.8016211968,U002-R030,PERSON,P2P,SUCCESS,NOT_EVALUATED,4119548.196327557,900000.0,2600000.0,balance.read|history.read|transfer.execute|payment.execute,agent_misuse,CUMULATIVE_BYPASS,1,0,0,0
E0000414,U002-misuse-CUMULATIVE_BYPASS-003,U002,2026-05-09T12:20:00,1778296800.0,TRANSFER,transfer.execute,559579.1426904981,U002-R010,PERSON,P2P,SUCCESS,NOT_EVALUATED,3640047.39470636,900000.0,2600000.0,balance.read|history.read|transfer.execute|payment.execute,agent_misuse,CUMULATIVE_BYPASS,1,0,1,0
E0000415,U002-misuse-CUMULATIVE_BYPASS-003,U002,2026-05-09T12:48:00,1778298480.0,TRANSFER,transfer.execute,505142.4262847718,U002-R014,PERSON,P2P,SUCCESS,NOT_EVALUATED,3080468.2520158617,900000.0,2600000.0,balance.read|history.read|transfer.execute|payment.execute,agent_misuse,CUMULATIVE_BYPASS,1,0,1,0
E0000416,U002-normal-008,U002,2026-05-09T18:07:46,1778317666.0,PAYMENT,payment.execute,207900.0,U002-R008,MERCHANT,SHOPPING,SUCCESS,NOT_EVALUATED,2575325.82573109,900000.0,2600000.0,balance.read|history.read|transfer.execute|payment.execute,normal_user,DAILY_NORMAL,0,0,0,0
E0000417,U002-normal-008,U002,2026-05-09T18:44:00,1778319840.0,PAYMENT,payment.execute,63000.0,U002-R027,MERCHANT,SHOPPING,SUCCESS,NOT_EVALUATED,2367425.82573109,900000.0,2600000.0,balance.read|history.read|transfer.execute|payment.execute,normal_user,RECURRING_NORMAL,0,0,0,0
E0000418,U002-normal-008,U002,2026-05-09T19:53:56,1778324036.0,PAYMENT,payment.execute,76100.0,U002-R006,MERCHANT,SHOPPING,SUCCESS,NOT_EVALUATED,2304425.82573109,900000.0,2600000.0,balance.read|history.read|transfer.execute|payment.execute,normal_user,DAILY_NORMAL,0,0,0,0
E0000419,U002-normal-008,U002,2026-05-09T21:21:36,1778329296.0,PAYMENT,payment.execute,415800.0,U002-R020,MERCHANT,SIMPLE_PAY,SUCCESS,NOT_EVALUATED,2228325.82573109,900000.0,2600000.0,balance.read|history.read|transfer.execute|payment.execute,normal_user,DAILY_NORMAL,0,0,0,0
E0000420,U002-normal-009,U002,2026-05-10T16:37:38,1778398658.0,PAYMENT,payment.execute,4700.0,U002-R000,MERCHANT,SHOPPING,SUCCESS,NOT_EVALUATED,1812525.8257310898,900000.0,2600000.0,balance.read|history.read|transfer.execute|payment.execute,normal_user,DAILY_NORMAL,0,0,0,0
E0000421,U002-normal-010,U002,2026-05-11T07:25:58,1778451958.0,PAYMENT,payment.execute,11300.0,U002-R004,MERCHANT,SIMPLE_PAY,SUCCESS,NOT_EVALUATED,1807825.8257310898,900000.0,2600000.0,balance.read|history.read|transfer.execute|payment.execute,normal_user,DAILY_NORMAL,0,0,0,0
E0000422,U002-normal-010,U002,2026-05-11T11:02:04,1778464924.0,PAYMENT,payment.execute,34000.0,U002-R026,MERCHANT,SUBSCRIPTION,SUCCESS,NOT_EVALUATED,1796525.8257310898,900000.0,2600000.0,balance.read|history.read|transfer.execute|payment.execute,normal_user,DAILY_NORMAL,0,0,0,0
E0000423,U002-normal-010,U002,2026-05-11T13:33:09,1778473989.0,PAYMENT,payment.execute,34400.0,U002-R002,MERCHANT,SHOPPING,SUCCESS,NOT_EVALUATED,1762525.8257310898,900000.0,2600000.0,balance.read|history.read|transfer.execute|payment.execute,normal_user,DAILY_NORMAL,0,0,0,0
E0000424,U002-normal-010,U002,2026-05-11T17:00:58,1778486458.0,PAYMENT,payment.execute,15900.0,U002-R021,MERCHANT,SHOPPING,SUCCESS,NOT_EVALUATED,1728125.8257310898,900000.0,2600000.0,balance.read|history.read|transfer.execute|payment.execute,normal_user,DAILY_NORMAL,0,0,0,0
E0000425,U002-normal-010,U002,2026-05-11T17:37:25,1778488645.0,PAYMENT,payment.execute,256200.0,U002-R004,MERCHANT,SIMPLE_PAY,SUCCESS,NOT_EVALUATED,1712225.8257310898,900000.0,2600000.0,balance.read|history.read|transfer.execute|payment.execute,normal_user,DAILY_NORMAL,0,0,0,0
E0000426,U002-paysim-fraud-005,U002,2026-05-12T00:08:00,1778512080.0,TRANSFER,transfer.execute,2123863.21734494,U002-N649513,PERSON,P2P,SUCCESS,NOT_EVALUATED,2188863.21734494,900000.0,2600000.0,balance.read|history.read|transfer.execute|payment.execute,paysim_fraud,ACCOUNT_DRAIN_TRANSFER,1,1,1,1
E0000427,U002-paysim-fraud-005,U002,2026-05-12T00:10:00,1778512200.0,TRANSFER,transfer.execute,1249381.046102453,U002-N649513,PERSON,P2P,SUCCESS,NOT_EVALUATED,1314381.046102453,900000.0,2600000.0,balance.read|history.read|transfer.execute|payment.execute,paysim_fraud,FOLLOW_UP_CASHOUT_PROXY,1,1,1,0
E0000428,U002-paysim-fraud-002,U002,2026-05-12T01:15:00,1778516100.0,TRANSFER,transfer.execute,2886900.345969802,U002-N641746,PERSON,P2P,SUCCESS,NOT_EVALUATED,2951900.345969802,900000.0,2600000.0,balance.read|history.read|transfer.execute|payment.execute,paysim_fraud,ACCOUNT_DRAIN_TRANSFER,1,1,1,1
E0000429,U002-paysim-fraud-002,U002,2026-05-12T01:19:00,1778516340.0,TRANSFER,transfer.execute,1333982.2559016785,U002-N641746,PERSON,P2P,SUCCESS,NOT_EVALUATED,1398982.2559016785,900000.0,2600000.0,balance.read|history.read|transfer.execute|payment.execute,paysim_fraud,FOLLOW_UP_CASHOUT_PROXY,1,1,1,0
E0000430,U002-normal-011,U002,2026-05-12T12:41:13,1778557273.0,PAYMENT,payment.execute,14900.0,U002-R033,MERCHANT,FOOD,SUCCESS,NOT_EVALUATED,914117.4230242745,900000.0,2600000.0,balance.read|history.read|transfer.execute|payment.execute,normal_user,DAILY_NORMAL,0,0,0,0
E0000431,U002-normal-011,U002,2026-05-12T17:36:52,1778575012.0,PAYMENT,payment.execute,331900.0,U002-R027,MERCHANT,SHOPPING,SUCCESS,NOT_EVALUATED,914117.4230242745,900000.0,2600000.0,balance.read|history.read|transfer.execute|payment.execute,normal_user,DAILY_NORMAL,0,0,0,0
E0000432,U002-agent-normal-001,U002,2026-05-13T10:47:23,1778636843.0,BALANCE_READ,balance.read,0.0,U002-R009,MERCHANT,CONVENIENCE,SUCCESS,NOT_EVALUATED,914117.4230242745,900000.0,2600000.0,balance.read|history.read|transfer.execute|payment.execute,normal_agent,DELEGATED_NORMAL,0,0,0,0
E0000433,U002-normal-012,U002,2026-05-13T14:10:23,1778649023.0,PAYMENT,payment.execute,49100.0,U002-R022,MERCHANT,SHOPPING,SUCCESS,NOT_EVALUATED,914117.4230242745,900000.0,2600000.0,balance.read|history.read|transfer.execute|payment.execute,normal_user,DAILY_NORMAL,0,0,0,0
E0000434,U002-normal-012,U002,2026-05-13T16:18:03,1778656683.0,PAYMENT,payment.execute,25200.0,U002-R021,MERCHANT,SHOPPING,SUCCESS,NOT_EVALUATED,914117.4230242745,900000.0,2600000.0,balance.read|history.read|transfer.execute|payment.execute,normal_user,DAILY_NORMAL,0,0,0,0
E0000435,U002-normal-012,U002,2026-05-13T16:28:11,1778657291.0,PAYMENT,payment.execute,123500.0,U002-R033,MERCHANT,FOOD,SUCCESS,NOT_EVALUATED,914117.4230242745,900000.0,2600000.0,balance.read|history.read|transfer.execute|payment.execute,normal_user,DAILY_NORMAL,0,0,0,0
E0000436,U002-normal-012,U002,2026-05-13T16:55:06,1778658906.0,PAYMENT,payment.execute,54400.0,U002-R009,MERCHANT,CONVENIENCE,SUCCESS,NOT_EVALUATED,914117.4230242745,900000.0,2600000.0,balance.read|history.read|transfer.execute|payment.execute,normal_user,DAILY_NORMAL,0,0,0,0
E0000437,U002-normal-012,U002,2026-05-13T19:09:48,1778666988.0,PAYMENT,payment.execute,51400.0,U002-R018,MERCHANT,FOOD,SUCCESS,NOT_EVALUATED,914117.4230242745,900000.0,2600000.0,balance.read|history.read|transfer.execute|payment.execute,normal_user,DAILY_NORMAL,0,0,0,0
E0000438,U002-normal-013,U002,2026-05-14T00:16:01,1778685361.0,TRANSFER,transfer.execute,675000.0,U002-R014,PERSON,P2P,SUCCESS,NOT_EVALUATED,914117.4230242745,900000.0,2600000.0,balance.read|history.read|transfer.execute|payment.execute,normal_user,DAILY_NORMAL,0,0,0,0
E0000439,U002-normal-013,U002,2026-05-14T15:43:58,1778741038.0,PAYMENT,payment.execute,225500.0,U002-R017,MERCHANT,SUBSCRIPTION,SUCCESS,NOT_EVALUATED,914117.4230242745,900000.0,2600000.0,balance.read|history.read|transfer.execute|payment.execute,normal_user,DAILY_NORMAL,0,0,0,0
E0000440,U002-normal-013,U002,2026-05-14T18:02:36,1778749356.0,PAYMENT,payment.execute,288900.0,U002-R017,MERCHANT,SUBSCRIPTION,SUCCESS,NOT_EVALUATED,914117.4230242745,900000.0,2600000.0,balance.read|history.read|transfer.execute|payment.execute,normal_user,DAILY_NORMAL,0,0,0,0
E0000441,U002-normal-013,U002,2026-05-14T20:01:24,1778756484.0,PAYMENT,payment.execute,25100.0,U002-R001,MERCHANT,SHOPPING,SUCCESS,NOT_EVALUATED,914117.4230242745,900000.0,2600000.0,balance.read|history.read|transfer.execute|payment.execute,normal_user,DAILY_NORMAL,0,0,0,0
E0000442,U002-normal-014,U002,2026-05-15T13:48:02,1778820482.0,PAYMENT,payment.execute,26100.0,U002-R012,MERCHANT,SIMPLE_PAY,SUCCESS,NOT_EVALUATED,914117.4230242745,900000.0,2600000.0,balance.read|history.read|transfer.execute|payment.execute,normal_user,DAILY_NORMAL,0,0,0,0
E0000443,U002-normal-014,U002,2026-05-15T19:13:22,1778840002.0,PAYMENT,payment.execute,6200.0,U002-R033,MERCHANT,FOOD,SUCCESS,NOT_EVALUATED,914117.4230242745,900000.0,2600000.0,balance.read|history.read|transfer.execute|payment.execute,normal_user,DAILY_NORMAL,0,0,0,0
E0000444,U002-normal-014,U002,2026-05-15T20:11:09,1778843469.0,PAYMENT,payment.execute,30700.0,U002-R033,MERCHANT,FOOD,SUCCESS,NOT_EVALUATED,914117.4230242745,900000.0,2600000.0,balance.read|history.read|transfer.execute|payment.execute,normal_user,DAILY_NORMAL,0,0,0,0
E0000445,U002-agent-normal-004,U002,2026-05-15T20:58:42,1778846322.0,TRANSFER,transfer.execute,43700.0,U002-R005,PERSON,P2P,SUCCESS,NOT_EVALUATED,914117.4230242745,900000.0,2600000.0,balance.read|history.read|transfer.execute|payment.execute,normal_agent,DELEGATED_NORMAL,0,0,0,0
E0000446,U002-agent-normal-009,U002,2026-05-15T21:40:18,1778848818.0,PAYMENT,payment.execute,18700.0,U002-R025,MERCHANT,SHOPPING,SUCCESS,NOT_EVALUATED,914117.4230242745,900000.0,2600000.0,balance.read|history.read|transfer.execute|payment.execute,normal_agent,DELEGATED_NORMAL,0,0,0,0
E0000447,U002-normal-014,U002,2026-05-15T22:12:21,1778850741.0,PAYMENT,payment.execute,95200.0,U002-R007,MERCHANT,SHOPPING,SUCCESS,NOT_EVALUATED,914117.4230242745,900000.0,2600000.0,balance.read|history.read|transfer.execute|payment.execute,normal_user,DAILY_NORMAL,0,0,0,0
E0000448,U002-normal-014,U002,2026-05-15T22:54:36,1778853276.0,PAYMENT,payment.execute,240300.0,U002-R033,MERCHANT,FOOD,SUCCESS,NOT_EVALUATED,914117.4230242745,900000.0,2600000.0,balance.read|history.read|transfer.execute|payment.execute,normal_user,DAILY_NORMAL,0,0,0,0
E0000449,U002-normal-015,U002,2026-05-16T07:52:52,1778885572.0,PAYMENT,payment.execute,48500.0,U002-R026,MERCHANT,SUBSCRIPTION,SUCCESS,NOT_EVALUATED,914117.4230242745,900000.0,2600000.0,balance.read|history.read|transfer.execute|payment.execute,normal_user,DAILY_NORMAL,0,0,0,0
E0000450,U002-normal-015,U002,2026-05-16T08:02:23,1778886143.0,PAYMENT,payment.execute,59700.0,U002-R016,MERCHANT,SIMPLE_PAY,SUCCESS,NOT_EVALUATED,914117.4230242745,900000.0,2600000.0,balance.read|history.read|transfer.execute|payment.execute,normal_user,DAILY_NORMAL,0,0,0,0
E0000451,U002-normal-015,U002,2026-05-16T09:48:39,1778892519.0,PAYMENT,payment.execute,55000.0,U002-R016,MERCHANT,SIMPLE_PAY,SUCCESS,NOT_EVALUATED,914117.4230242745,900000.0,2600000.0,balance.read|history.read|transfer.execute|payment.execute,normal_user,DAILY_NORMAL,0,0,0,0
E0000452,U002-agent-normal-020,U002,2026-05-16T15:21:56,1778912516.0,BALANCE_READ,balance.read,0.0,U002-R025,MERCHANT,SHOPPING,SUCCESS,NOT_EVALUATED,914117.4230242745,900000.0,2600000.0,balance.read|history.read|transfer.execute|payment.execute,normal_agent,DELEGATED_NORMAL,0,0,0,0
E0000453,U002-normal-015,U002,2026-05-16T16:17:24,1778915844.0,PAYMENT,payment.execute,2100.0,U002-R009,MERCHANT,CONVENIENCE,SUCCESS,NOT_EVALUATED,914117.4230242745,900000.0,2600000.0,balance.read|history.read|transfer.execute|payment.execute,normal_user,DAILY_NORMAL,0,0,0,0
E0000454,U002-normal-015,U002,2026-05-16T17:07:48,1778918868.0,PAYMENT,payment.execute,35400.0,U002-R006,MERCHANT,SHOPPING,SUCCESS,NOT_EVALUATED,914117.4230242745,900000.0,2600000.0,balance.read|history.read|transfer.execute|payment.execute,normal_user,DAILY_NORMAL,0,0,0,0
E0000455,U002-normal-016,U002,2026-05-17T00:31:52,1778945512.0,PAYMENT,payment.execute,77800.0,U002-R020,MERCHANT,SIMPLE_PAY,SUCCESS,NOT_EVALUATED,914117.4230242745,900000.0,2600000.0,balance.read|history.read|transfer.execute|payment.execute,normal_user,DAILY_NORMAL,0,0,0,0
E0000456,U002-normal-016,U002,2026-05-17T07:50:52,1778971852.0,PAYMENT,payment.execute,266000.0,U002-R008,MERCHANT,SHOPPING,SUCCESS,NOT_EVALUATED,914117.4230242745,900000.0,2600000.0,balance.read|history.read|transfer.execute|payment.execute,normal_user,DAILY_NORMAL,0,0,0,0
E0000457,U002-normal-016,U002,2026-05-17T09:06:52,1778976412.0,PAYMENT,payment.execute,48100.0,U002-R012,MERCHANT,SIMPLE_PAY,SUCCESS,NOT_EVALUATED,914117.4230242745,900000.0,2600000.0,balance.read|history.read|transfer.execute|payment.execute,normal_user,DAILY_NORMAL,0,0,0,0
E0000458,U002-normal-016,U002,2026-05-17T10:33:36,1778981616.0,PAYMENT,payment.execute,312400.0,U002-R012,MERCHANT,SIMPLE_PAY,SUCCESS,NOT_EVALUATED,914117.4230242745,900000.0,2600000.0,balance.read|history.read|transfer.execute|payment.execute,normal_user,DAILY_NORMAL,0,0,0,0
E0000459,U002-normal-016,U002,2026-05-17T12:18:52,1778987932.0,TRANSFER,transfer.execute,32300.0,U002-R005,PERSON,P2P,SUCCESS,NOT_EVALUATED,914117.4230242745,900000.0,2600000.0,balance.read|history.read|transfer.execute|payment.execute,normal_user,DAILY_NORMAL,0,0,0,0
E0000460,U002-normal-016,U002,2026-05-17T14:01:55,1778994115.0,PAYMENT,payment.execute,12500.0,U002-R020,MERCHANT,SIMPLE_PAY,SUCCESS,NOT_EVALUATED,914117.4230242745,900000.0,2600000.0,balance.read|history.read|transfer.execute|payment.execute,normal_user,DAILY_NORMAL,0,0,0,0
E0000461,U002-normal-016,U002,2026-05-17T14:15:15,1778994915.0,PAYMENT,payment.execute,145300.0,U002-R016,MERCHANT,SIMPLE_PAY,SUCCESS,NOT_EVALUATED,914117.4230242745,900000.0,2600000.0,balance.read|history.read|transfer.execute|payment.execute,normal_user,DAILY_NORMAL,0,0,0,0
E0000462,U002-normal-017,U002,2026-05-18T07:42:24,1779057744.0,PAYMENT,payment.execute,69000.0,U002-R020,MERCHANT,SIMPLE_PAY,SUCCESS,NOT_EVALUATED,914117.4230242745,900000.0,2600000.0,balance.read|history.read|transfer.execute|payment.execute,normal_user,DAILY_NORMAL,0,0,0,0
E0000463,U002-normal-017,U002,2026-05-18T11:03:25,1779069805.0,PAYMENT,payment.execute,47800.0,U002-R024,MERCHANT,CONVENIENCE,SUCCESS,NOT_EVALUATED,914117.4230242745,900000.0,2600000.0,balance.read|history.read|transfer.execute|payment.execute,normal_user,DAILY_NORMAL,0,0,0,0
E0000464,U002-normal-017,U002,2026-05-18T12:23:28,1779074608.0,PAYMENT,payment.execute,33200.0,U002-R008,MERCHANT,SHOPPING,SUCCESS,NOT_EVALUATED,914117.4230242745,900000.0,2600000.0,balance.read|history.read|transfer.execute|payment.execute,normal_user,DAILY_NORMAL,0,0,0,0
E0000465,U002-normal-017,U002,2026-05-18T13:50:50,1779079850.0,PAYMENT,payment.execute,121900.0,U002-R012,MERCHANT,SIMPLE_PAY,SUCCESS,NOT_EVALUATED,914117.4230242745,900000.0,2600000.0,balance.read|history.read|transfer.execute|payment.execute,normal_user,DAILY_NORMAL,0,0,0,0
E0000466,U002-normal-017,U002,2026-05-18T17:50:45,1779094245.0,PAYMENT,payment.execute,32900.0,U002-R027,MERCHANT,SHOPPING,SUCCESS,NOT_EVALUATED,914117.4230242745,900000.0,2600000.0,balance.read|history.read|transfer.execute|payment.execute,normal_user,DAILY_NORMAL,0,0,0,0
E0000467,U002-agent-normal-014,U002,2026-05-18T18:44:57,1779097497.0,HISTORY_READ,history.read,0.0,U002-R010,PERSON,P2P,SUCCESS,NOT_EVALUATED,914117.4230242745,900000.0,2600000.0,balance.read|history.read|transfer.execute|payment.execute,normal_agent,DELEGATED_NORMAL,0,0,0,0
E0000468,U002-normal-017,U002,2026-05-18T18:54:42,1779098082.0,PAYMENT,payment.execute,73300.0,U002-R011,MERCHANT,CONVENIENCE,SUCCESS,NOT_EVALUATED,914117.4230242745,900000.0,2600000.0,balance.read|history.read|transfer.execute|payment.execute,normal_user,DAILY_NORMAL,0,0,0,0
E0000469,U002-normal-017,U002,2026-05-18T21:24:47,1779107087.0,PAYMENT,payment.execute,32300.0,U002-R004,MERCHANT,SIMPLE_PAY,SUCCESS,NOT_EVALUATED,914117.4230242745,900000.0,2600000.0,balance.read|history.read|transfer.execute|payment.execute,normal_user,DAILY_NORMAL,0,0,0,0
E0000470,U002-normal-018,U002,2026-05-19T08:29:16,1779146956.0,PAYMENT,payment.execute,103700.0,U002-R019,MERCHANT,TRANSPORT,SUCCESS,NOT_EVALUATED,914117.4230242745,900000.0,2600000.0,balance.read|history.read|transfer.execute|payment.execute,normal_user,DAILY_NORMAL,0,0,0,0
E0000471,U002-normal-018,U002,2026-05-19T11:28:12,1779157692.0,PAYMENT,payment.execute,48600.0,U002-R025,MERCHANT,SHOPPING,SUCCESS,NOT_EVALUATED,914117.4230242745,900000.0,2600000.0,balance.read|history.read|transfer.execute|payment.execute,normal_user,DAILY_NORMAL,0,0,0,0
E0000472,U002-normal-019,U002,2026-05-20T00:04:44,1779203084.0,PAYMENT,payment.execute,18900.0,U002-R021,MERCHANT,SHOPPING,SUCCESS,NOT_EVALUATED,914117.4230242745,900000.0,2600000.0,balance.read|history.read|transfer.execute|payment.execute,normal_user,DAILY_NORMAL,0,0,0,0
E0000473,U002-agent-normal-029,U002,2026-05-20T09:22:28,1779236548.0,PAYMENT,payment.execute,1900.0,U002-R005,PERSON,P2P,SUCCESS,NOT_EVALUATED,914117.4230242745,900000.0,2600000.0,balance.read|history.read|transfer.execute|payment.execute,normal_agent,DELEGATED_NORMAL,0,0,0,0
E0000474,U002-paysim-fraud-003,U002,2026-05-21T01:12:00,1779293520.0,TRANSFER,transfer.execute,3896596.771190671,U002-N118367,PERSON,P2P,SUCCESS,NOT_EVALUATED,3961596.771190671,900000.0,2600000.0,balance.read|history.read|transfer.execute|payment.execute,paysim_fraud,ACCOUNT_DRAIN_TRANSFER,1,1,1,1
E0000475,U002-paysim-fraud-003,U002,2026-05-21T01:14:00,1779293640.0,TRANSFER,transfer.execute,419483.8355036541,U002-N118367,PERSON,P2P,SUCCESS,NOT_EVALUATED,914117.4230242745,900000.0,2600000.0,balance.read|history.read|transfer.execute|payment.execute,paysim_fraud,FOLLOW_UP_CASHOUT_PROXY,1,1,1,0
E0000476,U002-normal-020,U002,2026-05-21T11:53:32,1779332012.0,PAYMENT,payment.execute,44200.0,U002-R009,MERCHANT,CONVENIENCE,SUCCESS,NOT_EVALUATED,914117.4230242745,900000.0,2600000.0,balance.read|history.read|transfer.execute|payment.execute,normal_user,DAILY_NORMAL,0,0,0,0
E0000477,U002-normal-020,U002,2026-05-21T14:05:37,1779339937.0,PAYMENT,payment.execute,17900.0,U002-R016,MERCHANT,SIMPLE_PAY,SUCCESS,NOT_EVALUATED,914117.4230242745,900000.0,2600000.0,balance.read|history.read|transfer.execute|payment.execute,normal_user,DAILY_NORMAL,0,0,0,0
E0000478,U002-normal-020,U002,2026-05-21T16:33:26,1779348806.0,PAYMENT,payment.execute,8400.0,U002-R016,MERCHANT,SIMPLE_PAY,SUCCESS,NOT_EVALUATED,914117.4230242745,900000.0,2600000.0,balance.read|history.read|transfer.execute|payment.execute,normal_user,DAILY_NORMAL,0,0,0,0
E0000479,U002-normal-021,U002,2026-05-22T07:30:06,1779402606.0,PAYMENT,payment.execute,118700.0,U002-R026,MERCHANT,SUBSCRIPTION,SUCCESS,NOT_EVALUATED,914117.4230242745,900000.0,2600000.0,balance.read|history.read|transfer.execute|payment.execute,normal_user,DAILY_NORMAL,0,0,0,0
E0000480,U002-misuse-POLICY_CONFLICT-007,U002,2026-05-22T09:25:00,1779409500.0,TRANSFER,transfer.execute,1062000.0,U002-N476756,PERSON,P2P,SUCCESS,NOT_EVALUATED,1127000.0,900000.0,2600000.0,balance.read|history.read|transfer.execute|payment.execute,agent_misuse,POLICY_CONFLICT,1,0,1,1
E0000481,U002-normal-021,U002,2026-05-22T17:11:56,1779437516.0,PAYMENT,payment.execute,237600.0,U002-R015,MERCHANT,SUBSCRIPTION,SUCCESS,NOT_EVALUATED,914117.4230242745,900000.0,2600000.0,balance.read|history.read|transfer.execute|payment.execute,normal_user,DAILY_NORMAL,0,0,0,0
E0000482,U002-normal-021,U002,2026-05-22T17:33:19,1779438799.0,PAYMENT,payment.execute,25500.0,U002-R004,MERCHANT,SIMPLE_PAY,SUCCESS,NOT_EVALUATED,914117.4230242745,900000.0,2600000.0,balance.read|history.read|transfer.execute|payment.execute,normal_user,DAILY_NORMAL,0,0,0,0
E0000483,U002-normal-021,U002,2026-05-22T18:33:37,1779442417.0,PAYMENT,payment.execute,12600.0,U002-R003,MERCHANT,SHOPPING,SUCCESS,NOT_EVALUATED,914117.4230242745,900000.0,2600000.0,balance.read|history.read|transfer.execute|payment.execute,normal_user,DAILY_NORMAL,0,0,0,0
E0000484,U002-normal-021,U002,2026-05-22T19:15:04,1779444904.0,PAYMENT,payment.execute,17100.0,U002-R020,MERCHANT,SIMPLE_PAY,SUCCESS,NOT_EVALUATED,914117.4230242745,900000.0,2600000.0,balance.read|history.read|transfer.execute|payment.execute,normal_user,DAILY_NORMAL,0,0,0,0
E0000485,U002-normal-021,U002,2026-05-22T19:29:18,1779445758.0,TRANSFER,transfer.execute,16100.0,U002-R030,PERSON,P2P,SUCCESS,NOT_EVALUATED,914117.4230242745,900000.0,2600000.0,balance.read|history.read|transfer.execute|payment.execute,normal_user,DAILY_NORMAL,0,0,0,0
E0000486,U002-normal-021,U002,2026-05-22T20:36:35,1779449795.0,PAYMENT,payment.execute,14200.0,U002-R027,MERCHANT,SHOPPING,SUCCESS,NOT_EVALUATED,914117.4230242745,900000.0,2600000.0,balance.read|history.read|transfer.execute|payment.execute,normal_user,DAILY_NORMAL,0,0,0,0
E0000487,U002-normal-022,U002,2026-05-23T09:12:53,1779495173.0,PAYMENT,payment.execute,26900.0,U002-R008,MERCHANT,SHOPPING,SUCCESS,NOT_EVALUATED,914117.4230242745,900000.0,2600000.0,balance.read|history.read|transfer.execute|payment.execute,normal_user,DAILY_NORMAL,0,0,0,0
E0000488,U002-normal-022,U002,2026-05-23T11:21:34,1779502894.0,PAYMENT,payment.execute,20300.0,U002-R023,MERCHANT,SUBSCRIPTION,SUCCESS,NOT_EVALUATED,914117.4230242745,900000.0,2600000.0,balance.read|history.read|transfer.execute|payment.execute,normal_user,DAILY_NORMAL,0,0,0,0
E0000489,U002-misuse-LIMIT_RATCHETING-000,U002,2026-05-23T12:13:00,1779505980.0,TRANSFER,transfer.execute,756000.0,U002-R030,PERSON,P2P,SUCCESS,NOT_EVALUATED,914117.4230242745,900000.0,2600000.0,balance.read|history.read|transfer.execute|payment.execute,agent_misuse,LIMIT_RATCHETING,1,0,0,0
E0000490,U002-misuse-LIMIT_RATCHETING-000,U002,2026-05-23T12:25:00,1779506700.0,TRANSFER,transfer.execute,828000.0,U002-N286964,PERSON,P2P,SUCCESS,NOT_EVALUATED,914117.4230242745,900000.0,2600000.0,balance.read|history.read|transfer.execute|payment.execute,agent_misuse,LIMIT_RATCHETING,1,0,0,1
E0000491,U002-misuse-LIMIT_RATCHETING-000,U002,2026-05-23T12:37:00,1779507420.0,TRANSFER,transfer.execute,792000.0,U002-N947177,PERSON,P2P,SUCCESS,NOT_EVALUATED,914117.4230242745,900000.0,2600000.0,balance.read|history.read|transfer.execute|payment.execute,agent_misuse,LIMIT_RATCHETING,1,0,0,1
E0000492,U002-normal-022,U002,2026-05-23T12:42:24,1779507744.0,PAYMENT,payment.execute,163100.0,U002-R011,MERCHANT,CONVENIENCE,SUCCESS,NOT_EVALUATED,914117.4230242745,900000.0,2600000.0,balance.read|history.read|transfer.execute|payment.execute,normal_user,DAILY_NORMAL,0,0,0,0
E0000493,U002-misuse-LIMIT_RATCHETING-000,U002,2026-05-23T12:49:00,1779508140.0,TRANSFER,transfer.execute,855000.0,U002-N853495,PERSON,P2P,SUCCESS,NOT_EVALUATED,920000.0,900000.0,2600000.0,balance.read|history.read|transfer.execute|payment.execute,agent_misuse,LIMIT_RATCHETING,1,0,1,1
E0000494,U002-normal-022,U002,2026-05-23T14:08:23,1779512903.0,PAYMENT,payment.execute,21200.0,U002-R033,MERCHANT,FOOD,SUCCESS,NOT_EVALUATED,914117.4230242745,900000.0,2600000.0,balance.read|history.read|transfer.execute|payment.execute,normal_user,DAILY_NORMAL,0,0,0,0
E0000495,U002-normal-022,U002,2026-05-23T15:30:03,1779517803.0,PAYMENT,payment.execute,39900.0,U002-R022,MERCHANT,SHOPPING,SUCCESS,NOT_EVALUATED,914117.4230242745,900000.0,2600000.0,balance.read|history.read|transfer.execute|payment.execute,normal_user,DAILY_NORMAL,0,0,0,0
E0000496,U002-agent-normal-000,U002,2026-05-24T08:46:34,1779579994.0,PAYMENT,payment.execute,34400.0,U002-R028,MERCHANT,SHOPPING,SUCCESS,NOT_EVALUATED,914117.4230242745,900000.0,2600000.0,balance.read|history.read|transfer.execute|payment.execute,normal_agent,DELEGATED_NORMAL,0,0,0,0
E0000497,U002-normal-023,U002,2026-05-24T08:59:31,1779580771.0,PAYMENT,payment.execute,52200.0,U002-R011,MERCHANT,CONVENIENCE,SUCCESS,NOT_EVALUATED,914117.4230242745,900000.0,2600000.0,balance.read|history.read|transfer.execute|payment.execute,normal_user,DAILY_NORMAL,0,0,0,0
E0000498,U002-normal-023,U002,2026-05-24T10:00:11,1779584411.0,PAYMENT,payment.execute,85400.0,U002-R020,MERCHANT,SIMPLE_PAY,SUCCESS,NOT_EVALUATED,914117.4230242745,900000.0,2600000.0,balance.read|history.read|transfer.execute|payment.execute,normal_user,DAILY_NORMAL,0,0,0,0
E0000499,U002-misuse-RECIPIENT_BURST-002,U002,2026-05-24T11:06:00,1779588360.0,TRANSFER,transfer.execute,380067.14457366825,U002-N612270,PERSON,P2P,SUCCESS,NOT_EVALUATED,914117.4230242745,900000.0,2600000.0,balance.read|history.read|transfer.execute|payment.execute,agent_misuse,RECIPIENT_BURST,1,0,0,1
E0000500,U002-misuse-RECIPIENT_BURST-002,U002,2026-05-24T11:11:00,1779588660.0,TRANSFER,transfer.execute,625888.1727540281,U002-N662586,PERSON,P2P,SUCCESS,NOT_EVALUATED,914117.4230242745,900000.0,2600000.0,balance.read|history.read|transfer.execute|payment.execute,agent_misuse,RECIPIENT_BURST,1,0,0,1
E0000501,U002-misuse-RECIPIENT_BURST-002,U002,2026-05-24T11:16:00,1779588960.0,TRANSFER,transfer.execute,283101.66279222514,U002-N961258,PERSON,P2P,SUCCESS,NOT_EVALUATED,914117.4230242745,900000.0,2600000.0,balance.read|history.read|transfer.execute|payment.execute,agent_misuse,RECIPIENT_BURST,1,0,0,1
E0000502,U002-misuse-RECIPIENT_BURST-002,U002,2026-05-24T11:21:00,1779589260.0,TRANSFER,transfer.execute,395045.1197603928,U002-N235711,PERSON,P2P,SUCCESS,NOT_EVALUATED,914117.4230242745,900000.0,2600000.0,balance.read|history.read|transfer.execute|payment.execute,agent_misuse,RECIPIENT_BURST,1,0,0,1
E0000503,U002-misuse-RECIPIENT_BURST-002,U002,2026-05-24T11:26:00,1779589560.0,TRANSFER,transfer.execute,282969.0287154302,U002-N452736,PERSON,P2P,SUCCESS,NOT_EVALUATED,914117.4230242745,900000.0,2600000.0,balance.read|history.read|transfer.execute|payment.execute,agent_misuse,RECIPIENT_BURST,1,0,0,1
E0000504,U002-normal-023,U002,2026-05-24T14:42:18,1779601338.0,PAYMENT,payment.execute,71400.0,U002-R003,MERCHANT,SHOPPING,SUCCESS,NOT_EVALUATED,914117.4230242745,900000.0,2600000.0,balance.read|history.read|transfer.execute|payment.execute,normal_user,DAILY_NORMAL,0,0,0,0
E0000505,U002-normal-023,U002,2026-05-24T17:26:43,1779611203.0,PAYMENT,payment.execute,53000.0,U002-R024,MERCHANT,CONVENIENCE,SUCCESS,NOT_EVALUATED,914117.4230242745,900000.0,2600000.0,balance.read|history.read|transfer.execute|payment.execute,normal_user,DAILY_NORMAL,0,0,0,0
E0000506,U002-normal-023,U002,2026-05-24T18:54:13,1779616453.0,PAYMENT,payment.execute,213300.0,U002-R024,MERCHANT,CONVENIENCE,SUCCESS,NOT_EVALUATED,914117.4230242745,900000.0,2600000.0,balance.read|history.read|transfer.execute|payment.execute,normal_user,DAILY_NORMAL,0,0,0,0
E0000507,U002-normal-023,U002,2026-05-24T20:44:59,1779623099.0,PAYMENT,payment.execute,36600.0,U002-R031,MERCHANT,TRANSPORT,SUCCESS,NOT_EVALUATED,914117.4230242745,900000.0,2600000.0,balance.read|history.read|transfer.execute|payment.execute,normal_user,DAILY_NORMAL,0,0,0,0
E0000508,U002-normal-024,U002,2026-05-25T09:04:44,1779667484.0,PAYMENT,payment.execute,5400.0,U002-R026,MERCHANT,SUBSCRIPTION,SUCCESS,NOT_EVALUATED,914117.4230242745,900000.0,2600000.0,balance.read|history.read|transfer.execute|payment.execute,normal_user,DAILY_NORMAL,0,0,0,0
E0000509,U002-normal-024,U002,2026-05-25T18:29:00,1779701340.0,TRANSFER,transfer.execute,605000.0,U002-R030,PERSON,P2P,SUCCESS,NOT_EVALUATED,914117.4230242745,900000.0,2600000.0,balance.read|history.read|transfer.execute|payment.execute,normal_user,RECURRING_NORMAL,0,0,0,0
E0000510,U002-normal-024,U002,2026-05-25T19:27:04,1779704824.0,PAYMENT,payment.execute,45100.0,U002-R021,MERCHANT,SHOPPING,SUCCESS,NOT_EVALUATED,914117.4230242745,900000.0,2600000.0,balance.read|history.read|transfer.execute|payment.execute,normal_user,DAILY_NORMAL,0,0,0,0
E0000511,U002-normal-024,U002,2026-05-25T19:56:49,1779706609.0,PAYMENT,payment.execute,48000.0,U002-R009,MERCHANT,CONVENIENCE,SUCCESS,NOT_EVALUATED,914117.4230242745,900000.0,2600000.0,balance.read|history.read|transfer.execute|payment.execute,normal_user,DAILY_NORMAL,0,0,0,0
E0000512,U002-normal-025,U002,2026-05-26T11:55:22,1779764122.0,PAYMENT,payment.execute,16900.0,U002-R003,MERCHANT,SHOPPING,SUCCESS,NOT_EVALUATED,914117.4230242745,900000.0,2600000.0,balance.read|history.read|transfer.execute|payment.execute,normal_user,DAILY_NORMAL,0,0,0,0
E0000513,U002-normal-025,U002,2026-05-26T12:38:56,1779766736.0,PAYMENT,payment.execute,5400.0,U002-R019,MERCHANT,TRANSPORT,SUCCESS,NOT_EVALUATED,914117.4230242745,900000.0,2600000.0,balance.read|history.read|transfer.execute|payment.execute,normal_user,DAILY_NORMAL,0,0,0,0
E0000514,U002-normal-025,U002,2026-05-26T15:46:30,1779777990.0,PAYMENT,payment.execute,28000.0,U002-R006,MERCHANT,SHOPPING,SUCCESS,NOT_EVALUATED,914117.4230242745,900000.0,2600000.0,balance.read|history.read|transfer.execute|payment.execute,normal_user,DAILY_NORMAL,0,0,0,0
E0000515,U002-normal-025,U002,2026-05-26T20:47:20,1779796040.0,PAYMENT,payment.execute,108500.0,U002-R004,MERCHANT,SIMPLE_PAY,SUCCESS,NOT_EVALUATED,914117.4230242745,900000.0,2600000.0,balance.read|history.read|transfer.execute|payment.execute,normal_user,DAILY_NORMAL,0,0,0,0
E0000516,U002-normal-026,U002,2026-05-27T06:29:40,1779830980.0,PAYMENT,payment.execute,20900.0,U002-R000,MERCHANT,SHOPPING,SUCCESS,NOT_EVALUATED,914117.4230242745,900000.0,2600000.0,balance.read|history.read|transfer.execute|payment.execute,normal_user,DAILY_NORMAL,0,0,0,0
E0000517,U002-normal-026,U002,2026-05-27T07:57:41,1779836261.0,PAYMENT,payment.execute,260400.0,U002-R000,MERCHANT,SHOPPING,SUCCESS,NOT_EVALUATED,914117.4230242745,900000.0,2600000.0,balance.read|history.read|transfer.execute|payment.execute,normal_user,DAILY_NORMAL,0,0,0,0
E0000518,U002-normal-026,U002,2026-05-27T10:03:19,1779843799.0,PAYMENT,payment.execute,9100.0,U002-R026,MERCHANT,SUBSCRIPTION,SUCCESS,NOT_EVALUATED,914117.4230242745,900000.0,2600000.0,balance.read|history.read|transfer.execute|payment.execute,normal_user,DAILY_NORMAL,0,0,0,0
E0000519,U002-normal-026,U002,2026-05-27T13:03:03,1779854583.0,PAYMENT,payment.execute,9300.0,U002-R007,MERCHANT,SHOPPING,SUCCESS,NOT_EVALUATED,914117.4230242745,900000.0,2600000.0,balance.read|history.read|transfer.execute|payment.execute,normal_user,DAILY_NORMAL,0,0,0,0
E0000520,U002-normal-027,U002,2026-05-28T11:55:37,1779936937.0,PAYMENT,payment.execute,133200.0,U002-R000,MERCHANT,SHOPPING,SUCCESS,NOT_EVALUATED,914117.4230242745,900000.0,2600000.0,balance.read|history.read|transfer.execute|payment.execute,normal_user,DAILY_NORMAL,0,0,0,0
E0000521,U002-normal-027,U002,2026-05-28T11:56:40,1779937000.0,PAYMENT,payment.execute,17600.0,U002-R016,MERCHANT,SIMPLE_PAY,SUCCESS,NOT_EVALUATED,914117.4230242745,900000.0,2600000.0,balance.read|history.read|transfer.execute|payment.execute,normal_user,DAILY_NORMAL,0,0,0,0
E0000522,U002-normal-027,U002,2026-05-28T12:49:18,1779940158.0,PAYMENT,payment.execute,328300.0,U002-R019,MERCHANT,TRANSPORT,SUCCESS,NOT_EVALUATED,914117.4230242745,900000.0,2600000.0,balance.read|history.read|transfer.execute|payment.execute,normal_user,DAILY_NORMAL,0,0,0,0
E0000523,U002-normal-027,U002,2026-05-28T18:19:00,1779959940.0,PAYMENT,payment.execute,14900.0,U002-R023,MERCHANT,SUBSCRIPTION,SUCCESS,NOT_EVALUATED,914117.4230242745,900000.0,2600000.0,balance.read|history.read|transfer.execute|payment.execute,normal_user,RECURRING_NORMAL,0,0,0,0
E0000524,U002-normal-027,U002,2026-05-28T18:32:10,1779960730.0,PAYMENT,payment.execute,160400.0,U002-R031,MERCHANT,TRANSPORT,SUCCESS,NOT_EVALUATED,914117.4230242745,900000.0,2600000.0,balance.read|history.read|transfer.execute|payment.execute,normal_user,DAILY_NORMAL,0,0,0,0
E0000525,U002-normal-028,U002,2026-05-29T05:50:56,1780001456.0,PAYMENT,payment.execute,44900.0,U002-R020,MERCHANT,SIMPLE_PAY,SUCCESS,NOT_EVALUATED,914117.4230242745,900000.0,2600000.0,balance.read|history.read|transfer.execute|payment.execute,normal_user,DAILY_NORMAL,0,0,0,0
E0000526,U002-normal-028,U002,2026-05-29T11:34:04,1780022044.0,PAYMENT,payment.execute,79500.0,U002-R007,MERCHANT,SHOPPING,SUCCESS,NOT_EVALUATED,914117.4230242745,900000.0,2600000.0,balance.read|history.read|transfer.execute|payment.execute,normal_user,DAILY_NORMAL,0,0,0,0
E0000527,U002-normal-028,U002,2026-05-29T17:55:00,1780044900.0,PAYMENT,payment.execute,34900.0,U002-R012,MERCHANT,SIMPLE_PAY,SUCCESS,NOT_EVALUATED,914117.4230242745,900000.0,2600000.0,balance.read|history.read|transfer.execute|payment.execute,normal_user,DAILY_NORMAL,0,0,0,0
E0000528,U002-normal-028,U002,2026-05-29T21:55:08,1780059308.0,PAYMENT,payment.execute,101000.0,U002-R013,MERCHANT,CONVENIENCE,SUCCESS,NOT_EVALUATED,914117.4230242745,900000.0,2600000.0,balance.read|history.read|transfer.execute|payment.execute,normal_user,DAILY_NORMAL,0,0,0,0
E0000529,U002-agent-normal-019,U002,2026-05-30T08:37:19,1780097839.0,HISTORY_READ,history.read,0.0,U002-R006,MERCHANT,SHOPPING,SUCCESS,NOT_EVALUATED,914117.4230242745,900000.0,2600000.0,balance.read|history.read|transfer.execute|payment.execute,normal_agent,DELEGATED_NORMAL,0,0,0,0
E0000530,U002-normal-029,U002,2026-05-30T15:42:46,1780123366.0,PAYMENT,payment.execute,22200.0,U002-R011,MERCHANT,CONVENIENCE,SUCCESS,NOT_EVALUATED,914117.4230242745,900000.0,2600000.0,balance.read|history.read|transfer.execute|payment.execute,normal_user,DAILY_NORMAL,0,0,0,0
E0000531,U002-normal-029,U002,2026-05-30T16:34:47,1780126487.0,PAYMENT,payment.execute,10100.0,U002-R017,MERCHANT,SUBSCRIPTION,SUCCESS,NOT_EVALUATED,914117.4230242745,900000.0,2600000.0,balance.read|history.read|transfer.execute|payment.execute,normal_user,DAILY_NORMAL,0,0,0,0
E0000532,U002-agent-normal-003,U002,2026-05-31T01:10:25,1780157425.0,TRANSFER,transfer.execute,5400.0,U002-R008,MERCHANT,SHOPPING,SUCCESS,NOT_EVALUATED,914117.4230242745,900000.0,2600000.0,balance.read|history.read|transfer.execute|payment.execute,normal_agent,DELEGATED_NORMAL,0,0,0,0
E0000533,U002-normal-030,U002,2026-05-31T12:43:28,1780199008.0,PAYMENT,payment.execute,42300.0,U002-R000,MERCHANT,SHOPPING,SUCCESS,NOT_EVALUATED,914117.4230242745,900000.0,2600000.0,balance.read|history.read|transfer.execute|payment.execute,normal_user,DAILY_NORMAL,0,0,0,0
E0000534,U002-misuse-VELOCITY_ATTACK-001,U002,2026-05-31T13:22:25,1780201345.0,TRANSFER,transfer.execute,191822.50083594277,U002-N144532,PERSON,P2P,SUCCESS,NOT_EVALUATED,914117.4230242745,900000.0,2600000.0,balance.read|history.read|transfer.execute|payment.execute,agent_misuse,VELOCITY_ATTACK,1,0,0,1
E0000535,U002-misuse-VELOCITY_ATTACK-001,U002,2026-05-31T13:23:36,1780201416.0,TRANSFER,transfer.execute,262030.87809326363,U002-N486392,PERSON,P2P,SUCCESS,NOT_EVALUATED,914117.4230242745,900000.0,2600000.0,balance.read|history.read|transfer.execute|payment.execute,agent_misuse,VELOCITY_ATTACK,1,0,0,1
E0000536,U002-misuse-VELOCITY_ATTACK-001,U002,2026-05-31T13:24:21,1780201461.0,TRANSFER,transfer.execute,399268.0315659974,U002-R010,PERSON,P2P,SUCCESS,NOT_EVALUATED,914117.4230242745,900000.0,2600000.0,balance.read|history.read|transfer.execute|payment.execute,agent_misuse,VELOCITY_ATTACK,1,0,0,0
E0000537,U002-misuse-VELOCITY_ATTACK-001,U002,2026-05-31T13:25:25,1780201525.0,TRANSFER,transfer.execute,219601.49437918153,U002-R010,PERSON,P2P,SUCCESS,NOT_EVALUATED,914117.4230242745,900000.0,2600000.0,balance.read|history.read|transfer.execute|payment.execute,agent_misuse,VELOCITY_ATTACK,1,0,0,0
E0000538,U002-misuse-VELOCITY_ATTACK-001,U002,2026-05-31T13:25:58,1780201558.0,TRANSFER,transfer.execute,261295.46439235852,U002-R014,PERSON,P2P,SUCCESS,NOT_EVALUATED,914117.4230242745,900000.0,2600000.0,balance.read|history.read|transfer.execute|payment.execute,agent_misuse,VELOCITY_ATTACK,1,0,0,0
E0000539,U002-misuse-VELOCITY_ATTACK-001,U002,2026-05-31T13:26:05,1780201565.0,TRANSFER,transfer.execute,136209.75349586448,U002-R005,PERSON,P2P,SUCCESS,NOT_EVALUATED,914117.4230242745,900000.0,2600000.0,balance.read|history.read|transfer.execute|payment.execute,agent_misuse,VELOCITY_ATTACK,1,0,0,0
E0000540,U002-misuse-VELOCITY_ATTACK-001,U002,2026-05-31T13:29:55,1780201795.0,TRANSFER,transfer.execute,352908.1427000614,U002-N525327,PERSON,P2P,SUCCESS,NOT_EVALUATED,914117.4230242745,900000.0,2600000.0,balance.read|history.read|transfer.execute|payment.execute,agent_misuse,VELOCITY_ATTACK,1,0,0,1
E0000541,U002-misuse-VELOCITY_ATTACK-001,U002,2026-05-31T13:30:25,1780201825.0,TRANSFER,transfer.execute,228500.38488447858,U002-R005,PERSON,P2P,SUCCESS,NOT_EVALUATED,914117.4230242745,900000.0,2600000.0,balance.read|history.read|transfer.execute|payment.execute,agent_misuse,VELOCITY_ATTACK,1,0,0,0
E0000542,U002-misuse-VELOCITY_ATTACK-001,U002,2026-05-31T13:32:41,1780201961.0,TRANSFER,transfer.execute,171909.55831281704,U002-R030,PERSON,P2P,SUCCESS,NOT_EVALUATED,914117.4230242745,900000.0,2600000.0,balance.read|history.read|transfer.execute|payment.execute,agent_misuse,VELOCITY_ATTACK,1,0,0,0
E0000543,U002-misuse-VELOCITY_ATTACK-001,U002,2026-05-31T13:35:01,1780202101.0,TRANSFER,transfer.execute,311238.8756647818,U002-N554291,PERSON,P2P,SUCCESS,NOT_EVALUATED,914117.4230242745,900000.0,2600000.0,balance.read|history.read|transfer.execute|payment.execute,agent_misuse,VELOCITY_ATTACK,1,0,0,1
E0000544,U002-normal-030,U002,2026-05-31T21:10:05,1780229405.0,PAYMENT,payment.execute,23100.0,U002-R033,MERCHANT,FOOD,SUCCESS,NOT_EVALUATED,914117.4230242745,900000.0,2600000.0,balance.read|history.read|transfer.execute|payment.execute,normal_user,DAILY_NORMAL,0,0,0,0
E0000545,U002-normal-031,U002,2026-06-01T11:25:37,1780280737.0,TRANSFER,transfer.execute,20200.0,U002-R010,PERSON,P2P,SUCCESS,NOT_EVALUATED,914117.4230242745,900000.0,2600000.0,balance.read|history.read|transfer.execute|payment.execute,normal_user,DAILY_NORMAL,0,0,0,0
E0000546,U002-normal-031,U002,2026-06-01T11:25:53,1780280753.0,TRANSFER,transfer.execute,14300.0,U002-R030,PERSON,P2P,SUCCESS,NOT_EVALUATED,914117.4230242745,900000.0,2600000.0,balance.read|history.read|transfer.execute|payment.execute,normal_user,DAILY_NORMAL,0,0,0,0
E0000547,U002-normal-031,U002,2026-06-01T12:56:31,1780286191.0,PAYMENT,payment.execute,3900.0,U002-R018,MERCHANT,FOOD,SUCCESS,NOT_EVALUATED,914117.4230242745,900000.0,2600000.0,balance.read|history.read|transfer.execute|payment.execute,normal_user,DAILY_NORMAL,0,0,0,0
E0000548,U002-misuse-RETRY_PATTERN-004,U002,2026-06-01T14:13:00,1780290780.0,TRANSFER,transfer.execute,1559357.3425875453,U002-N555016,PERSON,P2P,FAILED,NOT_EVALUATED,1624357.3425875453,900000.0,2600000.0,balance.read|history.read|transfer.execute|payment.execute,agent_misuse,RETRY_PATTERN,1,0,1,1
E0000549,U002-misuse-RETRY_PATTERN-004,U002,2026-06-01T14:16:00,1780290960.0,TRANSFER,transfer.execute,1353822.188758785,U002-N555016,PERSON,P2P,FAILED,NOT_EVALUATED,1418822.188758785,900000.0,2600000.0,balance.read|history.read|transfer.execute|payment.execute,agent_misuse,RETRY_PATTERN,1,0,1,0
E0000550,U002-misuse-RETRY_PATTERN-004,U002,2026-06-01T14:19:00,1780291140.0,TRANSFER,transfer.execute,1089887.1923049684,U002-N555016,PERSON,P2P,FAILED,NOT_EVALUATED,1154887.1923049684,900000.0,2600000.0,balance.read|history.read|transfer.execute|payment.execute,agent_misuse,RETRY_PATTERN,1,0,1,0
E0000551,U002-misuse-RETRY_PATTERN-004,U002,2026-06-01T14:22:00,1780291320.0,TRANSFER,transfer.execute,835265.2401264458,U002-N555016,PERSON,P2P,SUCCESS,NOT_EVALUATED,914117.4230242745,900000.0,2600000.0,balance.read|history.read|transfer.execute|payment.execute,agent_misuse,RETRY_PATTERN,1,0,1,0
E0000552,U002-misuse-RETRY_PATTERN-004,U002,2026-06-01T14:25:00,1780291500.0,TRANSFER,transfer.execute,675710.6981686698,U002-N555016,PERSON,P2P,SUCCESS,NOT_EVALUATED,914117.4230242745,900000.0,2600000.0,balance.read|history.read|transfer.execute|payment.execute,agent_misuse,RETRY_PATTERN,1,0,1,0
E0000553,U002-misuse-RETRY_PATTERN-004,U002,2026-06-01T14:28:00,1780291680.0,TRANSFER,transfer.execute,536331.1963975623,U002-N555016,PERSON,P2P,SUCCESS,NOT_EVALUATED,914117.4230242745,900000.0,2600000.0,balance.read|history.read|transfer.execute|payment.execute,agent_misuse,RETRY_PATTERN,1,0,1,0
E0000554,U002-paysim-fraud-006,U002,2026-06-02T03:18:00,1780337880.0,TRANSFER,transfer.execute,2597699.6587680806,U002-N490196,PERSON,P2P,SUCCESS,NOT_EVALUATED,2662699.6587680806,900000.0,2600000.0,balance.read|history.read|transfer.execute|payment.execute,paysim_fraud,ACCOUNT_DRAIN_TRANSFER,1,1,1,1
E0000555,U002-paysim-fraud-006,U002,2026-06-02T03:20:00,1780338000.0,TRANSFER,transfer.execute,924548.314728599,U002-N490196,PERSON,P2P,SUCCESS,NOT_EVALUATED,989548.314728599,900000.0,2600000.0,balance.read|history.read|transfer.execute|payment.execute,paysim_fraud,FOLLOW_UP_CASHOUT_PROXY,1,1,1,0
E0000556,U002-agent-normal-023,U002,2026-06-02T12:04:31,1780369471.0,PAYMENT,payment.execute,25200.0,U002-R006,MERCHANT,SHOPPING,SUCCESS,NOT_EVALUATED,914117.4230242745,900000.0,2600000.0,balance.read|history.read|transfer.execute|payment.execute,normal_agent,DELEGATED_NORMAL,0,0,0,0
E0000557,U002-normal-033,U002,2026-06-03T10:44:28,1780451068.0,PAYMENT,payment.execute,19200.0,U002-R033,MERCHANT,FOOD,SUCCESS,NOT_EVALUATED,914117.4230242745,900000.0,2600000.0,balance.read|history.read|transfer.execute|payment.execute,normal_user,DAILY_NORMAL,0,0,0,0
E0000558,U002-normal-033,U002,2026-06-03T14:24:10,1780464250.0,PAYMENT,payment.execute,20400.0,U002-R018,MERCHANT,FOOD,SUCCESS,NOT_EVALUATED,914117.4230242745,900000.0,2600000.0,balance.read|history.read|transfer.execute|payment.execute,normal_user,DAILY_NORMAL,0,0,0,0
E0000559,U002-normal-033,U002,2026-06-03T16:24:31,1780471471.0,PAYMENT,payment.execute,19900.0,U002-R000,MERCHANT,SHOPPING,SUCCESS,NOT_EVALUATED,914117.4230242745,900000.0,2600000.0,balance.read|history.read|transfer.execute|payment.execute,normal_user,DAILY_NORMAL,0,0,0,0
E0000560,U002-normal-033,U002,2026-06-03T19:34:28,1780482868.0,PAYMENT,payment.execute,31500.0,U002-R003,MERCHANT,SHOPPING,SUCCESS,NOT_EVALUATED,914117.4230242745,900000.0,2600000.0,balance.read|history.read|transfer.execute|payment.execute,normal_user,DAILY_NORMAL,0,0,0,0
E0000561,U002-paysim-fraud-000,U002,2026-06-04T04:13:00,1780513980.0,TRANSFER,transfer.execute,3613289.10835644,U002-N484704,PERSON,P2P,SUCCESS,NOT_EVALUATED,3678289.10835644,900000.0,2600000.0,balance.read|history.read|transfer.execute|payment.execute,paysim_fraud,ACCOUNT_DRAIN_TRANSFER,1,1,1,1
E0000562,U002-paysim-fraud-000,U002,2026-06-04T04:16:00,1780514160.0,TRANSFER,transfer.execute,1102755.4751773733,U002-N484704,PERSON,P2P,SUCCESS,NOT_EVALUATED,1167755.4751773733,900000.0,2600000.0,balance.read|history.read|transfer.execute|payment.execute,paysim_fraud,FOLLOW_UP_CASHOUT_PROXY,1,1,1,0
E0000563,U002-normal-034,U002,2026-06-04T11:15:08,1780539308.0,PAYMENT,payment.execute,325100.0,U002-R013,MERCHANT,CONVENIENCE,SUCCESS,NOT_EVALUATED,914117.4230242745,900000.0,2600000.0,balance.read|history.read|transfer.execute|payment.execute,normal_user,DAILY_NORMAL,0,0,0,0
E0000564,U002-normal-034,U002,2026-06-04T11:24:11,1780539851.0,PAYMENT,payment.execute,5800.0,U002-R022,MERCHANT,SHOPPING,SUCCESS,NOT_EVALUATED,914117.4230242745,900000.0,2600000.0,balance.read|history.read|transfer.execute|payment.execute,normal_user,DAILY_NORMAL,0,0,0,0
E0000565,U002-normal-034,U002,2026-06-04T12:38:22,1780544302.0,PAYMENT,payment.execute,32900.0,U002-R025,MERCHANT,SHOPPING,SUCCESS,NOT_EVALUATED,914117.4230242745,900000.0,2600000.0,balance.read|history.read|transfer.execute|payment.execute,normal_user,DAILY_NORMAL,0,0,0,0
E0000566,U002-normal-034,U002,2026-06-04T13:22:40,1780546960.0,PAYMENT,payment.execute,107300.0,U002-R020,MERCHANT,SIMPLE_PAY,SUCCESS,NOT_EVALUATED,914117.4230242745,900000.0,2600000.0,balance.read|history.read|transfer.execute|payment.execute,normal_user,DAILY_NORMAL,0,0,0,0
E0000567,U002-agent-normal-012,U002,2026-06-04T18:11:06,1780564266.0,PAYMENT,payment.execute,13800.0,U002-R023,MERCHANT,SUBSCRIPTION,SUCCESS,NOT_EVALUATED,914117.4230242745,900000.0,2600000.0,balance.read|history.read|transfer.execute|payment.execute,normal_agent,DELEGATED_NORMAL,0,0,0,0
E0000568,U002-normal-034,U002,2026-06-04T18:35:56,1780565756.0,PAYMENT,payment.execute,9400.0,U002-R011,MERCHANT,CONVENIENCE,SUCCESS,NOT_EVALUATED,914117.4230242745,900000.0,2600000.0,balance.read|history.read|transfer.execute|payment.execute,normal_user,DAILY_NORMAL,0,0,0,0
E0000569,U002-normal-034,U002,2026-06-04T18:37:58,1780565878.0,PAYMENT,payment.execute,3500.0,U002-R033,MERCHANT,FOOD,SUCCESS,NOT_EVALUATED,914117.4230242745,900000.0,2600000.0,balance.read|history.read|transfer.execute|payment.execute,normal_user,DAILY_NORMAL,0,0,0,0
E0000570,U002-normal-034,U002,2026-06-04T18:54:03,1780566843.0,PAYMENT,payment.execute,23600.0,U002-R016,MERCHANT,SIMPLE_PAY,SUCCESS,NOT_EVALUATED,914117.4230242745,900000.0,2600000.0,balance.read|history.read|transfer.execute|payment.execute,normal_user,DAILY_NORMAL,0,0,0,0
E0000571,U002-normal-035,U002,2026-06-05T07:40:49,1780612849.0,PAYMENT,payment.execute,24500.0,U002-R023,MERCHANT,SUBSCRIPTION,SUCCESS,NOT_EVALUATED,914117.4230242745,900000.0,2600000.0,balance.read|history.read|transfer.execute|payment.execute,normal_user,DAILY_NORMAL,0,0,0,0
E0000572,U002-normal-035,U002,2026-06-05T11:56:10,1780628170.0,PAYMENT,payment.execute,74800.0,U002-R002,MERCHANT,SHOPPING,SUCCESS,NOT_EVALUATED,914117.4230242745,900000.0,2600000.0,balance.read|history.read|transfer.execute|payment.execute,normal_user,DAILY_NORMAL,0,0,0,0
E0000573,U002-normal-035,U002,2026-06-05T14:34:42,1780637682.0,TRANSFER,transfer.execute,19500.0,U002-R005,PERSON,P2P,SUCCESS,NOT_EVALUATED,914117.4230242745,900000.0,2600000.0,balance.read|history.read|transfer.execute|payment.execute,normal_user,DAILY_NORMAL,0,0,0,0
E0000574,U002-normal-035,U002,2026-06-05T21:26:13,1780662373.0,PAYMENT,payment.execute,308000.0,U002-R012,MERCHANT,SIMPLE_PAY,SUCCESS,NOT_EVALUATED,914117.4230242745,900000.0,2600000.0,balance.read|history.read|transfer.execute|payment.execute,normal_user,DAILY_NORMAL,0,0,0,0
E0000575,U002-normal-036,U002,2026-06-06T07:48:21,1780699701.0,PAYMENT,payment.execute,17100.0,U002-R004,MERCHANT,SIMPLE_PAY,SUCCESS,NOT_EVALUATED,914117.4230242745,900000.0,2600000.0,balance.read|history.read|transfer.execute|payment.execute,normal_user,DAILY_NORMAL,0,0,0,0
E0000576,U002-normal-036,U002,2026-06-06T11:41:24,1780713684.0,PAYMENT,payment.execute,23400.0,U002-R018,MERCHANT,FOOD,SUCCESS,NOT_EVALUATED,914117.4230242745,900000.0,2600000.0,balance.read|history.read|transfer.execute|payment.execute,normal_user,DAILY_NORMAL,0,0,0,0
E0000577,U002-normal-036,U002,2026-06-06T12:05:27,1780715127.0,PAYMENT,payment.execute,61600.0,U002-R001,MERCHANT,SHOPPING,SUCCESS,NOT_EVALUATED,914117.4230242745,900000.0,2600000.0,balance.read|history.read|transfer.execute|payment.execute,normal_user,DAILY_NORMAL,0,0,0,0
E0000578,U002-normal-036,U002,2026-06-06T18:50:25,1780739425.0,PAYMENT,payment.execute,35400.0,U002-R033,MERCHANT,FOOD,SUCCESS,NOT_EVALUATED,914117.4230242745,900000.0,2600000.0,balance.read|history.read|transfer.execute|payment.execute,normal_user,DAILY_NORMAL,0,0,0,0
E0000579,U002-normal-036,U002,2026-06-06T20:11:28,1780744288.0,PAYMENT,payment.execute,112800.0,U002-R032,MERCHANT,ETC,SUCCESS,NOT_EVALUATED,914117.4230242745,900000.0,2600000.0,balance.read|history.read|transfer.execute|payment.execute,normal_user,DAILY_NORMAL,0,0,0,0
E0000580,U002-normal-037,U002,2026-06-07T14:04:46,1780808686.0,TRANSFER,transfer.execute,42900.0,U002-R030,PERSON,P2P,SUCCESS,NOT_EVALUATED,914117.4230242745,900000.0,2600000.0,balance.read|history.read|transfer.execute|payment.execute,normal_user,DAILY_NORMAL,0,0,0,0
E0000581,U002-normal-038,U002,2026-06-08T03:54:01,1780858441.0,PAYMENT,payment.execute,86100.0,U002-R022,MERCHANT,SHOPPING,SUCCESS,NOT_EVALUATED,914117.4230242745,900000.0,2600000.0,balance.read|history.read|transfer.execute|payment.execute,normal_user,DAILY_NORMAL,0,0,0,0
E0000582,U002-normal-038,U002,2026-06-08T09:51:15,1780879875.0,PAYMENT,payment.execute,70900.0,U002-R015,MERCHANT,SUBSCRIPTION,SUCCESS,NOT_EVALUATED,914117.4230242745,900000.0,2600000.0,balance.read|history.read|transfer.execute|payment.execute,normal_user,DAILY_NORMAL,0,0,0,0
E0000583,U002-normal-038,U002,2026-06-08T11:10:28,1780884628.0,PAYMENT,payment.execute,290900.0,U002-R003,MERCHANT,SHOPPING,SUCCESS,NOT_EVALUATED,914117.4230242745,900000.0,2600000.0,balance.read|history.read|transfer.execute|payment.execute,normal_user,DAILY_NORMAL,0,0,0,0
E0000584,U002-normal-038,U002,2026-06-08T13:58:06,1780894686.0,PAYMENT,payment.execute,62700.0,U002-R002,MERCHANT,SHOPPING,SUCCESS,NOT_EVALUATED,914117.4230242745,900000.0,2600000.0,balance.read|history.read|transfer.execute|payment.execute,normal_user,DAILY_NORMAL,0,0,0,0
E0000585,U002-normal-038,U002,2026-06-08T15:50:25,1780901425.0,PAYMENT,payment.execute,28400.0,U002-R016,MERCHANT,SIMPLE_PAY,SUCCESS,NOT_EVALUATED,914117.4230242745,900000.0,2600000.0,balance.read|history.read|transfer.execute|payment.execute,normal_user,DAILY_NORMAL,0,0,0,0
E0000586,U002-normal-038,U002,2026-06-08T16:31:18,1780903878.0,PAYMENT,payment.execute,31900.0,U002-R001,MERCHANT,SHOPPING,SUCCESS,NOT_EVALUATED,914117.4230242745,900000.0,2600000.0,balance.read|history.read|transfer.execute|payment.execute,normal_user,DAILY_NORMAL,0,0,0,0
E0000587,U002-normal-038,U002,2026-06-08T16:45:22,1780904722.0,PAYMENT,payment.execute,71000.0,U002-R002,MERCHANT,SHOPPING,SUCCESS,NOT_EVALUATED,914117.4230242745,900000.0,2600000.0,balance.read|history.read|transfer.execute|payment.execute,normal_user,DAILY_NORMAL,0,0,0,0
E0000588,U002-normal-038,U002,2026-06-08T17:27:39,1780907259.0,PAYMENT,payment.execute,5200.0,U002-R004,MERCHANT,SIMPLE_PAY,SUCCESS,NOT_EVALUATED,914117.4230242745,900000.0,2600000.0,balance.read|history.read|transfer.execute|payment.execute,normal_user,DAILY_NORMAL,0,0,0,0
E0000589,U002-agent-normal-010,U002,2026-06-08T20:16:53,1780917413.0,HISTORY_READ,history.read,0.0,U002-R015,MERCHANT,SUBSCRIPTION,SUCCESS,NOT_EVALUATED,914117.4230242745,900000.0,2600000.0,balance.read|history.read|transfer.execute|payment.execute,normal_agent,DELEGATED_NORMAL,0,0,0,0
E0000590,U002-normal-038,U002,2026-06-08T20:31:47,1780918307.0,PAYMENT,payment.execute,69300.0,U002-R028,MERCHANT,SHOPPING,SUCCESS,NOT_EVALUATED,914117.4230242745,900000.0,2600000.0,balance.read|history.read|transfer.execute|payment.execute,normal_user,DAILY_NORMAL,0,0,0,0
E0000591,U002-normal-038,U002,2026-06-08T20:58:37,1780919917.0,TRANSFER,transfer.execute,55900.0,U002-R030,PERSON,P2P,SUCCESS,NOT_EVALUATED,914117.4230242745,900000.0,2600000.0,balance.read|history.read|transfer.execute|payment.execute,normal_user,DAILY_NORMAL,0,0,0,0
E0000592,U002-normal-039,U002,2026-06-09T09:58:10,1780966690.0,PAYMENT,payment.execute,4700.0,U002-R004,MERCHANT,SIMPLE_PAY,SUCCESS,NOT_EVALUATED,914117.4230242745,900000.0,2600000.0,balance.read|history.read|transfer.execute|payment.execute,normal_user,DAILY_NORMAL,0,0,0,0
E0000593,U002-normal-039,U002,2026-06-09T11:44:15,1780973055.0,PAYMENT,payment.execute,22900.0,U002-R022,MERCHANT,SHOPPING,SUCCESS,NOT_EVALUATED,914117.4230242745,900000.0,2600000.0,balance.read|history.read|transfer.execute|payment.execute,normal_user,DAILY_NORMAL,0,0,0,0
E0000594,U002-normal-039,U002,2026-06-09T17:01:38,1780992098.0,PAYMENT,payment.execute,20300.0,U002-R033,MERCHANT,FOOD,SUCCESS,NOT_EVALUATED,914117.4230242745,900000.0,2600000.0,balance.read|history.read|transfer.execute|payment.execute,normal_user,DAILY_NORMAL,0,0,0,0
E0000595,U002-normal-039,U002,2026-06-09T18:42:00,1780998120.0,PAYMENT,payment.execute,63000.0,U002-R022,MERCHANT,SHOPPING,SUCCESS,NOT_EVALUATED,914117.4230242745,900000.0,2600000.0,balance.read|history.read|transfer.execute|payment.execute,normal_user,RECURRING_NORMAL,0,0,0,0
E0000596,U002-normal-039,U002,2026-06-09T19:27:55,1781000875.0,PAYMENT,payment.execute,60400.0,U002-R008,MERCHANT,SHOPPING,SUCCESS,NOT_EVALUATED,914117.4230242745,900000.0,2600000.0,balance.read|history.read|transfer.execute|payment.execute,normal_user,DAILY_NORMAL,0,0,0,0
E0000597,U002-normal-039,U002,2026-06-09T20:37:13,1781005033.0,PAYMENT,payment.execute,16500.0,U002-R016,MERCHANT,SIMPLE_PAY,SUCCESS,NOT_EVALUATED,914117.4230242745,900000.0,2600000.0,balance.read|history.read|transfer.execute|payment.execute,normal_user,DAILY_NORMAL,0,0,0,0
E0000598,U002-paysim-fraud-007,U002,2026-06-10T03:33:00,1781029980.0,TRANSFER,transfer.execute,2958653.619895123,U002-N587346,PERSON,P2P,SUCCESS,NOT_EVALUATED,3023653.619895123,900000.0,2600000.0,balance.read|history.read|transfer.execute|payment.execute,paysim_fraud,ACCOUNT_DRAIN_TRANSFER,1,1,1,1
E0000599,U002-paysim-fraud-007,U002,2026-06-10T03:34:00,1781030040.0,TRANSFER,transfer.execute,1029726.5147836227,U002-N587346,PERSON,P2P,SUCCESS,NOT_EVALUATED,1094726.5147836227,900000.0,2600000.0,balance.read|history.read|transfer.execute|payment.execute,paysim_fraud,FOLLOW_UP_CASHOUT_PROXY,1,1,1,0
E0000600,U002-normal-040,U002,2026-06-10T08:47:44,1781048864.0,PAYMENT,payment.execute,207900.0,U002-R015,MERCHANT,SUBSCRIPTION,SUCCESS,NOT_EVALUATED,914117.4230242745,900000.0,2600000.0,balance.read|history.read|transfer.execute|payment.execute,normal_user,DAILY_NORMAL,0,0,0,0
E0000601,U002-normal-040,U002,2026-06-10T18:14:31,1781082871.0,PAYMENT,payment.execute,145700.0,U002-R000,MERCHANT,SHOPPING,SUCCESS,NOT_EVALUATED,914117.4230242745,900000.0,2600000.0,balance.read|history.read|transfer.execute|payment.execute,normal_user,DAILY_NORMAL,0,0,0,0
E0000602,U002-normal-040,U002,2026-06-10T21:48:48,1781095728.0,PAYMENT,payment.execute,37500.0,U002-R022,MERCHANT,SHOPPING,SUCCESS,NOT_EVALUATED,914117.4230242745,900000.0,2600000.0,balance.read|history.read|transfer.execute|payment.execute,normal_user,DAILY_NORMAL,0,0,0,0
E0000603,U002-agent-normal-013,U002,2026-06-10T22:12:07,1781097127.0,BALANCE_READ,balance.read,0.0,U002-R000,MERCHANT,SHOPPING,SUCCESS,NOT_EVALUATED,914117.4230242745,900000.0,2600000.0,balance.read|history.read|transfer.execute|payment.execute,normal_agent,DELEGATED_NORMAL,0,0,0,0
E0000604,U002-hard-NEW_RECIPIENT_NORMAL-002,U002,2026-06-11T14:20:00,1781155200.0,TRANSFER,transfer.execute,520000.0,U002-N562509,PERSON,P2P,SUCCESS,NOT_EVALUATED,914117.4230242745,900000.0,2600000.0,balance.read|history.read|transfer.execute|payment.execute,hard_negative,NEW_RECIPIENT_NORMAL,0,0,0,1
E0000605,U002-agent-normal-015,U002,2026-06-11T15:49:15,1781160555.0,HISTORY_READ,history.read,0.0,U002-R005,PERSON,P2P,SUCCESS,NOT_EVALUATED,914117.4230242745,900000.0,2600000.0,balance.read|history.read|transfer.execute|payment.execute,normal_agent,DELEGATED_NORMAL,0,0,0,0
E0000606,U002-normal-041,U002,2026-06-11T21:25:16,1781180716.0,PAYMENT,payment.execute,3000.0,U002-R016,MERCHANT,SIMPLE_PAY,SUCCESS,NOT_EVALUATED,914117.4230242745,900000.0,2600000.0,balance.read|history.read|transfer.execute|payment.execute,normal_user,DAILY_NORMAL,0,0,0,0
E0000607,U002-normal-041,U002,2026-06-11T23:35:55,1781188555.0,PAYMENT,payment.execute,13900.0,U002-R002,MERCHANT,SHOPPING,SUCCESS,NOT_EVALUATED,914117.4230242745,900000.0,2600000.0,balance.read|history.read|transfer.execute|payment.execute,normal_user,DAILY_NORMAL,0,0,0,0
E0000608,U002-normal-042,U002,2026-06-12T10:00:00,1781226000.0,PAYMENT,payment.execute,117100.0,U002-R007,MERCHANT,SHOPPING,SUCCESS,NOT_EVALUATED,914117.4230242745,900000.0,2600000.0,balance.read|history.read|transfer.execute|payment.execute,normal_user,DAILY_NORMAL,0,0,0,0
E0000609,U002-normal-042,U002,2026-06-12T12:40:55,1781235655.0,PAYMENT,payment.execute,22000.0,U002-R004,MERCHANT,SIMPLE_PAY,SUCCESS,NOT_EVALUATED,914117.4230242745,900000.0,2600000.0,balance.read|history.read|transfer.execute|payment.execute,normal_user,DAILY_NORMAL,0,0,0,0
E0000610,U002-normal-042,U002,2026-06-12T17:43:40,1781253820.0,PAYMENT,payment.execute,13000.0,U002-R023,MERCHANT,SUBSCRIPTION,SUCCESS,NOT_EVALUATED,914117.4230242745,900000.0,2600000.0,balance.read|history.read|transfer.execute|payment.execute,normal_user,DAILY_NORMAL,0,0,0,0
E0000611,U002-normal-042,U002,2026-06-12T19:28:17,1781260097.0,PAYMENT,payment.execute,53400.0,U002-R008,MERCHANT,SHOPPING,SUCCESS,NOT_EVALUATED,914117.4230242745,900000.0,2600000.0,balance.read|history.read|transfer.execute|payment.execute,normal_user,DAILY_NORMAL,0,0,0,0
E0000612,U002-normal-043,U002,2026-06-13T06:43:27,1781300607.0,PAYMENT,payment.execute,27600.0,U002-R004,MERCHANT,SIMPLE_PAY,SUCCESS,NOT_EVALUATED,914117.4230242745,900000.0,2600000.0,balance.read|history.read|transfer.execute|payment.execute,normal_user,DAILY_NORMAL,0,0,0,0
E0000613,U002-agent-normal-034,U002,2026-06-13T13:40:49,1781325649.0,PAYMENT,payment.execute,87500.0,U002-R017,MERCHANT,SUBSCRIPTION,SUCCESS,NOT_EVALUATED,914117.4230242745,900000.0,2600000.0,balance.read|history.read|transfer.execute|payment.execute,normal_agent,DELEGATED_NORMAL,0,0,0,0
E0000614,U002-normal-043,U002,2026-06-13T15:36:29,1781332589.0,PAYMENT,payment.execute,25900.0,U002-R009,MERCHANT,CONVENIENCE,SUCCESS,NOT_EVALUATED,914117.4230242745,900000.0,2600000.0,balance.read|history.read|transfer.execute|payment.execute,normal_user,DAILY_NORMAL,0,0,0,0
E0000615,U002-normal-043,U002,2026-06-13T19:32:28,1781346748.0,PAYMENT,payment.execute,21400.0,U002-R018,MERCHANT,FOOD,SUCCESS,NOT_EVALUATED,914117.4230242745,900000.0,2600000.0,balance.read|history.read|transfer.execute|payment.execute,normal_user,DAILY_NORMAL,0,0,0,0
E0000616,U002-normal-044,U002,2026-06-14T09:25:39,1781396739.0,PAYMENT,payment.execute,176100.0,U002-R032,MERCHANT,ETC,SUCCESS,NOT_EVALUATED,914117.4230242745,900000.0,2600000.0,balance.read|history.read|transfer.execute|payment.execute,normal_user,DAILY_NORMAL,0,0,0,0
E0000617,U002-normal-044,U002,2026-06-14T09:50:26,1781398226.0,PAYMENT,payment.execute,25700.0,U002-R029,MERCHANT,SHOPPING,SUCCESS,NOT_EVALUATED,914117.4230242745,900000.0,2600000.0,balance.read|history.read|transfer.execute|payment.execute,normal_user,DAILY_NORMAL,0,0,0,0
E0000618,U002-normal-044,U002,2026-06-14T15:11:26,1781417486.0,PAYMENT,payment.execute,86600.0,U002-R029,MERCHANT,SHOPPING,SUCCESS,NOT_EVALUATED,914117.4230242745,900000.0,2600000.0,balance.read|history.read|transfer.execute|payment.execute,normal_user,DAILY_NORMAL,0,0,0,0
E0000619,U002-normal-044,U002,2026-06-14T16:48:40,1781423320.0,PAYMENT,payment.execute,5200.0,U002-R027,MERCHANT,SHOPPING,SUCCESS,NOT_EVALUATED,914117.4230242745,900000.0,2600000.0,balance.read|history.read|transfer.execute|payment.execute,normal_user,DAILY_NORMAL,0,0,0,0
E0000620,U002-normal-044,U002,2026-06-14T18:46:27,1781430387.0,PAYMENT,payment.execute,81600.0,U002-R019,MERCHANT,TRANSPORT,SUCCESS,NOT_EVALUATED,914117.4230242745,900000.0,2600000.0,balance.read|history.read|transfer.execute|payment.execute,normal_user,DAILY_NORMAL,0,0,0,0
E0000621,U002-normal-045,U002,2026-06-15T07:29:32,1781476172.0,PAYMENT,payment.execute,675000.0,U002-R032,MERCHANT,ETC,SUCCESS,NOT_EVALUATED,914117.4230242745,900000.0,2600000.0,balance.read|history.read|transfer.execute|payment.execute,normal_user,DAILY_NORMAL,0,0,0,0
E0000622,U002-normal-045,U002,2026-06-15T12:29:33,1781494173.0,PAYMENT,payment.execute,36700.0,U002-R027,MERCHANT,SHOPPING,SUCCESS,NOT_EVALUATED,914117.4230242745,900000.0,2600000.0,balance.read|history.read|transfer.execute|payment.execute,normal_user,DAILY_NORMAL,0,0,0,0
E0000623,U002-normal-045,U002,2026-06-15T13:44:18,1781498658.0,PAYMENT,payment.execute,48800.0,U002-R000,MERCHANT,SHOPPING,SUCCESS,NOT_EVALUATED,914117.4230242745,900000.0,2600000.0,balance.read|history.read|transfer.execute|payment.execute,normal_user,DAILY_NORMAL,0,0,0,0
E0000624,U002-normal-045,U002,2026-06-15T14:20:00,1781500800.0,PAYMENT,payment.execute,158400.0,U002-R020,MERCHANT,SIMPLE_PAY,SUCCESS,NOT_EVALUATED,914117.4230242745,900000.0,2600000.0,balance.read|history.read|transfer.execute|payment.execute,normal_user,DAILY_NORMAL,0,0,0,0
E0000625,U002-normal-045,U002,2026-06-15T16:50:52,1781509852.0,PAYMENT,payment.execute,36900.0,U002-R011,MERCHANT,CONVENIENCE,SUCCESS,NOT_EVALUATED,914117.4230242745,900000.0,2600000.0,balance.read|history.read|transfer.execute|payment.execute,normal_user,DAILY_NORMAL,0,0,0,0
E0000626,U002-normal-046,U002,2026-06-16T01:07:59,1781539679.0,PAYMENT,payment.execute,103900.0,U002-R025,MERCHANT,SHOPPING,SUCCESS,NOT_EVALUATED,914117.4230242745,900000.0,2600000.0,balance.read|history.read|transfer.execute|payment.execute,normal_user,DAILY_NORMAL,0,0,0,0
E0000627,U002-normal-046,U002,2026-06-16T10:32:09,1781573529.0,PAYMENT,payment.execute,30500.0,U002-R008,MERCHANT,SHOPPING,SUCCESS,NOT_EVALUATED,914117.4230242745,900000.0,2600000.0,balance.read|history.read|transfer.execute|payment.execute,normal_user,DAILY_NORMAL,0,0,0,0
E0000628,U002-agent-normal-031,U002,2026-06-16T12:51:37,1781581897.0,PAYMENT,payment.execute,17100.0,U002-R032,MERCHANT,ETC,SUCCESS,NOT_EVALUATED,914117.4230242745,900000.0,2600000.0,balance.read|history.read|transfer.execute|payment.execute,normal_agent,DELEGATED_NORMAL,0,0,0,0
E0000629,U002-agent-normal-026,U002,2026-06-16T19:17:51,1781605071.0,BALANCE_READ,balance.read,0.0,U002-R032,MERCHANT,ETC,SUCCESS,NOT_EVALUATED,914117.4230242745,900000.0,2600000.0,balance.read|history.read|transfer.execute|payment.execute,normal_agent,DELEGATED_NORMAL,0,0,0,0
E0000630,U002-normal-046,U002,2026-06-16T22:03:05,1781614985.0,PAYMENT,payment.execute,14700.0,U002-R028,MERCHANT,SHOPPING,SUCCESS,NOT_EVALUATED,914117.4230242745,900000.0,2600000.0,balance.read|history.read|transfer.execute|payment.execute,normal_user,DAILY_NORMAL,0,0,0,0
E0000631,U002-normal-047,U002,2026-06-17T09:43:47,1781657027.0,PAYMENT,payment.execute,4800.0,U002-R006,MERCHANT,SHOPPING,SUCCESS,NOT_EVALUATED,914117.4230242745,900000.0,2600000.0,balance.read|history.read|transfer.execute|payment.execute,normal_user,DAILY_NORMAL,0,0,0,0
E0000632,U002-normal-047,U002,2026-06-17T16:53:59,1781682839.0,PAYMENT,payment.execute,20200.0,U002-R022,MERCHANT,SHOPPING,SUCCESS,NOT_EVALUATED,914117.4230242745,900000.0,2600000.0,balance.read|history.read|transfer.execute|payment.execute,normal_user,DAILY_NORMAL,0,0,0,0
E0000633,U002-normal-047,U002,2026-06-17T20:32:38,1781695958.0,PAYMENT,payment.execute,40000.0,U002-R029,MERCHANT,SHOPPING,SUCCESS,NOT_EVALUATED,914117.4230242745,900000.0,2600000.0,balance.read|history.read|transfer.execute|payment.execute,normal_user,DAILY_NORMAL,0,0,0,0
E0000634,U002-normal-047,U002,2026-06-17T21:23:14,1781698994.0,PAYMENT,payment.execute,22300.0,U002-R004,MERCHANT,SIMPLE_PAY,SUCCESS,NOT_EVALUATED,914117.4230242745,900000.0,2600000.0,balance.read|history.read|transfer.execute|payment.execute,normal_user,DAILY_NORMAL,0,0,0,0
E0000635,U002-normal-047,U002,2026-06-17T21:34:00,1781699640.0,PAYMENT,payment.execute,34600.0,U002-R029,MERCHANT,SHOPPING,SUCCESS,NOT_EVALUATED,914117.4230242745,900000.0,2600000.0,balance.read|history.read|transfer.execute|payment.execute,normal_user,DAILY_NORMAL,0,0,0,0
E0000636,U002-normal-048,U002,2026-06-18T02:23:55,1781717035.0,PAYMENT,payment.execute,69200.0,U002-R024,MERCHANT,CONVENIENCE,SUCCESS,NOT_EVALUATED,914117.4230242745,900000.0,2600000.0,balance.read|history.read|transfer.execute|payment.execute,normal_user,DAILY_NORMAL,0,0,0,0
E0000637,U002-misuse-CATEGORY_DRIFT-005,U002,2026-06-18T10:03:00,1781744580.0,PAYMENT,payment.execute,413682.4137551227,U002-N869736,PERSON,OVERSEAS_REMIT,SUCCESS,NOT_EVALUATED,914117.4230242745,900000.0,2600000.0,balance.read|history.read|transfer.execute|payment.execute,agent_misuse,CATEGORY_DRIFT,1,0,0,1
E0000638,U002-misuse-CATEGORY_DRIFT-005,U002,2026-06-18T10:20:00,1781745600.0,PAYMENT,payment.execute,173314.1349981415,U002-N152113,MERCHANT,SECURITIES,SUCCESS,NOT_EVALUATED,914117.4230242745,900000.0,2600000.0,balance.read|history.read|transfer.execute|payment.execute,agent_misuse,CATEGORY_DRIFT,1,0,0,1
E0000639,U002-misuse-CATEGORY_DRIFT-005,U002,2026-06-18T10:37:00,1781746620.0,PAYMENT,payment.execute,171863.6559568915,U002-N813048,MERCHANT,SECURITIES,SUCCESS,NOT_EVALUATED,914117.4230242745,900000.0,2600000.0,balance.read|history.read|transfer.execute|payment.execute,agent_misuse,CATEGORY_DRIFT,1,0,0,1
E0000640,U002-misuse-CATEGORY_DRIFT-005,U002,2026-06-18T10:54:00,1781747640.0,PAYMENT,payment.execute,575665.8473019633,U002-N590124,MERCHANT,GIFT_CARD,SUCCESS,NOT_EVALUATED,914117.4230242745,900000.0,2600000.0,balance.read|history.read|transfer.execute|payment.execute,agent_misuse,CATEGORY_DRIFT,1,0,0,1
E0000641,U002-misuse-CATEGORY_DRIFT-005,U002,2026-06-18T11:11:00,1781748660.0,PAYMENT,payment.execute,170611.17356093338,U002-N729168,PERSON,OVERSEAS_REMIT,SUCCESS,NOT_EVALUATED,914117.4230242745,900000.0,2600000.0,balance.read|history.read|transfer.execute|payment.execute,agent_misuse,CATEGORY_DRIFT,1,0,0,1
E0000642,U002-misuse-CATEGORY_DRIFT-005,U002,2026-06-18T11:28:00,1781749680.0,PAYMENT,payment.execute,409047.1542595656,U002-N349326,MERCHANT,GIFT_CARD,SUCCESS,NOT_EVALUATED,914117.4230242745,900000.0,2600000.0,balance.read|history.read|transfer.execute|payment.execute,agent_misuse,CATEGORY_DRIFT,1,0,0,1
E0000643,U002-misuse-CATEGORY_DRIFT-005,U002,2026-06-18T11:45:00,1781750700.0,PAYMENT,payment.execute,395557.1417511115,U002-N723334,MERCHANT,SECURITIES,SUCCESS,NOT_EVALUATED,914117.4230242745,900000.0,2600000.0,balance.read|history.read|transfer.execute|payment.execute,agent_misuse,CATEGORY_DRIFT,1,0,0,1
E0000644,U002-agent-normal-005,U002,2026-06-18T13:08:16,1781755696.0,BALANCE_READ,balance.read,0.0,U002-R029,MERCHANT,SHOPPING,SUCCESS,NOT_EVALUATED,914117.4230242745,900000.0,2600000.0,balance.read|history.read|transfer.execute|payment.execute,normal_agent,DELEGATED_NORMAL,0,0,0,0
E0000645,U002-normal-048,U002,2026-06-18T17:45:20,1781772320.0,PAYMENT,payment.execute,93100.0,U002-R019,MERCHANT,TRANSPORT,SUCCESS,NOT_EVALUATED,914117.4230242745,900000.0,2600000.0,balance.read|history.read|transfer.execute|payment.execute,normal_user,DAILY_NORMAL,0,0,0,0
E0000646,U002-normal-049,U002,2026-06-19T07:11:01,1781820661.0,PAYMENT,payment.execute,22800.0,U002-R016,MERCHANT,SIMPLE_PAY,SUCCESS,NOT_EVALUATED,914117.4230242745,900000.0,2600000.0,balance.read|history.read|transfer.execute|payment.execute,normal_user,DAILY_NORMAL,0,0,0,0
E0000647,U002-normal-049,U002,2026-06-19T08:01:40,1781823700.0,PAYMENT,payment.execute,308300.0,U002-R003,MERCHANT,SHOPPING,SUCCESS,NOT_EVALUATED,914117.4230242745,900000.0,2600000.0,balance.read|history.read|transfer.execute|payment.execute,normal_user,DAILY_NORMAL,0,0,0,0
E0000648,U002-normal-049,U002,2026-06-19T08:27:24,1781825244.0,PAYMENT,payment.execute,15800.0,U002-R033,MERCHANT,FOOD,SUCCESS,NOT_EVALUATED,914117.4230242745,900000.0,2600000.0,balance.read|history.read|transfer.execute|payment.execute,normal_user,DAILY_NORMAL,0,0,0,0
E0000649,U002-normal-049,U002,2026-06-19T08:58:14,1781827094.0,PAYMENT,payment.execute,26500.0,U002-R009,MERCHANT,CONVENIENCE,SUCCESS,NOT_EVALUATED,914117.4230242745,900000.0,2600000.0,balance.read|history.read|transfer.execute|payment.execute,normal_user,DAILY_NORMAL,0,0,0,0
E0000650,U002-normal-049,U002,2026-06-19T17:29:55,1781857795.0,PAYMENT,payment.execute,28300.0,U002-R017,MERCHANT,SUBSCRIPTION,SUCCESS,NOT_EVALUATED,914117.4230242745,900000.0,2600000.0,balance.read|history.read|transfer.execute|payment.execute,normal_user,DAILY_NORMAL,0,0,0,0
E0000651,U002-normal-049,U002,2026-06-19T18:35:27,1781861727.0,PAYMENT,payment.execute,7600.0,U002-R029,MERCHANT,SHOPPING,SUCCESS,NOT_EVALUATED,914117.4230242745,900000.0,2600000.0,balance.read|history.read|transfer.execute|payment.execute,normal_user,DAILY_NORMAL,0,0,0,0
E0000652,U002-normal-050,U002,2026-06-20T01:09:05,1781885345.0,PAYMENT,payment.execute,122700.0,U002-R019,MERCHANT,TRANSPORT,SUCCESS,NOT_EVALUATED,914117.4230242745,900000.0,2600000.0,balance.read|history.read|transfer.execute|payment.execute,normal_user,DAILY_NORMAL,0,0,0,0
E0000653,U002-agent-normal-033,U002,2026-06-20T08:54:56,1781913296.0,BALANCE_READ,balance.read,0.0,U002-R028,MERCHANT,SHOPPING,SUCCESS,NOT_EVALUATED,914117.4230242745,900000.0,2600000.0,balance.read|history.read|transfer.execute|payment.execute,normal_agent,DELEGATED_NORMAL,0,0,0,0
E0000654,U002-normal-050,U002,2026-06-20T10:50:47,1781920247.0,PAYMENT,payment.execute,80500.0,U002-R026,MERCHANT,SUBSCRIPTION,SUCCESS,NOT_EVALUATED,914117.4230242745,900000.0,2600000.0,balance.read|history.read|transfer.execute|payment.execute,normal_user,DAILY_NORMAL,0,0,0,0
E0000655,U002-normal-050,U002,2026-06-20T12:11:20,1781925080.0,PAYMENT,payment.execute,16700.0,U002-R033,MERCHANT,FOOD,SUCCESS,NOT_EVALUATED,914117.4230242745,900000.0,2600000.0,balance.read|history.read|transfer.execute|payment.execute,normal_user,DAILY_NORMAL,0,0,0,0
E0000656,U002-normal-050,U002,2026-06-20T13:08:05,1781928485.0,PAYMENT,payment.execute,18500.0,U002-R018,MERCHANT,FOOD,SUCCESS,NOT_EVALUATED,914117.4230242745,900000.0,2600000.0,balance.read|history.read|transfer.execute|payment.execute,normal_user,DAILY_NORMAL,0,0,0,0
E0000657,U002-normal-050,U002,2026-06-20T20:02:18,1781953338.0,PAYMENT,payment.execute,339100.0,U002-R018,MERCHANT,FOOD,SUCCESS,NOT_EVALUATED,914117.4230242745,900000.0,2600000.0,balance.read|history.read|transfer.execute|payment.execute,normal_user,DAILY_NORMAL,0,0,0,0
E0000658,U002-normal-051,U002,2026-06-21T12:55:48,1782014148.0,PAYMENT,payment.execute,63300.0,U002-R025,MERCHANT,SHOPPING,SUCCESS,NOT_EVALUATED,914117.4230242745,900000.0,2600000.0,balance.read|history.read|transfer.execute|payment.execute,normal_user,DAILY_NORMAL,0,0,0,0
E0000659,U002-normal-051,U002,2026-06-21T15:25:46,1782023146.0,PAYMENT,payment.execute,70500.0,U002-R002,MERCHANT,SHOPPING,SUCCESS,NOT_EVALUATED,914117.4230242745,900000.0,2600000.0,balance.read|history.read|transfer.execute|payment.execute,normal_user,DAILY_NORMAL,0,0,0,0
E0000660,U002-normal-051,U002,2026-06-21T19:32:52,1782037972.0,PAYMENT,payment.execute,19200.0,U002-R033,MERCHANT,FOOD,SUCCESS,NOT_EVALUATED,914117.4230242745,900000.0,2600000.0,balance.read|history.read|transfer.execute|payment.execute,normal_user,DAILY_NORMAL,0,0,0,0
E0000661,U002-normal-051,U002,2026-06-21T19:38:58,1782038338.0,PAYMENT,payment.execute,104700.0,U002-R002,MERCHANT,SHOPPING,SUCCESS,NOT_EVALUATED,914117.4230242745,900000.0,2600000.0,balance.read|history.read|transfer.execute|payment.execute,normal_user,DAILY_NORMAL,0,0,0,0
E0000662,U002-hard-BUSINESS_BATCH-005,U002,2026-06-22T10:00:00,1782090000.0,TRANSFER,transfer.execute,260000.0,U002-N633674,PERSON,P2P,SUCCESS,NOT_EVALUATED,914117.4230242745,900000.0,2600000.0,balance.read|history.read|transfer.execute|payment.execute,hard_negative,BUSINESS_BATCH,0,0,0,1
E0000663,U002-hard-BUSINESS_BATCH-005,U002,2026-06-22T10:08:00,1782090480.0,TRANSFER,transfer.execute,260000.0,U002-N612805,PERSON,P2P,SUCCESS,NOT_EVALUATED,914117.4230242745,900000.0,2600000.0,balance.read|history.read|transfer.execute|payment.execute,hard_negative,BUSINESS_BATCH,0,0,0,1
E0000664,U002-hard-BUSINESS_BATCH-005,U002,2026-06-22T10:16:00,1782090960.0,TRANSFER,transfer.execute,260000.0,U002-N119501,PERSON,P2P,SUCCESS,NOT_EVALUATED,914117.4230242745,900000.0,2600000.0,balance.read|history.read|transfer.execute|payment.execute,hard_negative,BUSINESS_BATCH,0,0,0,1
E0000665,U002-hard-BUSINESS_BATCH-005,U002,2026-06-22T10:24:00,1782091440.0,TRANSFER,transfer.execute,260000.0,U002-N497975,PERSON,P2P,SUCCESS,NOT_EVALUATED,914117.4230242745,900000.0,2600000.0,balance.read|history.read|transfer.execute|payment.execute,hard_negative,BUSINESS_BATCH,0,0,0,1
E0000666,U002-hard-BUSINESS_BATCH-005,U002,2026-06-22T10:32:00,1782091920.0,TRANSFER,transfer.execute,260000.0,U002-N710290,PERSON,P2P,SUCCESS,NOT_EVALUATED,914117.4230242745,900000.0,2600000.0,balance.read|history.read|transfer.execute|payment.execute,hard_negative,BUSINESS_BATCH,0,0,0,1
E0000667,U002-hard-BUSINESS_BATCH-005,U002,2026-06-22T10:40:00,1782092400.0,TRANSFER,transfer.execute,260000.0,U002-N938360,PERSON,P2P,SUCCESS,NOT_EVALUATED,914117.4230242745,900000.0,2600000.0,balance.read|history.read|transfer.execute|payment.execute,hard_negative,BUSINESS_BATCH,0,0,0,1
E0000668,U002-hard-BUSINESS_BATCH-005,U002,2026-06-22T10:48:00,1782092880.0,TRANSFER,transfer.execute,260000.0,U002-N793819,PERSON,P2P,SUCCESS,NOT_EVALUATED,914117.4230242745,900000.0,2600000.0,balance.read|history.read|transfer.execute|payment.execute,hard_negative,BUSINESS_BATCH,0,0,0,1
E0000669,U002-normal-052,U002,2026-06-22T20:24:52,1782127492.0,PAYMENT,payment.execute,24700.0,U002-R022,MERCHANT,SHOPPING,SUCCESS,NOT_EVALUATED,914117.4230242745,900000.0,2600000.0,balance.read|history.read|transfer.execute|payment.execute,normal_user,DAILY_NORMAL,0,0,0,0
E0000670,U002-hard-PAYDAY_BURST-000,U002,2026-06-23T18:00:00,1782205200.0,PAYMENT,payment.execute,152500.0,U002-R018,MERCHANT,FOOD,SUCCESS,NOT_EVALUATED,914117.4230242745,900000.0,2600000.0,balance.read|history.read|transfer.execute|payment.execute,hard_negative,PAYDAY_BURST,0,0,0,0
E0000671,U002-hard-PAYDAY_BURST-000,U002,2026-06-23T18:07:00,1782205620.0,PAYMENT,payment.execute,76200.0,U002-R003,MERCHANT,SHOPPING,SUCCESS,NOT_EVALUATED,914117.4230242745,900000.0,2600000.0,balance.read|history.read|transfer.execute|payment.execute,hard_negative,PAYDAY_BURST,0,0,0,0
E0000672,U002-hard-PAYDAY_BURST-000,U002,2026-06-23T18:14:00,1782206040.0,PAYMENT,payment.execute,5000.0,U002-R010,PERSON,P2P,SUCCESS,NOT_EVALUATED,914117.4230242745,900000.0,2600000.0,balance.read|history.read|transfer.execute|payment.execute,hard_negative,PAYDAY_BURST,0,0,0,0
E0000673,U002-hard-PAYDAY_BURST-000,U002,2026-06-23T18:21:00,1782206460.0,PAYMENT,payment.execute,17100.0,U002-R022,MERCHANT,SHOPPING,SUCCESS,NOT_EVALUATED,914117.4230242745,900000.0,2600000.0,balance.read|history.read|transfer.execute|payment.execute,hard_negative,PAYDAY_BURST,0,0,0,0
E0000674,U002-hard-PAYDAY_BURST-000,U002,2026-06-23T18:28:00,1782206880.0,PAYMENT,payment.execute,68400.0,U002-R016,MERCHANT,SIMPLE_PAY,SUCCESS,NOT_EVALUATED,914117.4230242745,900000.0,2600000.0,balance.read|history.read|transfer.execute|payment.execute,hard_negative,PAYDAY_BURST,0,0,0,0
E0000675,U002-hard-PAYDAY_BURST-000,U002,2026-06-23T18:35:00,1782207300.0,PAYMENT,payment.execute,7600.0,U002-R014,PERSON,P2P,SUCCESS,NOT_EVALUATED,914117.4230242745,900000.0,2600000.0,balance.read|history.read|transfer.execute|payment.execute,hard_negative,PAYDAY_BURST,0,0,0,0
E0000676,U002-normal-053,U002,2026-06-23T19:01:39,1782208899.0,PAYMENT,payment.execute,35800.0,U002-R018,MERCHANT,FOOD,SUCCESS,NOT_EVALUATED,914117.4230242745,900000.0,2600000.0,balance.read|history.read|transfer.execute|payment.execute,normal_user,DAILY_NORMAL,0,0,0,0
E0000677,U002-normal-053,U002,2026-06-23T20:38:29,1782214709.0,PAYMENT,payment.execute,40100.0,U002-R012,MERCHANT,SIMPLE_PAY,SUCCESS,NOT_EVALUATED,914117.4230242745,900000.0,2600000.0,balance.read|history.read|transfer.execute|payment.execute,normal_user,DAILY_NORMAL,0,0,0,0
E0000678,U002-normal-054,U002,2026-06-24T07:21:11,1782253271.0,PAYMENT,payment.execute,7000.0,U002-R007,MERCHANT,SHOPPING,SUCCESS,NOT_EVALUATED,914117.4230242745,900000.0,2600000.0,balance.read|history.read|transfer.execute|payment.execute,normal_user,DAILY_NORMAL,0,0,0,0
E0000679,U002-normal-054,U002,2026-06-24T22:47:54,1782308874.0,PAYMENT,payment.execute,10400.0,U002-R032,MERCHANT,ETC,SUCCESS,NOT_EVALUATED,914117.4230242745,900000.0,2600000.0,balance.read|history.read|transfer.execute|payment.execute,normal_user,DAILY_NORMAL,0,0,0,0
E0000680,U002-agent-normal-006,U002,2026-06-24T22:49:26,1782308966.0,TRANSFER,transfer.execute,116000.0,U002-R024,MERCHANT,CONVENIENCE,SUCCESS,NOT_EVALUATED,914117.4230242745,900000.0,2600000.0,balance.read|history.read|transfer.execute|payment.execute,normal_agent,DELEGATED_NORMAL,0,0,0,0
E0000681,U002-normal-054,U002,2026-06-24T23:19:27,1782310767.0,PAYMENT,payment.execute,78400.0,U002-R003,MERCHANT,SHOPPING,SUCCESS,NOT_EVALUATED,914117.4230242745,900000.0,2600000.0,balance.read|history.read|transfer.execute|payment.execute,normal_user,DAILY_NORMAL,0,0,0,0
E0000682,U002-normal-055,U002,2026-06-25T16:14:55,1782371695.0,PAYMENT,payment.execute,18400.0,U002-R011,MERCHANT,CONVENIENCE,SUCCESS,NOT_EVALUATED,914117.4230242745,900000.0,2600000.0,balance.read|history.read|transfer.execute|payment.execute,normal_user,DAILY_NORMAL,0,0,0,0
E0000683,U002-normal-055,U002,2026-06-25T18:36:00,1782380160.0,TRANSFER,transfer.execute,605000.0,U002-R032,MERCHANT,ETC,SUCCESS,NOT_EVALUATED,914117.4230242745,900000.0,2600000.0,balance.read|history.read|transfer.execute|payment.execute,normal_user,RECURRING_NORMAL,0,0,0,0
E0000684,U002-normal-055,U002,2026-06-25T20:22:16,1782386536.0,PAYMENT,payment.execute,40600.0,U002-R004,MERCHANT,SIMPLE_PAY,SUCCESS,NOT_EVALUATED,914117.4230242745,900000.0,2600000.0,balance.read|history.read|transfer.execute|payment.execute,normal_user,DAILY_NORMAL,0,0,0,0
E0000685,U002-normal-055,U002,2026-06-25T23:55:23,1782399323.0,PAYMENT,payment.execute,101600.0,U002-R028,MERCHANT,SHOPPING,SUCCESS,NOT_EVALUATED,914117.4230242745,900000.0,2600000.0,balance.read|history.read|transfer.execute|payment.execute,normal_user,DAILY_NORMAL,0,0,0,0
E0000686,U002-normal-056,U002,2026-06-26T10:33:02,1782437582.0,PAYMENT,payment.execute,59600.0,U002-R007,MERCHANT,SHOPPING,SUCCESS,NOT_EVALUATED,914117.4230242745,900000.0,2600000.0,balance.read|history.read|transfer.execute|payment.execute,normal_user,DAILY_NORMAL,0,0,0,0
E0000687,U002-normal-056,U002,2026-06-26T16:18:00,1782458280.0,PAYMENT,payment.execute,8000.0,U002-R026,MERCHANT,SUBSCRIPTION,SUCCESS,NOT_EVALUATED,914117.4230242745,900000.0,2600000.0,balance.read|history.read|transfer.execute|payment.execute,normal_user,DAILY_NORMAL,0,0,0,0
E0000688,U002-normal-056,U002,2026-06-26T16:38:42,1782459522.0,TRANSFER,transfer.execute,29000.0,U002-R010,PERSON,P2P,SUCCESS,NOT_EVALUATED,914117.4230242745,900000.0,2600000.0,balance.read|history.read|transfer.execute|payment.execute,normal_user,DAILY_NORMAL,0,0,0,0
E0000689,U002-normal-056,U002,2026-06-26T17:49:17,1782463757.0,PAYMENT,payment.execute,15400.0,U002-R016,MERCHANT,SIMPLE_PAY,SUCCESS,NOT_EVALUATED,914117.4230242745,900000.0,2600000.0,balance.read|history.read|transfer.execute|payment.execute,normal_user,DAILY_NORMAL,0,0,0,0
E0000690,U002-normal-056,U002,2026-06-26T18:54:45,1782467685.0,PAYMENT,payment.execute,22600.0,U002-R029,MERCHANT,SHOPPING,SUCCESS,NOT_EVALUATED,914117.4230242745,900000.0,2600000.0,balance.read|history.read|transfer.execute|payment.execute,normal_user,DAILY_NORMAL,0,0,0,0
E0000691,U002-agent-normal-022,U002,2026-06-26T19:16:29,1782468989.0,TRANSFER,transfer.execute,28900.0,U002-R019,MERCHANT,TRANSPORT,SUCCESS,NOT_EVALUATED,914117.4230242745,900000.0,2600000.0,balance.read|history.read|transfer.execute|payment.execute,normal_agent,DELEGATED_NORMAL,0,0,0,0
E0000692,U002-normal-057,U002,2026-06-27T02:48:32,1782496112.0,PAYMENT,payment.execute,17500.0,U002-R003,MERCHANT,SHOPPING,SUCCESS,NOT_EVALUATED,914117.4230242745,900000.0,2600000.0,balance.read|history.read|transfer.execute|payment.execute,normal_user,DAILY_NORMAL,0,0,0,0
E0000693,U002-normal-057,U002,2026-06-27T16:09:00,1782544140.0,PAYMENT,payment.execute,22100.0,U002-R026,MERCHANT,SUBSCRIPTION,SUCCESS,NOT_EVALUATED,914117.4230242745,900000.0,2600000.0,balance.read|history.read|transfer.execute|payment.execute,normal_user,DAILY_NORMAL,0,0,0,0
E0000694,U002-normal-057,U002,2026-06-27T17:14:55,1782548095.0,PAYMENT,payment.execute,133800.0,U002-R032,MERCHANT,ETC,SUCCESS,NOT_EVALUATED,914117.4230242745,900000.0,2600000.0,balance.read|history.read|transfer.execute|payment.execute,normal_user,DAILY_NORMAL,0,0,0,0
E0000695,U002-normal-057,U002,2026-06-27T20:03:35,1782558215.0,PAYMENT,payment.execute,101300.0,U002-R004,MERCHANT,SIMPLE_PAY,SUCCESS,NOT_EVALUATED,914117.4230242745,900000.0,2600000.0,balance.read|history.read|transfer.execute|payment.execute,normal_user,DAILY_NORMAL,0,0,0,0
E0000696,U002-normal-058,U002,2026-06-28T11:41:25,1782614485.0,PAYMENT,payment.execute,17300.0,U002-R016,MERCHANT,SIMPLE_PAY,SUCCESS,NOT_EVALUATED,914117.4230242745,900000.0,2600000.0,balance.read|history.read|transfer.execute|payment.execute,normal_user,DAILY_NORMAL,0,0,0,0
E0000697,U002-agent-normal-028,U002,2026-06-28T15:37:11,1782628631.0,PAYMENT,payment.execute,29500.0,U002-R013,MERCHANT,CONVENIENCE,SUCCESS,NOT_EVALUATED,914117.4230242745,900000.0,2600000.0,balance.read|history.read|transfer.execute|payment.execute,normal_agent,DELEGATED_NORMAL,0,0,0,0
E0000698,U002-normal-058,U002,2026-06-28T18:30:00,1782639000.0,PAYMENT,payment.execute,14900.0,U002-R017,MERCHANT,SUBSCRIPTION,SUCCESS,NOT_EVALUATED,914117.4230242745,900000.0,2600000.0,balance.read|history.read|transfer.execute|payment.execute,normal_user,RECURRING_NORMAL,0,0,0,0
E0000699,U002-normal-059,U002,2026-06-29T01:28:26,1782664106.0,PAYMENT,payment.execute,6700.0,U002-R001,MERCHANT,SHOPPING,SUCCESS,NOT_EVALUATED,914117.4230242745,900000.0,2600000.0,balance.read|history.read|transfer.execute|payment.execute,normal_user,DAILY_NORMAL,0,0,0,0
E0000700,U002-hard-SUBSCRIPTION_BURST-003,U002,2026-06-29T09:00:00,1782691200.0,PAYMENT,payment.execute,9900.0,U002-R026,MERCHANT,SUBSCRIPTION,SUCCESS,NOT_EVALUATED,914117.4230242745,900000.0,2600000.0,balance.read|history.read|transfer.execute|payment.execute,hard_negative,SUBSCRIPTION_BURST,0,0,0,0
E0000701,U002-hard-SUBSCRIPTION_BURST-003,U002,2026-06-29T09:11:00,1782691860.0,PAYMENT,payment.execute,14900.0,U002-R026,MERCHANT,SUBSCRIPTION,SUCCESS,NOT_EVALUATED,914117.4230242745,900000.0,2600000.0,balance.read|history.read|transfer.execute|payment.execute,hard_negative,SUBSCRIPTION_BURST,0,0,0,0
E0000702,U002-hard-SUBSCRIPTION_BURST-003,U002,2026-06-29T09:22:00,1782692520.0,PAYMENT,payment.execute,14900.0,U002-R015,MERCHANT,SUBSCRIPTION,SUCCESS,NOT_EVALUATED,914117.4230242745,900000.0,2600000.0,balance.read|history.read|transfer.execute|payment.execute,hard_negative,SUBSCRIPTION_BURST,0,0,0,0
E0000703,U002-hard-SUBSCRIPTION_BURST-003,U002,2026-06-29T09:33:00,1782693180.0,PAYMENT,payment.execute,49000.0,U002-R026,MERCHANT,SUBSCRIPTION,SUCCESS,NOT_EVALUATED,914117.4230242745,900000.0,2600000.0,balance.read|history.read|transfer.execute|payment.execute,hard_negative,SUBSCRIPTION_BURST,0,0,0,0
E0000704,U002-hard-SUBSCRIPTION_BURST-003,U002,2026-06-29T09:44:00,1782693840.0,PAYMENT,payment.execute,9900.0,U002-R023,MERCHANT,SUBSCRIPTION,SUCCESS,NOT_EVALUATED,914117.4230242745,900000.0,2600000.0,balance.read|history.read|transfer.execute|payment.execute,hard_negative,SUBSCRIPTION_BURST,0,0,0,0
E0000705,U002-normal-059,U002,2026-06-29T10:51:34,1782697894.0,PAYMENT,payment.execute,388300.0,U002-R004,MERCHANT,SIMPLE_PAY,SUCCESS,NOT_EVALUATED,914117.4230242745,900000.0,2600000.0,balance.read|history.read|transfer.execute|payment.execute,normal_user,DAILY_NORMAL,0,0,0,0
E0000706,U002-normal-059,U002,2026-06-29T16:30:23,1782718223.0,PAYMENT,payment.execute,13900.0,U002-R002,MERCHANT,SHOPPING,SUCCESS,NOT_EVALUATED,914117.4230242745,900000.0,2600000.0,balance.read|history.read|transfer.execute|payment.execute,normal_user,DAILY_NORMAL,0,0,0,0
E0000707,U002-normal-059,U002,2026-06-29T18:42:44,1782726164.0,PAYMENT,payment.execute,30900.0,U002-R016,MERCHANT,SIMPLE_PAY,SUCCESS,NOT_EVALUATED,914117.4230242745,900000.0,2600000.0,balance.read|history.read|transfer.execute|payment.execute,normal_user,DAILY_NORMAL,0,0,0,0
E0000708,U002-normal-059,U002,2026-06-29T19:24:16,1782728656.0,PAYMENT,payment.execute,125400.0,U002-R001,MERCHANT,SHOPPING,SUCCESS,NOT_EVALUATED,914117.4230242745,900000.0,2600000.0,balance.read|history.read|transfer.execute|payment.execute,normal_user,DAILY_NORMAL,0,0,0,0
E0000709,U002-normal-059,U002,2026-06-29T21:43:26,1782737006.0,TRANSFER,transfer.execute,4300.0,U002-R014,PERSON,P2P,SUCCESS,NOT_EVALUATED,914117.4230242745,900000.0,2600000.0,balance.read|history.read|transfer.execute|payment.execute,normal_user,DAILY_NORMAL,0,0,0,0
E0000710,U002-normal-060,U002,2026-06-30T08:01:28,1782774088.0,PAYMENT,payment.execute,5600.0,U002-R033,MERCHANT,FOOD,SUCCESS,NOT_EVALUATED,914117.4230242745,900000.0,2600000.0,balance.read|history.read|transfer.execute|payment.execute,normal_user,DAILY_NORMAL,0,0,0,0
E0000711,U002-normal-060,U002,2026-06-30T08:15:22,1782774922.0,PAYMENT,payment.execute,3200.0,U002-R006,MERCHANT,SHOPPING,SUCCESS,NOT_EVALUATED,914117.4230242745,900000.0,2600000.0,balance.read|history.read|transfer.execute|payment.execute,normal_user,DAILY_NORMAL,0,0,0,0
E0000712,U002-misuse-UNAUTHORIZED_TOOL-006,U002,2026-06-30T10:01:00,1782781260.0,LIMIT_MODIFY,limit.modify,0.0,U002-N501462,MERCHANT,SECURITIES,SUCCESS,NOT_EVALUATED,914117.4230242745,900000.0,2600000.0,balance.read|history.read|transfer.execute|payment.execute,agent_misuse,UNAUTHORIZED_TOOL,1,0,1,1
E0000713,U002-misuse-UNAUTHORIZED_TOOL-006,U002,2026-06-30T10:10:00,1782781800.0,INVEST_ORDER,invest.order,540000.0,U002-N299038,MERCHANT,SECURITIES,SUCCESS,NOT_EVALUATED,914117.4230242745,900000.0,2600000.0,balance.read|history.read|transfer.execute|payment.execute,agent_misuse,UNAUTHORIZED_TOOL,1,0,1,1
E0000714,U002-misuse-UNAUTHORIZED_TOOL-006,U002,2026-06-30T10:19:00,1782782340.0,CARD_ISSUE,card.issue,0.0,U002-N854147,MERCHANT,SECURITIES,SUCCESS,NOT_EVALUATED,914117.4230242745,900000.0,2600000.0,balance.read|history.read|transfer.execute|payment.execute,agent_misuse,UNAUTHORIZED_TOOL,1,0,1,1
E0000715,U002-normal-060,U002,2026-06-30T12:40:08,1782790808.0,PAYMENT,payment.execute,33500.0,U002-R013,MERCHANT,CONVENIENCE,SUCCESS,NOT_EVALUATED,914117.4230242745,900000.0,2600000.0,balance.read|history.read|transfer.execute|payment.execute,normal_user,DAILY_NORMAL,0,0,0,0
E0000716,U002-normal-060,U002,2026-06-30T20:48:15,1782820095.0,PAYMENT,payment.execute,4700.0,U002-R012,MERCHANT,SIMPLE_PAY,SUCCESS,NOT_EVALUATED,914117.4230242745,900000.0,2600000.0,balance.read|history.read|transfer.execute|payment.execute,normal_user,DAILY_NORMAL,0,0,0,0
E0000717,U002-normal-061,U002,2026-07-01T14:18:57,1782883137.0,PAYMENT,payment.execute,64100.0,U002-R000,MERCHANT,SHOPPING,SUCCESS,NOT_EVALUATED,914117.4230242745,900000.0,2600000.0,balance.read|history.read|transfer.execute|payment.execute,normal_user,DAILY_NORMAL,0,0,0,0
E0000718,U002-normal-061,U002,2026-07-01T15:21:45,1782886905.0,PAYMENT,payment.execute,56200.0,U002-R009,MERCHANT,CONVENIENCE,SUCCESS,NOT_EVALUATED,914117.4230242745,900000.0,2600000.0,balance.read|history.read|transfer.execute|payment.execute,normal_user,DAILY_NORMAL,0,0,0,0
E0000719,U002-normal-061,U002,2026-07-01T18:27:37,1782898057.0,TRANSFER,transfer.execute,411300.0,U002-R014,PERSON,P2P,SUCCESS,NOT_EVALUATED,914117.4230242745,900000.0,2600000.0,balance.read|history.read|transfer.execute|payment.execute,normal_user,DAILY_NORMAL,0,0,0,0
E0000720,U002-normal-061,U002,2026-07-01T19:44:03,1782902643.0,PAYMENT,payment.execute,5900.0,U002-R000,MERCHANT,SHOPPING,SUCCESS,NOT_EVALUATED,914117.4230242745,900000.0,2600000.0,balance.read|history.read|transfer.execute|payment.execute,normal_user,DAILY_NORMAL,0,0,0,0
E0000721,U002-normal-061,U002,2026-07-01T20:18:38,1782904718.0,PAYMENT,payment.execute,236500.0,U002-R022,MERCHANT,SHOPPING,SUCCESS,NOT_EVALUATED,914117.4230242745,900000.0,2600000.0,balance.read|history.read|transfer.execute|payment.execute,normal_user,DAILY_NORMAL,0,0,0,0
E0000722,U002-normal-061,U002,2026-07-01T21:14:57,1782908097.0,PAYMENT,payment.execute,25200.0,U002-R020,MERCHANT,SIMPLE_PAY,SUCCESS,NOT_EVALUATED,914117.4230242745,900000.0,2600000.0,balance.read|history.read|transfer.execute|payment.execute,normal_user,DAILY_NORMAL,0,0,0,0
E0000723,U002-normal-062,U002,2026-07-02T09:26:41,1782952001.0,PAYMENT,payment.execute,22400.0,U002-R020,MERCHANT,SIMPLE_PAY,SUCCESS,NOT_EVALUATED,914117.4230242745,900000.0,2600000.0,balance.read|history.read|transfer.execute|payment.execute,normal_user,DAILY_NORMAL,0,0,0,0
E0000724,U002-normal-062,U002,2026-07-02T10:16:08,1782954968.0,PAYMENT,payment.execute,24100.0,U002-R016,MERCHANT,SIMPLE_PAY,SUCCESS,NOT_EVALUATED,914117.4230242745,900000.0,2600000.0,balance.read|history.read|transfer.execute|payment.execute,normal_user,DAILY_NORMAL,0,0,0,0
E0000725,U002-normal-062,U002,2026-07-02T13:05:28,1782965128.0,PAYMENT,payment.execute,39900.0,U002-R002,MERCHANT,SHOPPING,SUCCESS,NOT_EVALUATED,914117.4230242745,900000.0,2600000.0,balance.read|history.read|transfer.execute|payment.execute,normal_user,DAILY_NORMAL,0,0,0,0
E0000726,U002-normal-063,U002,2026-07-03T08:49:57,1783036197.0,PAYMENT,payment.execute,52800.0,U002-R032,MERCHANT,ETC,SUCCESS,NOT_EVALUATED,914117.4230242745,900000.0,2600000.0,balance.read|history.read|transfer.execute|payment.execute,normal_user,DAILY_NORMAL,0,0,0,0
E0000727,U002-normal-063,U002,2026-07-03T09:13:14,1783037594.0,PAYMENT,payment.execute,36300.0,U002-R016,MERCHANT,SIMPLE_PAY,SUCCESS,NOT_EVALUATED,914117.4230242745,900000.0,2600000.0,balance.read|history.read|transfer.execute|payment.execute,normal_user,DAILY_NORMAL,0,0,0,0
E0000728,U002-normal-063,U002,2026-07-03T12:09:26,1783048166.0,PAYMENT,payment.execute,32400.0,U002-R023,MERCHANT,SUBSCRIPTION,SUCCESS,NOT_EVALUATED,914117.4230242745,900000.0,2600000.0,balance.read|history.read|transfer.execute|payment.execute,normal_user,DAILY_NORMAL,0,0,0,0
E0000729,U002-agent-normal-032,U002,2026-07-03T13:48:49,1783054129.0,TRANSFER,transfer.execute,41700.0,U002-R027,MERCHANT,SHOPPING,SUCCESS,NOT_EVALUATED,914117.4230242745,900000.0,2600000.0,balance.read|history.read|transfer.execute|payment.execute,normal_agent,DELEGATED_NORMAL,0,0,0,0
E0000730,U002-normal-063,U002,2026-07-03T15:59:36,1783061976.0,PAYMENT,payment.execute,50600.0,U002-R016,MERCHANT,SIMPLE_PAY,SUCCESS,NOT_EVALUATED,914117.4230242745,900000.0,2600000.0,balance.read|history.read|transfer.execute|payment.execute,normal_user,DAILY_NORMAL,0,0,0,0
E0000731,U002-normal-063,U002,2026-07-03T18:27:41,1783070861.0,PAYMENT,payment.execute,7300.0,U002-R018,MERCHANT,FOOD,SUCCESS,NOT_EVALUATED,914117.4230242745,900000.0,2600000.0,balance.read|history.read|transfer.execute|payment.execute,normal_user,DAILY_NORMAL,0,0,0,0
E0000732,U002-normal-064,U002,2026-07-04T07:20:22,1783117222.0,PAYMENT,payment.execute,39100.0,U002-R009,MERCHANT,CONVENIENCE,SUCCESS,NOT_EVALUATED,914117.4230242745,900000.0,2600000.0,balance.read|history.read|transfer.execute|payment.execute,normal_user,DAILY_NORMAL,0,0,0,0
E0000733,U002-normal-064,U002,2026-07-04T12:02:14,1783134134.0,PAYMENT,payment.execute,599900.0,U002-R000,MERCHANT,SHOPPING,SUCCESS,NOT_EVALUATED,914117.4230242745,900000.0,2600000.0,balance.read|history.read|transfer.execute|payment.execute,normal_user,DAILY_NORMAL,0,0,0,0
E0000734,U002-normal-064,U002,2026-07-04T12:09:44,1783134584.0,PAYMENT,payment.execute,15800.0,U002-R012,MERCHANT,SIMPLE_PAY,SUCCESS,NOT_EVALUATED,914117.4230242745,900000.0,2600000.0,balance.read|history.read|transfer.execute|payment.execute,normal_user,DAILY_NORMAL,0,0,0,0
E0000735,U002-normal-064,U002,2026-07-04T21:15:50,1783167350.0,PAYMENT,payment.execute,31300.0,U002-R024,MERCHANT,CONVENIENCE,SUCCESS,NOT_EVALUATED,914117.4230242745,900000.0,2600000.0,balance.read|history.read|transfer.execute|payment.execute,normal_user,DAILY_NORMAL,0,0,0,0
E0000736,U002-normal-065,U002,2026-07-05T01:57:47,1783184267.0,PAYMENT,payment.execute,12100.0,U002-R008,MERCHANT,SHOPPING,SUCCESS,NOT_EVALUATED,914117.4230242745,900000.0,2600000.0,balance.read|history.read|transfer.execute|payment.execute,normal_user,DAILY_NORMAL,0,0,0,0
E0000737,U002-normal-065,U002,2026-07-05T13:56:14,1783227374.0,PAYMENT,payment.execute,37200.0,U002-R012,MERCHANT,SIMPLE_PAY,SUCCESS,NOT_EVALUATED,914117.4230242745,900000.0,2600000.0,balance.read|history.read|transfer.execute|payment.execute,normal_user,DAILY_NORMAL,0,0,0,0
E0000738,U002-normal-065,U002,2026-07-05T18:46:01,1783244761.0,PAYMENT,payment.execute,40200.0,U002-R033,MERCHANT,FOOD,SUCCESS,NOT_EVALUATED,914117.4230242745,900000.0,2600000.0,balance.read|history.read|transfer.execute|payment.execute,normal_user,DAILY_NORMAL,0,0,0,0
E0000739,U002-normal-065,U002,2026-07-05T23:57:22,1783263442.0,PAYMENT,payment.execute,675000.0,U002-R032,MERCHANT,ETC,SUCCESS,NOT_EVALUATED,914117.4230242745,900000.0,2600000.0,balance.read|history.read|transfer.execute|payment.execute,normal_user,DAILY_NORMAL,0,0,0,0
E0000740,U002-normal-066,U002,2026-07-06T07:24:38,1783290278.0,PAYMENT,payment.execute,4200.0,U002-R026,MERCHANT,SUBSCRIPTION,SUCCESS,NOT_EVALUATED,914117.4230242745,900000.0,2600000.0,balance.read|history.read|transfer.execute|payment.execute,normal_user,DAILY_NORMAL,0,0,0,0
E0000741,U002-normal-066,U002,2026-07-06T12:36:35,1783308995.0,TRANSFER,transfer.execute,15200.0,U002-R005,PERSON,P2P,SUCCESS,NOT_EVALUATED,914117.4230242745,900000.0,2600000.0,balance.read|history.read|transfer.execute|payment.execute,normal_user,DAILY_NORMAL,0,0,0,0
E0000742,U002-normal-067,U002,2026-07-07T09:14:31,1783383271.0,PAYMENT,payment.execute,16600.0,U002-R013,MERCHANT,CONVENIENCE,SUCCESS,NOT_EVALUATED,914117.4230242745,900000.0,2600000.0,balance.read|history.read|transfer.execute|payment.execute,normal_user,DAILY_NORMAL,0,0,0,0
E0000743,U002-normal-068,U002,2026-07-08T00:32:41,1783438361.0,PAYMENT,payment.execute,20400.0,U002-R019,MERCHANT,TRANSPORT,SUCCESS,NOT_EVALUATED,914117.4230242745,900000.0,2600000.0,balance.read|history.read|transfer.execute|payment.execute,normal_user,DAILY_NORMAL,0,0,0,0
E0000744,U002-normal-068,U002,2026-07-08T13:42:22,1783485742.0,TRANSFER,transfer.execute,34700.0,U002-R010,PERSON,P2P,SUCCESS,NOT_EVALUATED,914117.4230242745,900000.0,2600000.0,balance.read|history.read|transfer.execute|payment.execute,normal_user,DAILY_NORMAL,0,0,0,0
E0000745,U002-normal-068,U002,2026-07-08T15:57:52,1783493872.0,PAYMENT,payment.execute,12700.0,U002-R012,MERCHANT,SIMPLE_PAY,SUCCESS,NOT_EVALUATED,914117.4230242745,900000.0,2600000.0,balance.read|history.read|transfer.execute|payment.execute,normal_user,DAILY_NORMAL,0,0,0,0
E0000746,U002-normal-068,U002,2026-07-08T21:29:47,1783513787.0,PAYMENT,payment.execute,12900.0,U002-R012,MERCHANT,SIMPLE_PAY,SUCCESS,NOT_EVALUATED,914117.4230242745,900000.0,2600000.0,balance.read|history.read|transfer.execute|payment.execute,normal_user,DAILY_NORMAL,0,0,0,0
E0000747,U002-normal-069,U002,2026-07-09T10:07:52,1783559272.0,PAYMENT,payment.execute,7500.0,U002-R011,MERCHANT,CONVENIENCE,SUCCESS,NOT_EVALUATED,914117.4230242745,900000.0,2600000.0,balance.read|history.read|transfer.execute|payment.execute,normal_user,DAILY_NORMAL,0,0,0,0
E0000748,U002-normal-069,U002,2026-07-09T12:04:55,1783566295.0,PAYMENT,payment.execute,16900.0,U002-R000,MERCHANT,SHOPPING,SUCCESS,NOT_EVALUATED,914117.4230242745,900000.0,2600000.0,balance.read|history.read|transfer.execute|payment.execute,normal_user,DAILY_NORMAL,0,0,0,0
E0000749,U002-agent-normal-027,U002,2026-07-09T12:54:50,1783569290.0,PAYMENT,payment.execute,900.0,U002-R009,MERCHANT,CONVENIENCE,SUCCESS,NOT_EVALUATED,914117.4230242745,900000.0,2600000.0,balance.read|history.read|transfer.execute|payment.execute,normal_agent,DELEGATED_NORMAL,0,0,0,0
E0000750,U002-normal-069,U002,2026-07-09T18:25:00,1783589100.0,PAYMENT,payment.execute,63000.0,U002-R028,MERCHANT,SHOPPING,SUCCESS,NOT_EVALUATED,914117.4230242745,900000.0,2600000.0,balance.read|history.read|transfer.execute|payment.execute,normal_user,RECURRING_NORMAL,0,0,0,0
E0000751,U002-normal-069,U002,2026-07-09T23:21:17,1783606877.0,PAYMENT,payment.execute,26400.0,U002-R026,MERCHANT,SUBSCRIPTION,SUCCESS,NOT_EVALUATED,914117.4230242745,900000.0,2600000.0,balance.read|history.read|transfer.execute|payment.execute,normal_user,DAILY_NORMAL,0,0,0,0
E0000752,U002-normal-070,U002,2026-07-10T19:43:47,1783680227.0,PAYMENT,payment.execute,69100.0,U002-R021,MERCHANT,SHOPPING,SUCCESS,NOT_EVALUATED,914117.4230242745,900000.0,2600000.0,balance.read|history.read|transfer.execute|payment.execute,normal_user,DAILY_NORMAL,0,0,0,0
E0000753,U002-normal-070,U002,2026-07-10T19:49:48,1783680588.0,PAYMENT,payment.execute,36400.0,U002-R013,MERCHANT,CONVENIENCE,SUCCESS,NOT_EVALUATED,914117.4230242745,900000.0,2600000.0,balance.read|history.read|transfer.execute|payment.execute,normal_user,DAILY_NORMAL,0,0,0,0
E0000754,U002-normal-070,U002,2026-07-10T20:48:34,1783684114.0,PAYMENT,payment.execute,49400.0,U002-R031,MERCHANT,TRANSPORT,SUCCESS,NOT_EVALUATED,914117.4230242745,900000.0,2600000.0,balance.read|history.read|transfer.execute|payment.execute,normal_user,DAILY_NORMAL,0,0,0,0
E0000755,U002-normal-071,U002,2026-07-11T10:24:32,1783733072.0,PAYMENT,payment.execute,9400.0,U002-R016,MERCHANT,SIMPLE_PAY,SUCCESS,NOT_EVALUATED,914117.4230242745,900000.0,2600000.0,balance.read|history.read|transfer.execute|payment.execute,normal_user,DAILY_NORMAL,0,0,0,0
E0000756,U002-normal-071,U002,2026-07-11T11:27:11,1783736831.0,PAYMENT,payment.execute,39200.0,U002-R020,MERCHANT,SIMPLE_PAY,SUCCESS,NOT_EVALUATED,914117.4230242745,900000.0,2600000.0,balance.read|history.read|transfer.execute|payment.execute,normal_user,DAILY_NORMAL,0,0,0,0
E0000757,U002-hard-EMERGENCY_LARGE_TRANSFER-004,U002,2026-07-11T11:40:00,1783737600.0,TRANSFER,transfer.execute,792000.0,U002-N406574,PERSON,P2P,SUCCESS,NOT_EVALUATED,914117.4230242745,900000.0,2600000.0,balance.read|history.read|transfer.execute|payment.execute,hard_negative,EMERGENCY_LARGE_TRANSFER,0,0,0,1
E0000758,U002-normal-071,U002,2026-07-11T13:33:14,1783744394.0,PAYMENT,payment.execute,15600.0,U002-R033,MERCHANT,FOOD,SUCCESS,NOT_EVALUATED,914117.4230242745,900000.0,2600000.0,balance.read|history.read|transfer.execute|payment.execute,normal_user,DAILY_NORMAL,0,0,0,0
E0000759,U002-normal-071,U002,2026-07-11T14:11:55,1783746715.0,PAYMENT,payment.execute,15200.0,U002-R002,MERCHANT,SHOPPING,SUCCESS,NOT_EVALUATED,914117.4230242745,900000.0,2600000.0,balance.read|history.read|transfer.execute|payment.execute,normal_user,DAILY_NORMAL,0,0,0,0
E0000760,U002-normal-071,U002,2026-07-11T22:59:22,1783778362.0,PAYMENT,payment.execute,26600.0,U002-R033,MERCHANT,FOOD,SUCCESS,NOT_EVALUATED,914117.4230242745,900000.0,2600000.0,balance.read|history.read|transfer.execute|payment.execute,normal_user,DAILY_NORMAL,0,0,0,0
E0000761,U002-normal-071,U002,2026-07-11T23:08:09,1783778889.0,PAYMENT,payment.execute,51600.0,U002-R016,MERCHANT,SIMPLE_PAY,SUCCESS,NOT_EVALUATED,914117.4230242745,900000.0,2600000.0,balance.read|history.read|transfer.execute|payment.execute,normal_user,DAILY_NORMAL,0,0,0,0
E0000762,U002-agent-normal-017,U002,2026-07-12T11:26:43,1783823203.0,BALANCE_READ,balance.read,0.0,U002-R033,MERCHANT,FOOD,SUCCESS,NOT_EVALUATED,914117.4230242745,900000.0,2600000.0,balance.read|history.read|transfer.execute|payment.execute,normal_agent,DELEGATED_NORMAL,0,0,0,0
E0000763,U002-normal-072,U002,2026-07-12T19:54:54,1783853694.0,PAYMENT,payment.execute,33200.0,U002-R025,MERCHANT,SHOPPING,SUCCESS,NOT_EVALUATED,914117.4230242745,900000.0,2600000.0,balance.read|history.read|transfer.execute|payment.execute,normal_user,DAILY_NORMAL,0,0,0,0
E0000764,U002-normal-072,U002,2026-07-12T21:47:35,1783860455.0,PAYMENT,payment.execute,103200.0,U002-R017,MERCHANT,SUBSCRIPTION,SUCCESS,NOT_EVALUATED,914117.4230242745,900000.0,2600000.0,balance.read|history.read|transfer.execute|payment.execute,normal_user,DAILY_NORMAL,0,0,0,0
E0000765,U002-normal-073,U002,2026-07-13T03:08:16,1783879696.0,PAYMENT,payment.execute,126300.0,U002-R007,MERCHANT,SHOPPING,SUCCESS,NOT_EVALUATED,914117.4230242745,900000.0,2600000.0,balance.read|history.read|transfer.execute|payment.execute,normal_user,DAILY_NORMAL,0,0,0,0
E0000766,U002-agent-normal-016,U002,2026-07-13T16:53:09,1783929189.0,HISTORY_READ,history.read,0.0,U002-R022,MERCHANT,SHOPPING,SUCCESS,NOT_EVALUATED,914117.4230242745,900000.0,2600000.0,balance.read|history.read|transfer.execute|payment.execute,normal_agent,DELEGATED_NORMAL,0,0,0,0
E0000767,U002-normal-074,U002,2026-07-14T11:51:49,1783997509.0,PAYMENT,payment.execute,64500.0,U002-R027,MERCHANT,SHOPPING,SUCCESS,NOT_EVALUATED,914117.4230242745,900000.0,2600000.0,balance.read|history.read|transfer.execute|payment.execute,normal_user,DAILY_NORMAL,0,0,0,0
E0000768,U002-normal-074,U002,2026-07-14T12:00:13,1783998013.0,PAYMENT,payment.execute,234200.0,U002-R013,MERCHANT,CONVENIENCE,SUCCESS,NOT_EVALUATED,914117.4230242745,900000.0,2600000.0,balance.read|history.read|transfer.execute|payment.execute,normal_user,DAILY_NORMAL,0,0,0,0
E0000769,U002-normal-074,U002,2026-07-14T18:34:42,1784021682.0,PAYMENT,payment.execute,17500.0,U002-R023,MERCHANT,SUBSCRIPTION,SUCCESS,NOT_EVALUATED,914117.4230242745,900000.0,2600000.0,balance.read|history.read|transfer.execute|payment.execute,normal_user,DAILY_NORMAL,0,0,0,0
E0000770,U002-paysim-fraud-001,U002,2026-07-15T04:38:00,1784057880.0,TRANSFER,transfer.execute,2699185.051011532,U002-N418760,PERSON,P2P,SUCCESS,NOT_EVALUATED,2764185.051011532,900000.0,2600000.0,balance.read|history.read|transfer.execute|payment.execute,paysim_fraud,ACCOUNT_DRAIN_TRANSFER,1,1,1,1
E0000771,U002-paysim-fraud-001,U002,2026-07-15T04:42:00,1784058120.0,TRANSFER,transfer.execute,326724.40473875497,U002-N418760,PERSON,P2P,SUCCESS,NOT_EVALUATED,914117.4230242745,900000.0,2600000.0,balance.read|history.read|transfer.execute|payment.execute,paysim_fraud,FOLLOW_UP_CASHOUT_PROXY,1,1,1,0
E0000772,U002-normal-075,U002,2026-07-15T06:59:46,1784066386.0,PAYMENT,payment.execute,22100.0,U002-R018,MERCHANT,FOOD,SUCCESS,NOT_EVALUATED,914117.4230242745,900000.0,2600000.0,balance.read|history.read|transfer.execute|payment.execute,normal_user,DAILY_NORMAL,0,0,0,0
E0000773,U002-normal-075,U002,2026-07-15T17:17:08,1784103428.0,PAYMENT,payment.execute,38600.0,U002-R024,MERCHANT,CONVENIENCE,SUCCESS,NOT_EVALUATED,914117.4230242745,900000.0,2600000.0,balance.read|history.read|transfer.execute|payment.execute,normal_user,DAILY_NORMAL,0,0,0,0
E0000774,U002-normal-076,U002,2026-07-16T08:44:46,1784159086.0,PAYMENT,payment.execute,12900.0,U002-R008,MERCHANT,SHOPPING,SUCCESS,NOT_EVALUATED,914117.4230242745,900000.0,2600000.0,balance.read|history.read|transfer.execute|payment.execute,normal_user,DAILY_NORMAL,0,0,0,0
E0000775,U002-normal-076,U002,2026-07-16T11:07:22,1784167642.0,PAYMENT,payment.execute,116700.0,U002-R009,MERCHANT,CONVENIENCE,SUCCESS,NOT_EVALUATED,914117.4230242745,900000.0,2600000.0,balance.read|history.read|transfer.execute|payment.execute,normal_user,DAILY_NORMAL,0,0,0,0
E0000776,U002-normal-076,U002,2026-07-16T13:23:05,1784175785.0,PAYMENT,payment.execute,103600.0,U002-R015,MERCHANT,SUBSCRIPTION,SUCCESS,NOT_EVALUATED,914117.4230242745,900000.0,2600000.0,balance.read|history.read|transfer.execute|payment.execute,normal_user,DAILY_NORMAL,0,0,0,0
E0000777,U002-normal-076,U002,2026-07-16T13:41:28,1784176888.0,PAYMENT,payment.execute,16600.0,U002-R000,MERCHANT,SHOPPING,SUCCESS,NOT_EVALUATED,914117.4230242745,900000.0,2600000.0,balance.read|history.read|transfer.execute|payment.execute,normal_user,DAILY_NORMAL,0,0,0,0
E0000778,U002-agent-normal-018,U002,2026-07-16T14:23:47,1784179427.0,PAYMENT,payment.execute,3100.0,U002-R025,MERCHANT,SHOPPING,SUCCESS,NOT_EVALUATED,914117.4230242745,900000.0,2600000.0,balance.read|history.read|transfer.execute|payment.execute,normal_agent,DELEGATED_NORMAL,0,0,0,0
E0000779,U002-normal-077,U002,2026-07-17T15:30:23,1784269823.0,PAYMENT,payment.execute,22800.0,U002-R033,MERCHANT,FOOD,SUCCESS,NOT_EVALUATED,914117.4230242745,900000.0,2600000.0,balance.read|history.read|transfer.execute|payment.execute,normal_user,DAILY_NORMAL,0,0,0,0
E0000780,U002-normal-077,U002,2026-07-17T22:33:50,1784295230.0,PAYMENT,payment.execute,23200.0,U002-R026,MERCHANT,SUBSCRIPTION,SUCCESS,NOT_EVALUATED,914117.4230242745,900000.0,2600000.0,balance.read|history.read|transfer.execute|payment.execute,normal_user,DAILY_NORMAL,0,0,0,0
E0000781,U002-normal-078,U002,2026-07-18T11:18:21,1784341101.0,PAYMENT,payment.execute,6900.0,U002-R006,MERCHANT,SHOPPING,SUCCESS,NOT_EVALUATED,914117.4230242745,900000.0,2600000.0,balance.read|history.read|transfer.execute|payment.execute,normal_user,DAILY_NORMAL,0,0,0,0
E0000782,U002-normal-078,U002,2026-07-18T12:38:26,1784345906.0,PAYMENT,payment.execute,77100.0,U002-R008,MERCHANT,SHOPPING,SUCCESS,NOT_EVALUATED,914117.4230242745,900000.0,2600000.0,balance.read|history.read|transfer.execute|payment.execute,normal_user,DAILY_NORMAL,0,0,0,0
E0000783,U002-misuse-LOW_AND_SLOW_ATTACK-008,U002,2026-07-18T13:17:00,1784348220.0,TRANSFER,transfer.execute,220500.53343344497,U002-N877757,PERSON,P2P,SUCCESS,NOT_EVALUATED,914117.4230242745,900000.0,2600000.0,balance.read|history.read|transfer.execute|payment.execute,agent_misuse,LOW_AND_SLOW_ATTACK,1,0,0,1
E0000784,U002-misuse-LOW_AND_SLOW_ATTACK-008,U002,2026-07-18T15:17:00,1784355420.0,TRANSFER,transfer.execute,395995.55737051513,U002-R005,PERSON,P2P,SUCCESS,NOT_EVALUATED,914117.4230242745,900000.0,2600000.0,balance.read|history.read|transfer.execute|payment.execute,agent_misuse,LOW_AND_SLOW_ATTACK,1,0,0,0
E0000785,U002-normal-078,U002,2026-07-18T15:49:46,1784357386.0,PAYMENT,payment.execute,164200.0,U002-R033,MERCHANT,FOOD,SUCCESS,NOT_EVALUATED,914117.4230242745,900000.0,2600000.0,balance.read|history.read|transfer.execute|payment.execute,normal_user,DAILY_NORMAL,0,0,0,0
E0000786,U002-normal-078,U002,2026-07-18T16:49:09,1784360949.0,PAYMENT,payment.execute,15800.0,U002-R001,MERCHANT,SHOPPING,SUCCESS,NOT_EVALUATED,914117.4230242745,900000.0,2600000.0,balance.read|history.read|transfer.execute|payment.execute,normal_user,DAILY_NORMAL,0,0,0,0
E0000787,U002-misuse-LOW_AND_SLOW_ATTACK-008,U002,2026-07-18T17:17:00,1784362620.0,TRANSFER,transfer.execute,481389.31292618706,U002-R030,PERSON,P2P,SUCCESS,NOT_EVALUATED,914117.4230242745,900000.0,2600000.0,balance.read|history.read|transfer.execute|payment.execute,agent_misuse,LOW_AND_SLOW_ATTACK,1,0,0,0
E0000788,U002-misuse-LOW_AND_SLOW_ATTACK-008,U002,2026-07-18T19:17:00,1784369820.0,TRANSFER,transfer.execute,298502.63253685593,U002-N246893,PERSON,P2P,SUCCESS,NOT_EVALUATED,914117.4230242745,900000.0,2600000.0,balance.read|history.read|transfer.execute|payment.execute,agent_misuse,LOW_AND_SLOW_ATTACK,1,0,0,1
E0000789,U002-misuse-LOW_AND_SLOW_ATTACK-008,U002,2026-07-18T21:17:00,1784377020.0,TRANSFER,transfer.execute,391042.467330774,U002-R014,PERSON,P2P,SUCCESS,NOT_EVALUATED,914117.4230242745,900000.0,2600000.0,balance.read|history.read|transfer.execute|payment.execute,agent_misuse,LOW_AND_SLOW_ATTACK,1,0,0,0
E0000790,U002-misuse-LOW_AND_SLOW_ATTACK-008,U002,2026-07-18T23:17:00,1784384220.0,TRANSFER,transfer.execute,356065.6375105965,U002-R010,PERSON,P2P,SUCCESS,NOT_EVALUATED,914117.4230242745,900000.0,2600000.0,balance.read|history.read|transfer.execute|payment.execute,agent_misuse,LOW_AND_SLOW_ATTACK,1,0,0,0
E0000791,U002-misuse-LOW_AND_SLOW_ATTACK-008,U002,2026-07-19T01:17:00,1784391420.0,TRANSFER,transfer.execute,381434.0467589467,U002-N661602,PERSON,P2P,SUCCESS,NOT_EVALUATED,914117.4230242745,900000.0,2600000.0,balance.read|history.read|transfer.execute|payment.execute,agent_misuse,LOW_AND_SLOW_ATTACK,1,0,0,1
E0000792,U002-misuse-LOW_AND_SLOW_ATTACK-008,U002,2026-07-19T03:17:00,1784398620.0,TRANSFER,transfer.execute,215444.13163209715,U002-R005,PERSON,P2P,SUCCESS,NOT_EVALUATED,914117.4230242745,900000.0,2600000.0,balance.read|history.read|transfer.execute|payment.execute,agent_misuse,LOW_AND_SLOW_ATTACK,1,0,0,0
E0000793,U002-normal-079,U002,2026-07-19T05:00:53,1784404853.0,PAYMENT,payment.execute,48000.0,U002-R004,MERCHANT,SIMPLE_PAY,SUCCESS,NOT_EVALUATED,914117.4230242745,900000.0,2600000.0,balance.read|history.read|transfer.execute|payment.execute,normal_user,DAILY_NORMAL,0,0,0,0
E0000794,U002-misuse-LOW_AND_SLOW_ATTACK-008,U002,2026-07-19T05:17:00,1784405820.0,TRANSFER,transfer.execute,472432.3877273256,U002-R010,PERSON,P2P,SUCCESS,NOT_EVALUATED,914117.4230242745,900000.0,2600000.0,balance.read|history.read|transfer.execute|payment.execute,agent_misuse,LOW_AND_SLOW_ATTACK,1,0,0,0
E0000795,U002-normal-079,U002,2026-07-19T06:48:21,1784411301.0,PAYMENT,payment.execute,78800.0,U002-R007,MERCHANT,SHOPPING,SUCCESS,NOT_EVALUATED,914117.4230242745,900000.0,2600000.0,balance.read|history.read|transfer.execute|payment.execute,normal_user,DAILY_NORMAL,0,0,0,0
E0000796,U002-misuse-LOW_AND_SLOW_ATTACK-008,U002,2026-07-19T07:17:00,1784413020.0,TRANSFER,transfer.execute,332291.51982278936,U002-N932688,PERSON,P2P,SUCCESS,NOT_EVALUATED,914117.4230242745,900000.0,2600000.0,balance.read|history.read|transfer.execute|payment.execute,agent_misuse,LOW_AND_SLOW_ATTACK,1,0,0,1
E0000797,U002-misuse-LOW_AND_SLOW_ATTACK-008,U002,2026-07-19T09:17:00,1784420220.0,TRANSFER,transfer.execute,411161.2469230176,U002-R014,PERSON,P2P,SUCCESS,NOT_EVALUATED,914117.4230242745,900000.0,2600000.0,balance.read|history.read|transfer.execute|payment.execute,agent_misuse,LOW_AND_SLOW_ATTACK,1,0,0,0
E0000798,U002-misuse-LOW_AND_SLOW_ATTACK-008,U002,2026-07-19T11:17:00,1784427420.0,TRANSFER,transfer.execute,390703.6570282533,U002-R010,PERSON,P2P,SUCCESS,NOT_EVALUATED,914117.4230242745,900000.0,2600000.0,balance.read|history.read|transfer.execute|payment.execute,agent_misuse,LOW_AND_SLOW_ATTACK,1,0,0,0
E0000799,U002-normal-079,U002,2026-07-19T12:25:54,1784431554.0,PAYMENT,payment.execute,85900.0,U002-R025,MERCHANT,SHOPPING,SUCCESS,NOT_EVALUATED,914117.4230242745,900000.0,2600000.0,balance.read|history.read|transfer.execute|payment.execute,normal_user,DAILY_NORMAL,0,0,0,0
E0000800,U002-normal-079,U002,2026-07-19T20:19:03,1784459943.0,PAYMENT,payment.execute,348600.0,U002-R013,MERCHANT,CONVENIENCE,SUCCESS,NOT_EVALUATED,914117.4230242745,900000.0,2600000.0,balance.read|history.read|transfer.execute|payment.execute,normal_user,DAILY_NORMAL,0,0,0,0
E0000801,U002-normal-080,U002,2026-07-20T11:16:39,1784513799.0,PAYMENT,payment.execute,108500.0,U002-R007,MERCHANT,SHOPPING,SUCCESS,NOT_EVALUATED,914117.4230242745,900000.0,2600000.0,balance.read|history.read|transfer.execute|payment.execute,normal_user,DAILY_NORMAL,0,0,0,0
E0000802,U002-normal-080,U002,2026-07-20T12:54:57,1784519697.0,PAYMENT,payment.execute,84500.0,U002-R011,MERCHANT,CONVENIENCE,SUCCESS,NOT_EVALUATED,914117.4230242745,900000.0,2600000.0,balance.read|history.read|transfer.execute|payment.execute,normal_user,DAILY_NORMAL,0,0,0,0
E0000803,U002-agent-normal-024,U002,2026-07-20T15:43:25,1784529805.0,PAYMENT,payment.execute,74300.0,U002-R022,MERCHANT,SHOPPING,SUCCESS,NOT_EVALUATED,914117.4230242745,900000.0,2600000.0,balance.read|history.read|transfer.execute|payment.execute,normal_agent,DELEGATED_NORMAL,0,0,0,0
E0000804,U002-normal-080,U002,2026-07-20T18:00:08,1784538008.0,PAYMENT,payment.execute,26500.0,U002-R021,MERCHANT,SHOPPING,SUCCESS,NOT_EVALUATED,914117.4230242745,900000.0,2600000.0,balance.read|history.read|transfer.execute|payment.execute,normal_user,DAILY_NORMAL,0,0,0,0
E0000805,U002-normal-081,U002,2026-07-21T06:12:58,1784581978.0,TRANSFER,transfer.execute,48300.0,U002-R010,PERSON,P2P,SUCCESS,NOT_EVALUATED,914117.4230242745,900000.0,2600000.0,balance.read|history.read|transfer.execute|payment.execute,normal_user,DAILY_NORMAL,0,0,0,0
E0000806,U002-normal-081,U002,2026-07-21T12:21:32,1784604092.0,PAYMENT,payment.execute,13300.0,U002-R026,MERCHANT,SUBSCRIPTION,SUCCESS,NOT_EVALUATED,914117.4230242745,900000.0,2600000.0,balance.read|history.read|transfer.execute|payment.execute,normal_user,DAILY_NORMAL,0,0,0,0
E0000807,U002-normal-081,U002,2026-07-21T13:04:43,1784606683.0,PAYMENT,payment.execute,76200.0,U002-R031,MERCHANT,TRANSPORT,SUCCESS,NOT_EVALUATED,914117.4230242745,900000.0,2600000.0,balance.read|history.read|transfer.execute|payment.execute,normal_user,DAILY_NORMAL,0,0,0,0
E0000808,U002-normal-081,U002,2026-07-21T15:23:00,1784614980.0,PAYMENT,payment.execute,111400.0,U002-R001,MERCHANT,SHOPPING,SUCCESS,NOT_EVALUATED,914117.4230242745,900000.0,2600000.0,balance.read|history.read|transfer.execute|payment.execute,normal_user,DAILY_NORMAL,0,0,0,0
E0000809,U002-normal-081,U002,2026-07-21T17:37:45,1784623065.0,PAYMENT,payment.execute,18800.0,U002-R018,MERCHANT,FOOD,SUCCESS,NOT_EVALUATED,914117.4230242745,900000.0,2600000.0,balance.read|history.read|transfer.execute|payment.execute,normal_user,DAILY_NORMAL,0,0,0,0
E0000810,U002-normal-081,U002,2026-07-21T19:18:30,1784629110.0,PAYMENT,payment.execute,75800.0,U002-R028,MERCHANT,SHOPPING,SUCCESS,NOT_EVALUATED,914117.4230242745,900000.0,2600000.0,balance.read|history.read|transfer.execute|payment.execute,normal_user,DAILY_NORMAL,0,0,0,0
E0000811,U002-normal-082,U002,2026-07-22T07:44:48,1784673888.0,PAYMENT,payment.execute,88400.0,U002-R018,MERCHANT,FOOD,SUCCESS,NOT_EVALUATED,914117.4230242745,900000.0,2600000.0,balance.read|history.read|transfer.execute|payment.execute,normal_user,DAILY_NORMAL,0,0,0,0
E0000812,U002-normal-082,U002,2026-07-22T07:47:42,1784674062.0,PAYMENT,payment.execute,14400.0,U002-R021,MERCHANT,SHOPPING,SUCCESS,NOT_EVALUATED,914117.4230242745,900000.0,2600000.0,balance.read|history.read|transfer.execute|payment.execute,normal_user,DAILY_NORMAL,0,0,0,0
E0000813,U002-normal-082,U002,2026-07-22T11:21:56,1784686916.0,PAYMENT,payment.execute,14900.0,U002-R020,MERCHANT,SIMPLE_PAY,SUCCESS,NOT_EVALUATED,914117.4230242745,900000.0,2600000.0,balance.read|history.read|transfer.execute|payment.execute,normal_user,DAILY_NORMAL,0,0,0,0
E0000814,U002-hard-TRAVEL_MODE-001,U002,2026-07-22T12:13:00,1784689980.0,PAYMENT,payment.execute,67400.0,U002-N792611,PERSON,OVERSEAS_REMIT,SUCCESS,NOT_EVALUATED,914117.4230242745,900000.0,2600000.0,balance.read|history.read|transfer.execute|payment.execute,hard_negative,TRAVEL_MODE,0,0,0,1
E0000815,U002-normal-082,U002,2026-07-22T12:44:33,1784691873.0,PAYMENT,payment.execute,70900.0,U002-R004,MERCHANT,SIMPLE_PAY,SUCCESS,NOT_EVALUATED,914117.4230242745,900000.0,2600000.0,balance.read|history.read|transfer.execute|payment.execute,normal_user,DAILY_NORMAL,0,0,0,0
E0000816,U002-hard-TRAVEL_MODE-001,U002,2026-07-22T13:13:00,1784693580.0,PAYMENT,payment.execute,12700.0,U002-N352629,PERSON,OVERSEAS_REMIT,SUCCESS,NOT_EVALUATED,914117.4230242745,900000.0,2600000.0,balance.read|history.read|transfer.execute|payment.execute,hard_negative,TRAVEL_MODE,0,0,0,1
E0000817,U002-hard-TRAVEL_MODE-001,U002,2026-07-22T14:13:00,1784697180.0,PAYMENT,payment.execute,50900.0,U002-N765984,PERSON,OVERSEAS_REMIT,SUCCESS,NOT_EVALUATED,914117.4230242745,900000.0,2600000.0,balance.read|history.read|transfer.execute|payment.execute,hard_negative,TRAVEL_MODE,0,0,0,1
E0000818,U002-normal-082,U002,2026-07-22T18:06:31,1784711191.0,PAYMENT,payment.execute,35100.0,U002-R015,MERCHANT,SUBSCRIPTION,SUCCESS,NOT_EVALUATED,914117.4230242745,900000.0,2600000.0,balance.read|history.read|transfer.execute|payment.execute,normal_user,DAILY_NORMAL,0,0,0,0
E0000819,U002-normal-082,U002,2026-07-22T19:02:19,1784714539.0,PAYMENT,payment.execute,13700.0,U002-R031,MERCHANT,TRANSPORT,SUCCESS,NOT_EVALUATED,914117.4230242745,900000.0,2600000.0,balance.read|history.read|transfer.execute|payment.execute,normal_user,DAILY_NORMAL,0,0,0,0
E0000820,U002-agent-normal-011,U002,2026-07-23T01:20:23,1784737223.0,HISTORY_READ,history.read,0.0,U002-R002,MERCHANT,SHOPPING,SUCCESS,NOT_EVALUATED,914117.4230242745,900000.0,2600000.0,balance.read|history.read|transfer.execute|payment.execute,normal_agent,DELEGATED_NORMAL,0,0,0,0
E0000821,U002-normal-083,U002,2026-07-23T06:30:45,1784755845.0,PAYMENT,payment.execute,19900.0,U002-R017,MERCHANT,SUBSCRIPTION,SUCCESS,NOT_EVALUATED,914117.4230242745,900000.0,2600000.0,balance.read|history.read|transfer.execute|payment.execute,normal_user,DAILY_NORMAL,0,0,0,0
E0000822,U002-normal-083,U002,2026-07-23T07:31:09,1784759469.0,PAYMENT,payment.execute,210300.0,U002-R015,MERCHANT,SUBSCRIPTION,SUCCESS,NOT_EVALUATED,914117.4230242745,900000.0,2600000.0,balance.read|history.read|transfer.execute|payment.execute,normal_user,DAILY_NORMAL,0,0,0,0
E0000823,U002-normal-083,U002,2026-07-23T08:58:58,1784764738.0,PAYMENT,payment.execute,23300.0,U002-R018,MERCHANT,FOOD,SUCCESS,NOT_EVALUATED,914117.4230242745,900000.0,2600000.0,balance.read|history.read|transfer.execute|payment.execute,normal_user,DAILY_NORMAL,0,0,0,0
E0000824,U002-normal-083,U002,2026-07-23T12:04:11,1784775851.0,PAYMENT,payment.execute,5900.0,U002-R013,MERCHANT,CONVENIENCE,SUCCESS,NOT_EVALUATED,914117.4230242745,900000.0,2600000.0,balance.read|history.read|transfer.execute|payment.execute,normal_user,DAILY_NORMAL,0,0,0,0
E0000825,U002-hard-TRAVEL_MODE-001,U002,2026-07-23T15:13:00,1784787180.0,PAYMENT,payment.execute,176700.0,U002-N272979,PERSON,OVERSEAS_REMIT,SUCCESS,NOT_EVALUATED,914117.4230242745,900000.0,2600000.0,balance.read|history.read|transfer.execute|payment.execute,hard_negative,TRAVEL_MODE,0,0,0,1
E0000826,U002-hard-TRAVEL_MODE-001,U002,2026-07-23T16:13:00,1784790780.0,PAYMENT,payment.execute,21500.0,U002-N723291,PERSON,OVERSEAS_REMIT,SUCCESS,NOT_EVALUATED,914117.4230242745,900000.0,2600000.0,balance.read|history.read|transfer.execute|payment.execute,hard_negative,TRAVEL_MODE,0,0,0,1
E0000827,U002-hard-TRAVEL_MODE-001,U002,2026-07-23T17:13:00,1784794380.0,PAYMENT,payment.execute,569700.0,U002-N217173,PERSON,OVERSEAS_REMIT,SUCCESS,NOT_EVALUATED,914117.4230242745,900000.0,2600000.0,balance.read|history.read|transfer.execute|payment.execute,hard_negative,TRAVEL_MODE,0,0,0,1
E0000828,U002-normal-083,U002,2026-07-23T17:59:50,1784797190.0,PAYMENT,payment.execute,5400.0,U002-R004,MERCHANT,SIMPLE_PAY,SUCCESS,NOT_EVALUATED,914117.4230242745,900000.0,2600000.0,balance.read|history.read|transfer.execute|payment.execute,normal_user,DAILY_NORMAL,0,0,0,0
E0000829,U002-normal-083,U002,2026-07-23T18:43:30,1784799810.0,PAYMENT,payment.execute,20600.0,U002-R031,MERCHANT,TRANSPORT,SUCCESS,NOT_EVALUATED,914117.4230242745,900000.0,2600000.0,balance.read|history.read|transfer.execute|payment.execute,normal_user,DAILY_NORMAL,0,0,0,0
E0000830,U002-hard-TRAVEL_MODE-001,U002,2026-07-24T12:13:00,1784862780.0,PAYMENT,payment.execute,46000.0,U002-N925277,PERSON,OVERSEAS_REMIT,SUCCESS,NOT_EVALUATED,914117.4230242745,900000.0,2600000.0,balance.read|history.read|transfer.execute|payment.execute,hard_negative,TRAVEL_MODE,0,0,0,1
E0000831,U002-hard-TRAVEL_MODE-001,U002,2026-07-24T13:13:00,1784866380.0,PAYMENT,payment.execute,71300.0,U002-N583855,PERSON,OVERSEAS_REMIT,SUCCESS,NOT_EVALUATED,914117.4230242745,900000.0,2600000.0,balance.read|history.read|transfer.execute|payment.execute,hard_negative,TRAVEL_MODE,0,0,0,1
E0000832,U002-normal-084,U002,2026-07-24T13:50:35,1784868635.0,TRANSFER,transfer.execute,51000.0,U002-R014,PERSON,P2P,SUCCESS,NOT_EVALUATED,914117.4230242745,900000.0,2600000.0,balance.read|history.read|transfer.execute|payment.execute,normal_user,DAILY_NORMAL,0,0,0,0
E0000833,U002-normal-084,U002,2026-07-24T16:46:50,1784879210.0,PAYMENT,payment.execute,79900.0,U002-R008,MERCHANT,SHOPPING,SUCCESS,NOT_EVALUATED,914117.4230242745,900000.0,2600000.0,balance.read|history.read|transfer.execute|payment.execute,normal_user,DAILY_NORMAL,0,0,0,0
E0000834,U002-normal-084,U002,2026-07-24T22:26:10,1784899570.0,PAYMENT,payment.execute,65300.0,U002-R002,MERCHANT,SHOPPING,SUCCESS,NOT_EVALUATED,914117.4230242745,900000.0,2600000.0,balance.read|history.read|transfer.execute|payment.execute,normal_user,DAILY_NORMAL,0,0,0,0
E0000835,U002-normal-084,U002,2026-07-24T23:13:02,1784902382.0,PAYMENT,payment.execute,6100.0,U002-R031,MERCHANT,TRANSPORT,SUCCESS,NOT_EVALUATED,914117.4230242745,900000.0,2600000.0,balance.read|history.read|transfer.execute|payment.execute,normal_user,DAILY_NORMAL,0,0,0,0
E0000836,U002-normal-085,U002,2026-07-25T01:31:08,1784910668.0,PAYMENT,payment.execute,23000.0,U002-R018,MERCHANT,FOOD,SUCCESS,NOT_EVALUATED,914117.4230242745,900000.0,2600000.0,balance.read|history.read|transfer.execute|payment.execute,normal_user,DAILY_NORMAL,0,0,0,0
E0000837,U002-normal-085,U002,2026-07-25T07:05:04,1784930704.0,PAYMENT,payment.execute,27800.0,U002-R012,MERCHANT,SIMPLE_PAY,SUCCESS,NOT_EVALUATED,914117.4230242745,900000.0,2600000.0,balance.read|history.read|transfer.execute|payment.execute,normal_user,DAILY_NORMAL,0,0,0,0
E0000838,U002-normal-085,U002,2026-07-25T17:56:09,1784969769.0,PAYMENT,payment.execute,9000.0,U002-R004,MERCHANT,SIMPLE_PAY,SUCCESS,NOT_EVALUATED,914117.4230242745,900000.0,2600000.0,balance.read|history.read|transfer.execute|payment.execute,normal_user,DAILY_NORMAL,0,0,0,0
E0000839,U002-normal-085,U002,2026-07-25T18:11:00,1784970660.0,TRANSFER,transfer.execute,605000.0,U002-R011,MERCHANT,CONVENIENCE,SUCCESS,NOT_EVALUATED,914117.4230242745,900000.0,2600000.0,balance.read|history.read|transfer.execute|payment.execute,normal_user,RECURRING_NORMAL,0,0,0,0
E0000840,U002-normal-086,U002,2026-07-26T01:27:11,1784996831.0,PAYMENT,payment.execute,9100.0,U002-R012,MERCHANT,SIMPLE_PAY,SUCCESS,NOT_EVALUATED,914117.4230242745,900000.0,2600000.0,balance.read|history.read|transfer.execute|payment.execute,normal_user,DAILY_NORMAL,0,0,0,0
E0000841,U002-normal-086,U002,2026-07-26T12:10:28,1785035428.0,PAYMENT,payment.execute,16700.0,U002-R019,MERCHANT,TRANSPORT,SUCCESS,NOT_EVALUATED,914117.4230242745,900000.0,2600000.0,balance.read|history.read|transfer.execute|payment.execute,normal_user,DAILY_NORMAL,0,0,0,0
E0000842,U002-normal-087,U002,2026-07-27T02:38:29,1785087509.0,PAYMENT,payment.execute,72100.0,U002-R031,MERCHANT,TRANSPORT,SUCCESS,NOT_EVALUATED,914117.4230242745,900000.0,2600000.0,balance.read|history.read|transfer.execute|payment.execute,normal_user,DAILY_NORMAL,0,0,0,0
E0000843,U002-normal-087,U002,2026-07-27T18:20:40,1785144040.0,PAYMENT,payment.execute,30400.0,U002-R031,MERCHANT,TRANSPORT,SUCCESS,NOT_EVALUATED,914117.4230242745,900000.0,2600000.0,balance.read|history.read|transfer.execute|payment.execute,normal_user,DAILY_NORMAL,0,0,0,0
E0000844,U002-normal-087,U002,2026-07-27T18:47:31,1785145651.0,PAYMENT,payment.execute,82700.0,U002-R004,MERCHANT,SIMPLE_PAY,SUCCESS,NOT_EVALUATED,914117.4230242745,900000.0,2600000.0,balance.read|history.read|transfer.execute|payment.execute,normal_user,DAILY_NORMAL,0,0,0,0
E0000845,U002-normal-087,U002,2026-07-27T19:21:11,1785147671.0,PAYMENT,payment.execute,10100.0,U002-R006,MERCHANT,SHOPPING,SUCCESS,NOT_EVALUATED,914117.4230242745,900000.0,2600000.0,balance.read|history.read|transfer.execute|payment.execute,normal_user,DAILY_NORMAL,0,0,0,0
E0000846,U002-paysim-fraud-004,U002,2026-07-28T04:02:00,1785178920.0,TRANSFER,transfer.execute,4194787.917519054,U002-N280605,PERSON,P2P,SUCCESS,NOT_EVALUATED,4259787.917519054,900000.0,2600000.0,balance.read|history.read|transfer.execute|payment.execute,paysim_fraud,ACCOUNT_DRAIN_TRANSFER,1,1,1,1
E0000847,U002-paysim-fraud-004,U002,2026-07-28T04:05:00,1785179100.0,TRANSFER,transfer.execute,640449.5525276661,U002-N280605,PERSON,P2P,SUCCESS,NOT_EVALUATED,914117.4230242745,900000.0,2600000.0,balance.read|history.read|transfer.execute|payment.execute,paysim_fraud,FOLLOW_UP_CASHOUT_PROXY,1,1,1,0
E0000848,U002-normal-088,U002,2026-07-28T07:55:32,1785192932.0,PAYMENT,payment.execute,53200.0,U002-R020,MERCHANT,SIMPLE_PAY,SUCCESS,NOT_EVALUATED,914117.4230242745,900000.0,2600000.0,balance.read|history.read|transfer.execute|payment.execute,normal_user,DAILY_NORMAL,0,0,0,0
E0000849,U002-normal-088,U002,2026-07-28T12:20:03,1785208803.0,PAYMENT,payment.execute,800.0,U002-R026,MERCHANT,SUBSCRIPTION,SUCCESS,NOT_EVALUATED,914117.4230242745,900000.0,2600000.0,balance.read|history.read|transfer.execute|payment.execute,normal_user,DAILY_NORMAL,0,0,0,0
E0000850,U002-normal-088,U002,2026-07-28T14:38:03,1785217083.0,PAYMENT,payment.execute,28700.0,U002-R021,MERCHANT,SHOPPING,SUCCESS,NOT_EVALUATED,914117.4230242745,900000.0,2600000.0,balance.read|history.read|transfer.execute|payment.execute,normal_user,DAILY_NORMAL,0,0,0,0
E0000851,U002-normal-088,U002,2026-07-28T18:08:00,1785229680.0,PAYMENT,payment.execute,14900.0,U002-R023,MERCHANT,SUBSCRIPTION,SUCCESS,NOT_EVALUATED,914117.4230242745,900000.0,2600000.0,balance.read|history.read|transfer.execute|payment.execute,normal_user,RECURRING_NORMAL,0,0,0,0
E0000852,U002-agent-normal-021,U002,2026-07-28T19:39:26,1785235166.0,PAYMENT,payment.execute,44100.0,U002-R020,MERCHANT,SIMPLE_PAY,SUCCESS,NOT_EVALUATED,914117.4230242745,900000.0,2600000.0,balance.read|history.read|transfer.execute|payment.execute,normal_agent,DELEGATED_NORMAL,0,0,0,0
E0000853,U002-normal-088,U002,2026-07-28T20:27:01,1785238021.0,PAYMENT,payment.execute,30500.0,U002-R011,MERCHANT,CONVENIENCE,SUCCESS,NOT_EVALUATED,914117.4230242745,900000.0,2600000.0,balance.read|history.read|transfer.execute|payment.execute,normal_user,DAILY_NORMAL,0,0,0,0
E0000854,U002-normal-089,U002,2026-07-29T15:35:41,1785306941.0,PAYMENT,payment.execute,9200.0,U002-R017,MERCHANT,SUBSCRIPTION,SUCCESS,NOT_EVALUATED,914117.4230242745,900000.0,2600000.0,balance.read|history.read|transfer.execute|payment.execute,normal_user,DAILY_NORMAL,0,0,0,0
E0000855,U002-normal-089,U002,2026-07-29T18:40:24,1785318024.0,TRANSFER,transfer.execute,40600.0,U002-R010,PERSON,P2P,SUCCESS,NOT_EVALUATED,914117.4230242745,900000.0,2600000.0,balance.read|history.read|transfer.execute|payment.execute,normal_user,DAILY_NORMAL,0,0,0,0
E0000856,U002-normal-089,U002,2026-07-29T19:04:07,1785319447.0,PAYMENT,payment.execute,5300.0,U002-R018,MERCHANT,FOOD,SUCCESS,NOT_EVALUATED,914117.4230242745,900000.0,2600000.0,balance.read|history.read|transfer.execute|payment.execute,normal_user,DAILY_NORMAL,0,0,0,0
E0000857,U003-normal-000,U003,2026-05-01T01:40:54,1777567254.0,PAYMENT,payment.execute,9500.0,U003-R035,MERCHANT,ETC,SUCCESS,NOT_EVALUATED,2414675.5352492877,350000.0,950000.0,balance.read|history.read|transfer.execute|payment.execute,normal_user,DAILY_NORMAL,0,0,0,0
E0000858,U003-normal-000,U003,2026-05-01T10:54:15,1777600455.0,PAYMENT,payment.execute,12800.0,U003-R033,MERCHANT,SIMPLE_PAY,SUCCESS,NOT_EVALUATED,2405175.5352492877,350000.0,950000.0,balance.read|history.read|transfer.execute|payment.execute,normal_user,DAILY_NORMAL,0,0,0,0
E0000859,U003-normal-000,U003,2026-05-01T14:58:55,1777615135.0,PAYMENT,payment.execute,23700.0,U003-R041,MERCHANT,FOOD,SUCCESS,NOT_EVALUATED,2392375.5352492877,350000.0,950000.0,balance.read|history.read|transfer.execute|payment.execute,normal_user,DAILY_NORMAL,0,0,0,0
E0000860,U003-normal-000,U003,2026-05-01T15:26:55,1777616815.0,PAYMENT,payment.execute,61500.0,U003-R031,MERCHANT,ENTERTAIN,SUCCESS,NOT_EVALUATED,2368675.5352492877,350000.0,950000.0,balance.read|history.read|transfer.execute|payment.execute,normal_user,DAILY_NORMAL,0,0,0,0
E0000861,U003-normal-000,U003,2026-05-01T15:39:59,1777617599.0,PAYMENT,payment.execute,33900.0,U003-R040,MERCHANT,ENTERTAIN,SUCCESS,NOT_EVALUATED,2307175.5352492877,350000.0,950000.0,balance.read|history.read|transfer.execute|payment.execute,normal_user,DAILY_NORMAL,0,0,0,0
E0000862,U003-normal-000,U003,2026-05-01T17:14:46,1777623286.0,PAYMENT,payment.execute,123000.0,U003-R040,MERCHANT,ENTERTAIN,SUCCESS,NOT_EVALUATED,2273275.5352492877,350000.0,950000.0,balance.read|history.read|transfer.execute|payment.execute,normal_user,DAILY_NORMAL,0,0,0,0
E0000863,U003-normal-001,U003,2026-05-02T07:25:52,1777674352.0,PAYMENT,payment.execute,14000.0,U003-R035,MERCHANT,ETC,SUCCESS,NOT_EVALUATED,2150275.5352492877,350000.0,950000.0,balance.read|history.read|transfer.execute|payment.execute,normal_user,DAILY_NORMAL,0,0,0,0
E0000864,U003-normal-001,U003,2026-05-02T12:41:38,1777693298.0,PAYMENT,payment.execute,9800.0,U003-R005,MERCHANT,ENTERTAIN,SUCCESS,NOT_EVALUATED,2136275.5352492877,350000.0,950000.0,balance.read|history.read|transfer.execute|payment.execute,normal_user,DAILY_NORMAL,0,0,0,0
E0000865,U003-normal-001,U003,2026-05-02T17:25:12,1777710312.0,PAYMENT,payment.execute,84400.0,U003-R012,MERCHANT,TRANSPORT,SUCCESS,NOT_EVALUATED,2126475.5352492877,350000.0,950000.0,balance.read|history.read|transfer.execute|payment.execute,normal_user,DAILY_NORMAL,0,0,0,0
E0000866,U003-normal-002,U003,2026-05-03T07:50:18,1777762218.0,TRANSFER,transfer.execute,24800.0,U003-R029,PERSON,P2P,SUCCESS,NOT_EVALUATED,2042075.5352492877,350000.0,950000.0,balance.read|history.read|transfer.execute|payment.execute,normal_user,DAILY_NORMAL,0,0,0,0
E0000867,U003-normal-002,U003,2026-05-03T14:59:06,1777787946.0,PAYMENT,payment.execute,20500.0,U003-R000,MERCHANT,SIMPLE_PAY,SUCCESS,NOT_EVALUATED,2017275.5352492877,350000.0,950000.0,balance.read|history.read|transfer.execute|payment.execute,normal_user,DAILY_NORMAL,0,0,0,0
E0000868,U003-normal-003,U003,2026-05-04T17:01:20,1777881680.0,TRANSFER,transfer.execute,29500.0,U003-R023,PERSON,P2P,SUCCESS,NOT_EVALUATED,1996775.5352492877,350000.0,950000.0,balance.read|history.read|transfer.execute|payment.execute,normal_user,DAILY_NORMAL,0,0,0,0
E0000869,U003-normal-004,U003,2026-05-05T07:11:07,1777932667.0,TRANSFER,transfer.execute,11800.0,U003-R036,PERSON,P2P,SUCCESS,NOT_EVALUATED,1967275.5352492877,350000.0,950000.0,balance.read|history.read|transfer.execute|payment.execute,normal_user,DAILY_NORMAL,0,0,0,0
E0000870,U003-normal-004,U003,2026-05-05T09:41:37,1777941697.0,PAYMENT,payment.execute,8500.0,U003-R005,MERCHANT,ENTERTAIN,SUCCESS,NOT_EVALUATED,1955475.5352492877,350000.0,950000.0,balance.read|history.read|transfer.execute|payment.execute,normal_user,DAILY_NORMAL,0,0,0,0
E0000871,U003-agent-normal-014,U003,2026-05-05T11:28:06,1777948086.0,BALANCE_READ,balance.read,0.0,U003-R026,MERCHANT,ENTERTAIN,SUCCESS,NOT_EVALUATED,1946975.5352492877,350000.0,950000.0,balance.read|history.read|transfer.execute|payment.execute,normal_agent,DELEGATED_NORMAL,0,0,0,0
E0000872,U003-normal-004,U003,2026-05-05T12:01:10,1777950070.0,TRANSFER,transfer.execute,13000.0,U003-R003,PERSON,P2P,SUCCESS,NOT_EVALUATED,1946975.5352492877,350000.0,950000.0,balance.read|history.read|transfer.execute|payment.execute,normal_user,DAILY_NORMAL,0,0,0,0
E0000873,U003-normal-004,U003,2026-05-05T19:09:31,1777975771.0,PAYMENT,payment.execute,29900.0,U003-R033,MERCHANT,SIMPLE_PAY,SUCCESS,NOT_EVALUATED,1933975.5352492877,350000.0,950000.0,balance.read|history.read|transfer.execute|payment.execute,normal_user,DAILY_NORMAL,0,0,0,0
E0000874,U003-agent-normal-007,U003,2026-05-05T22:36:33,1777988193.0,TRANSFER,transfer.execute,2000.0,U003-R015,MERCHANT,FOOD,SUCCESS,NOT_EVALUATED,1904075.5352492877,350000.0,950000.0,balance.read|history.read|transfer.execute|payment.execute,normal_agent,DELEGATED_NORMAL,0,0,0,0
E0000875,U003-normal-005,U003,2026-05-06T01:19:48,1777997988.0,TRANSFER,transfer.execute,14100.0,U003-R002,PERSON,P2P,SUCCESS,NOT_EVALUATED,1902075.5352492877,350000.0,950000.0,balance.read|history.read|transfer.execute|payment.execute,normal_user,DAILY_NORMAL,0,0,0,0
E0000876,U003-normal-005,U003,2026-05-06T12:02:06,1778036526.0,PAYMENT,payment.execute,56300.0,U003-R016,MERCHANT,FOOD,SUCCESS,NOT_EVALUATED,1887975.5352492877,350000.0,950000.0,balance.read|history.read|transfer.execute|payment.execute,normal_user,DAILY_NORMAL,0,0,0,0
E0000877,U003-normal-005,U003,2026-05-06T14:02:12,1778043732.0,PAYMENT,payment.execute,3700.0,U003-R020,MERCHANT,CONVENIENCE,SUCCESS,NOT_EVALUATED,1831675.5352492877,350000.0,950000.0,balance.read|history.read|transfer.execute|payment.execute,normal_user,DAILY_NORMAL,0,0,0,0
E0000878,U003-normal-005,U003,2026-05-06T16:27:39,1778052459.0,TRANSFER,transfer.execute,3800.0,U003-R002,PERSON,P2P,SUCCESS,NOT_EVALUATED,1827975.5352492877,350000.0,950000.0,balance.read|history.read|transfer.execute|payment.execute,normal_user,DAILY_NORMAL,0,0,0,0
E0000879,U003-normal-005,U003,2026-05-06T20:14:41,1778066081.0,PAYMENT,payment.execute,8200.0,U003-R024,MERCHANT,FOOD,SUCCESS,NOT_EVALUATED,1824175.5352492877,350000.0,950000.0,balance.read|history.read|transfer.execute|payment.execute,normal_user,DAILY_NORMAL,0,0,0,0
E0000880,U003-normal-006,U003,2026-05-07T18:40:10,1778146810.0,PAYMENT,payment.execute,26600.0,U003-R020,MERCHANT,CONVENIENCE,SUCCESS,NOT_EVALUATED,1815975.5352492877,350000.0,950000.0,balance.read|history.read|transfer.execute|payment.execute,normal_user,DAILY_NORMAL,0,0,0,0
E0000881,U003-normal-006,U003,2026-05-07T19:34:15,1778150055.0,PAYMENT,payment.execute,102400.0,U003-R021,MERCHANT,CONVENIENCE,SUCCESS,NOT_EVALUATED,1789375.5352492877,350000.0,950000.0,balance.read|history.read|transfer.execute|payment.execute,normal_user,DAILY_NORMAL,0,0,0,0
E0000882,U003-agent-normal-026,U003,2026-05-08T18:09:32,1778231372.0,HISTORY_READ,history.read,0.0,U003-R039,PERSON,P2P,SUCCESS,NOT_EVALUATED,1686975.5352492877,350000.0,950000.0,balance.read|history.read|transfer.execute|payment.execute,normal_agent,DELEGATED_NORMAL,0,0,0,0
E0000883,U003-normal-007,U003,2026-05-08T19:05:41,1778234741.0,TRANSFER,transfer.execute,8600.0,U003-R023,PERSON,P2P,SUCCESS,NOT_EVALUATED,1686975.5352492877,350000.0,950000.0,balance.read|history.read|transfer.execute|payment.execute,normal_user,DAILY_NORMAL,0,0,0,0
E0000884,U003-normal-007,U003,2026-05-08T20:08:48,1778238528.0,PAYMENT,payment.execute,64500.0,U003-R032,MERCHANT,FOOD,SUCCESS,NOT_EVALUATED,1678375.5352492877,350000.0,950000.0,balance.read|history.read|transfer.execute|payment.execute,normal_user,DAILY_NORMAL,0,0,0,0
E0000885,U003-normal-008,U003,2026-05-09T02:03:16,1778259796.0,PAYMENT,payment.execute,11600.0,U003-R022,MERCHANT,SIMPLE_PAY,SUCCESS,NOT_EVALUATED,1613875.5352492877,350000.0,950000.0,balance.read|history.read|transfer.execute|payment.execute,normal_user,DAILY_NORMAL,0,0,0,0
E0000886,U003-normal-008,U003,2026-05-09T10:16:08,1778289368.0,PAYMENT,payment.execute,17500.0,U003-R034,MERCHANT,FOOD,SUCCESS,NOT_EVALUATED,1602275.5352492877,350000.0,950000.0,balance.read|history.read|transfer.execute|payment.execute,normal_user,DAILY_NORMAL,0,0,0,0
E0000887,U003-normal-008,U003,2026-05-09T13:16:26,1778300186.0,TRANSFER,transfer.execute,262500.0,U003-R025,PERSON,P2P,SUCCESS,NOT_EVALUATED,1584775.5352492877,350000.0,950000.0,balance.read|history.read|transfer.execute|payment.execute,normal_user,DAILY_NORMAL,0,0,0,0
E0000888,U003-normal-008,U003,2026-05-09T18:03:00,1778317380.0,PAYMENT,payment.execute,63000.0,U003-R033,MERCHANT,SIMPLE_PAY,SUCCESS,NOT_EVALUATED,1322275.5352492877,350000.0,950000.0,balance.read|history.read|transfer.execute|payment.execute,normal_user,RECURRING_NORMAL,0,0,0,0
E0000889,U003-normal-008,U003,2026-05-09T18:58:58,1778320738.0,PAYMENT,payment.execute,5800.0,U003-R008,MERCHANT,SIMPLE_PAY,SUCCESS,NOT_EVALUATED,1259275.5352492877,350000.0,950000.0,balance.read|history.read|transfer.execute|payment.execute,normal_user,DAILY_NORMAL,0,0,0,0
E0000890,U003-normal-009,U003,2026-05-10T06:36:10,1778362570.0,PAYMENT,payment.execute,31400.0,U003-R041,MERCHANT,FOOD,SUCCESS,NOT_EVALUATED,1253475.5352492877,350000.0,950000.0,balance.read|history.read|transfer.execute|payment.execute,normal_user,DAILY_NORMAL,0,0,0,0
E0000891,U003-normal-009,U003,2026-05-10T13:05:40,1778385940.0,PAYMENT,payment.execute,30200.0,U003-R018,MERCHANT,TRANSPORT,SUCCESS,NOT_EVALUATED,1222075.5352492877,350000.0,950000.0,balance.read|history.read|transfer.execute|payment.execute,normal_user,DAILY_NORMAL,0,0,0,0
E0000892,U003-normal-009,U003,2026-05-10T19:41:32,1778409692.0,PAYMENT,payment.execute,31800.0,U003-R041,MERCHANT,FOOD,SUCCESS,NOT_EVALUATED,1191875.5352492877,350000.0,950000.0,balance.read|history.read|transfer.execute|payment.execute,normal_user,DAILY_NORMAL,0,0,0,0
E0000893,U003-normal-009,U003,2026-05-10T21:31:44,1778416304.0,PAYMENT,payment.execute,13500.0,U003-R010,MERCHANT,TRANSPORT,SUCCESS,NOT_EVALUATED,1160075.5352492877,350000.0,950000.0,balance.read|history.read|transfer.execute|payment.execute,normal_user,DAILY_NORMAL,0,0,0,0
E0000894,U003-normal-010,U003,2026-05-11T15:32:26,1778481146.0,TRANSFER,transfer.execute,23800.0,U003-R006,PERSON,P2P,SUCCESS,NOT_EVALUATED,1146575.5352492877,350000.0,950000.0,balance.read|history.read|transfer.execute|payment.execute,normal_user,DAILY_NORMAL,0,0,0,0
E0000895,U003-agent-normal-003,U003,2026-05-11T19:28:49,1778495329.0,BALANCE_READ,balance.read,0.0,U003-R001,PERSON,P2P,SUCCESS,NOT_EVALUATED,1122775.5352492877,350000.0,950000.0,balance.read|history.read|transfer.execute|payment.execute,normal_agent,DELEGATED_NORMAL,0,0,0,0
E0000896,U003-normal-011,U003,2026-05-12T20:22:08,1778584928.0,PAYMENT,payment.execute,12800.0,U003-R009,MERCHANT,FOOD,SUCCESS,NOT_EVALUATED,1122775.5352492877,350000.0,950000.0,balance.read|history.read|transfer.execute|payment.execute,normal_user,DAILY_NORMAL,0,0,0,0
E0000897,U003-normal-012,U003,2026-05-13T08:52:12,1778629932.0,TRANSFER,transfer.execute,60400.0,U003-R017,PERSON,P2P,SUCCESS,NOT_EVALUATED,1109975.5352492877,350000.0,950000.0,balance.read|history.read|transfer.execute|payment.execute,normal_user,DAILY_NORMAL,0,0,0,0
E0000898,U003-normal-012,U003,2026-05-13T14:18:45,1778649525.0,PAYMENT,payment.execute,32000.0,U003-R041,MERCHANT,FOOD,SUCCESS,NOT_EVALUATED,1049575.5352492877,350000.0,950000.0,balance.read|history.read|transfer.execute|payment.execute,normal_user,DAILY_NORMAL,0,0,0,0
E0000899,U003-normal-012,U003,2026-05-13T16:19:06,1778656746.0,TRANSFER,transfer.execute,25000.0,U003-R001,PERSON,P2P,SUCCESS,NOT_EVALUATED,1017575.5352492877,350000.0,950000.0,balance.read|history.read|transfer.execute|payment.execute,normal_user,DAILY_NORMAL,0,0,0,0
E0000900,U003-normal-013,U003,2026-05-14T00:06:38,1778684798.0,TRANSFER,transfer.execute,262500.0,U003-R006,PERSON,P2P,SUCCESS,NOT_EVALUATED,992575.5352492877,350000.0,950000.0,balance.read|history.read|transfer.execute|payment.execute,normal_user,DAILY_NORMAL,0,0,0,0
E0000901,U003-misuse-CUMULATIVE_BYPASS-003,U003,2026-05-14T04:05:00,1778699100.0,TRANSFER,transfer.execute,169591.30497158435,U003-R023,PERSON,P2P,SUCCESS,NOT_EVALUATED,730075.5352492877,350000.0,950000.0,balance.read|history.read|transfer.execute|payment.execute,agent_misuse,CUMULATIVE_BYPASS,1,0,0,0
E0000902,U003-paysim-fraud-003,U003,2026-05-14T04:27:00,1778700420.0,TRANSFER,transfer.execute,651123.9566458137,U003-N969734,PERSON,P2P,SUCCESS,NOT_EVALUATED,679123.9566458137,350000.0,950000.0,balance.read|history.read|transfer.execute|payment.execute,paysim_fraud,ACCOUNT_DRAIN_TRANSFER,1,1,1,1
E0000903,U003-paysim-fraud-003,U003,2026-05-14T04:28:00,1778700480.0,TRANSFER,transfer.execute,194669.4144277305,U003-N969734,PERSON,P2P,SUCCESS,NOT_EVALUATED,301834.44190616097,350000.0,950000.0,balance.read|history.read|transfer.execute|payment.execute,paysim_fraud,FOLLOW_UP_CASHOUT_PROXY,1,1,1,0
E0000904,U003-misuse-CUMULATIVE_BYPASS-003,U003,2026-05-14T04:33:00,1778700780.0,TRANSFER,transfer.execute,193631.3718969456,U003-R002,PERSON,P2P,SUCCESS,NOT_EVALUATED,301834.44190616097,350000.0,950000.0,balance.read|history.read|transfer.execute|payment.execute,agent_misuse,CUMULATIVE_BYPASS,1,0,1,0
E0000905,U003-misuse-CUMULATIVE_BYPASS-003,U003,2026-05-14T05:01:00,1778702460.0,TRANSFER,transfer.execute,177443.17058387908,U003-R013,PERSON,P2P,SUCCESS,NOT_EVALUATED,301834.44190616097,350000.0,950000.0,balance.read|history.read|transfer.execute|payment.execute,agent_misuse,CUMULATIVE_BYPASS,1,0,1,0
E0000906,U003-misuse-CUMULATIVE_BYPASS-003,U003,2026-05-14T05:29:00,1778704140.0,TRANSFER,transfer.execute,201540.23781596732,U003-R011,PERSON,P2P,SUCCESS,NOT_EVALUATED,301834.44190616097,350000.0,950000.0,balance.read|history.read|transfer.execute|payment.execute,agent_misuse,CUMULATIVE_BYPASS,1,0,1,0
E0000907,U003-misuse-CUMULATIVE_BYPASS-003,U003,2026-05-14T05:57:00,1778705820.0,TRANSFER,transfer.execute,199508.05605127534,U003-R003,PERSON,P2P,SUCCESS,NOT_EVALUATED,301834.44190616097,350000.0,950000.0,balance.read|history.read|transfer.execute|payment.execute,agent_misuse,CUMULATIVE_BYPASS,1,0,1,0
E0000908,U003-misuse-CUMULATIVE_BYPASS-003,U003,2026-05-14T06:25:00,1778707500.0,TRANSFER,transfer.execute,195930.69342543127,U003-R023,PERSON,P2P,SUCCESS,NOT_EVALUATED,301834.44190616097,350000.0,950000.0,balance.read|history.read|transfer.execute|payment.execute,agent_misuse,CUMULATIVE_BYPASS,1,0,1,0
E0000909,U003-normal-013,U003,2026-05-14T09:19:42,1778717982.0,PAYMENT,payment.execute,33400.0,U003-R038,MERCHANT,CONVENIENCE,SUCCESS,NOT_EVALUATED,301834.44190616097,350000.0,950000.0,balance.read|history.read|transfer.execute|payment.execute,normal_user,DAILY_NORMAL,0,0,0,0
E0000910,U003-agent-normal-024,U003,2026-05-14T11:32:29,1778725949.0,PAYMENT,payment.execute,19400.0,U003-R025,PERSON,P2P,SUCCESS,NOT_EVALUATED,301834.44190616097,350000.0,950000.0,balance.read|history.read|transfer.execute|payment.execute,normal_agent,DELEGATED_NORMAL,0,0,0,0
E0000911,U003-normal-013,U003,2026-05-14T16:11:11,1778742671.0,PAYMENT,payment.execute,48800.0,U003-R005,MERCHANT,ENTERTAIN,SUCCESS,NOT_EVALUATED,301834.44190616097,350000.0,950000.0,balance.read|history.read|transfer.execute|payment.execute,normal_user,DAILY_NORMAL,0,0,0,0
E0000912,U003-normal-013,U003,2026-05-14T16:31:50,1778743910.0,PAYMENT,payment.execute,90000.0,U003-R012,MERCHANT,TRANSPORT,SUCCESS,NOT_EVALUATED,301834.44190616097,350000.0,950000.0,balance.read|history.read|transfer.execute|payment.execute,normal_user,DAILY_NORMAL,0,0,0,0
E0000913,U003-normal-013,U003,2026-05-14T20:23:06,1778757786.0,PAYMENT,payment.execute,11100.0,U003-R027,MERCHANT,CONVENIENCE,SUCCESS,NOT_EVALUATED,301834.44190616097,350000.0,950000.0,balance.read|history.read|transfer.execute|payment.execute,normal_user,DAILY_NORMAL,0,0,0,0
E0000914,U003-normal-014,U003,2026-05-15T14:18:25,1778822305.0,PAYMENT,payment.execute,11600.0,U003-R033,MERCHANT,SIMPLE_PAY,SUCCESS,NOT_EVALUATED,301834.44190616097,350000.0,950000.0,balance.read|history.read|transfer.execute|payment.execute,normal_user,DAILY_NORMAL,0,0,0,0
E0000915,U003-normal-014,U003,2026-05-15T17:09:58,1778832598.0,PAYMENT,payment.execute,26100.0,U003-R031,MERCHANT,ENTERTAIN,SUCCESS,NOT_EVALUATED,301834.44190616097,350000.0,950000.0,balance.read|history.read|transfer.execute|payment.execute,normal_user,DAILY_NORMAL,0,0,0,0
E0000916,U003-normal-014,U003,2026-05-15T20:45:11,1778845511.0,TRANSFER,transfer.execute,25300.0,U003-R039,PERSON,P2P,SUCCESS,NOT_EVALUATED,301834.44190616097,350000.0,950000.0,balance.read|history.read|transfer.execute|payment.execute,normal_user,DAILY_NORMAL,0,0,0,0
E0000917,U003-paysim-fraud-000,U003,2026-05-16T04:17:00,1778872620.0,TRANSFER,transfer.execute,1086024.281912448,U003-N232645,PERSON,P2P,SUCCESS,NOT_EVALUATED,1114024.281912448,350000.0,950000.0,balance.read|history.read|transfer.execute|payment.execute,paysim_fraud,ACCOUNT_DRAIN_TRANSFER,1,1,1,1
E0000918,U003-paysim-fraud-000,U003,2026-05-16T04:19:00,1778872740.0,TRANSFER,transfer.execute,197714.73686613562,U003-N232645,PERSON,P2P,SUCCESS,NOT_EVALUATED,301834.44190616097,350000.0,950000.0,balance.read|history.read|transfer.execute|payment.execute,paysim_fraud,FOLLOW_UP_CASHOUT_PROXY,1,1,1,0
E0000919,U003-normal-015,U003,2026-05-16T15:03:21,1778911401.0,PAYMENT,payment.execute,12300.0,U003-R028,MERCHANT,SIMPLE_PAY,SUCCESS,NOT_EVALUATED,301834.44190616097,350000.0,950000.0,balance.read|history.read|transfer.execute|payment.execute,normal_user,DAILY_NORMAL,0,0,0,0
E0000920,U003-normal-015,U003,2026-05-16T21:57:10,1778936230.0,PAYMENT,payment.execute,82000.0,U003-R034,MERCHANT,FOOD,SUCCESS,NOT_EVALUATED,301834.44190616097,350000.0,950000.0,balance.read|history.read|transfer.execute|payment.execute,normal_user,DAILY_NORMAL,0,0,0,0
E0000921,U003-normal-016,U003,2026-05-17T09:58:41,1778979521.0,PAYMENT,payment.execute,3200.0,U003-R018,MERCHANT,TRANSPORT,SUCCESS,NOT_EVALUATED,301834.44190616097,350000.0,950000.0,balance.read|history.read|transfer.execute|payment.execute,normal_user,DAILY_NORMAL,0,0,0,0
E0000922,U003-hard-BUSINESS_BATCH-005,U003,2026-05-17T10:00:00,1778979600.0,TRANSFER,transfer.execute,112000.0,U003-N461807,PERSON,P2P,SUCCESS,NOT_EVALUATED,301834.44190616097,350000.0,950000.0,balance.read|history.read|transfer.execute|payment.execute,hard_negative,BUSINESS_BATCH,0,0,0,1
E0000923,U003-normal-016,U003,2026-05-17T10:03:36,1778979816.0,PAYMENT,payment.execute,36400.0,U003-R026,MERCHANT,ENTERTAIN,SUCCESS,NOT_EVALUATED,301834.44190616097,350000.0,950000.0,balance.read|history.read|transfer.execute|payment.execute,normal_user,DAILY_NORMAL,0,0,0,0
E0000924,U003-hard-BUSINESS_BATCH-005,U003,2026-05-17T10:08:00,1778980080.0,TRANSFER,transfer.execute,112000.0,U003-N659183,PERSON,P2P,SUCCESS,NOT_EVALUATED,301834.44190616097,350000.0,950000.0,balance.read|history.read|transfer.execute|payment.execute,hard_negative,BUSINESS_BATCH,0,0,0,1
E0000925,U003-hard-BUSINESS_BATCH-005,U003,2026-05-17T10:16:00,1778980560.0,TRANSFER,transfer.execute,112000.0,U003-N640567,PERSON,P2P,SUCCESS,NOT_EVALUATED,301834.44190616097,350000.0,950000.0,balance.read|history.read|transfer.execute|payment.execute,hard_negative,BUSINESS_BATCH,0,0,0,1
E0000926,U003-hard-BUSINESS_BATCH-005,U003,2026-05-17T10:24:00,1778981040.0,TRANSFER,transfer.execute,112000.0,U003-N825011,PERSON,P2P,SUCCESS,NOT_EVALUATED,301834.44190616097,350000.0,950000.0,balance.read|history.read|transfer.execute|payment.execute,hard_negative,BUSINESS_BATCH,0,0,0,1
E0000927,U003-hard-BUSINESS_BATCH-005,U003,2026-05-17T10:32:00,1778981520.0,TRANSFER,transfer.execute,112000.0,U003-N716457,PERSON,P2P,SUCCESS,NOT_EVALUATED,301834.44190616097,350000.0,950000.0,balance.read|history.read|transfer.execute|payment.execute,hard_negative,BUSINESS_BATCH,0,0,0,1
E0000928,U003-hard-BUSINESS_BATCH-005,U003,2026-05-17T10:40:00,1778982000.0,TRANSFER,transfer.execute,112000.0,U003-N287439,PERSON,P2P,SUCCESS,NOT_EVALUATED,301834.44190616097,350000.0,950000.0,balance.read|history.read|transfer.execute|payment.execute,hard_negative,BUSINESS_BATCH,0,0,0,1
E0000929,U003-hard-BUSINESS_BATCH-005,U003,2026-05-17T10:48:00,1778982480.0,TRANSFER,transfer.execute,112000.0,U003-N329005,PERSON,P2P,SUCCESS,NOT_EVALUATED,301834.44190616097,350000.0,950000.0,balance.read|history.read|transfer.execute|payment.execute,hard_negative,BUSINESS_BATCH,0,0,0,1
E0000930,U003-normal-016,U003,2026-05-17T22:21:02,1779024062.0,PAYMENT,payment.execute,67400.0,U003-R016,MERCHANT,FOOD,SUCCESS,NOT_EVALUATED,301834.44190616097,350000.0,950000.0,balance.read|history.read|transfer.execute|payment.execute,normal_user,DAILY_NORMAL,0,0,0,0
E0000931,U003-normal-017,U003,2026-05-18T17:53:19,1779094399.0,TRANSFER,transfer.execute,6100.0,U003-R017,PERSON,P2P,SUCCESS,NOT_EVALUATED,301834.44190616097,350000.0,950000.0,balance.read|history.read|transfer.execute|payment.execute,normal_user,DAILY_NORMAL,0,0,0,0
E0000932,U003-misuse-LOW_AND_SLOW_ATTACK-008,U003,2026-05-18T18:23:00,1779096180.0,TRANSFER,transfer.execute,177373.1294986564,U003-N748732,PERSON,P2P,SUCCESS,NOT_EVALUATED,301834.44190616097,350000.0,950000.0,balance.read|history.read|transfer.execute|payment.execute,agent_misuse,LOW_AND_SLOW_ATTACK,1,0,0,1
E0000933,U003-misuse-LOW_AND_SLOW_ATTACK-008,U003,2026-05-18T20:23:00,1779103380.0,TRANSFER,transfer.execute,116869.73364439992,U003-R025,PERSON,P2P,SUCCESS,NOT_EVALUATED,301834.44190616097,350000.0,950000.0,balance.read|history.read|transfer.execute|payment.execute,agent_misuse,LOW_AND_SLOW_ATTACK,1,0,0,0
E0000934,U003-normal-017,U003,2026-05-18T20:30:53,1779103853.0,PAYMENT,payment.execute,10500.0,U003-R020,MERCHANT,CONVENIENCE,SUCCESS,NOT_EVALUATED,301834.44190616097,350000.0,950000.0,balance.read|history.read|transfer.execute|payment.execute,normal_user,DAILY_NORMAL,0,0,0,0
E0000935,U003-normal-017,U003,2026-05-18T21:03:24,1779105804.0,TRANSFER,transfer.execute,5300.0,U003-R011,PERSON,P2P,SUCCESS,NOT_EVALUATED,301834.44190616097,350000.0,950000.0,balance.read|history.read|transfer.execute|payment.execute,normal_user,DAILY_NORMAL,0,0,0,0
E0000936,U003-misuse-LOW_AND_SLOW_ATTACK-008,U003,2026-05-18T22:23:00,1779110580.0,TRANSFER,transfer.execute,118064.26885587812,U003-R023,PERSON,P2P,SUCCESS,NOT_EVALUATED,301834.44190616097,350000.0,950000.0,balance.read|history.read|transfer.execute|payment.execute,agent_misuse,LOW_AND_SLOW_ATTACK,1,0,0,0
E0000937,U003-misuse-LOW_AND_SLOW_ATTACK-008,U003,2026-05-19T00:23:00,1779117780.0,TRANSFER,transfer.execute,161957.31813326347,U003-N896496,PERSON,P2P,SUCCESS,NOT_EVALUATED,301834.44190616097,350000.0,950000.0,balance.read|history.read|transfer.execute|payment.execute,agent_misuse,LOW_AND_SLOW_ATTACK,1,0,0,1
E0000938,U003-misuse-LOW_AND_SLOW_ATTACK-008,U003,2026-05-19T02:23:00,1779124980.0,TRANSFER,transfer.execute,81033.3062962422,U003-R036,PERSON,P2P,SUCCESS,NOT_EVALUATED,301834.44190616097,350000.0,950000.0,balance.read|history.read|transfer.execute|payment.execute,agent_misuse,LOW_AND_SLOW_ATTACK,1,0,0,0
E0000939,U003-misuse-LOW_AND_SLOW_ATTACK-008,U003,2026-05-19T04:23:00,1779132180.0,TRANSFER,transfer.execute,149331.87846283204,U003-R013,PERSON,P2P,SUCCESS,NOT_EVALUATED,301834.44190616097,350000.0,950000.0,balance.read|history.read|transfer.execute|payment.execute,agent_misuse,LOW_AND_SLOW_ATTACK,1,0,0,0
E0000940,U003-misuse-LOW_AND_SLOW_ATTACK-008,U003,2026-05-19T06:23:00,1779139380.0,TRANSFER,transfer.execute,84723.46558270055,U003-N173957,PERSON,P2P,SUCCESS,NOT_EVALUATED,301834.44190616097,350000.0,950000.0,balance.read|history.read|transfer.execute|payment.execute,agent_misuse,LOW_AND_SLOW_ATTACK,1,0,0,1
E0000941,U003-misuse-LOW_AND_SLOW_ATTACK-008,U003,2026-05-19T08:23:00,1779146580.0,TRANSFER,transfer.execute,125267.90012772371,U003-R039,PERSON,P2P,SUCCESS,NOT_EVALUATED,301834.44190616097,350000.0,950000.0,balance.read|history.read|transfer.execute|payment.execute,agent_misuse,LOW_AND_SLOW_ATTACK,1,0,0,0
E0000942,U003-hard-SUBSCRIPTION_BURST-003,U003,2026-05-19T09:00:00,1779148800.0,PAYMENT,payment.execute,14900.0,U003-R025,PERSON,P2P,SUCCESS,NOT_EVALUATED,301834.44190616097,350000.0,950000.0,balance.read|history.read|transfer.execute|payment.execute,hard_negative,SUBSCRIPTION_BURST,0,0,0,0
E0000943,U003-hard-SUBSCRIPTION_BURST-003,U003,2026-05-19T09:11:00,1779149460.0,PAYMENT,payment.execute,9900.0,U003-R018,MERCHANT,TRANSPORT,SUCCESS,NOT_EVALUATED,301834.44190616097,350000.0,950000.0,balance.read|history.read|transfer.execute|payment.execute,hard_negative,SUBSCRIPTION_BURST,0,0,0,0
E0000944,U003-hard-SUBSCRIPTION_BURST-003,U003,2026-05-19T09:22:00,1779150120.0,PAYMENT,payment.execute,49000.0,U003-R001,PERSON,P2P,SUCCESS,NOT_EVALUATED,301834.44190616097,350000.0,950000.0,balance.read|history.read|transfer.execute|payment.execute,hard_negative,SUBSCRIPTION_BURST,0,0,0,0
E0000945,U003-hard-SUBSCRIPTION_BURST-003,U003,2026-05-19T09:33:00,1779150780.0,PAYMENT,payment.execute,9900.0,U003-R014,MERCHANT,SIMPLE_PAY,SUCCESS,NOT_EVALUATED,301834.44190616097,350000.0,950000.0,balance.read|history.read|transfer.execute|payment.execute,hard_negative,SUBSCRIPTION_BURST,0,0,0,0
E0000946,U003-hard-SUBSCRIPTION_BURST-003,U003,2026-05-19T09:44:00,1779151440.0,PAYMENT,payment.execute,49000.0,U003-R020,MERCHANT,CONVENIENCE,SUCCESS,NOT_EVALUATED,301834.44190616097,350000.0,950000.0,balance.read|history.read|transfer.execute|payment.execute,hard_negative,SUBSCRIPTION_BURST,0,0,0,0
E0000947,U003-misuse-LOW_AND_SLOW_ATTACK-008,U003,2026-05-19T10:23:00,1779153780.0,TRANSFER,transfer.execute,154828.78414972223,U003-R039,PERSON,P2P,SUCCESS,NOT_EVALUATED,301834.44190616097,350000.0,950000.0,balance.read|history.read|transfer.execute|payment.execute,agent_misuse,LOW_AND_SLOW_ATTACK,1,0,0,0
E0000948,U003-misuse-LOW_AND_SLOW_ATTACK-008,U003,2026-05-19T12:23:00,1779160980.0,TRANSFER,transfer.execute,172147.1081466654,U003-N917546,PERSON,P2P,SUCCESS,NOT_EVALUATED,301834.44190616097,350000.0,950000.0,balance.read|history.read|transfer.execute|payment.execute,agent_misuse,LOW_AND_SLOW_ATTACK,1,0,1,1
E0000949,U003-normal-018,U003,2026-05-19T14:07:46,1779167266.0,PAYMENT,payment.execute,22600.0,U003-R026,MERCHANT,ENTERTAIN,SUCCESS,NOT_EVALUATED,301834.44190616097,350000.0,950000.0,balance.read|history.read|transfer.execute|payment.execute,normal_user,DAILY_NORMAL,0,0,0,0
E0000950,U003-misuse-LOW_AND_SLOW_ATTACK-008,U003,2026-05-19T14:23:00,1779168180.0,TRANSFER,transfer.execute,86278.74803465192,U003-R017,PERSON,P2P,SUCCESS,NOT_EVALUATED,301834.44190616097,350000.0,950000.0,balance.read|history.read|transfer.execute|payment.execute,agent_misuse,LOW_AND_SLOW_ATTACK,1,0,1,0
E0000951,U003-normal-018,U003,2026-05-19T14:56:32,1779170192.0,PAYMENT,payment.execute,44100.0,U003-R020,MERCHANT,CONVENIENCE,SUCCESS,NOT_EVALUATED,301834.44190616097,350000.0,950000.0,balance.read|history.read|transfer.execute|payment.execute,normal_user,DAILY_NORMAL,0,0,0,0
E0000952,U003-misuse-LOW_AND_SLOW_ATTACK-008,U003,2026-05-19T16:23:00,1779175380.0,TRANSFER,transfer.execute,157919.7816961926,U003-R036,PERSON,P2P,SUCCESS,NOT_EVALUATED,301834.44190616097,350000.0,950000.0,balance.read|history.read|transfer.execute|payment.execute,agent_misuse,LOW_AND_SLOW_ATTACK,1,0,1,0
E0000953,U003-normal-019,U003,2026-05-20T12:07:18,1779246438.0,PAYMENT,payment.execute,6100.0,U003-R032,MERCHANT,FOOD,SUCCESS,NOT_EVALUATED,301834.44190616097,350000.0,950000.0,balance.read|history.read|transfer.execute|payment.execute,normal_user,DAILY_NORMAL,0,0,0,0
E0000954,U003-normal-019,U003,2026-05-20T16:32:30,1779262350.0,TRANSFER,transfer.execute,32800.0,U003-R001,PERSON,P2P,SUCCESS,NOT_EVALUATED,301834.44190616097,350000.0,950000.0,balance.read|history.read|transfer.execute|payment.execute,normal_user,DAILY_NORMAL,0,0,0,0
E0000955,U003-normal-019,U003,2026-05-20T17:44:53,1779266693.0,PAYMENT,payment.execute,47400.0,U003-R015,MERCHANT,FOOD,SUCCESS,NOT_EVALUATED,301834.44190616097,350000.0,950000.0,balance.read|history.read|transfer.execute|payment.execute,normal_user,DAILY_NORMAL,0,0,0,0
E0000956,U003-normal-019,U003,2026-05-20T21:02:04,1779278524.0,PAYMENT,payment.execute,31000.0,U003-R020,MERCHANT,CONVENIENCE,SUCCESS,NOT_EVALUATED,301834.44190616097,350000.0,950000.0,balance.read|history.read|transfer.execute|payment.execute,normal_user,DAILY_NORMAL,0,0,0,0
E0000957,U003-normal-019,U003,2026-05-20T23:10:47,1779286247.0,PAYMENT,payment.execute,41300.0,U003-R000,MERCHANT,SIMPLE_PAY,SUCCESS,NOT_EVALUATED,301834.44190616097,350000.0,950000.0,balance.read|history.read|transfer.execute|payment.execute,normal_user,DAILY_NORMAL,0,0,0,0
E0000958,U003-paysim-fraud-004,U003,2026-05-21T01:35:00,1779294900.0,TRANSFER,transfer.execute,659880.7583076498,U003-N715530,PERSON,P2P,SUCCESS,NOT_EVALUATED,687880.7583076498,350000.0,950000.0,balance.read|history.read|transfer.execute|payment.execute,paysim_fraud,ACCOUNT_DRAIN_TRANSFER,1,1,1,1
E0000959,U003-paysim-fraud-004,U003,2026-05-21T01:37:00,1779295020.0,TRANSFER,transfer.execute,81321.61888592655,U003-N715530,PERSON,P2P,SUCCESS,NOT_EVALUATED,301834.44190616097,350000.0,950000.0,balance.read|history.read|transfer.execute|payment.execute,paysim_fraud,FOLLOW_UP_CASHOUT_PROXY,1,1,0,0
E0000960,U003-normal-020,U003,2026-05-21T06:34:54,1779312894.0,PAYMENT,payment.execute,9400.0,U003-R040,MERCHANT,ENTERTAIN,SUCCESS,NOT_EVALUATED,301834.44190616097,350000.0,950000.0,balance.read|history.read|transfer.execute|payment.execute,normal_user,DAILY_NORMAL,0,0,0,0
E0000961,U003-misuse-VELOCITY_ATTACK-001,U003,2026-05-21T15:06:25,1779343585.0,TRANSFER,transfer.execute,75807.26958757328,U003-N402448,PERSON,P2P,SUCCESS,NOT_EVALUATED,301834.44190616097,350000.0,950000.0,balance.read|history.read|transfer.execute|payment.execute,agent_misuse,VELOCITY_ATTACK,1,0,0,1
E0000962,U003-misuse-VELOCITY_ATTACK-001,U003,2026-05-21T15:07:55,1779343675.0,TRANSFER,transfer.execute,133195.50278184647,U003-R013,PERSON,P2P,SUCCESS,NOT_EVALUATED,301834.44190616097,350000.0,950000.0,balance.read|history.read|transfer.execute|payment.execute,agent_misuse,VELOCITY_ATTACK,1,0,1,0
E0000963,U003-misuse-VELOCITY_ATTACK-001,U003,2026-05-21T15:07:59,1779343679.0,TRANSFER,transfer.execute,137687.52177181782,U003-R003,PERSON,P2P,SUCCESS,NOT_EVALUATED,301834.44190616097,350000.0,950000.0,balance.read|history.read|transfer.execute|payment.execute,agent_misuse,VELOCITY_ATTACK,1,0,1,0
E0000964,U003-misuse-VELOCITY_ATTACK-001,U003,2026-05-21T15:08:09,1779343689.0,TRANSFER,transfer.execute,158590.24307389112,U003-N286927,PERSON,P2P,SUCCESS,NOT_EVALUATED,301834.44190616097,350000.0,950000.0,balance.read|history.read|transfer.execute|payment.execute,agent_misuse,VELOCITY_ATTACK,1,0,1,1
E0000965,U003-misuse-VELOCITY_ATTACK-001,U003,2026-05-21T15:09:01,1779343741.0,TRANSFER,transfer.execute,125168.62786172723,U003-R011,PERSON,P2P,SUCCESS,NOT_EVALUATED,301834.44190616097,350000.0,950000.0,balance.read|history.read|transfer.execute|payment.execute,agent_misuse,VELOCITY_ATTACK,1,0,1,0
E0000966,U003-misuse-VELOCITY_ATTACK-001,U003,2026-05-21T15:11:37,1779343897.0,TRANSFER,transfer.execute,122693.76131050012,U003-R013,PERSON,P2P,SUCCESS,NOT_EVALUATED,301834.44190616097,350000.0,950000.0,balance.read|history.read|transfer.execute|payment.execute,agent_misuse,VELOCITY_ATTACK,1,0,1,0
E0000967,U003-misuse-VELOCITY_ATTACK-001,U003,2026-05-21T15:11:45,1779343905.0,TRANSFER,transfer.execute,165679.91513089408,U003-R030,PERSON,P2P,SUCCESS,NOT_EVALUATED,301834.44190616097,350000.0,950000.0,balance.read|history.read|transfer.execute|payment.execute,agent_misuse,VELOCITY_ATTACK,1,0,1,0
E0000968,U003-misuse-VELOCITY_ATTACK-001,U003,2026-05-21T15:12:08,1779343928.0,TRANSFER,transfer.execute,119854.94905293798,U003-R004,PERSON,P2P,SUCCESS,NOT_EVALUATED,301834.44190616097,350000.0,950000.0,balance.read|history.read|transfer.execute|payment.execute,agent_misuse,VELOCITY_ATTACK,1,0,1,0
E0000969,U003-misuse-VELOCITY_ATTACK-001,U003,2026-05-21T15:14:40,1779344080.0,TRANSFER,transfer.execute,56817.04037710337,U003-N960505,PERSON,P2P,SUCCESS,NOT_EVALUATED,301834.44190616097,350000.0,950000.0,balance.read|history.read|transfer.execute|payment.execute,agent_misuse,VELOCITY_ATTACK,1,0,1,1
E0000970,U003-misuse-VELOCITY_ATTACK-001,U003,2026-05-21T15:14:51,1779344091.0,TRANSFER,transfer.execute,143344.23555749055,U003-R011,PERSON,P2P,SUCCESS,NOT_EVALUATED,301834.44190616097,350000.0,950000.0,balance.read|history.read|transfer.execute|payment.execute,agent_misuse,VELOCITY_ATTACK,1,0,1,0
E0000971,U003-misuse-VELOCITY_ATTACK-001,U003,2026-05-21T15:15:01,1779344101.0,TRANSFER,transfer.execute,160655.32896746707,U003-N567344,PERSON,P2P,SUCCESS,NOT_EVALUATED,301834.44190616097,350000.0,950000.0,balance.read|history.read|transfer.execute|payment.execute,agent_misuse,VELOCITY_ATTACK,1,0,1,1
E0000972,U003-misuse-VELOCITY_ATTACK-001,U003,2026-05-21T15:18:01,1779344281.0,TRANSFER,transfer.execute,110063.20719134017,U003-R006,PERSON,P2P,SUCCESS,NOT_EVALUATED,301834.44190616097,350000.0,950000.0,balance.read|history.read|transfer.execute|payment.execute,agent_misuse,VELOCITY_ATTACK,1,0,1,0
E0000973,U003-misuse-VELOCITY_ATTACK-001,U003,2026-05-21T15:20:35,1779344435.0,TRANSFER,transfer.execute,101406.58122689628,U003-N376610,PERSON,P2P,SUCCESS,NOT_EVALUATED,301834.44190616097,350000.0,950000.0,balance.read|history.read|transfer.execute|payment.execute,agent_misuse,VELOCITY_ATTACK,1,0,1,1
E0000974,U003-normal-020,U003,2026-05-21T16:13:00,1779347580.0,PAYMENT,payment.execute,6900.0,U003-R038,MERCHANT,CONVENIENCE,SUCCESS,NOT_EVALUATED,301834.44190616097,350000.0,950000.0,balance.read|history.read|transfer.execute|payment.execute,normal_user,DAILY_NORMAL,0,0,0,0
E0000975,U003-normal-020,U003,2026-05-21T18:25:57,1779355557.0,PAYMENT,payment.execute,14100.0,U003-R016,MERCHANT,FOOD,SUCCESS,NOT_EVALUATED,301834.44190616097,350000.0,950000.0,balance.read|history.read|transfer.execute|payment.execute,normal_user,DAILY_NORMAL,0,0,0,0
E0000976,U003-normal-020,U003,2026-05-21T18:32:22,1779355942.0,TRANSFER,transfer.execute,9500.0,U003-R011,PERSON,P2P,SUCCESS,NOT_EVALUATED,301834.44190616097,350000.0,950000.0,balance.read|history.read|transfer.execute|payment.execute,normal_user,DAILY_NORMAL,0,0,0,0
E0000977,U003-normal-020,U003,2026-05-21T20:05:10,1779361510.0,PAYMENT,payment.execute,24900.0,U003-R041,MERCHANT,FOOD,SUCCESS,NOT_EVALUATED,301834.44190616097,350000.0,950000.0,balance.read|history.read|transfer.execute|payment.execute,normal_user,DAILY_NORMAL,0,0,0,0
E0000978,U003-agent-normal-009,U003,2026-05-22T15:14:16,1779430456.0,HISTORY_READ,history.read,0.0,U003-R006,PERSON,P2P,SUCCESS,NOT_EVALUATED,301834.44190616097,350000.0,950000.0,balance.read|history.read|transfer.execute|payment.execute,normal_agent,DELEGATED_NORMAL,0,0,0,0
E0000979,U003-normal-021,U003,2026-05-22T17:11:22,1779437482.0,PAYMENT,payment.execute,3400.0,U003-R031,MERCHANT,ENTERTAIN,SUCCESS,NOT_EVALUATED,301834.44190616097,350000.0,950000.0,balance.read|history.read|transfer.execute|payment.execute,normal_user,DAILY_NORMAL,0,0,0,0
E0000980,U003-normal-021,U003,2026-05-22T21:34:20,1779453260.0,PAYMENT,payment.execute,6800.0,U003-R035,MERCHANT,ETC,SUCCESS,NOT_EVALUATED,301834.44190616097,350000.0,950000.0,balance.read|history.read|transfer.execute|payment.execute,normal_user,DAILY_NORMAL,0,0,0,0
E0000981,U003-normal-022,U003,2026-05-23T14:56:06,1779515766.0,PAYMENT,payment.execute,4900.0,U003-R032,MERCHANT,FOOD,SUCCESS,NOT_EVALUATED,301834.44190616097,350000.0,950000.0,balance.read|history.read|transfer.execute|payment.execute,normal_user,DAILY_NORMAL,0,0,0,0
E0000982,U003-normal-022,U003,2026-05-23T20:49:47,1779536987.0,PAYMENT,payment.execute,51100.0,U003-R031,MERCHANT,ENTERTAIN,SUCCESS,NOT_EVALUATED,301834.44190616097,350000.0,950000.0,balance.read|history.read|transfer.execute|payment.execute,normal_user,DAILY_NORMAL,0,0,0,0
E0000983,U003-normal-023,U003,2026-05-24T12:20:15,1779592815.0,TRANSFER,transfer.execute,31000.0,U003-R006,PERSON,P2P,SUCCESS,NOT_EVALUATED,301834.44190616097,350000.0,950000.0,balance.read|history.read|transfer.execute|payment.execute,normal_user,DAILY_NORMAL,0,0,0,0
E0000984,U003-normal-023,U003,2026-05-24T12:56:48,1779595008.0,PAYMENT,payment.execute,10600.0,U003-R033,MERCHANT,SIMPLE_PAY,SUCCESS,NOT_EVALUATED,301834.44190616097,350000.0,950000.0,balance.read|history.read|transfer.execute|payment.execute,normal_user,DAILY_NORMAL,0,0,0,0
E0000985,U003-normal-023,U003,2026-05-24T17:01:11,1779609671.0,TRANSFER,transfer.execute,26000.0,U003-R013,PERSON,P2P,SUCCESS,NOT_EVALUATED,301834.44190616097,350000.0,950000.0,balance.read|history.read|transfer.execute|payment.execute,normal_user,DAILY_NORMAL,0,0,0,0
E0000986,U003-normal-023,U003,2026-05-24T17:44:25,1779612265.0,TRANSFER,transfer.execute,18400.0,U003-R036,PERSON,P2P,SUCCESS,NOT_EVALUATED,301834.44190616097,350000.0,950000.0,balance.read|history.read|transfer.execute|payment.execute,normal_user,DAILY_NORMAL,0,0,0,0
E0000987,U003-normal-023,U003,2026-05-24T20:36:44,1779622604.0,TRANSFER,transfer.execute,2500.0,U003-R019,PERSON,P2P,SUCCESS,NOT_EVALUATED,301834.44190616097,350000.0,950000.0,balance.read|history.read|transfer.execute|payment.execute,normal_user,DAILY_NORMAL,0,0,0,0
E0000988,U003-normal-023,U003,2026-05-24T22:13:02,1779628382.0,PAYMENT,payment.execute,3000.0,U003-R038,MERCHANT,CONVENIENCE,SUCCESS,NOT_EVALUATED,301834.44190616097,350000.0,950000.0,balance.read|history.read|transfer.execute|payment.execute,normal_user,DAILY_NORMAL,0,0,0,0
E0000989,U003-normal-024,U003,2026-05-25T06:33:02,1779658382.0,TRANSFER,transfer.execute,9300.0,U003-R023,PERSON,P2P,SUCCESS,NOT_EVALUATED,301834.44190616097,350000.0,950000.0,balance.read|history.read|transfer.execute|payment.execute,normal_user,DAILY_NORMAL,0,0,0,0
E0000990,U003-normal-024,U003,2026-05-25T13:41:55,1779684115.0,TRANSFER,transfer.execute,8600.0,U003-R006,PERSON,P2P,SUCCESS,NOT_EVALUATED,301834.44190616097,350000.0,950000.0,balance.read|history.read|transfer.execute|payment.execute,normal_user,DAILY_NORMAL,0,0,0,0
E0000991,U003-normal-024,U003,2026-05-25T15:54:18,1779692058.0,PAYMENT,payment.execute,23300.0,U003-R022,MERCHANT,SIMPLE_PAY,SUCCESS,NOT_EVALUATED,301834.44190616097,350000.0,950000.0,balance.read|history.read|transfer.execute|payment.execute,normal_user,DAILY_NORMAL,0,0,0,0
E0000992,U003-normal-024,U003,2026-05-25T18:35:00,1779701700.0,TRANSFER,transfer.execute,605000.0,U003-R010,MERCHANT,TRANSPORT,SUCCESS,NOT_EVALUATED,633000.0,350000.0,950000.0,balance.read|history.read|transfer.execute|payment.execute,normal_user,RECURRING_NORMAL,0,0,0,0
E0000993,U003-paysim-fraud-005,U003,2026-05-26T02:39:00,1779730740.0,TRANSFER,transfer.execute,829365.0016601812,U003-N363556,PERSON,P2P,SUCCESS,NOT_EVALUATED,857365.0016601812,350000.0,950000.0,balance.read|history.read|transfer.execute|payment.execute,paysim_fraud,ACCOUNT_DRAIN_TRANSFER,1,1,1,1
E0000994,U003-paysim-fraud-005,U003,2026-05-26T02:42:00,1779730920.0,TRANSFER,transfer.execute,227397.70790453535,U003-N363556,PERSON,P2P,SUCCESS,NOT_EVALUATED,301834.44190616097,350000.0,950000.0,balance.read|history.read|transfer.execute|payment.execute,paysim_fraud,FOLLOW_UP_CASHOUT_PROXY,1,1,1,0
E0000995,U003-normal-025,U003,2026-05-26T09:36:19,1779755779.0,PAYMENT,payment.execute,8600.0,U003-R005,MERCHANT,ENTERTAIN,SUCCESS,NOT_EVALUATED,301834.44190616097,350000.0,950000.0,balance.read|history.read|transfer.execute|payment.execute,normal_user,DAILY_NORMAL,0,0,0,0
E0000996,U003-normal-025,U003,2026-05-26T12:09:15,1779764955.0,PAYMENT,payment.execute,9500.0,U003-R031,MERCHANT,ENTERTAIN,SUCCESS,NOT_EVALUATED,301834.44190616097,350000.0,950000.0,balance.read|history.read|transfer.execute|payment.execute,normal_user,DAILY_NORMAL,0,0,0,0
E0000997,U003-normal-025,U003,2026-05-26T17:33:51,1779784431.0,PAYMENT,payment.execute,13100.0,U003-R007,MERCHANT,SIMPLE_PAY,SUCCESS,NOT_EVALUATED,301834.44190616097,350000.0,950000.0,balance.read|history.read|transfer.execute|payment.execute,normal_user,DAILY_NORMAL,0,0,0,0
E0000998,U003-normal-026,U003,2026-05-27T06:20:30,1779830430.0,PAYMENT,payment.execute,1500.0,U003-R010,MERCHANT,TRANSPORT,SUCCESS,NOT_EVALUATED,301834.44190616097,350000.0,950000.0,balance.read|history.read|transfer.execute|payment.execute,normal_user,DAILY_NORMAL,0,0,0,0
E0000999,U003-normal-026,U003,2026-05-27T11:08:46,1779847726.0,PAYMENT,payment.execute,3800.0,U003-R010,MERCHANT,TRANSPORT,SUCCESS,NOT_EVALUATED,301834.44190616097,350000.0,950000.0,balance.read|history.read|transfer.execute|payment.execute,normal_user,DAILY_NORMAL,0,0,0,0
E0001000,U003-normal-026,U003,2026-05-27T15:40:00,1779864000.0,PAYMENT,payment.execute,26700.0,U003-R012,MERCHANT,TRANSPORT,SUCCESS,NOT_EVALUATED,301834.44190616097,350000.0,950000.0,balance.read|history.read|transfer.execute|payment.execute,normal_user,DAILY_NORMAL,0,0,0,0
E0001001,U003-normal-026,U003,2026-05-27T22:28:36,1779888516.0,PAYMENT,payment.execute,32100.0,U003-R015,MERCHANT,FOOD,SUCCESS,NOT_EVALUATED,301834.44190616097,350000.0,950000.0,balance.read|history.read|transfer.execute|payment.execute,normal_user,DAILY_NORMAL,0,0,0,0
E0001002,U003-normal-026,U003,2026-05-27T22:33:37,1779888817.0,TRANSFER,transfer.execute,18200.0,U003-R025,PERSON,P2P,SUCCESS,NOT_EVALUATED,301834.44190616097,350000.0,950000.0,balance.read|history.read|transfer.execute|payment.execute,normal_user,DAILY_NORMAL,0,0,0,0
E0001003,U003-agent-normal-033,U003,2026-05-28T08:51:11,1779925871.0,BALANCE_READ,balance.read,0.0,U003-R035,MERCHANT,ETC,SUCCESS,NOT_EVALUATED,301834.44190616097,350000.0,950000.0,balance.read|history.read|transfer.execute|payment.execute,normal_agent,DELEGATED_NORMAL,0,0,0,0
E0001004,U003-normal-027,U003,2026-05-28T16:57:09,1779955029.0,PAYMENT,payment.execute,8800.0,U003-R021,MERCHANT,CONVENIENCE,SUCCESS,NOT_EVALUATED,301834.44190616097,350000.0,950000.0,balance.read|history.read|transfer.execute|payment.execute,normal_user,DAILY_NORMAL,0,0,0,0
E0001005,U003-normal-027,U003,2026-05-28T18:27:00,1779960420.0,PAYMENT,payment.execute,14900.0,U003-R034,MERCHANT,FOOD,SUCCESS,NOT_EVALUATED,301834.44190616097,350000.0,950000.0,balance.read|history.read|transfer.execute|payment.execute,normal_user,RECURRING_NORMAL,0,0,0,0
E0001006,U003-hard-EMERGENCY_LARGE_TRANSFER-004,U003,2026-05-29T11:40:00,1780022400.0,TRANSFER,transfer.execute,308000.0,U003-N427369,PERSON,P2P,SUCCESS,NOT_EVALUATED,336000.0,350000.0,950000.0,balance.read|history.read|transfer.execute|payment.execute,hard_negative,EMERGENCY_LARGE_TRANSFER,0,0,0,1
E0001007,U003-normal-028,U003,2026-05-29T14:13:24,1780031604.0,TRANSFER,transfer.execute,6200.0,U003-R006,PERSON,P2P,SUCCESS,NOT_EVALUATED,301834.44190616097,350000.0,950000.0,balance.read|history.read|transfer.execute|payment.execute,normal_user,DAILY_NORMAL,0,0,0,0
E0001008,U003-normal-028,U003,2026-05-29T15:58:17,1780037897.0,TRANSFER,transfer.execute,13300.0,U003-R029,PERSON,P2P,SUCCESS,NOT_EVALUATED,301834.44190616097,350000.0,950000.0,balance.read|history.read|transfer.execute|payment.execute,normal_user,DAILY_NORMAL,0,0,0,0
E0001009,U003-normal-028,U003,2026-05-29T19:34:30,1780050870.0,PAYMENT,payment.execute,30600.0,U003-R038,MERCHANT,CONVENIENCE,SUCCESS,NOT_EVALUATED,301834.44190616097,350000.0,950000.0,balance.read|history.read|transfer.execute|payment.execute,normal_user,DAILY_NORMAL,0,0,0,0
E0001010,U003-normal-029,U003,2026-05-30T07:19:05,1780093145.0,PAYMENT,payment.execute,10400.0,U003-R000,MERCHANT,SIMPLE_PAY,SUCCESS,NOT_EVALUATED,301834.44190616097,350000.0,950000.0,balance.read|history.read|transfer.execute|payment.execute,normal_user,DAILY_NORMAL,0,0,0,0
E0001011,U003-normal-029,U003,2026-05-30T10:07:08,1780103228.0,PAYMENT,payment.execute,34500.0,U003-R018,MERCHANT,TRANSPORT,SUCCESS,NOT_EVALUATED,301834.44190616097,350000.0,950000.0,balance.read|history.read|transfer.execute|payment.execute,normal_user,DAILY_NORMAL,0,0,0,0
E0001012,U003-normal-029,U003,2026-05-30T10:24:39,1780104279.0,PAYMENT,payment.execute,22200.0,U003-R034,MERCHANT,FOOD,SUCCESS,NOT_EVALUATED,301834.44190616097,350000.0,950000.0,balance.read|history.read|transfer.execute|payment.execute,normal_user,DAILY_NORMAL,0,0,0,0
E0001013,U003-normal-029,U003,2026-05-30T19:39:08,1780137548.0,PAYMENT,payment.execute,9700.0,U003-R038,MERCHANT,CONVENIENCE,SUCCESS,NOT_EVALUATED,301834.44190616097,350000.0,950000.0,balance.read|history.read|transfer.execute|payment.execute,normal_user,DAILY_NORMAL,0,0,0,0
E0001014,U003-misuse-POLICY_CONFLICT-007,U003,2026-05-31T05:21:00,1780172460.0,TRANSFER,transfer.execute,413000.0,U003-N465524,PERSON,P2P,SUCCESS,NOT_EVALUATED,441000.0,350000.0,950000.0,balance.read|history.read|transfer.execute|payment.execute,agent_misuse,POLICY_CONFLICT,1,0,1,1
E0001015,U003-normal-030,U003,2026-05-31T07:31:45,1780180305.0,PAYMENT,payment.execute,38800.0,U003-R000,MERCHANT,SIMPLE_PAY,SUCCESS,NOT_EVALUATED,301834.44190616097,350000.0,950000.0,balance.read|history.read|transfer.execute|payment.execute,normal_user,DAILY_NORMAL,0,0,0,0
E0001016,U003-normal-030,U003,2026-05-31T07:36:49,1780180609.0,PAYMENT,payment.execute,14700.0,U003-R014,MERCHANT,SIMPLE_PAY,SUCCESS,NOT_EVALUATED,301834.44190616097,350000.0,950000.0,balance.read|history.read|transfer.execute|payment.execute,normal_user,DAILY_NORMAL,0,0,0,0
E0001017,U003-normal-030,U003,2026-05-31T21:22:59,1780230179.0,PAYMENT,payment.execute,61300.0,U003-R032,MERCHANT,FOOD,SUCCESS,NOT_EVALUATED,301834.44190616097,350000.0,950000.0,balance.read|history.read|transfer.execute|payment.execute,normal_user,DAILY_NORMAL,0,0,0,0
E0001018,U003-normal-031,U003,2026-06-01T11:34:58,1780281298.0,PAYMENT,payment.execute,43800.0,U003-R010,MERCHANT,TRANSPORT,SUCCESS,NOT_EVALUATED,301834.44190616097,350000.0,950000.0,balance.read|history.read|transfer.execute|payment.execute,normal_user,DAILY_NORMAL,0,0,0,0
E0001019,U003-normal-031,U003,2026-06-01T19:03:31,1780308211.0,PAYMENT,payment.execute,10200.0,U003-R007,MERCHANT,SIMPLE_PAY,SUCCESS,NOT_EVALUATED,301834.44190616097,350000.0,950000.0,balance.read|history.read|transfer.execute|payment.execute,normal_user,DAILY_NORMAL,0,0,0,0
E0001020,U003-normal-032,U003,2026-06-02T10:44:31,1780364671.0,PAYMENT,payment.execute,51400.0,U003-R037,MERCHANT,TRANSPORT,SUCCESS,NOT_EVALUATED,301834.44190616097,350000.0,950000.0,balance.read|history.read|transfer.execute|payment.execute,normal_user,DAILY_NORMAL,0,0,0,0
E0001021,U003-normal-032,U003,2026-06-02T12:19:54,1780370394.0,PAYMENT,payment.execute,9500.0,U003-R024,MERCHANT,FOOD,SUCCESS,NOT_EVALUATED,301834.44190616097,350000.0,950000.0,balance.read|history.read|transfer.execute|payment.execute,normal_user,DAILY_NORMAL,0,0,0,0
E0001022,U003-normal-032,U003,2026-06-02T17:58:25,1780390705.0,TRANSFER,transfer.execute,38500.0,U003-R019,PERSON,P2P,SUCCESS,NOT_EVALUATED,301834.44190616097,350000.0,950000.0,balance.read|history.read|transfer.execute|payment.execute,normal_user,DAILY_NORMAL,0,0,0,0
E0001023,U003-normal-032,U003,2026-06-02T18:25:59,1780392359.0,TRANSFER,transfer.execute,27500.0,U003-R029,PERSON,P2P,SUCCESS,NOT_EVALUATED,301834.44190616097,350000.0,950000.0,balance.read|history.read|transfer.execute|payment.execute,normal_user,DAILY_NORMAL,0,0,0,0
E0001024,U003-normal-032,U003,2026-06-02T20:26:00,1780399560.0,TRANSFER,transfer.execute,63300.0,U003-R006,PERSON,P2P,SUCCESS,NOT_EVALUATED,301834.44190616097,350000.0,950000.0,balance.read|history.read|transfer.execute|payment.execute,normal_user,DAILY_NORMAL,0,0,0,0
E0001025,U003-normal-032,U003,2026-06-02T22:21:01,1780406461.0,PAYMENT,payment.execute,4100.0,U003-R000,MERCHANT,SIMPLE_PAY,SUCCESS,NOT_EVALUATED,301834.44190616097,350000.0,950000.0,balance.read|history.read|transfer.execute|payment.execute,normal_user,DAILY_NORMAL,0,0,0,0
E0001026,U003-normal-033,U003,2026-06-03T02:02:52,1780419772.0,PAYMENT,payment.execute,17000.0,U003-R016,MERCHANT,FOOD,SUCCESS,NOT_EVALUATED,301834.44190616097,350000.0,950000.0,balance.read|history.read|transfer.execute|payment.execute,normal_user,DAILY_NORMAL,0,0,0,0
E0001027,U003-normal-033,U003,2026-06-03T07:46:25,1780440385.0,PAYMENT,payment.execute,23700.0,U003-R035,MERCHANT,ETC,SUCCESS,NOT_EVALUATED,301834.44190616097,350000.0,950000.0,balance.read|history.read|transfer.execute|payment.execute,normal_user,DAILY_NORMAL,0,0,0,0
E0001028,U003-normal-033,U003,2026-06-03T16:52:27,1780473147.0,TRANSFER,transfer.execute,19100.0,U003-R017,PERSON,P2P,SUCCESS,NOT_EVALUATED,301834.44190616097,350000.0,950000.0,balance.read|history.read|transfer.execute|payment.execute,normal_user,DAILY_NORMAL,0,0,0,0
E0001029,U003-normal-033,U003,2026-06-03T18:45:04,1780479904.0,PAYMENT,payment.execute,41300.0,U003-R018,MERCHANT,TRANSPORT,SUCCESS,NOT_EVALUATED,301834.44190616097,350000.0,950000.0,balance.read|history.read|transfer.execute|payment.execute,normal_user,DAILY_NORMAL,0,0,0,0
E0001030,U003-normal-033,U003,2026-06-03T22:08:11,1780492091.0,PAYMENT,payment.execute,14100.0,U003-R008,MERCHANT,SIMPLE_PAY,SUCCESS,NOT_EVALUATED,301834.44190616097,350000.0,950000.0,balance.read|history.read|transfer.execute|payment.execute,normal_user,DAILY_NORMAL,0,0,0,0
E0001031,U003-paysim-fraud-002,U003,2026-06-04T03:08:00,1780510080.0,TRANSFER,transfer.execute,388049.64127476496,U003-N258052,PERSON,P2P,SUCCESS,NOT_EVALUATED,416049.64127476496,350000.0,950000.0,balance.read|history.read|transfer.execute|payment.execute,paysim_fraud,ACCOUNT_DRAIN_TRANSFER,1,1,1,1
E0001032,U003-paysim-fraud-002,U003,2026-06-04T03:12:00,1780510320.0,TRANSFER,transfer.execute,171377.68531131413,U003-N258052,PERSON,P2P,SUCCESS,NOT_EVALUATED,301834.44190616097,350000.0,950000.0,balance.read|history.read|transfer.execute|payment.execute,paysim_fraud,FOLLOW_UP_CASHOUT_PROXY,1,1,0,0
E0001033,U003-agent-normal-020,U003,2026-06-04T07:06:19,1780524379.0,HISTORY_READ,history.read,0.0,U003-R041,MERCHANT,FOOD,SUCCESS,NOT_EVALUATED,301834.44190616097,350000.0,950000.0,balance.read|history.read|transfer.execute|payment.execute,normal_agent,DELEGATED_NORMAL,0,0,0,0
E0001034,U003-agent-normal-017,U003,2026-06-05T01:20:03,1780590003.0,TRANSFER,transfer.execute,22900.0,U003-R029,PERSON,P2P,SUCCESS,NOT_EVALUATED,301834.44190616097,350000.0,950000.0,balance.read|history.read|transfer.execute|payment.execute,normal_agent,DELEGATED_NORMAL,0,0,0,0
E0001035,U003-normal-035,U003,2026-06-05T08:32:11,1780615931.0,TRANSFER,transfer.execute,10300.0,U003-R013,PERSON,P2P,SUCCESS,NOT_EVALUATED,301834.44190616097,350000.0,950000.0,balance.read|history.read|transfer.execute|payment.execute,normal_user,DAILY_NORMAL,0,0,0,0
E0001036,U003-normal-035,U003,2026-06-05T16:36:36,1780644996.0,TRANSFER,transfer.execute,73600.0,U003-R002,PERSON,P2P,SUCCESS,NOT_EVALUATED,301834.44190616097,350000.0,950000.0,balance.read|history.read|transfer.execute|payment.execute,normal_user,DAILY_NORMAL,0,0,0,0
E0001037,U003-normal-035,U003,2026-06-05T18:48:40,1780652920.0,TRANSFER,transfer.execute,85700.0,U003-R019,PERSON,P2P,SUCCESS,NOT_EVALUATED,301834.44190616097,350000.0,950000.0,balance.read|history.read|transfer.execute|payment.execute,normal_user,DAILY_NORMAL,0,0,0,0
E0001038,U003-agent-normal-008,U003,2026-06-05T21:41:33,1780663293.0,BALANCE_READ,balance.read,0.0,U003-R031,MERCHANT,ENTERTAIN,SUCCESS,NOT_EVALUATED,301834.44190616097,350000.0,950000.0,balance.read|history.read|transfer.execute|payment.execute,normal_agent,DELEGATED_NORMAL,0,0,0,0
E0001039,U003-normal-036,U003,2026-06-06T16:57:05,1780732625.0,TRANSFER,transfer.execute,2800.0,U003-R023,PERSON,P2P,SUCCESS,NOT_EVALUATED,301834.44190616097,350000.0,950000.0,balance.read|history.read|transfer.execute|payment.execute,normal_user,DAILY_NORMAL,0,0,0,0
E0001040,U003-normal-036,U003,2026-06-06T17:30:39,1780734639.0,PAYMENT,payment.execute,5900.0,U003-R037,MERCHANT,TRANSPORT,SUCCESS,NOT_EVALUATED,301834.44190616097,350000.0,950000.0,balance.read|history.read|transfer.execute|payment.execute,normal_user,DAILY_NORMAL,0,0,0,0
E0001041,U003-normal-037,U003,2026-06-07T04:29:13,1780774153.0,PAYMENT,payment.execute,9700.0,U003-R035,MERCHANT,ETC,SUCCESS,NOT_EVALUATED,301834.44190616097,350000.0,950000.0,balance.read|history.read|transfer.execute|payment.execute,normal_user,DAILY_NORMAL,0,0,0,0
E0001042,U003-normal-037,U003,2026-06-07T13:08:45,1780805325.0,PAYMENT,payment.execute,50800.0,U003-R008,MERCHANT,SIMPLE_PAY,SUCCESS,NOT_EVALUATED,301834.44190616097,350000.0,950000.0,balance.read|history.read|transfer.execute|payment.execute,normal_user,DAILY_NORMAL,0,0,0,0
E0001043,U003-agent-normal-004,U003,2026-06-07T18:36:31,1780824991.0,TRANSFER,transfer.execute,7200.0,U003-R035,MERCHANT,ETC,SUCCESS,NOT_EVALUATED,301834.44190616097,350000.0,950000.0,balance.read|history.read|transfer.execute|payment.execute,normal_agent,DELEGATED_NORMAL,0,0,0,0
E0001044,U003-normal-037,U003,2026-06-07T19:20:44,1780827644.0,PAYMENT,payment.execute,5100.0,U003-R018,MERCHANT,TRANSPORT,SUCCESS,NOT_EVALUATED,301834.44190616097,350000.0,950000.0,balance.read|history.read|transfer.execute|payment.execute,normal_user,DAILY_NORMAL,0,0,0,0
E0001045,U003-normal-037,U003,2026-06-07T19:28:49,1780828129.0,PAYMENT,payment.execute,68000.0,U003-R022,MERCHANT,SIMPLE_PAY,SUCCESS,NOT_EVALUATED,301834.44190616097,350000.0,950000.0,balance.read|history.read|transfer.execute|payment.execute,normal_user,DAILY_NORMAL,0,0,0,0
E0001046,U003-normal-038,U003,2026-06-08T00:28:08,1780846088.0,PAYMENT,payment.execute,7300.0,U003-R016,MERCHANT,FOOD,SUCCESS,NOT_EVALUATED,301834.44190616097,350000.0,950000.0,balance.read|history.read|transfer.execute|payment.execute,normal_user,DAILY_NORMAL,0,0,0,0
E0001047,U003-normal-038,U003,2026-06-08T08:25:41,1780874741.0,PAYMENT,payment.execute,4000.0,U003-R018,MERCHANT,TRANSPORT,SUCCESS,NOT_EVALUATED,301834.44190616097,350000.0,950000.0,balance.read|history.read|transfer.execute|payment.execute,normal_user,DAILY_NORMAL,0,0,0,0
E0001048,U003-normal-038,U003,2026-06-08T13:53:07,1780894387.0,TRANSFER,transfer.execute,179600.0,U003-R019,PERSON,P2P,SUCCESS,NOT_EVALUATED,301834.44190616097,350000.0,950000.0,balance.read|history.read|transfer.execute|payment.execute,normal_user,DAILY_NORMAL,0,0,0,0
E0001049,U003-agent-normal-001,U003,2026-06-08T16:01:20,1780902080.0,HISTORY_READ,history.read,0.0,U003-R002,PERSON,P2P,SUCCESS,NOT_EVALUATED,301834.44190616097,350000.0,950000.0,balance.read|history.read|transfer.execute|payment.execute,normal_agent,DELEGATED_NORMAL,0,0,0,0
E0001050,U003-normal-038,U003,2026-06-08T18:10:39,1780909839.0,TRANSFER,transfer.execute,25600.0,U003-R013,PERSON,P2P,SUCCESS,NOT_EVALUATED,301834.44190616097,350000.0,950000.0,balance.read|history.read|transfer.execute|payment.execute,normal_user,DAILY_NORMAL,0,0,0,0
E0001051,U003-normal-038,U003,2026-06-08T18:54:33,1780912473.0,TRANSFER,transfer.execute,16500.0,U003-R003,PERSON,P2P,SUCCESS,NOT_EVALUATED,301834.44190616097,350000.0,950000.0,balance.read|history.read|transfer.execute|payment.execute,normal_user,DAILY_NORMAL,0,0,0,0
E0001052,U003-misuse-LIMIT_RATCHETING-000,U003,2026-06-08T19:05:00,1780913100.0,TRANSFER,transfer.execute,294000.0,U003-R019,PERSON,P2P,SUCCESS,NOT_EVALUATED,322000.0,350000.0,950000.0,balance.read|history.read|transfer.execute|payment.execute,agent_misuse,LIMIT_RATCHETING,1,0,0,0
E0001053,U003-normal-038,U003,2026-06-08T19:05:05,1780913105.0,PAYMENT,payment.execute,39200.0,U003-R020,MERCHANT,CONVENIENCE,SUCCESS,NOT_EVALUATED,301834.44190616097,350000.0,950000.0,balance.read|history.read|transfer.execute|payment.execute,normal_user,DAILY_NORMAL,0,0,0,0
E0001054,U003-misuse-LIMIT_RATCHETING-000,U003,2026-06-08T19:17:00,1780913820.0,TRANSFER,transfer.execute,322000.0,U003-N286289,PERSON,P2P,SUCCESS,NOT_EVALUATED,350000.0,350000.0,950000.0,balance.read|history.read|transfer.execute|payment.execute,agent_misuse,LIMIT_RATCHETING,1,0,0,1
E0001055,U003-misuse-LIMIT_RATCHETING-000,U003,2026-06-08T19:29:00,1780914540.0,TRANSFER,transfer.execute,308000.0,U003-N282665,PERSON,P2P,SUCCESS,NOT_EVALUATED,336000.0,350000.0,950000.0,balance.read|history.read|transfer.execute|payment.execute,agent_misuse,LIMIT_RATCHETING,1,0,1,1
E0001056,U003-misuse-LIMIT_RATCHETING-000,U003,2026-06-08T19:41:00,1780915260.0,TRANSFER,transfer.execute,332500.0,U003-N352581,PERSON,P2P,SUCCESS,NOT_EVALUATED,360500.0,350000.0,950000.0,balance.read|history.read|transfer.execute|payment.execute,agent_misuse,LIMIT_RATCHETING,1,0,1,1
E0001057,U003-normal-039,U003,2026-06-09T11:35:34,1780972534.0,PAYMENT,payment.execute,50600.0,U003-R022,MERCHANT,SIMPLE_PAY,SUCCESS,NOT_EVALUATED,301834.44190616097,350000.0,950000.0,balance.read|history.read|transfer.execute|payment.execute,normal_user,DAILY_NORMAL,0,0,0,0
E0001058,U003-hard-NEW_RECIPIENT_NORMAL-002,U003,2026-06-09T14:20:00,1780982400.0,TRANSFER,transfer.execute,224000.0,U003-N779389,PERSON,P2P,SUCCESS,NOT_EVALUATED,301834.44190616097,350000.0,950000.0,balance.read|history.read|transfer.execute|payment.execute,hard_negative,NEW_RECIPIENT_NORMAL,0,0,0,1
E0001059,U003-normal-039,U003,2026-06-09T14:26:29,1780982789.0,TRANSFER,transfer.execute,13900.0,U003-R025,PERSON,P2P,SUCCESS,NOT_EVALUATED,301834.44190616097,350000.0,950000.0,balance.read|history.read|transfer.execute|payment.execute,normal_user,DAILY_NORMAL,0,0,0,0
E0001060,U003-normal-039,U003,2026-06-09T14:46:17,1780983977.0,PAYMENT,payment.execute,15100.0,U003-R016,MERCHANT,FOOD,SUCCESS,NOT_EVALUATED,301834.44190616097,350000.0,950000.0,balance.read|history.read|transfer.execute|payment.execute,normal_user,DAILY_NORMAL,0,0,0,0
E0001061,U003-normal-039,U003,2026-06-09T18:06:00,1780995960.0,PAYMENT,payment.execute,63000.0,U003-R011,PERSON,P2P,SUCCESS,NOT_EVALUATED,301834.44190616097,350000.0,950000.0,balance.read|history.read|transfer.execute|payment.execute,normal_user,RECURRING_NORMAL,0,0,0,0
E0001062,U003-normal-039,U003,2026-06-09T18:30:17,1780997417.0,PAYMENT,payment.execute,23000.0,U003-R037,MERCHANT,TRANSPORT,SUCCESS,NOT_EVALUATED,301834.44190616097,350000.0,950000.0,balance.read|history.read|transfer.execute|payment.execute,normal_user,DAILY_NORMAL,0,0,0,0
E0001063,U003-agent-normal-034,U003,2026-06-09T18:32:25,1780997545.0,HISTORY_READ,history.read,0.0,U003-R025,PERSON,P2P,SUCCESS,NOT_EVALUATED,301834.44190616097,350000.0,950000.0,balance.read|history.read|transfer.execute|payment.execute,normal_agent,DELEGATED_NORMAL,0,0,0,0
E0001064,U003-normal-039,U003,2026-06-09T21:46:38,1781009198.0,PAYMENT,payment.execute,6600.0,U003-R015,MERCHANT,FOOD,SUCCESS,NOT_EVALUATED,301834.44190616097,350000.0,950000.0,balance.read|history.read|transfer.execute|payment.execute,normal_user,DAILY_NORMAL,0,0,0,0
E0001065,U003-agent-normal-016,U003,2026-06-10T00:15:54,1781018154.0,HISTORY_READ,history.read,0.0,U003-R002,PERSON,P2P,SUCCESS,NOT_EVALUATED,301834.44190616097,350000.0,950000.0,balance.read|history.read|transfer.execute|payment.execute,normal_agent,DELEGATED_NORMAL,0,0,0,0
E0001066,U003-misuse-CATEGORY_DRIFT-005,U003,2026-06-10T06:28:00,1781040480.0,PAYMENT,payment.execute,109579.92542813216,U003-N265345,MERCHANT,SECURITIES,SUCCESS,NOT_EVALUATED,301834.44190616097,350000.0,950000.0,balance.read|history.read|transfer.execute|payment.execute,agent_misuse,CATEGORY_DRIFT,1,0,0,1
E0001067,U003-normal-040,U003,2026-06-10T06:35:01,1781040901.0,PAYMENT,payment.execute,14700.0,U003-R032,MERCHANT,FOOD,SUCCESS,NOT_EVALUATED,301834.44190616097,350000.0,950000.0,balance.read|history.read|transfer.execute|payment.execute,normal_user,DAILY_NORMAL,0,0,0,0
E0001068,U003-misuse-CATEGORY_DRIFT-005,U003,2026-06-10T06:45:00,1781041500.0,PAYMENT,payment.execute,77179.13993544356,U003-N411723,MERCHANT,SECURITIES,SUCCESS,NOT_EVALUATED,301834.44190616097,350000.0,950000.0,balance.read|history.read|transfer.execute|payment.execute,agent_misuse,CATEGORY_DRIFT,1,0,0,1
E0001069,U003-misuse-CATEGORY_DRIFT-005,U003,2026-06-10T07:02:00,1781042520.0,PAYMENT,payment.execute,190997.81517559825,U003-N155541,PERSON,OVERSEAS_REMIT,SUCCESS,NOT_EVALUATED,301834.44190616097,350000.0,950000.0,balance.read|history.read|transfer.execute|payment.execute,agent_misuse,CATEGORY_DRIFT,1,0,0,1
E0001070,U003-misuse-CATEGORY_DRIFT-005,U003,2026-06-10T07:19:00,1781043540.0,PAYMENT,payment.execute,163144.91560807664,U003-N725528,MERCHANT,GIFT_CARD,SUCCESS,NOT_EVALUATED,301834.44190616097,350000.0,950000.0,balance.read|history.read|transfer.execute|payment.execute,agent_misuse,CATEGORY_DRIFT,1,0,0,1
E0001071,U003-misuse-CATEGORY_DRIFT-005,U003,2026-06-10T07:36:00,1781044560.0,PAYMENT,payment.execute,88523.55168936464,U003-N403347,MERCHANT,GIFT_CARD,SUCCESS,NOT_EVALUATED,301834.44190616097,350000.0,950000.0,balance.read|history.read|transfer.execute|payment.execute,agent_misuse,CATEGORY_DRIFT,1,0,0,1
E0001072,U003-misuse-CATEGORY_DRIFT-005,U003,2026-06-10T07:53:00,1781045580.0,PAYMENT,payment.execute,205394.23859374452,U003-N354637,MERCHANT,SECURITIES,SUCCESS,NOT_EVALUATED,301834.44190616097,350000.0,950000.0,balance.read|history.read|transfer.execute|payment.execute,agent_misuse,CATEGORY_DRIFT,1,0,0,1
E0001073,U003-misuse-CATEGORY_DRIFT-005,U003,2026-06-10T08:10:00,1781046600.0,PAYMENT,payment.execute,94711.01690728808,U003-N824843,PERSON,OVERSEAS_REMIT,SUCCESS,NOT_EVALUATED,301834.44190616097,350000.0,950000.0,balance.read|history.read|transfer.execute|payment.execute,agent_misuse,CATEGORY_DRIFT,1,0,0,1
E0001074,U003-normal-040,U003,2026-06-10T17:06:02,1781078762.0,PAYMENT,payment.execute,11400.0,U003-R040,MERCHANT,ENTERTAIN,SUCCESS,NOT_EVALUATED,301834.44190616097,350000.0,950000.0,balance.read|history.read|transfer.execute|payment.execute,normal_user,DAILY_NORMAL,0,0,0,0
E0001075,U003-normal-041,U003,2026-06-11T07:06:01,1781129161.0,TRANSFER,transfer.execute,12400.0,U003-R003,PERSON,P2P,SUCCESS,NOT_EVALUATED,301834.44190616097,350000.0,950000.0,balance.read|history.read|transfer.execute|payment.execute,normal_user,DAILY_NORMAL,0,0,0,0
E0001076,U003-normal-041,U003,2026-06-11T11:28:57,1781144937.0,TRANSFER,transfer.execute,50200.0,U003-R039,PERSON,P2P,SUCCESS,NOT_EVALUATED,301834.44190616097,350000.0,950000.0,balance.read|history.read|transfer.execute|payment.execute,normal_user,DAILY_NORMAL,0,0,0,0
E0001077,U003-normal-041,U003,2026-06-11T12:03:38,1781147018.0,PAYMENT,payment.execute,10000.0,U003-R008,MERCHANT,SIMPLE_PAY,SUCCESS,NOT_EVALUATED,301834.44190616097,350000.0,950000.0,balance.read|history.read|transfer.execute|payment.execute,normal_user,DAILY_NORMAL,0,0,0,0
E0001078,U003-normal-041,U003,2026-06-11T12:50:58,1781149858.0,PAYMENT,payment.execute,22300.0,U003-R037,MERCHANT,TRANSPORT,SUCCESS,NOT_EVALUATED,301834.44190616097,350000.0,950000.0,balance.read|history.read|transfer.execute|payment.execute,normal_user,DAILY_NORMAL,0,0,0,0
E0001079,U003-normal-041,U003,2026-06-11T13:34:24,1781152464.0,PAYMENT,payment.execute,44200.0,U003-R012,MERCHANT,TRANSPORT,SUCCESS,NOT_EVALUATED,301834.44190616097,350000.0,950000.0,balance.read|history.read|transfer.execute|payment.execute,normal_user,DAILY_NORMAL,0,0,0,0
E0001080,U003-normal-041,U003,2026-06-11T19:31:13,1781173873.0,PAYMENT,payment.execute,15200.0,U003-R034,MERCHANT,FOOD,SUCCESS,NOT_EVALUATED,301834.44190616097,350000.0,950000.0,balance.read|history.read|transfer.execute|payment.execute,normal_user,DAILY_NORMAL,0,0,0,0
E0001081,U003-normal-041,U003,2026-06-11T20:06:40,1781176000.0,PAYMENT,payment.execute,14600.0,U003-R020,MERCHANT,CONVENIENCE,SUCCESS,NOT_EVALUATED,301834.44190616097,350000.0,950000.0,balance.read|history.read|transfer.execute|payment.execute,normal_user,DAILY_NORMAL,0,0,0,0
E0001082,U003-misuse-RETRY_PATTERN-004,U003,2026-06-12T09:13:00,1781223180.0,TRANSFER,transfer.execute,481909.36102490814,U003-N733517,PERSON,P2P,FAILED,NOT_EVALUATED,509909.36102490814,350000.0,950000.0,balance.read|history.read|transfer.execute|payment.execute,agent_misuse,RETRY_PATTERN,1,0,1,1
E0001083,U003-misuse-RETRY_PATTERN-004,U003,2026-06-12T09:16:00,1781223360.0,TRANSFER,transfer.execute,386098.526476564,U003-N733517,PERSON,P2P,FAILED,NOT_EVALUATED,414098.526476564,350000.0,950000.0,balance.read|history.read|transfer.execute|payment.execute,agent_misuse,RETRY_PATTERN,1,0,1,0
E0001084,U003-misuse-RETRY_PATTERN-004,U003,2026-06-12T09:19:00,1781223540.0,TRANSFER,transfer.execute,284651.3940806292,U003-N733517,PERSON,P2P,FAILED,NOT_EVALUATED,312651.3940806292,350000.0,950000.0,balance.read|history.read|transfer.execute|payment.execute,agent_misuse,RETRY_PATTERN,1,0,1,0
E0001085,U003-misuse-RETRY_PATTERN-004,U003,2026-06-12T09:22:00,1781223720.0,TRANSFER,transfer.execute,248383.19897571573,U003-N733517,PERSON,P2P,SUCCESS,NOT_EVALUATED,301834.44190616097,350000.0,950000.0,balance.read|history.read|transfer.execute|payment.execute,agent_misuse,RETRY_PATTERN,1,0,1,0
E0001086,U003-misuse-RETRY_PATTERN-004,U003,2026-06-12T09:25:00,1781223900.0,TRANSFER,transfer.execute,182303.59298150626,U003-N733517,PERSON,P2P,SUCCESS,NOT_EVALUATED,301834.44190616097,350000.0,950000.0,balance.read|history.read|transfer.execute|payment.execute,agent_misuse,RETRY_PATTERN,1,0,1,0
E0001087,U003-misuse-RETRY_PATTERN-004,U003,2026-06-12T09:28:00,1781224080.0,TRANSFER,transfer.execute,155511.80350035478,U003-N733517,PERSON,P2P,SUCCESS,NOT_EVALUATED,301834.44190616097,350000.0,950000.0,balance.read|history.read|transfer.execute|payment.execute,agent_misuse,RETRY_PATTERN,1,0,1,0
E0001088,U003-normal-042,U003,2026-06-12T11:15:59,1781230559.0,PAYMENT,payment.execute,35100.0,U003-R027,MERCHANT,CONVENIENCE,SUCCESS,NOT_EVALUATED,301834.44190616097,350000.0,950000.0,balance.read|history.read|transfer.execute|payment.execute,normal_user,DAILY_NORMAL,0,0,0,0
E0001089,U003-normal-042,U003,2026-06-12T14:58:44,1781243924.0,PAYMENT,payment.execute,31000.0,U003-R035,MERCHANT,ETC,SUCCESS,NOT_EVALUATED,301834.44190616097,350000.0,950000.0,balance.read|history.read|transfer.execute|payment.execute,normal_user,DAILY_NORMAL,0,0,0,0
E0001090,U003-normal-042,U003,2026-06-12T16:28:58,1781249338.0,PAYMENT,payment.execute,18200.0,U003-R034,MERCHANT,FOOD,SUCCESS,NOT_EVALUATED,301834.44190616097,350000.0,950000.0,balance.read|history.read|transfer.execute|payment.execute,normal_user,DAILY_NORMAL,0,0,0,0
E0001091,U003-normal-042,U003,2026-06-12T20:39:37,1781264377.0,PAYMENT,payment.execute,13900.0,U003-R035,MERCHANT,ETC,SUCCESS,NOT_EVALUATED,301834.44190616097,350000.0,950000.0,balance.read|history.read|transfer.execute|payment.execute,normal_user,DAILY_NORMAL,0,0,0,0
E0001092,U003-normal-043,U003,2026-06-13T11:42:25,1781318545.0,TRANSFER,transfer.execute,13500.0,U003-R003,PERSON,P2P,SUCCESS,NOT_EVALUATED,301834.44190616097,350000.0,950000.0,balance.read|history.read|transfer.execute|payment.execute,normal_user,DAILY_NORMAL,0,0,0,0
E0001093,U003-normal-043,U003,2026-06-13T14:07:11,1781327231.0,PAYMENT,payment.execute,22000.0,U003-R022,MERCHANT,SIMPLE_PAY,SUCCESS,NOT_EVALUATED,301834.44190616097,350000.0,950000.0,balance.read|history.read|transfer.execute|payment.execute,normal_user,DAILY_NORMAL,0,0,0,0
E0001094,U003-normal-043,U003,2026-06-13T14:31:13,1781328673.0,PAYMENT,payment.execute,34900.0,U003-R009,MERCHANT,FOOD,SUCCESS,NOT_EVALUATED,301834.44190616097,350000.0,950000.0,balance.read|history.read|transfer.execute|payment.execute,normal_user,DAILY_NORMAL,0,0,0,0
E0001095,U003-normal-043,U003,2026-06-13T19:01:28,1781344888.0,TRANSFER,transfer.execute,13000.0,U003-R006,PERSON,P2P,SUCCESS,NOT_EVALUATED,301834.44190616097,350000.0,950000.0,balance.read|history.read|transfer.execute|payment.execute,normal_user,DAILY_NORMAL,0,0,0,0
E0001096,U003-normal-044,U003,2026-06-14T12:18:51,1781407131.0,PAYMENT,payment.execute,24100.0,U003-R026,MERCHANT,ENTERTAIN,SUCCESS,NOT_EVALUATED,301834.44190616097,350000.0,950000.0,balance.read|history.read|transfer.execute|payment.execute,normal_user,DAILY_NORMAL,0,0,0,0
E0001097,U003-normal-044,U003,2026-06-14T17:30:01,1781425801.0,TRANSFER,transfer.execute,37700.0,U003-R036,PERSON,P2P,SUCCESS,NOT_EVALUATED,301834.44190616097,350000.0,950000.0,balance.read|history.read|transfer.execute|payment.execute,normal_user,DAILY_NORMAL,0,0,0,0
E0001098,U003-normal-044,U003,2026-06-14T19:05:31,1781431531.0,PAYMENT,payment.execute,58400.0,U003-R034,MERCHANT,FOOD,SUCCESS,NOT_EVALUATED,301834.44190616097,350000.0,950000.0,balance.read|history.read|transfer.execute|payment.execute,normal_user,DAILY_NORMAL,0,0,0,0
E0001099,U003-normal-045,U003,2026-06-15T16:19:53,1781507993.0,PAYMENT,payment.execute,15500.0,U003-R027,MERCHANT,CONVENIENCE,SUCCESS,NOT_EVALUATED,301834.44190616097,350000.0,950000.0,balance.read|history.read|transfer.execute|payment.execute,normal_user,DAILY_NORMAL,0,0,0,0
E0001100,U003-normal-045,U003,2026-06-15T19:18:05,1781518685.0,PAYMENT,payment.execute,11200.0,U003-R020,MERCHANT,CONVENIENCE,SUCCESS,NOT_EVALUATED,301834.44190616097,350000.0,950000.0,balance.read|history.read|transfer.execute|payment.execute,normal_user,DAILY_NORMAL,0,0,0,0
E0001101,U003-normal-046,U003,2026-06-16T11:20:26,1781576426.0,TRANSFER,transfer.execute,14500.0,U003-R017,PERSON,P2P,SUCCESS,NOT_EVALUATED,301834.44190616097,350000.0,950000.0,balance.read|history.read|transfer.execute|payment.execute,normal_user,DAILY_NORMAL,0,0,0,0
E0001102,U003-normal-046,U003,2026-06-16T12:19:14,1781579954.0,PAYMENT,payment.execute,25200.0,U003-R035,MERCHANT,ETC,SUCCESS,NOT_EVALUATED,301834.44190616097,350000.0,950000.0,balance.read|history.read|transfer.execute|payment.execute,normal_user,DAILY_NORMAL,0,0,0,0
E0001103,U003-normal-046,U003,2026-06-16T13:38:25,1781584705.0,TRANSFER,transfer.execute,70100.0,U003-R006,PERSON,P2P,SUCCESS,NOT_EVALUATED,301834.44190616097,350000.0,950000.0,balance.read|history.read|transfer.execute|payment.execute,normal_user,DAILY_NORMAL,0,0,0,0
E0001104,U003-normal-047,U003,2026-06-17T11:03:42,1781661822.0,PAYMENT,payment.execute,7600.0,U003-R034,MERCHANT,FOOD,SUCCESS,NOT_EVALUATED,301834.44190616097,350000.0,950000.0,balance.read|history.read|transfer.execute|payment.execute,normal_user,DAILY_NORMAL,0,0,0,0
E0001105,U003-normal-047,U003,2026-06-17T12:29:50,1781666990.0,PAYMENT,payment.execute,19200.0,U003-R032,MERCHANT,FOOD,SUCCESS,NOT_EVALUATED,301834.44190616097,350000.0,950000.0,balance.read|history.read|transfer.execute|payment.execute,normal_user,DAILY_NORMAL,0,0,0,0
E0001106,U003-normal-047,U003,2026-06-17T14:42:03,1781674923.0,TRANSFER,transfer.execute,19400.0,U003-R004,PERSON,P2P,SUCCESS,NOT_EVALUATED,301834.44190616097,350000.0,950000.0,balance.read|history.read|transfer.execute|payment.execute,normal_user,DAILY_NORMAL,0,0,0,0
E0001107,U003-normal-047,U003,2026-06-17T20:13:59,1781694839.0,PAYMENT,payment.execute,19200.0,U003-R020,MERCHANT,CONVENIENCE,SUCCESS,NOT_EVALUATED,301834.44190616097,350000.0,950000.0,balance.read|history.read|transfer.execute|payment.execute,normal_user,DAILY_NORMAL,0,0,0,0
E0001108,U003-normal-048,U003,2026-06-18T17:06:56,1781770016.0,PAYMENT,payment.execute,74900.0,U003-R014,MERCHANT,SIMPLE_PAY,SUCCESS,NOT_EVALUATED,301834.44190616097,350000.0,950000.0,balance.read|history.read|transfer.execute|payment.execute,normal_user,DAILY_NORMAL,0,0,0,0
E0001109,U003-normal-048,U003,2026-06-18T17:24:03,1781771043.0,TRANSFER,transfer.execute,19000.0,U003-R023,PERSON,P2P,SUCCESS,NOT_EVALUATED,301834.44190616097,350000.0,950000.0,balance.read|history.read|transfer.execute|payment.execute,normal_user,DAILY_NORMAL,0,0,0,0
E0001110,U003-misuse-RECIPIENT_BURST-002,U003,2026-06-18T18:15:00,1781774100.0,TRANSFER,transfer.execute,109256.47563962822,U003-N987016,PERSON,P2P,SUCCESS,NOT_EVALUATED,301834.44190616097,350000.0,950000.0,balance.read|history.read|transfer.execute|payment.execute,agent_misuse,RECIPIENT_BURST,1,0,0,1
E0001111,U003-misuse-RECIPIENT_BURST-002,U003,2026-06-18T18:20:00,1781774400.0,TRANSFER,transfer.execute,226674.47816220764,U003-N298019,PERSON,P2P,SUCCESS,NOT_EVALUATED,301834.44190616097,350000.0,950000.0,balance.read|history.read|transfer.execute|payment.execute,agent_misuse,RECIPIENT_BURST,1,0,0,1
E0001112,U003-misuse-RECIPIENT_BURST-002,U003,2026-06-18T18:25:00,1781774700.0,TRANSFER,transfer.execute,136826.63424257416,U003-N943019,PERSON,P2P,SUCCESS,NOT_EVALUATED,301834.44190616097,350000.0,950000.0,balance.read|history.read|transfer.execute|payment.execute,agent_misuse,RECIPIENT_BURST,1,0,0,1
E0001113,U003-misuse-RECIPIENT_BURST-002,U003,2026-06-18T18:30:00,1781775000.0,TRANSFER,transfer.execute,137995.93664281332,U003-N402289,PERSON,P2P,SUCCESS,NOT_EVALUATED,301834.44190616097,350000.0,950000.0,balance.read|history.read|transfer.execute|payment.execute,agent_misuse,RECIPIENT_BURST,1,0,0,1
E0001114,U003-misuse-RECIPIENT_BURST-002,U003,2026-06-18T18:35:00,1781775300.0,TRANSFER,transfer.execute,146396.55137285814,U003-N888499,PERSON,P2P,SUCCESS,NOT_EVALUATED,301834.44190616097,350000.0,950000.0,balance.read|history.read|transfer.execute|payment.execute,agent_misuse,RECIPIENT_BURST,1,0,0,1
E0001115,U003-normal-048,U003,2026-06-18T18:35:02,1781775302.0,PAYMENT,payment.execute,5700.0,U003-R026,MERCHANT,ENTERTAIN,SUCCESS,NOT_EVALUATED,301834.44190616097,350000.0,950000.0,balance.read|history.read|transfer.execute|payment.execute,normal_user,DAILY_NORMAL,0,0,0,0
E0001116,U003-normal-048,U003,2026-06-18T19:36:06,1781778966.0,PAYMENT,payment.execute,8000.0,U003-R016,MERCHANT,FOOD,SUCCESS,NOT_EVALUATED,301834.44190616097,350000.0,950000.0,balance.read|history.read|transfer.execute|payment.execute,normal_user,DAILY_NORMAL,0,0,0,0
E0001117,U003-normal-049,U003,2026-06-19T01:59:54,1781801994.0,PAYMENT,payment.execute,36100.0,U003-R016,MERCHANT,FOOD,SUCCESS,NOT_EVALUATED,301834.44190616097,350000.0,950000.0,balance.read|history.read|transfer.execute|payment.execute,normal_user,DAILY_NORMAL,0,0,0,0
E0001118,U003-normal-049,U003,2026-06-19T03:52:02,1781808722.0,TRANSFER,transfer.execute,3900.0,U003-R023,PERSON,P2P,SUCCESS,NOT_EVALUATED,301834.44190616097,350000.0,950000.0,balance.read|history.read|transfer.execute|payment.execute,normal_user,DAILY_NORMAL,0,0,0,0
E0001119,U003-normal-049,U003,2026-06-19T18:47:30,1781862450.0,PAYMENT,payment.execute,80000.0,U003-R031,MERCHANT,ENTERTAIN,SUCCESS,NOT_EVALUATED,301834.44190616097,350000.0,950000.0,balance.read|history.read|transfer.execute|payment.execute,normal_user,DAILY_NORMAL,0,0,0,0
E0001120,U003-normal-049,U003,2026-06-19T19:39:54,1781865594.0,PAYMENT,payment.execute,21200.0,U003-R018,MERCHANT,TRANSPORT,SUCCESS,NOT_EVALUATED,301834.44190616097,350000.0,950000.0,balance.read|history.read|transfer.execute|payment.execute,normal_user,DAILY_NORMAL,0,0,0,0
E0001121,U003-agent-normal-000,U003,2026-06-20T02:11:23,1781889083.0,PAYMENT,payment.execute,2200.0,U003-R023,PERSON,P2P,SUCCESS,NOT_EVALUATED,301834.44190616097,350000.0,950000.0,balance.read|history.read|transfer.execute|payment.execute,normal_agent,DELEGATED_NORMAL,0,0,0,0
E0001122,U003-normal-050,U003,2026-06-20T10:24:21,1781918661.0,TRANSFER,transfer.execute,6700.0,U003-R025,PERSON,P2P,SUCCESS,NOT_EVALUATED,301834.44190616097,350000.0,950000.0,balance.read|history.read|transfer.execute|payment.execute,normal_user,DAILY_NORMAL,0,0,0,0
E0001123,U003-normal-050,U003,2026-06-20T14:19:18,1781932758.0,PAYMENT,payment.execute,51800.0,U003-R035,MERCHANT,ETC,SUCCESS,NOT_EVALUATED,301834.44190616097,350000.0,950000.0,balance.read|history.read|transfer.execute|payment.execute,normal_user,DAILY_NORMAL,0,0,0,0
E0001124,U003-normal-050,U003,2026-06-20T15:49:36,1781938176.0,PAYMENT,payment.execute,28700.0,U003-R034,MERCHANT,FOOD,SUCCESS,NOT_EVALUATED,301834.44190616097,350000.0,950000.0,balance.read|history.read|transfer.execute|payment.execute,normal_user,DAILY_NORMAL,0,0,0,0
E0001125,U003-normal-050,U003,2026-06-20T20:49:37,1781956177.0,PAYMENT,payment.execute,74100.0,U003-R020,MERCHANT,CONVENIENCE,SUCCESS,NOT_EVALUATED,301834.44190616097,350000.0,950000.0,balance.read|history.read|transfer.execute|payment.execute,normal_user,DAILY_NORMAL,0,0,0,0
E0001126,U003-normal-050,U003,2026-06-20T21:09:48,1781957388.0,TRANSFER,transfer.execute,27900.0,U003-R025,PERSON,P2P,SUCCESS,NOT_EVALUATED,301834.44190616097,350000.0,950000.0,balance.read|history.read|transfer.execute|payment.execute,normal_user,DAILY_NORMAL,0,0,0,0
E0001127,U003-misuse-UNAUTHORIZED_TOOL-006,U003,2026-06-21T04:00:00,1781982000.0,LIMIT_MODIFY,limit.modify,0.0,U003-N446999,MERCHANT,SECURITIES,SUCCESS,NOT_EVALUATED,301834.44190616097,350000.0,950000.0,balance.read|history.read|transfer.execute|payment.execute,agent_misuse,UNAUTHORIZED_TOOL,1,0,1,1
E0001128,U003-misuse-UNAUTHORIZED_TOOL-006,U003,2026-06-21T04:09:00,1781982540.0,INVEST_ORDER,invest.order,210000.0,U003-N991698,MERCHANT,SECURITIES,SUCCESS,NOT_EVALUATED,301834.44190616097,350000.0,950000.0,balance.read|history.read|transfer.execute|payment.execute,agent_misuse,UNAUTHORIZED_TOOL,1,0,1,1
E0001129,U003-misuse-UNAUTHORIZED_TOOL-006,U003,2026-06-21T04:18:00,1781983080.0,CARD_ISSUE,card.issue,0.0,U003-N554157,MERCHANT,SECURITIES,SUCCESS,NOT_EVALUATED,301834.44190616097,350000.0,950000.0,balance.read|history.read|transfer.execute|payment.execute,agent_misuse,UNAUTHORIZED_TOOL,1,0,1,1
E0001130,U003-normal-051,U003,2026-06-21T09:51:14,1782003074.0,TRANSFER,transfer.execute,25700.0,U003-R025,PERSON,P2P,SUCCESS,NOT_EVALUATED,301834.44190616097,350000.0,950000.0,balance.read|history.read|transfer.execute|payment.execute,normal_user,DAILY_NORMAL,0,0,0,0
E0001131,U003-normal-051,U003,2026-06-21T12:05:39,1782011139.0,PAYMENT,payment.execute,9000.0,U003-R024,MERCHANT,FOOD,SUCCESS,NOT_EVALUATED,301834.44190616097,350000.0,950000.0,balance.read|history.read|transfer.execute|payment.execute,normal_user,DAILY_NORMAL,0,0,0,0
E0001132,U003-normal-051,U003,2026-06-21T13:22:15,1782015735.0,TRANSFER,transfer.execute,6300.0,U003-R003,PERSON,P2P,SUCCESS,NOT_EVALUATED,301834.44190616097,350000.0,950000.0,balance.read|history.read|transfer.execute|payment.execute,normal_user,DAILY_NORMAL,0,0,0,0
E0001133,U003-normal-051,U003,2026-06-21T16:08:05,1782025685.0,PAYMENT,payment.execute,32100.0,U003-R037,MERCHANT,TRANSPORT,SUCCESS,NOT_EVALUATED,301834.44190616097,350000.0,950000.0,balance.read|history.read|transfer.execute|payment.execute,normal_user,DAILY_NORMAL,0,0,0,0
E0001134,U003-normal-052,U003,2026-06-22T02:53:23,1782064403.0,PAYMENT,payment.execute,18300.0,U003-R021,MERCHANT,CONVENIENCE,SUCCESS,NOT_EVALUATED,301834.44190616097,350000.0,950000.0,balance.read|history.read|transfer.execute|payment.execute,normal_user,DAILY_NORMAL,0,0,0,0
E0001135,U003-paysim-fraud-001,U003,2026-06-22T03:00:00,1782064800.0,TRANSFER,transfer.execute,1196505.5261320034,U003-N606376,PERSON,P2P,SUCCESS,NOT_EVALUATED,1224505.5261320034,350000.0,950000.0,balance.read|history.read|transfer.execute|payment.execute,paysim_fraud,ACCOUNT_DRAIN_TRANSFER,1,1,1,1
E0001136,U003-paysim-fraud-001,U003,2026-06-22T03:02:00,1782064920.0,TRANSFER,transfer.execute,299475.55301455734,U003-N606376,PERSON,P2P,SUCCESS,NOT_EVALUATED,327475.55301455734,350000.0,950000.0,balance.read|history.read|transfer.execute|payment.execute,paysim_fraud,FOLLOW_UP_CASHOUT_PROXY,1,1,1,0
E0001137,U003-normal-052,U003,2026-06-22T05:14:16,1782072856.0,PAYMENT,payment.execute,3600.0,U003-R020,MERCHANT,CONVENIENCE,SUCCESS,NOT_EVALUATED,301834.44190616097,350000.0,950000.0,balance.read|history.read|transfer.execute|payment.execute,normal_user,DAILY_NORMAL,0,0,0,0
E0001138,U003-normal-052,U003,2026-06-22T09:12:01,1782087121.0,PAYMENT,payment.execute,19900.0,U003-R026,MERCHANT,ENTERTAIN,SUCCESS,NOT_EVALUATED,301834.44190616097,350000.0,950000.0,balance.read|history.read|transfer.execute|payment.execute,normal_user,DAILY_NORMAL,0,0,0,0
E0001139,U003-normal-052,U003,2026-06-22T12:45:52,1782099952.0,TRANSFER,transfer.execute,6200.0,U003-R013,PERSON,P2P,SUCCESS,NOT_EVALUATED,301834.44190616097,350000.0,950000.0,balance.read|history.read|transfer.execute|payment.execute,normal_user,DAILY_NORMAL,0,0,0,0
E0001140,U003-normal-052,U003,2026-06-22T21:55:54,1782132954.0,TRANSFER,transfer.execute,16600.0,U003-R025,PERSON,P2P,SUCCESS,NOT_EVALUATED,301834.44190616097,350000.0,950000.0,balance.read|history.read|transfer.execute|payment.execute,normal_user,DAILY_NORMAL,0,0,0,0
E0001141,U003-agent-normal-015,U003,2026-06-23T02:14:49,1782148489.0,HISTORY_READ,history.read,0.0,U003-R018,MERCHANT,TRANSPORT,SUCCESS,NOT_EVALUATED,301834.44190616097,350000.0,950000.0,balance.read|history.read|transfer.execute|payment.execute,normal_agent,DELEGATED_NORMAL,0,0,0,0
E0001142,U003-normal-053,U003,2026-06-23T06:01:23,1782162083.0,TRANSFER,transfer.execute,31400.0,U003-R039,PERSON,P2P,SUCCESS,NOT_EVALUATED,301834.44190616097,350000.0,950000.0,balance.read|history.read|transfer.execute|payment.execute,normal_user,DAILY_NORMAL,0,0,0,0
E0001143,U003-agent-normal-005,U003,2026-06-23T14:55:55,1782194155.0,HISTORY_READ,history.read,0.0,U003-R001,PERSON,P2P,SUCCESS,NOT_EVALUATED,301834.44190616097,350000.0,950000.0,balance.read|history.read|transfer.execute|payment.execute,normal_agent,DELEGATED_NORMAL,0,0,0,0
E0001144,U003-normal-053,U003,2026-06-23T19:15:55,1782209755.0,PAYMENT,payment.execute,11200.0,U003-R038,MERCHANT,CONVENIENCE,SUCCESS,NOT_EVALUATED,301834.44190616097,350000.0,950000.0,balance.read|history.read|transfer.execute|payment.execute,normal_user,DAILY_NORMAL,0,0,0,0
E0001145,U003-normal-053,U003,2026-06-23T21:46:17,1782218777.0,PAYMENT,payment.execute,44300.0,U003-R016,MERCHANT,FOOD,SUCCESS,NOT_EVALUATED,301834.44190616097,350000.0,950000.0,balance.read|history.read|transfer.execute|payment.execute,normal_user,DAILY_NORMAL,0,0,0,0
E0001146,U003-normal-054,U003,2026-06-24T00:04:07,1782227047.0,PAYMENT,payment.execute,4700.0,U003-R027,MERCHANT,CONVENIENCE,SUCCESS,NOT_EVALUATED,301834.44190616097,350000.0,950000.0,balance.read|history.read|transfer.execute|payment.execute,normal_user,DAILY_NORMAL,0,0,0,0
E0001147,U003-normal-054,U003,2026-06-24T02:14:30,1782234870.0,PAYMENT,payment.execute,18800.0,U003-R032,MERCHANT,FOOD,SUCCESS,NOT_EVALUATED,301834.44190616097,350000.0,950000.0,balance.read|history.read|transfer.execute|payment.execute,normal_user,DAILY_NORMAL,0,0,0,0
E0001148,U003-normal-054,U003,2026-06-24T13:38:33,1782275913.0,PAYMENT,payment.execute,42600.0,U003-R037,MERCHANT,TRANSPORT,SUCCESS,NOT_EVALUATED,301834.44190616097,350000.0,950000.0,balance.read|history.read|transfer.execute|payment.execute,normal_user,DAILY_NORMAL,0,0,0,0
E0001149,U003-agent-normal-013,U003,2026-06-24T13:43:56,1782276236.0,PAYMENT,payment.execute,39500.0,U003-R030,PERSON,P2P,SUCCESS,NOT_EVALUATED,301834.44190616097,350000.0,950000.0,balance.read|history.read|transfer.execute|payment.execute,normal_agent,DELEGATED_NORMAL,0,0,0,0
E0001150,U003-normal-054,U003,2026-06-24T19:17:22,1782296242.0,TRANSFER,transfer.execute,12200.0,U003-R001,PERSON,P2P,SUCCESS,NOT_EVALUATED,301834.44190616097,350000.0,950000.0,balance.read|history.read|transfer.execute|payment.execute,normal_user,DAILY_NORMAL,0,0,0,0
E0001151,U003-normal-055,U003,2026-06-25T11:41:35,1782355295.0,PAYMENT,payment.execute,1500.0,U003-R015,MERCHANT,FOOD,SUCCESS,NOT_EVALUATED,301834.44190616097,350000.0,950000.0,balance.read|history.read|transfer.execute|payment.execute,normal_user,DAILY_NORMAL,0,0,0,0
E0001152,U003-normal-055,U003,2026-06-25T16:13:07,1782371587.0,PAYMENT,payment.execute,161300.0,U003-R027,MERCHANT,CONVENIENCE,SUCCESS,NOT_EVALUATED,301834.44190616097,350000.0,950000.0,balance.read|history.read|transfer.execute|payment.execute,normal_user,DAILY_NORMAL,0,0,0,0
E0001153,U003-normal-055,U003,2026-06-25T17:03:51,1782374631.0,TRANSFER,transfer.execute,19900.0,U003-R023,PERSON,P2P,SUCCESS,NOT_EVALUATED,301834.44190616097,350000.0,950000.0,balance.read|history.read|transfer.execute|payment.execute,normal_user,DAILY_NORMAL,0,0,0,0
E0001154,U003-normal-055,U003,2026-06-25T18:37:00,1782380220.0,TRANSFER,transfer.execute,605000.0,U003-R033,MERCHANT,SIMPLE_PAY,SUCCESS,NOT_EVALUATED,633000.0,350000.0,950000.0,balance.read|history.read|transfer.execute|payment.execute,normal_user,RECURRING_NORMAL,0,0,0,0
E0001155,U003-agent-normal-002,U003,2026-06-26T10:38:37,1782437917.0,TRANSFER,transfer.execute,9000.0,U003-R030,PERSON,P2P,SUCCESS,NOT_EVALUATED,301834.44190616097,350000.0,950000.0,balance.read|history.read|transfer.execute|payment.execute,normal_agent,DELEGATED_NORMAL,0,0,0,0
E0001156,U003-agent-normal-025,U003,2026-06-26T16:34:48,1782459288.0,PAYMENT,payment.execute,20100.0,U003-R010,MERCHANT,TRANSPORT,SUCCESS,NOT_EVALUATED,301834.44190616097,350000.0,950000.0,balance.read|history.read|transfer.execute|payment.execute,normal_agent,DELEGATED_NORMAL,0,0,0,0
E0001157,U003-normal-056,U003,2026-06-26T18:21:30,1782465690.0,TRANSFER,transfer.execute,35400.0,U003-R039,PERSON,P2P,SUCCESS,NOT_EVALUATED,301834.44190616097,350000.0,950000.0,balance.read|history.read|transfer.execute|payment.execute,normal_user,DAILY_NORMAL,0,0,0,0
E0001158,U003-normal-056,U003,2026-06-26T19:01:11,1782468071.0,TRANSFER,transfer.execute,38200.0,U003-R011,PERSON,P2P,SUCCESS,NOT_EVALUATED,301834.44190616097,350000.0,950000.0,balance.read|history.read|transfer.execute|payment.execute,normal_user,DAILY_NORMAL,0,0,0,0
E0001159,U003-normal-057,U003,2026-06-27T06:50:34,1782510634.0,PAYMENT,payment.execute,13000.0,U003-R021,MERCHANT,CONVENIENCE,SUCCESS,NOT_EVALUATED,301834.44190616097,350000.0,950000.0,balance.read|history.read|transfer.execute|payment.execute,normal_user,DAILY_NORMAL,0,0,0,0
E0001160,U003-normal-057,U003,2026-06-27T07:20:01,1782512401.0,PAYMENT,payment.execute,32100.0,U003-R028,MERCHANT,SIMPLE_PAY,SUCCESS,NOT_EVALUATED,301834.44190616097,350000.0,950000.0,balance.read|history.read|transfer.execute|payment.execute,normal_user,DAILY_NORMAL,0,0,0,0
E0001161,U003-normal-057,U003,2026-06-27T07:41:22,1782513682.0,TRANSFER,transfer.execute,13500.0,U003-R002,PERSON,P2P,SUCCESS,NOT_EVALUATED,301834.44190616097,350000.0,950000.0,balance.read|history.read|transfer.execute|payment.execute,normal_user,DAILY_NORMAL,0,0,0,0
E0001162,U003-normal-057,U003,2026-06-27T09:45:42,1782521142.0,PAYMENT,payment.execute,19300.0,U003-R028,MERCHANT,SIMPLE_PAY,SUCCESS,NOT_EVALUATED,301834.44190616097,350000.0,950000.0,balance.read|history.read|transfer.execute|payment.execute,normal_user,DAILY_NORMAL,0,0,0,0
E0001163,U003-normal-057,U003,2026-06-27T11:34:41,1782527681.0,TRANSFER,transfer.execute,49600.0,U003-R025,PERSON,P2P,SUCCESS,NOT_EVALUATED,301834.44190616097,350000.0,950000.0,balance.read|history.read|transfer.execute|payment.execute,normal_user,DAILY_NORMAL,0,0,0,0
E0001164,U003-normal-057,U003,2026-06-27T13:32:43,1782534763.0,PAYMENT,payment.execute,21800.0,U003-R035,MERCHANT,ETC,SUCCESS,NOT_EVALUATED,301834.44190616097,350000.0,950000.0,balance.read|history.read|transfer.execute|payment.execute,normal_user,DAILY_NORMAL,0,0,0,0
E0001165,U003-normal-057,U003,2026-06-27T13:45:41,1782535541.0,PAYMENT,payment.execute,68000.0,U003-R012,MERCHANT,TRANSPORT,SUCCESS,NOT_EVALUATED,301834.44190616097,350000.0,950000.0,balance.read|history.read|transfer.execute|payment.execute,normal_user,DAILY_NORMAL,0,0,0,0
E0001166,U003-normal-057,U003,2026-06-27T14:05:04,1782536704.0,PAYMENT,payment.execute,12400.0,U003-R021,MERCHANT,CONVENIENCE,SUCCESS,NOT_EVALUATED,301834.44190616097,350000.0,950000.0,balance.read|history.read|transfer.execute|payment.execute,normal_user,DAILY_NORMAL,0,0,0,0
E0001167,U003-normal-057,U003,2026-06-27T15:45:18,1782542718.0,PAYMENT,payment.execute,18500.0,U003-R010,MERCHANT,TRANSPORT,SUCCESS,NOT_EVALUATED,301834.44190616097,350000.0,950000.0,balance.read|history.read|transfer.execute|payment.execute,normal_user,DAILY_NORMAL,0,0,0,0
E0001168,U003-normal-058,U003,2026-06-28T13:16:08,1782620168.0,PAYMENT,payment.execute,64200.0,U003-R015,MERCHANT,FOOD,SUCCESS,NOT_EVALUATED,301834.44190616097,350000.0,950000.0,balance.read|history.read|transfer.execute|payment.execute,normal_user,DAILY_NORMAL,0,0,0,0
E0001169,U003-normal-058,U003,2026-06-28T14:48:27,1782625707.0,PAYMENT,payment.execute,19600.0,U003-R034,MERCHANT,FOOD,SUCCESS,NOT_EVALUATED,301834.44190616097,350000.0,950000.0,balance.read|history.read|transfer.execute|payment.execute,normal_user,DAILY_NORMAL,0,0,0,0
E0001170,U003-normal-058,U003,2026-06-28T18:20:00,1782638400.0,PAYMENT,payment.execute,14900.0,U003-R026,MERCHANT,ENTERTAIN,SUCCESS,NOT_EVALUATED,301834.44190616097,350000.0,950000.0,balance.read|history.read|transfer.execute|payment.execute,normal_user,RECURRING_NORMAL,0,0,0,0
E0001171,U003-normal-058,U003,2026-06-28T22:47:14,1782654434.0,PAYMENT,payment.execute,16600.0,U003-R021,MERCHANT,CONVENIENCE,SUCCESS,NOT_EVALUATED,301834.44190616097,350000.0,950000.0,balance.read|history.read|transfer.execute|payment.execute,normal_user,DAILY_NORMAL,0,0,0,0
E0001172,U003-normal-059,U003,2026-06-29T11:32:19,1782700339.0,TRANSFER,transfer.execute,26000.0,U003-R039,PERSON,P2P,SUCCESS,NOT_EVALUATED,301834.44190616097,350000.0,950000.0,balance.read|history.read|transfer.execute|payment.execute,normal_user,DAILY_NORMAL,0,0,0,0
E0001173,U003-normal-059,U003,2026-06-29T14:47:49,1782712069.0,PAYMENT,payment.execute,3200.0,U003-R010,MERCHANT,TRANSPORT,SUCCESS,NOT_EVALUATED,301834.44190616097,350000.0,950000.0,balance.read|history.read|transfer.execute|payment.execute,normal_user,DAILY_NORMAL,0,0,0,0
E0001174,U003-normal-059,U003,2026-06-29T21:34:58,1782736498.0,PAYMENT,payment.execute,18800.0,U003-R026,MERCHANT,ENTERTAIN,SUCCESS,NOT_EVALUATED,301834.44190616097,350000.0,950000.0,balance.read|history.read|transfer.execute|payment.execute,normal_user,DAILY_NORMAL,0,0,0,0
E0001175,U003-normal-060,U003,2026-06-30T11:54:28,1782788068.0,PAYMENT,payment.execute,2400.0,U003-R018,MERCHANT,TRANSPORT,SUCCESS,NOT_EVALUATED,301834.44190616097,350000.0,950000.0,balance.read|history.read|transfer.execute|payment.execute,normal_user,DAILY_NORMAL,0,0,0,0
E0001176,U003-normal-060,U003,2026-06-30T13:22:44,1782793364.0,PAYMENT,payment.execute,12300.0,U003-R016,MERCHANT,FOOD,SUCCESS,NOT_EVALUATED,301834.44190616097,350000.0,950000.0,balance.read|history.read|transfer.execute|payment.execute,normal_user,DAILY_NORMAL,0,0,0,0
E0001177,U003-normal-060,U003,2026-06-30T17:08:10,1782806890.0,PAYMENT,payment.execute,33600.0,U003-R010,MERCHANT,TRANSPORT,SUCCESS,NOT_EVALUATED,301834.44190616097,350000.0,950000.0,balance.read|history.read|transfer.execute|payment.execute,normal_user,DAILY_NORMAL,0,0,0,0
E0001178,U003-normal-060,U003,2026-06-30T20:17:46,1782818266.0,TRANSFER,transfer.execute,79500.0,U003-R003,PERSON,P2P,SUCCESS,NOT_EVALUATED,301834.44190616097,350000.0,950000.0,balance.read|history.read|transfer.execute|payment.execute,normal_user,DAILY_NORMAL,0,0,0,0
E0001179,U003-normal-060,U003,2026-06-30T23:00:19,1782828019.0,PAYMENT,payment.execute,40100.0,U003-R037,MERCHANT,TRANSPORT,SUCCESS,NOT_EVALUATED,301834.44190616097,350000.0,950000.0,balance.read|history.read|transfer.execute|payment.execute,normal_user,DAILY_NORMAL,0,0,0,0
E0001180,U003-agent-normal-028,U003,2026-06-30T23:55:29,1782831329.0,PAYMENT,payment.execute,15900.0,U003-R036,PERSON,P2P,SUCCESS,NOT_EVALUATED,301834.44190616097,350000.0,950000.0,balance.read|history.read|transfer.execute|payment.execute,normal_agent,DELEGATED_NORMAL,0,0,0,0
E0001181,U003-normal-061,U003,2026-07-01T07:22:02,1782858122.0,TRANSFER,transfer.execute,7800.0,U003-R017,PERSON,P2P,SUCCESS,NOT_EVALUATED,301834.44190616097,350000.0,950000.0,balance.read|history.read|transfer.execute|payment.execute,normal_user,DAILY_NORMAL,0,0,0,0
E0001182,U003-agent-normal-010,U003,2026-07-01T07:45:34,1782859534.0,BALANCE_READ,balance.read,0.0,U003-R017,PERSON,P2P,SUCCESS,NOT_EVALUATED,301834.44190616097,350000.0,950000.0,balance.read|history.read|transfer.execute|payment.execute,normal_agent,DELEGATED_NORMAL,0,0,0,0
E0001183,U003-normal-061,U003,2026-07-01T08:09:51,1782860991.0,PAYMENT,payment.execute,6700.0,U003-R040,MERCHANT,ENTERTAIN,SUCCESS,NOT_EVALUATED,301834.44190616097,350000.0,950000.0,balance.read|history.read|transfer.execute|payment.execute,normal_user,DAILY_NORMAL,0,0,0,0
E0001184,U003-normal-061,U003,2026-07-01T13:48:24,1782881304.0,PAYMENT,payment.execute,17400.0,U003-R015,MERCHANT,FOOD,SUCCESS,NOT_EVALUATED,301834.44190616097,350000.0,950000.0,balance.read|history.read|transfer.execute|payment.execute,normal_user,DAILY_NORMAL,0,0,0,0
E0001185,U003-normal-061,U003,2026-07-01T18:43:06,1782898986.0,PAYMENT,payment.execute,14500.0,U003-R034,MERCHANT,FOOD,SUCCESS,NOT_EVALUATED,301834.44190616097,350000.0,950000.0,balance.read|history.read|transfer.execute|payment.execute,normal_user,DAILY_NORMAL,0,0,0,0
E0001186,U003-normal-061,U003,2026-07-01T23:25:18,1782915918.0,PAYMENT,payment.execute,20300.0,U003-R020,MERCHANT,CONVENIENCE,SUCCESS,NOT_EVALUATED,301834.44190616097,350000.0,950000.0,balance.read|history.read|transfer.execute|payment.execute,normal_user,DAILY_NORMAL,0,0,0,0
E0001187,U003-normal-062,U003,2026-07-02T18:14:24,1782983664.0,PAYMENT,payment.execute,16900.0,U003-R005,MERCHANT,ENTERTAIN,SUCCESS,NOT_EVALUATED,301834.44190616097,350000.0,950000.0,balance.read|history.read|transfer.execute|payment.execute,normal_user,DAILY_NORMAL,0,0,0,0
E0001188,U003-normal-062,U003,2026-07-02T18:38:25,1782985105.0,PAYMENT,payment.execute,60900.0,U003-R033,MERCHANT,SIMPLE_PAY,SUCCESS,NOT_EVALUATED,301834.44190616097,350000.0,950000.0,balance.read|history.read|transfer.execute|payment.execute,normal_user,DAILY_NORMAL,0,0,0,0
E0001189,U003-normal-062,U003,2026-07-02T20:52:24,1782993144.0,PAYMENT,payment.execute,30100.0,U003-R028,MERCHANT,SIMPLE_PAY,SUCCESS,NOT_EVALUATED,301834.44190616097,350000.0,950000.0,balance.read|history.read|transfer.execute|payment.execute,normal_user,DAILY_NORMAL,0,0,0,0
E0001190,U003-normal-063,U003,2026-07-03T09:56:37,1783040197.0,PAYMENT,payment.execute,36600.0,U003-R000,MERCHANT,SIMPLE_PAY,SUCCESS,NOT_EVALUATED,301834.44190616097,350000.0,950000.0,balance.read|history.read|transfer.execute|payment.execute,normal_user,DAILY_NORMAL,0,0,0,0
E0001191,U003-normal-063,U003,2026-07-03T17:39:33,1783067973.0,TRANSFER,transfer.execute,15700.0,U003-R013,PERSON,P2P,SUCCESS,NOT_EVALUATED,301834.44190616097,350000.0,950000.0,balance.read|history.read|transfer.execute|payment.execute,normal_user,DAILY_NORMAL,0,0,0,0
E0001192,U003-normal-063,U003,2026-07-03T23:59:36,1783090776.0,PAYMENT,payment.execute,24000.0,U003-R012,MERCHANT,TRANSPORT,SUCCESS,NOT_EVALUATED,301834.44190616097,350000.0,950000.0,balance.read|history.read|transfer.execute|payment.execute,normal_user,DAILY_NORMAL,0,0,0,0
E0001193,U003-normal-064,U003,2026-07-04T13:04:53,1783137893.0,PAYMENT,payment.execute,4600.0,U003-R026,MERCHANT,ENTERTAIN,SUCCESS,NOT_EVALUATED,301834.44190616097,350000.0,950000.0,balance.read|history.read|transfer.execute|payment.execute,normal_user,DAILY_NORMAL,0,0,0,0
E0001194,U003-hard-PAYDAY_BURST-000,U003,2026-07-04T18:00:00,1783155600.0,PAYMENT,payment.execute,30000.0,U003-R028,MERCHANT,SIMPLE_PAY,SUCCESS,NOT_EVALUATED,301834.44190616097,350000.0,950000.0,balance.read|history.read|transfer.execute|payment.execute,hard_negative,PAYDAY_BURST,0,0,0,0
E0001195,U003-hard-PAYDAY_BURST-000,U003,2026-07-04T18:07:00,1783156020.0,PAYMENT,payment.execute,19100.0,U003-R030,PERSON,P2P,SUCCESS,NOT_EVALUATED,301834.44190616097,350000.0,950000.0,balance.read|history.read|transfer.execute|payment.execute,hard_negative,PAYDAY_BURST,0,0,0,0
E0001196,U003-hard-PAYDAY_BURST-000,U003,2026-07-04T18:14:00,1783156440.0,PAYMENT,payment.execute,7900.0,U003-R035,MERCHANT,ETC,SUCCESS,NOT_EVALUATED,301834.44190616097,350000.0,950000.0,balance.read|history.read|transfer.execute|payment.execute,hard_negative,PAYDAY_BURST,0,0,0,0
E0001197,U003-hard-PAYDAY_BURST-000,U003,2026-07-04T18:21:00,1783156860.0,PAYMENT,payment.execute,79100.0,U003-R037,MERCHANT,TRANSPORT,SUCCESS,NOT_EVALUATED,301834.44190616097,350000.0,950000.0,balance.read|history.read|transfer.execute|payment.execute,hard_negative,PAYDAY_BURST,0,0,0,0
E0001198,U003-hard-PAYDAY_BURST-000,U003,2026-07-04T18:28:00,1783157280.0,PAYMENT,payment.execute,31300.0,U003-R020,MERCHANT,CONVENIENCE,SUCCESS,NOT_EVALUATED,301834.44190616097,350000.0,950000.0,balance.read|history.read|transfer.execute|payment.execute,hard_negative,PAYDAY_BURST,0,0,0,0
E0001199,U003-hard-PAYDAY_BURST-000,U003,2026-07-04T18:35:00,1783157700.0,PAYMENT,payment.execute,96100.0,U003-R006,PERSON,P2P,SUCCESS,NOT_EVALUATED,301834.44190616097,350000.0,950000.0,balance.read|history.read|transfer.execute|payment.execute,hard_negative,PAYDAY_BURST,0,0,0,0
E0001200,U003-agent-normal-021,U003,2026-07-05T10:07:39,1783213659.0,BALANCE_READ,balance.read,0.0,U003-R032,MERCHANT,FOOD,SUCCESS,NOT_EVALUATED,301834.44190616097,350000.0,950000.0,balance.read|history.read|transfer.execute|payment.execute,normal_agent,DELEGATED_NORMAL,0,0,0,0
E0001201,U003-hard-TRAVEL_MODE-001,U003,2026-07-05T12:13:00,1783221180.0,PAYMENT,payment.execute,13100.0,U003-N615279,PERSON,OVERSEAS_REMIT,SUCCESS,NOT_EVALUATED,301834.44190616097,350000.0,950000.0,balance.read|history.read|transfer.execute|payment.execute,hard_negative,TRAVEL_MODE,0,0,0,1
E0001202,U003-hard-TRAVEL_MODE-001,U003,2026-07-05T13:13:00,1783224780.0,PAYMENT,payment.execute,8000.0,U003-N990978,PERSON,OVERSEAS_REMIT,SUCCESS,NOT_EVALUATED,301834.44190616097,350000.0,950000.0,balance.read|history.read|transfer.execute|payment.execute,hard_negative,TRAVEL_MODE,0,0,0,1
E0001203,U003-hard-TRAVEL_MODE-001,U003,2026-07-05T14:13:00,1783228380.0,PAYMENT,payment.execute,5800.0,U003-N340861,PERSON,OVERSEAS_REMIT,SUCCESS,NOT_EVALUATED,301834.44190616097,350000.0,950000.0,balance.read|history.read|transfer.execute|payment.execute,hard_negative,TRAVEL_MODE,0,0,0,1
E0001204,U003-normal-065,U003,2026-07-05T21:48:45,1783255725.0,PAYMENT,payment.execute,20600.0,U003-R037,MERCHANT,TRANSPORT,SUCCESS,NOT_EVALUATED,301834.44190616097,350000.0,950000.0,balance.read|history.read|transfer.execute|payment.execute,normal_user,DAILY_NORMAL,0,0,0,0
E0001205,U003-hard-TRAVEL_MODE-001,U003,2026-07-06T15:13:00,1783318380.0,PAYMENT,payment.execute,55800.0,U003-N309951,PERSON,OVERSEAS_REMIT,SUCCESS,NOT_EVALUATED,301834.44190616097,350000.0,950000.0,balance.read|history.read|transfer.execute|payment.execute,hard_negative,TRAVEL_MODE,0,0,0,1
E0001206,U003-hard-TRAVEL_MODE-001,U003,2026-07-06T16:13:00,1783321980.0,PAYMENT,payment.execute,10700.0,U003-N580960,PERSON,OVERSEAS_REMIT,SUCCESS,NOT_EVALUATED,301834.44190616097,350000.0,950000.0,balance.read|history.read|transfer.execute|payment.execute,hard_negative,TRAVEL_MODE,0,0,0,1
E0001207,U003-hard-TRAVEL_MODE-001,U003,2026-07-06T17:13:00,1783325580.0,PAYMENT,payment.execute,36100.0,U003-N231047,PERSON,OVERSEAS_REMIT,SUCCESS,NOT_EVALUATED,301834.44190616097,350000.0,950000.0,balance.read|history.read|transfer.execute|payment.execute,hard_negative,TRAVEL_MODE,0,0,0,1
E0001208,U003-normal-067,U003,2026-07-07T09:36:37,1783384597.0,PAYMENT,payment.execute,34000.0,U003-R018,MERCHANT,TRANSPORT,SUCCESS,NOT_EVALUATED,301834.44190616097,350000.0,950000.0,balance.read|history.read|transfer.execute|payment.execute,normal_user,DAILY_NORMAL,0,0,0,0
E0001209,U003-normal-067,U003,2026-07-07T11:51:44,1783392704.0,TRANSFER,transfer.execute,3900.0,U003-R023,PERSON,P2P,SUCCESS,NOT_EVALUATED,301834.44190616097,350000.0,950000.0,balance.read|history.read|transfer.execute|payment.execute,normal_user,DAILY_NORMAL,0,0,0,0
E0001210,U003-hard-TRAVEL_MODE-001,U003,2026-07-07T12:13:00,1783393980.0,PAYMENT,payment.execute,21000.0,U003-N182634,PERSON,OVERSEAS_REMIT,SUCCESS,NOT_EVALUATED,301834.44190616097,350000.0,950000.0,balance.read|history.read|transfer.execute|payment.execute,hard_negative,TRAVEL_MODE,0,0,0,1
E0001211,U003-hard-TRAVEL_MODE-001,U003,2026-07-07T13:13:00,1783397580.0,PAYMENT,payment.execute,222100.0,U003-N271484,PERSON,OVERSEAS_REMIT,SUCCESS,NOT_EVALUATED,301834.44190616097,350000.0,950000.0,balance.read|history.read|transfer.execute|payment.execute,hard_negative,TRAVEL_MODE,0,0,0,1
E0001212,U003-normal-067,U003,2026-07-07T14:24:43,1783401883.0,PAYMENT,payment.execute,9200.0,U003-R040,MERCHANT,ENTERTAIN,SUCCESS,NOT_EVALUATED,301834.44190616097,350000.0,950000.0,balance.read|history.read|transfer.execute|payment.execute,normal_user,DAILY_NORMAL,0,0,0,0
E0001213,U003-normal-067,U003,2026-07-07T15:59:07,1783407547.0,TRANSFER,transfer.execute,35900.0,U003-R013,PERSON,P2P,SUCCESS,NOT_EVALUATED,301834.44190616097,350000.0,950000.0,balance.read|history.read|transfer.execute|payment.execute,normal_user,DAILY_NORMAL,0,0,0,0
E0001214,U003-normal-067,U003,2026-07-07T17:19:36,1783412376.0,TRANSFER,transfer.execute,15100.0,U003-R019,PERSON,P2P,SUCCESS,NOT_EVALUATED,301834.44190616097,350000.0,950000.0,balance.read|history.read|transfer.execute|payment.execute,normal_user,DAILY_NORMAL,0,0,0,0
E0001215,U003-normal-069,U003,2026-07-09T07:26:12,1783549572.0,PAYMENT,payment.execute,15700.0,U003-R041,MERCHANT,FOOD,SUCCESS,NOT_EVALUATED,301834.44190616097,350000.0,950000.0,balance.read|history.read|transfer.execute|payment.execute,normal_user,DAILY_NORMAL,0,0,0,0
E0001216,U003-agent-normal-012,U003,2026-07-09T12:49:13,1783568953.0,PAYMENT,payment.execute,21300.0,U003-R006,PERSON,P2P,SUCCESS,NOT_EVALUATED,301834.44190616097,350000.0,950000.0,balance.read|history.read|transfer.execute|payment.execute,normal_agent,DELEGATED_NORMAL,0,0,0,0
E0001217,U003-normal-069,U003,2026-07-09T14:01:11,1783573271.0,PAYMENT,payment.execute,35800.0,U003-R010,MERCHANT,TRANSPORT,SUCCESS,NOT_EVALUATED,301834.44190616097,350000.0,950000.0,balance.read|history.read|transfer.execute|payment.execute,normal_user,DAILY_NORMAL,0,0,0,0
E0001218,U003-agent-normal-032,U003,2026-07-09T17:37:49,1783586269.0,PAYMENT,payment.execute,12600.0,U003-R023,PERSON,P2P,SUCCESS,NOT_EVALUATED,301834.44190616097,350000.0,950000.0,balance.read|history.read|transfer.execute|payment.execute,normal_agent,DELEGATED_NORMAL,0,0,0,0
E0001219,U003-normal-069,U003,2026-07-09T17:39:50,1783586390.0,PAYMENT,payment.execute,5500.0,U003-R026,MERCHANT,ENTERTAIN,SUCCESS,NOT_EVALUATED,301834.44190616097,350000.0,950000.0,balance.read|history.read|transfer.execute|payment.execute,normal_user,DAILY_NORMAL,0,0,0,0
E0001220,U003-normal-069,U003,2026-07-09T18:46:00,1783590360.0,PAYMENT,payment.execute,63000.0,U003-R017,PERSON,P2P,SUCCESS,NOT_EVALUATED,301834.44190616097,350000.0,950000.0,balance.read|history.read|transfer.execute|payment.execute,normal_user,RECURRING_NORMAL,0,0,0,0
E0001221,U003-normal-069,U003,2026-07-09T18:46:48,1783590408.0,PAYMENT,payment.execute,4700.0,U003-R007,MERCHANT,SIMPLE_PAY,SUCCESS,NOT_EVALUATED,301834.44190616097,350000.0,950000.0,balance.read|history.read|transfer.execute|payment.execute,normal_user,DAILY_NORMAL,0,0,0,0
E0001222,U003-normal-070,U003,2026-07-10T12:10:47,1783653047.0,PAYMENT,payment.execute,32400.0,U003-R027,MERCHANT,CONVENIENCE,SUCCESS,NOT_EVALUATED,301834.44190616097,350000.0,950000.0,balance.read|history.read|transfer.execute|payment.execute,normal_user,DAILY_NORMAL,0,0,0,0
E0001223,U003-normal-070,U003,2026-07-10T14:26:27,1783661187.0,TRANSFER,transfer.execute,17600.0,U003-R011,PERSON,P2P,SUCCESS,NOT_EVALUATED,301834.44190616097,350000.0,950000.0,balance.read|history.read|transfer.execute|payment.execute,normal_user,DAILY_NORMAL,0,0,0,0
E0001224,U003-normal-070,U003,2026-07-10T20:14:19,1783682059.0,PAYMENT,payment.execute,17600.0,U003-R020,MERCHANT,CONVENIENCE,SUCCESS,NOT_EVALUATED,301834.44190616097,350000.0,950000.0,balance.read|history.read|transfer.execute|payment.execute,normal_user,DAILY_NORMAL,0,0,0,0
E0001225,U003-normal-070,U003,2026-07-10T23:20:16,1783693216.0,PAYMENT,payment.execute,15000.0,U003-R033,MERCHANT,SIMPLE_PAY,SUCCESS,NOT_EVALUATED,301834.44190616097,350000.0,950000.0,balance.read|history.read|transfer.execute|payment.execute,normal_user,DAILY_NORMAL,0,0,0,0
E0001226,U003-normal-071,U003,2026-07-11T03:49:01,1783709341.0,TRANSFER,transfer.execute,2900.0,U003-R029,PERSON,P2P,SUCCESS,NOT_EVALUATED,301834.44190616097,350000.0,950000.0,balance.read|history.read|transfer.execute|payment.execute,normal_user,DAILY_NORMAL,0,0,0,0
E0001227,U003-normal-071,U003,2026-07-11T15:28:00,1783751280.0,PAYMENT,payment.execute,36100.0,U003-R022,MERCHANT,SIMPLE_PAY,SUCCESS,NOT_EVALUATED,301834.44190616097,350000.0,950000.0,balance.read|history.read|transfer.execute|payment.execute,normal_user,DAILY_NORMAL,0,0,0,0
E0001228,U003-normal-072,U003,2026-07-12T06:29:35,1783805375.0,TRANSFER,transfer.execute,165300.0,U003-R029,PERSON,P2P,SUCCESS,NOT_EVALUATED,301834.44190616097,350000.0,950000.0,balance.read|history.read|transfer.execute|payment.execute,normal_user,DAILY_NORMAL,0,0,0,0
E0001229,U003-normal-072,U003,2026-07-12T07:43:31,1783809811.0,PAYMENT,payment.execute,54400.0,U003-R041,MERCHANT,FOOD,SUCCESS,NOT_EVALUATED,301834.44190616097,350000.0,950000.0,balance.read|history.read|transfer.execute|payment.execute,normal_user,DAILY_NORMAL,0,0,0,0
E0001230,U003-normal-072,U003,2026-07-12T18:54:27,1783850067.0,TRANSFER,transfer.execute,10100.0,U003-R036,PERSON,P2P,SUCCESS,NOT_EVALUATED,301834.44190616097,350000.0,950000.0,balance.read|history.read|transfer.execute|payment.execute,normal_user,DAILY_NORMAL,0,0,0,0
E0001231,U003-normal-073,U003,2026-07-13T07:06:24,1783893984.0,TRANSFER,transfer.execute,16400.0,U003-R003,PERSON,P2P,SUCCESS,NOT_EVALUATED,301834.44190616097,350000.0,950000.0,balance.read|history.read|transfer.execute|payment.execute,normal_user,DAILY_NORMAL,0,0,0,0
E0001232,U003-normal-073,U003,2026-07-13T19:40:16,1783939216.0,PAYMENT,payment.execute,4200.0,U003-R015,MERCHANT,FOOD,SUCCESS,NOT_EVALUATED,301834.44190616097,350000.0,950000.0,balance.read|history.read|transfer.execute|payment.execute,normal_user,DAILY_NORMAL,0,0,0,0
E0001233,U003-normal-074,U003,2026-07-14T07:05:21,1783980321.0,PAYMENT,payment.execute,16800.0,U003-R035,MERCHANT,ETC,SUCCESS,NOT_EVALUATED,301834.44190616097,350000.0,950000.0,balance.read|history.read|transfer.execute|payment.execute,normal_user,DAILY_NORMAL,0,0,0,0
E0001234,U003-normal-074,U003,2026-07-14T08:28:47,1783985327.0,PAYMENT,payment.execute,14300.0,U003-R037,MERCHANT,TRANSPORT,SUCCESS,NOT_EVALUATED,301834.44190616097,350000.0,950000.0,balance.read|history.read|transfer.execute|payment.execute,normal_user,DAILY_NORMAL,0,0,0,0
E0001235,U003-normal-074,U003,2026-07-14T12:44:12,1784000652.0,PAYMENT,payment.execute,23400.0,U003-R021,MERCHANT,CONVENIENCE,SUCCESS,NOT_EVALUATED,301834.44190616097,350000.0,950000.0,balance.read|history.read|transfer.execute|payment.execute,normal_user,DAILY_NORMAL,0,0,0,0
E0001236,U003-agent-normal-031,U003,2026-07-14T14:19:18,1784006358.0,PAYMENT,payment.execute,20200.0,U003-R015,MERCHANT,FOOD,SUCCESS,NOT_EVALUATED,301834.44190616097,350000.0,950000.0,balance.read|history.read|transfer.execute|payment.execute,normal_agent,DELEGATED_NORMAL,0,0,0,0
E0001237,U003-agent-normal-030,U003,2026-07-14T15:15:24,1784009724.0,BALANCE_READ,balance.read,0.0,U003-R007,MERCHANT,SIMPLE_PAY,SUCCESS,NOT_EVALUATED,301834.44190616097,350000.0,950000.0,balance.read|history.read|transfer.execute|payment.execute,normal_agent,DELEGATED_NORMAL,0,0,0,0
E0001238,U003-normal-075,U003,2026-07-15T22:34:23,1784122463.0,PAYMENT,payment.execute,11900.0,U003-R037,MERCHANT,TRANSPORT,SUCCESS,NOT_EVALUATED,301834.44190616097,350000.0,950000.0,balance.read|history.read|transfer.execute|payment.execute,normal_user,DAILY_NORMAL,0,0,0,0
E0001239,U003-normal-076,U003,2026-07-16T13:02:14,1784174534.0,TRANSFER,transfer.execute,17000.0,U003-R017,PERSON,P2P,SUCCESS,NOT_EVALUATED,301834.44190616097,350000.0,950000.0,balance.read|history.read|transfer.execute|payment.execute,normal_user,DAILY_NORMAL,0,0,0,0
E0001240,U003-normal-076,U003,2026-07-16T17:47:22,1784191642.0,TRANSFER,transfer.execute,6500.0,U003-R030,PERSON,P2P,SUCCESS,NOT_EVALUATED,301834.44190616097,350000.0,950000.0,balance.read|history.read|transfer.execute|payment.execute,normal_user,DAILY_NORMAL,0,0,0,0
E0001241,U003-normal-076,U003,2026-07-16T17:47:49,1784191669.0,PAYMENT,payment.execute,30400.0,U003-R009,MERCHANT,FOOD,SUCCESS,NOT_EVALUATED,301834.44190616097,350000.0,950000.0,balance.read|history.read|transfer.execute|payment.execute,normal_user,DAILY_NORMAL,0,0,0,0
E0001242,U003-normal-076,U003,2026-07-16T18:10:42,1784193042.0,TRANSFER,transfer.execute,10100.0,U003-R019,PERSON,P2P,SUCCESS,NOT_EVALUATED,301834.44190616097,350000.0,950000.0,balance.read|history.read|transfer.execute|payment.execute,normal_user,DAILY_NORMAL,0,0,0,0
E0001243,U003-normal-076,U003,2026-07-16T22:16:36,1784207796.0,PAYMENT,payment.execute,118900.0,U003-R035,MERCHANT,ETC,SUCCESS,NOT_EVALUATED,301834.44190616097,350000.0,950000.0,balance.read|history.read|transfer.execute|payment.execute,normal_user,DAILY_NORMAL,0,0,0,0
E0001244,U003-normal-077,U003,2026-07-17T16:58:37,1784275117.0,TRANSFER,transfer.execute,56700.0,U003-R023,PERSON,P2P,SUCCESS,NOT_EVALUATED,301834.44190616097,350000.0,950000.0,balance.read|history.read|transfer.execute|payment.execute,normal_user,DAILY_NORMAL,0,0,0,0
E0001245,U003-agent-normal-027,U003,2026-07-17T23:14:38,1784297678.0,HISTORY_READ,history.read,0.0,U003-R011,PERSON,P2P,SUCCESS,NOT_EVALUATED,301834.44190616097,350000.0,950000.0,balance.read|history.read|transfer.execute|payment.execute,normal_agent,DELEGATED_NORMAL,0,0,0,0
E0001246,U003-normal-078,U003,2026-07-18T00:25:24,1784301924.0,PAYMENT,payment.execute,8900.0,U003-R020,MERCHANT,CONVENIENCE,SUCCESS,NOT_EVALUATED,301834.44190616097,350000.0,950000.0,balance.read|history.read|transfer.execute|payment.execute,normal_user,DAILY_NORMAL,0,0,0,0
E0001247,U003-normal-078,U003,2026-07-18T10:33:35,1784338415.0,TRANSFER,transfer.execute,17700.0,U003-R023,PERSON,P2P,SUCCESS,NOT_EVALUATED,301834.44190616097,350000.0,950000.0,balance.read|history.read|transfer.execute|payment.execute,normal_user,DAILY_NORMAL,0,0,0,0
E0001248,U003-normal-078,U003,2026-07-18T12:09:07,1784344147.0,TRANSFER,transfer.execute,5900.0,U003-R019,PERSON,P2P,SUCCESS,NOT_EVALUATED,301834.44190616097,350000.0,950000.0,balance.read|history.read|transfer.execute|payment.execute,normal_user,DAILY_NORMAL,0,0,0,0
E0001249,U003-normal-078,U003,2026-07-18T12:27:41,1784345261.0,PAYMENT,payment.execute,4800.0,U003-R018,MERCHANT,TRANSPORT,SUCCESS,NOT_EVALUATED,301834.44190616097,350000.0,950000.0,balance.read|history.read|transfer.execute|payment.execute,normal_user,DAILY_NORMAL,0,0,0,0
E0001250,U003-normal-078,U003,2026-07-18T17:23:28,1784363008.0,PAYMENT,payment.execute,35300.0,U003-R024,MERCHANT,FOOD,SUCCESS,NOT_EVALUATED,301834.44190616097,350000.0,950000.0,balance.read|history.read|transfer.execute|payment.execute,normal_user,DAILY_NORMAL,0,0,0,0
E0001251,U003-agent-normal-019,U003,2026-07-19T11:36:24,1784428584.0,TRANSFER,transfer.execute,12300.0,U003-R020,MERCHANT,CONVENIENCE,SUCCESS,NOT_EVALUATED,301834.44190616097,350000.0,950000.0,balance.read|history.read|transfer.execute|payment.execute,normal_agent,DELEGATED_NORMAL,0,0,0,0
E0001252,U003-agent-normal-022,U003,2026-07-19T14:21:57,1784438517.0,TRANSFER,transfer.execute,2600.0,U003-R041,MERCHANT,FOOD,SUCCESS,NOT_EVALUATED,301834.44190616097,350000.0,950000.0,balance.read|history.read|transfer.execute|payment.execute,normal_agent,DELEGATED_NORMAL,0,0,0,0
E0001253,U003-normal-079,U003,2026-07-19T17:29:51,1784449791.0,PAYMENT,payment.execute,14000.0,U003-R038,MERCHANT,CONVENIENCE,SUCCESS,NOT_EVALUATED,301834.44190616097,350000.0,950000.0,balance.read|history.read|transfer.execute|payment.execute,normal_user,DAILY_NORMAL,0,0,0,0
E0001254,U003-normal-080,U003,2026-07-20T08:00:13,1784502013.0,PAYMENT,payment.execute,3600.0,U003-R031,MERCHANT,ENTERTAIN,SUCCESS,NOT_EVALUATED,301834.44190616097,350000.0,950000.0,balance.read|history.read|transfer.execute|payment.execute,normal_user,DAILY_NORMAL,0,0,0,0
E0001255,U003-normal-080,U003,2026-07-20T10:20:07,1784510407.0,PAYMENT,payment.execute,41200.0,U003-R027,MERCHANT,CONVENIENCE,SUCCESS,NOT_EVALUATED,301834.44190616097,350000.0,950000.0,balance.read|history.read|transfer.execute|payment.execute,normal_user,DAILY_NORMAL,0,0,0,0
E0001256,U003-normal-080,U003,2026-07-20T18:31:22,1784539882.0,PAYMENT,payment.execute,42700.0,U003-R021,MERCHANT,CONVENIENCE,SUCCESS,NOT_EVALUATED,301834.44190616097,350000.0,950000.0,balance.read|history.read|transfer.execute|payment.execute,normal_user,DAILY_NORMAL,0,0,0,0
E0001257,U003-normal-081,U003,2026-07-21T13:22:22,1784607742.0,PAYMENT,payment.execute,23700.0,U003-R009,MERCHANT,FOOD,SUCCESS,NOT_EVALUATED,301834.44190616097,350000.0,950000.0,balance.read|history.read|transfer.execute|payment.execute,normal_user,DAILY_NORMAL,0,0,0,0
E0001258,U003-normal-081,U003,2026-07-21T21:20:44,1784636444.0,PAYMENT,payment.execute,3700.0,U003-R009,MERCHANT,FOOD,SUCCESS,NOT_EVALUATED,301834.44190616097,350000.0,950000.0,balance.read|history.read|transfer.execute|payment.execute,normal_user,DAILY_NORMAL,0,0,0,0
E0001259,U003-normal-081,U003,2026-07-21T22:17:37,1784639857.0,PAYMENT,payment.execute,8400.0,U003-R032,MERCHANT,FOOD,SUCCESS,NOT_EVALUATED,301834.44190616097,350000.0,950000.0,balance.read|history.read|transfer.execute|payment.execute,normal_user,DAILY_NORMAL,0,0,0,0
E0001260,U003-normal-081,U003,2026-07-21T23:23:57,1784643837.0,TRANSFER,transfer.execute,29200.0,U003-R006,PERSON,P2P,SUCCESS,NOT_EVALUATED,301834.44190616097,350000.0,950000.0,balance.read|history.read|transfer.execute|payment.execute,normal_user,DAILY_NORMAL,0,0,0,0
E0001261,U003-normal-082,U003,2026-07-22T12:30:22,1784691022.0,PAYMENT,payment.execute,16700.0,U003-R012,MERCHANT,TRANSPORT,SUCCESS,NOT_EVALUATED,301834.44190616097,350000.0,950000.0,balance.read|history.read|transfer.execute|payment.execute,normal_user,DAILY_NORMAL,0,0,0,0
E0001262,U003-normal-082,U003,2026-07-22T13:00:50,1784692850.0,PAYMENT,payment.execute,9100.0,U003-R020,MERCHANT,CONVENIENCE,SUCCESS,NOT_EVALUATED,301834.44190616097,350000.0,950000.0,balance.read|history.read|transfer.execute|payment.execute,normal_user,DAILY_NORMAL,0,0,0,0
E0001263,U003-normal-082,U003,2026-07-22T18:02:16,1784710936.0,PAYMENT,payment.execute,8700.0,U003-R035,MERCHANT,ETC,SUCCESS,NOT_EVALUATED,301834.44190616097,350000.0,950000.0,balance.read|history.read|transfer.execute|payment.execute,normal_user,DAILY_NORMAL,0,0,0,0
E0001264,U003-normal-083,U003,2026-07-23T00:01:11,1784732471.0,PAYMENT,payment.execute,25100.0,U003-R000,MERCHANT,SIMPLE_PAY,SUCCESS,NOT_EVALUATED,301834.44190616097,350000.0,950000.0,balance.read|history.read|transfer.execute|payment.execute,normal_user,DAILY_NORMAL,0,0,0,0
E0001265,U003-normal-083,U003,2026-07-23T09:48:43,1784767723.0,PAYMENT,payment.execute,10000.0,U003-R015,MERCHANT,FOOD,SUCCESS,NOT_EVALUATED,301834.44190616097,350000.0,950000.0,balance.read|history.read|transfer.execute|payment.execute,normal_user,DAILY_NORMAL,0,0,0,0
E0001266,U003-normal-083,U003,2026-07-23T10:02:17,1784768537.0,PAYMENT,payment.execute,16200.0,U003-R010,MERCHANT,TRANSPORT,SUCCESS,NOT_EVALUATED,301834.44190616097,350000.0,950000.0,balance.read|history.read|transfer.execute|payment.execute,normal_user,DAILY_NORMAL,0,0,0,0
E0001267,U003-agent-normal-006,U003,2026-07-23T11:10:27,1784772627.0,BALANCE_READ,balance.read,0.0,U003-R020,MERCHANT,CONVENIENCE,SUCCESS,NOT_EVALUATED,301834.44190616097,350000.0,950000.0,balance.read|history.read|transfer.execute|payment.execute,normal_agent,DELEGATED_NORMAL,0,0,0,0
E0001268,U003-normal-084,U003,2026-07-24T14:06:37,1784869597.0,PAYMENT,payment.execute,19300.0,U003-R038,MERCHANT,CONVENIENCE,SUCCESS,NOT_EVALUATED,301834.44190616097,350000.0,950000.0,balance.read|history.read|transfer.execute|payment.execute,normal_user,DAILY_NORMAL,0,0,0,0
E0001269,U003-agent-normal-029,U003,2026-07-24T14:58:40,1784872720.0,TRANSFER,transfer.execute,42000.0,U003-R019,PERSON,P2P,SUCCESS,NOT_EVALUATED,301834.44190616097,350000.0,950000.0,balance.read|history.read|transfer.execute|payment.execute,normal_agent,DELEGATED_NORMAL,0,0,0,0
E0001270,U003-normal-084,U003,2026-07-24T17:06:26,1784880386.0,PAYMENT,payment.execute,29300.0,U003-R007,MERCHANT,SIMPLE_PAY,SUCCESS,NOT_EVALUATED,301834.44190616097,350000.0,950000.0,balance.read|history.read|transfer.execute|payment.execute,normal_user,DAILY_NORMAL,0,0,0,0
E0001271,U003-normal-084,U003,2026-07-24T17:21:41,1784881301.0,TRANSFER,transfer.execute,47600.0,U003-R039,PERSON,P2P,SUCCESS,NOT_EVALUATED,301834.44190616097,350000.0,950000.0,balance.read|history.read|transfer.execute|payment.execute,normal_user,DAILY_NORMAL,0,0,0,0
E0001272,U003-normal-084,U003,2026-07-24T17:22:10,1784881330.0,PAYMENT,payment.execute,15000.0,U003-R005,MERCHANT,ENTERTAIN,SUCCESS,NOT_EVALUATED,301834.44190616097,350000.0,950000.0,balance.read|history.read|transfer.execute|payment.execute,normal_user,DAILY_NORMAL,0,0,0,0
E0001273,U003-normal-084,U003,2026-07-24T19:42:42,1784889762.0,PAYMENT,payment.execute,81700.0,U003-R009,MERCHANT,FOOD,SUCCESS,NOT_EVALUATED,301834.44190616097,350000.0,950000.0,balance.read|history.read|transfer.execute|payment.execute,normal_user,DAILY_NORMAL,0,0,0,0
E0001274,U003-normal-085,U003,2026-07-25T13:10:28,1784952628.0,PAYMENT,payment.execute,4200.0,U003-R018,MERCHANT,TRANSPORT,SUCCESS,NOT_EVALUATED,301834.44190616097,350000.0,950000.0,balance.read|history.read|transfer.execute|payment.execute,normal_user,DAILY_NORMAL,0,0,0,0
E0001275,U003-normal-085,U003,2026-07-25T13:13:54,1784952834.0,PAYMENT,payment.execute,6500.0,U003-R015,MERCHANT,FOOD,SUCCESS,NOT_EVALUATED,301834.44190616097,350000.0,950000.0,balance.read|history.read|transfer.execute|payment.execute,normal_user,DAILY_NORMAL,0,0,0,0
E0001276,U003-agent-normal-018,U003,2026-07-25T14:50:11,1784958611.0,PAYMENT,payment.execute,16100.0,U003-R020,MERCHANT,CONVENIENCE,SUCCESS,NOT_EVALUATED,301834.44190616097,350000.0,950000.0,balance.read|history.read|transfer.execute|payment.execute,normal_agent,DELEGATED_NORMAL,0,0,0,0
E0001277,U003-normal-085,U003,2026-07-25T15:04:15,1784959455.0,PAYMENT,payment.execute,101800.0,U003-R020,MERCHANT,CONVENIENCE,SUCCESS,NOT_EVALUATED,301834.44190616097,350000.0,950000.0,balance.read|history.read|transfer.execute|payment.execute,normal_user,DAILY_NORMAL,0,0,0,0
E0001278,U003-normal-085,U003,2026-07-25T18:42:00,1784972520.0,TRANSFER,transfer.execute,605000.0,U003-R011,PERSON,P2P,SUCCESS,NOT_EVALUATED,633000.0,350000.0,950000.0,balance.read|history.read|transfer.execute|payment.execute,normal_user,RECURRING_NORMAL,0,0,0,0
E0001279,U003-paysim-fraud-006,U003,2026-07-26T01:25:00,1784996700.0,TRANSFER,transfer.execute,1500115.001272425,U003-N717322,PERSON,P2P,SUCCESS,NOT_EVALUATED,1528115.001272425,350000.0,950000.0,balance.read|history.read|transfer.execute|payment.execute,paysim_fraud,ACCOUNT_DRAIN_TRANSFER,1,1,1,1
E0001280,U003-paysim-fraud-006,U003,2026-07-26T01:28:00,1784996880.0,TRANSFER,transfer.execute,86193.20649376535,U003-N717322,PERSON,P2P,SUCCESS,NOT_EVALUATED,301834.44190616097,350000.0,950000.0,balance.read|history.read|transfer.execute|payment.execute,paysim_fraud,FOLLOW_UP_CASHOUT_PROXY,1,1,1,0
E0001281,U003-normal-086,U003,2026-07-26T08:48:24,1785023304.0,TRANSFER,transfer.execute,20600.0,U003-R023,PERSON,P2P,SUCCESS,NOT_EVALUATED,301834.44190616097,350000.0,950000.0,balance.read|history.read|transfer.execute|payment.execute,normal_user,DAILY_NORMAL,0,0,0,0
E0001282,U003-normal-086,U003,2026-07-26T10:39:12,1785029952.0,PAYMENT,payment.execute,28800.0,U003-R032,MERCHANT,FOOD,SUCCESS,NOT_EVALUATED,301834.44190616097,350000.0,950000.0,balance.read|history.read|transfer.execute|payment.execute,normal_user,DAILY_NORMAL,0,0,0,0
E0001283,U003-normal-086,U003,2026-07-26T14:42:56,1785044576.0,PAYMENT,payment.execute,15800.0,U003-R024,MERCHANT,FOOD,SUCCESS,NOT_EVALUATED,301834.44190616097,350000.0,950000.0,balance.read|history.read|transfer.execute|payment.execute,normal_user,DAILY_NORMAL,0,0,0,0
E0001284,U003-normal-086,U003,2026-07-26T17:01:45,1785052905.0,PAYMENT,payment.execute,8300.0,U003-R032,MERCHANT,FOOD,SUCCESS,NOT_EVALUATED,301834.44190616097,350000.0,950000.0,balance.read|history.read|transfer.execute|payment.execute,normal_user,DAILY_NORMAL,0,0,0,0
E0001285,U003-normal-086,U003,2026-07-26T22:04:01,1785071041.0,TRANSFER,transfer.execute,21100.0,U003-R039,PERSON,P2P,SUCCESS,NOT_EVALUATED,301834.44190616097,350000.0,950000.0,balance.read|history.read|transfer.execute|payment.execute,normal_user,DAILY_NORMAL,0,0,0,0
E0001286,U003-normal-087,U003,2026-07-27T11:21:22,1785118882.0,PAYMENT,payment.execute,5100.0,U003-R021,MERCHANT,CONVENIENCE,SUCCESS,NOT_EVALUATED,301834.44190616097,350000.0,950000.0,balance.read|history.read|transfer.execute|payment.execute,normal_user,DAILY_NORMAL,0,0,0,0
E0001287,U003-normal-087,U003,2026-07-27T21:44:38,1785156278.0,PAYMENT,payment.execute,5500.0,U003-R035,MERCHANT,ETC,SUCCESS,NOT_EVALUATED,301834.44190616097,350000.0,950000.0,balance.read|history.read|transfer.execute|payment.execute,normal_user,DAILY_NORMAL,0,0,0,0
E0001288,U003-normal-087,U003,2026-07-27T23:58:46,1785164326.0,TRANSFER,transfer.execute,11700.0,U003-R001,PERSON,P2P,SUCCESS,NOT_EVALUATED,301834.44190616097,350000.0,950000.0,balance.read|history.read|transfer.execute|payment.execute,normal_user,DAILY_NORMAL,0,0,0,0
E0001289,U003-paysim-fraud-007,U003,2026-07-28T04:27:00,1785180420.0,TRANSFER,transfer.execute,506121.96272078605,U003-N833162,PERSON,P2P,SUCCESS,NOT_EVALUATED,534121.962720786,350000.0,950000.0,balance.read|history.read|transfer.execute|payment.execute,paysim_fraud,ACCOUNT_DRAIN_TRANSFER,1,1,1,1
E0001290,U003-paysim-fraud-007,U003,2026-07-28T04:31:00,1785180660.0,TRANSFER,transfer.execute,237717.55906574504,U003-N833162,PERSON,P2P,SUCCESS,NOT_EVALUATED,301834.44190616097,350000.0,950000.0,balance.read|history.read|transfer.execute|payment.execute,paysim_fraud,FOLLOW_UP_CASHOUT_PROXY,1,1,0,0
E0001291,U003-normal-088,U003,2026-07-28T18:20:00,1785230400.0,PAYMENT,payment.execute,14900.0,U003-R000,MERCHANT,SIMPLE_PAY,SUCCESS,NOT_EVALUATED,301834.44190616097,350000.0,950000.0,balance.read|history.read|transfer.execute|payment.execute,normal_user,RECURRING_NORMAL,0,0,0,0
E0001292,U003-normal-088,U003,2026-07-28T21:39:26,1785242366.0,PAYMENT,payment.execute,7700.0,U003-R009,MERCHANT,FOOD,SUCCESS,NOT_EVALUATED,301834.44190616097,350000.0,950000.0,balance.read|history.read|transfer.execute|payment.execute,normal_user,DAILY_NORMAL,0,0,0,0
E0001293,U003-agent-normal-023,U003,2026-07-28T23:48:37,1785250117.0,HISTORY_READ,history.read,0.0,U003-R029,PERSON,P2P,SUCCESS,NOT_EVALUATED,301834.44190616097,350000.0,950000.0,balance.read|history.read|transfer.execute|payment.execute,normal_agent,DELEGATED_NORMAL,0,0,0,0
E0001294,U003-normal-089,U003,2026-07-29T00:04:30,1785251070.0,PAYMENT,payment.execute,4700.0,U003-R037,MERCHANT,TRANSPORT,SUCCESS,NOT_EVALUATED,301834.44190616097,350000.0,950000.0,balance.read|history.read|transfer.execute|payment.execute,normal_user,DAILY_NORMAL,0,0,0,0
E0001295,U003-normal-089,U003,2026-07-29T09:26:05,1785284765.0,PAYMENT,payment.execute,101300.0,U003-R007,MERCHANT,SIMPLE_PAY,SUCCESS,NOT_EVALUATED,301834.44190616097,350000.0,950000.0,balance.read|history.read|transfer.execute|payment.execute,normal_user,DAILY_NORMAL,0,0,0,0
E0001296,U003-normal-089,U003,2026-07-29T13:22:31,1785298951.0,PAYMENT,payment.execute,19100.0,U003-R005,MERCHANT,ENTERTAIN,SUCCESS,NOT_EVALUATED,301834.44190616097,350000.0,950000.0,balance.read|history.read|transfer.execute|payment.execute,normal_user,DAILY_NORMAL,0,0,0,0
E0001297,U003-agent-normal-011,U003,2026-07-29T16:48:11,1785311291.0,TRANSFER,transfer.execute,2800.0,U003-R037,MERCHANT,TRANSPORT,SUCCESS,NOT_EVALUATED,301834.44190616097,350000.0,950000.0,balance.read|history.read|transfer.execute|payment.execute,normal_agent,DELEGATED_NORMAL,0,0,0,0
E0001298,U004-normal-000,U004,2026-05-01T07:28:19,1777588099.0,TRANSFER,transfer.execute,33000.0,U004-R008,PERSON,P2P,SUCCESS,NOT_EVALUATED,5793986.258003199,1200000.0,3200000.0,balance.read|history.read|transfer.execute|payment.execute,normal_user,DAILY_NORMAL,0,0,0,0
E0001299,U004-normal-000,U004,2026-05-01T09:14:30,1777594470.0,PAYMENT,payment.execute,178200.0,U004-R007,MERCHANT,TRANSPORT,SUCCESS,NOT_EVALUATED,5760986.258003199,1200000.0,3200000.0,balance.read|history.read|transfer.execute|payment.execute,normal_user,DAILY_NORMAL,0,0,0,0
E0001300,U004-normal-000,U004,2026-05-01T13:02:11,1777608131.0,PAYMENT,payment.execute,5200.0,U004-R023,MERCHANT,FOOD,SUCCESS,NOT_EVALUATED,5582786.258003199,1200000.0,3200000.0,balance.read|history.read|transfer.execute|payment.execute,normal_user,DAILY_NORMAL,0,0,0,0
E0001301,U004-normal-000,U004,2026-05-01T16:35:35,1777620935.0,PAYMENT,payment.execute,188900.0,U004-R005,MERCHANT,SUBSCRIPTION,SUCCESS,NOT_EVALUATED,5577586.258003199,1200000.0,3200000.0,balance.read|history.read|transfer.execute|payment.execute,normal_user,DAILY_NORMAL,0,0,0,0
E0001302,U004-agent-normal-022,U004,2026-05-01T17:04:45,1777622685.0,HISTORY_READ,history.read,0.0,U004-R017,MERCHANT,FOOD,SUCCESS,NOT_EVALUATED,5388686.258003199,1200000.0,3200000.0,balance.read|history.read|transfer.execute|payment.execute,normal_agent,DELEGATED_NORMAL,0,0,0,0
E0001303,U004-normal-000,U004,2026-05-01T18:48:57,1777628937.0,PAYMENT,payment.execute,50500.0,U004-R015,MERCHANT,OVERSEAS_REMIT,SUCCESS,NOT_EVALUATED,5388686.258003199,1200000.0,3200000.0,balance.read|history.read|transfer.execute|payment.execute,normal_user,DAILY_NORMAL,0,0,0,0
E0001304,U004-normal-002,U004,2026-05-03T11:05:15,1777773915.0,PAYMENT,payment.execute,8200.0,U004-R017,MERCHANT,FOOD,SUCCESS,NOT_EVALUATED,5338186.258003199,1200000.0,3200000.0,balance.read|history.read|transfer.execute|payment.execute,normal_user,DAILY_NORMAL,0,0,0,0
E0001305,U004-agent-normal-010,U004,2026-05-03T12:29:57,1777778997.0,TRANSFER,transfer.execute,100300.0,U004-R000,MERCHANT,ETC,SUCCESS,NOT_EVALUATED,5329986.258003199,1200000.0,3200000.0,balance.read|history.read|transfer.execute|payment.execute,normal_agent,DELEGATED_NORMAL,0,0,0,0
E0001306,U004-normal-003,U004,2026-05-04T09:47:46,1777855666.0,TRANSFER,transfer.execute,12400.0,U004-R004,PERSON,P2P,SUCCESS,NOT_EVALUATED,5229686.258003199,1200000.0,3200000.0,balance.read|history.read|transfer.execute|payment.execute,normal_user,DAILY_NORMAL,0,0,0,0
E0001307,U004-normal-003,U004,2026-05-04T10:15:00,1777857300.0,PAYMENT,payment.execute,28800.0,U004-R024,MERCHANT,OVERSEAS_REMIT,SUCCESS,NOT_EVALUATED,5217286.258003199,1200000.0,3200000.0,balance.read|history.read|transfer.execute|payment.execute,normal_user,DAILY_NORMAL,0,0,0,0
E0001308,U004-agent-normal-033,U004,2026-05-04T15:11:33,1777875093.0,HISTORY_READ,history.read,0.0,U004-R007,MERCHANT,TRANSPORT,SUCCESS,NOT_EVALUATED,5188486.258003199,1200000.0,3200000.0,balance.read|history.read|transfer.execute|payment.execute,normal_agent,DELEGATED_NORMAL,0,0,0,0
E0001309,U004-normal-003,U004,2026-05-04T17:41:59,1777884119.0,PAYMENT,payment.execute,47500.0,U004-R021,MERCHANT,ETC,SUCCESS,NOT_EVALUATED,5188486.258003199,1200000.0,3200000.0,balance.read|history.read|transfer.execute|payment.execute,normal_user,DAILY_NORMAL,0,0,0,0
E0001310,U004-normal-003,U004,2026-05-04T20:28:57,1777894137.0,PAYMENT,payment.execute,13900.0,U004-R014,MERCHANT,SIMPLE_PAY,SUCCESS,NOT_EVALUATED,5140986.258003199,1200000.0,3200000.0,balance.read|history.read|transfer.execute|payment.execute,normal_user,DAILY_NORMAL,0,0,0,0
E0001311,U004-normal-003,U004,2026-05-04T21:43:08,1777898588.0,PAYMENT,payment.execute,48900.0,U004-R005,MERCHANT,SUBSCRIPTION,SUCCESS,NOT_EVALUATED,5127086.258003199,1200000.0,3200000.0,balance.read|history.read|transfer.execute|payment.execute,normal_user,DAILY_NORMAL,0,0,0,0
E0001312,U004-normal-004,U004,2026-05-05T19:01:54,1777975314.0,PAYMENT,payment.execute,177200.0,U004-R023,MERCHANT,FOOD,SUCCESS,NOT_EVALUATED,5078186.258003199,1200000.0,3200000.0,balance.read|history.read|transfer.execute|payment.execute,normal_user,DAILY_NORMAL,0,0,0,0
E0001313,U004-normal-004,U004,2026-05-05T20:23:22,1777980202.0,PAYMENT,payment.execute,69200.0,U004-R023,MERCHANT,FOOD,SUCCESS,NOT_EVALUATED,4900986.258003199,1200000.0,3200000.0,balance.read|history.read|transfer.execute|payment.execute,normal_user,DAILY_NORMAL,0,0,0,0
E0001314,U004-normal-005,U004,2026-05-06T03:20:11,1778005211.0,PAYMENT,payment.execute,6100.0,U004-R006,MERCHANT,LIVING,SUCCESS,NOT_EVALUATED,4831786.258003199,1200000.0,3200000.0,balance.read|history.read|transfer.execute|payment.execute,normal_user,DAILY_NORMAL,0,0,0,0
E0001315,U004-normal-006,U004,2026-05-07T08:14:52,1778109292.0,PAYMENT,payment.execute,32700.0,U004-R018,MERCHANT,SUBSCRIPTION,SUCCESS,NOT_EVALUATED,4825686.258003199,1200000.0,3200000.0,balance.read|history.read|transfer.execute|payment.execute,normal_user,DAILY_NORMAL,0,0,0,0
E0001316,U004-normal-006,U004,2026-05-07T11:04:50,1778119490.0,PAYMENT,payment.execute,42700.0,U004-R014,MERCHANT,SIMPLE_PAY,SUCCESS,NOT_EVALUATED,4792986.258003199,1200000.0,3200000.0,balance.read|history.read|transfer.execute|payment.execute,normal_user,DAILY_NORMAL,0,0,0,0
E0001317,U004-normal-006,U004,2026-05-07T14:18:02,1778131082.0,PAYMENT,payment.execute,10300.0,U004-R016,MERCHANT,TRANSPORT,SUCCESS,NOT_EVALUATED,4750286.258003199,1200000.0,3200000.0,balance.read|history.read|transfer.execute|payment.execute,normal_user,DAILY_NORMAL,0,0,0,0
E0001318,U004-normal-006,U004,2026-05-07T14:32:39,1778131959.0,PAYMENT,payment.execute,398000.0,U004-R010,MERCHANT,ETC,SUCCESS,NOT_EVALUATED,4739986.258003199,1200000.0,3200000.0,balance.read|history.read|transfer.execute|payment.execute,normal_user,DAILY_NORMAL,0,0,0,0
E0001319,U004-normal-006,U004,2026-05-07T22:36:18,1778160978.0,PAYMENT,payment.execute,148800.0,U004-R014,MERCHANT,SIMPLE_PAY,SUCCESS,NOT_EVALUATED,4341986.258003199,1200000.0,3200000.0,balance.read|history.read|transfer.execute|payment.execute,normal_user,DAILY_NORMAL,0,0,0,0
E0001320,U004-normal-007,U004,2026-05-08T13:44:15,1778215455.0,PAYMENT,payment.execute,97300.0,U004-R016,MERCHANT,TRANSPORT,SUCCESS,NOT_EVALUATED,4193186.2580031985,1200000.0,3200000.0,balance.read|history.read|transfer.execute|payment.execute,normal_user,DAILY_NORMAL,0,0,0,0
E0001321,U004-normal-007,U004,2026-05-08T18:10:58,1778231458.0,PAYMENT,payment.execute,4900.0,U004-R024,MERCHANT,OVERSEAS_REMIT,SUCCESS,NOT_EVALUATED,4095886.2580031985,1200000.0,3200000.0,balance.read|history.read|transfer.execute|payment.execute,normal_user,DAILY_NORMAL,0,0,0,0
E0001322,U004-normal-007,U004,2026-05-08T18:34:45,1778232885.0,PAYMENT,payment.execute,313900.0,U004-R014,MERCHANT,SIMPLE_PAY,SUCCESS,NOT_EVALUATED,4090986.2580031985,1200000.0,3200000.0,balance.read|history.read|transfer.execute|payment.execute,normal_user,DAILY_NORMAL,0,0,0,0
E0001323,U004-normal-007,U004,2026-05-08T21:25:34,1778243134.0,PAYMENT,payment.execute,63400.0,U004-R014,MERCHANT,SIMPLE_PAY,SUCCESS,NOT_EVALUATED,3777086.2580031985,1200000.0,3200000.0,balance.read|history.read|transfer.execute|payment.execute,normal_user,DAILY_NORMAL,0,0,0,0
E0001324,U004-normal-008,U004,2026-05-09T10:11:23,1778289083.0,PAYMENT,payment.execute,94600.0,U004-R015,MERCHANT,OVERSEAS_REMIT,SUCCESS,NOT_EVALUATED,3713686.2580031985,1200000.0,3200000.0,balance.read|history.read|transfer.execute|payment.execute,normal_user,DAILY_NORMAL,0,0,0,0
E0001325,U004-agent-normal-006,U004,2026-05-09T11:02:44,1778292164.0,PAYMENT,payment.execute,3100.0,U004-R004,PERSON,P2P,SUCCESS,NOT_EVALUATED,3619086.2580031985,1200000.0,3200000.0,balance.read|history.read|transfer.execute|payment.execute,normal_agent,DELEGATED_NORMAL,0,0,0,0
E0001326,U004-normal-008,U004,2026-05-09T15:39:39,1778308779.0,TRANSFER,transfer.execute,52600.0,U004-R004,PERSON,P2P,SUCCESS,NOT_EVALUATED,3615986.2580031985,1200000.0,3200000.0,balance.read|history.read|transfer.execute|payment.execute,normal_user,DAILY_NORMAL,0,0,0,0
E0001327,U004-normal-008,U004,2026-05-09T18:47:00,1778320020.0,PAYMENT,payment.execute,63000.0,U004-R015,MERCHANT,OVERSEAS_REMIT,SUCCESS,NOT_EVALUATED,3563386.2580031985,1200000.0,3200000.0,balance.read|history.read|transfer.execute|payment.execute,normal_user,RECURRING_NORMAL,0,0,0,0
E0001328,U004-normal-009,U004,2026-05-10T19:41:15,1778409675.0,PAYMENT,payment.execute,80000.0,U004-R017,MERCHANT,FOOD,SUCCESS,NOT_EVALUATED,3500386.2580031985,1200000.0,3200000.0,balance.read|history.read|transfer.execute|payment.execute,normal_user,DAILY_NORMAL,0,0,0,0
E0001329,U004-normal-010,U004,2026-05-11T15:34:19,1778481259.0,TRANSFER,transfer.execute,52700.0,U004-R008,PERSON,P2P,SUCCESS,NOT_EVALUATED,3420386.2580031985,1200000.0,3200000.0,balance.read|history.read|transfer.execute|payment.execute,normal_user,DAILY_NORMAL,0,0,0,0
E0001330,U004-normal-010,U004,2026-05-11T17:17:50,1778487470.0,TRANSFER,transfer.execute,43500.0,U004-R012,PERSON,P2P,SUCCESS,NOT_EVALUATED,3367686.2580031985,1200000.0,3200000.0,balance.read|history.read|transfer.execute|payment.execute,normal_user,DAILY_NORMAL,0,0,0,0
E0001331,U004-misuse-CATEGORY_DRIFT-005,U004,2026-05-12T05:06:00,1778529960.0,PAYMENT,payment.execute,271055.50252502994,U004-N752213,MERCHANT,SECURITIES,SUCCESS,NOT_EVALUATED,3324186.2580031985,1200000.0,3200000.0,balance.read|history.read|transfer.execute|payment.execute,agent_misuse,CATEGORY_DRIFT,1,0,0,1
E0001332,U004-misuse-CATEGORY_DRIFT-005,U004,2026-05-12T05:23:00,1778530980.0,PAYMENT,payment.execute,430094.09565889207,U004-N440812,MERCHANT,GIFT_CARD,SUCCESS,NOT_EVALUATED,3053130.755478169,1200000.0,3200000.0,balance.read|history.read|transfer.execute|payment.execute,agent_misuse,CATEGORY_DRIFT,1,0,0,1
E0001333,U004-misuse-CATEGORY_DRIFT-005,U004,2026-05-12T05:40:00,1778532000.0,PAYMENT,payment.execute,325170.7267906953,U004-N565518,MERCHANT,SECURITIES,SUCCESS,NOT_EVALUATED,2623036.659819277,1200000.0,3200000.0,balance.read|history.read|transfer.execute|payment.execute,agent_misuse,CATEGORY_DRIFT,1,0,0,1
E0001334,U004-misuse-CATEGORY_DRIFT-005,U004,2026-05-12T05:57:00,1778533020.0,PAYMENT,payment.execute,444123.7611495768,U004-N368150,MERCHANT,SECURITIES,SUCCESS,NOT_EVALUATED,2297865.9330285816,1200000.0,3200000.0,balance.read|history.read|transfer.execute|payment.execute,agent_misuse,CATEGORY_DRIFT,1,0,0,1
E0001335,U004-misuse-CATEGORY_DRIFT-005,U004,2026-05-12T06:14:00,1778534040.0,PAYMENT,payment.execute,449781.144555279,U004-N722706,PERSON,OVERSEAS_REMIT,SUCCESS,NOT_EVALUATED,1853742.1718790047,1200000.0,3200000.0,balance.read|history.read|transfer.execute|payment.execute,agent_misuse,CATEGORY_DRIFT,1,0,0,1
E0001336,U004-misuse-CATEGORY_DRIFT-005,U004,2026-05-12T06:31:00,1778535060.0,PAYMENT,payment.execute,341415.797234842,U004-N635632,MERCHANT,SECURITIES,SUCCESS,NOT_EVALUATED,1403961.0273237256,1200000.0,3200000.0,balance.read|history.read|transfer.execute|payment.execute,agent_misuse,CATEGORY_DRIFT,1,0,0,1
E0001337,U004-misuse-CATEGORY_DRIFT-005,U004,2026-05-12T06:48:00,1778536080.0,PAYMENT,payment.execute,349465.53569454345,U004-N102144,PERSON,OVERSEAS_REMIT,SUCCESS,NOT_EVALUATED,1062545.2300888835,1200000.0,3200000.0,balance.read|history.read|transfer.execute|payment.execute,agent_misuse,CATEGORY_DRIFT,1,0,0,1
E0001338,U004-normal-011,U004,2026-05-12T09:14:38,1778544878.0,PAYMENT,payment.execute,106700.0,U004-R002,MERCHANT,SHOPPING,SUCCESS,NOT_EVALUATED,724248.2822503998,1200000.0,3200000.0,balance.read|history.read|transfer.execute|payment.execute,normal_user,DAILY_NORMAL,0,0,0,0
E0001339,U004-normal-011,U004,2026-05-12T11:57:37,1778554657.0,TRANSFER,transfer.execute,8500.0,U004-R004,PERSON,P2P,SUCCESS,NOT_EVALUATED,724248.2822503998,1200000.0,3200000.0,balance.read|history.read|transfer.execute|payment.execute,normal_user,DAILY_NORMAL,0,0,0,0
E0001340,U004-normal-011,U004,2026-05-12T20:45:07,1778586307.0,TRANSFER,transfer.execute,79300.0,U004-R003,PERSON,P2P,SUCCESS,NOT_EVALUATED,724248.2822503998,1200000.0,3200000.0,balance.read|history.read|transfer.execute|payment.execute,normal_user,DAILY_NORMAL,0,0,0,0
E0001341,U004-normal-011,U004,2026-05-12T21:27:44,1778588864.0,PAYMENT,payment.execute,39900.0,U004-R024,MERCHANT,OVERSEAS_REMIT,SUCCESS,NOT_EVALUATED,724248.2822503998,1200000.0,3200000.0,balance.read|history.read|transfer.execute|payment.execute,normal_user,DAILY_NORMAL,0,0,0,0
E0001342,U004-paysim-fraud-004,U004,2026-05-13T03:32:00,1778610720.0,TRANSFER,transfer.execute,1520396.0879229207,U004-N343110,PERSON,P2P,SUCCESS,NOT_EVALUATED,1602396.0879229207,1200000.0,3200000.0,balance.read|history.read|transfer.execute|payment.execute,paysim_fraud,ACCOUNT_DRAIN_TRANSFER,1,1,1,1
E0001343,U004-paysim-fraud-004,U004,2026-05-13T03:33:00,1778610780.0,TRANSFER,transfer.execute,495819.976077592,U004-N343110,PERSON,P2P,SUCCESS,NOT_EVALUATED,724248.2822503998,1200000.0,3200000.0,balance.read|history.read|transfer.execute|payment.execute,paysim_fraud,FOLLOW_UP_CASHOUT_PROXY,1,1,0,0
E0001344,U004-normal-012,U004,2026-05-13T09:24:29,1778631869.0,PAYMENT,payment.execute,30100.0,U004-R014,MERCHANT,SIMPLE_PAY,SUCCESS,NOT_EVALUATED,724248.2822503998,1200000.0,3200000.0,balance.read|history.read|transfer.execute|payment.execute,normal_user,DAILY_NORMAL,0,0,0,0
E0001345,U004-normal-014,U004,2026-05-15T12:38:17,1778816297.0,PAYMENT,payment.execute,14500.0,U004-R017,MERCHANT,FOOD,SUCCESS,NOT_EVALUATED,724248.2822503998,1200000.0,3200000.0,balance.read|history.read|transfer.execute|payment.execute,normal_user,DAILY_NORMAL,0,0,0,0
E0001346,U004-normal-015,U004,2026-05-16T09:54:01,1778892841.0,PAYMENT,payment.execute,294400.0,U004-R021,MERCHANT,ETC,SUCCESS,NOT_EVALUATED,724248.2822503998,1200000.0,3200000.0,balance.read|history.read|transfer.execute|payment.execute,normal_user,DAILY_NORMAL,0,0,0,0
E0001347,U004-hard-PAYDAY_BURST-000,U004,2026-05-16T18:00:00,1778922000.0,PAYMENT,payment.execute,15300.0,U004-R024,MERCHANT,OVERSEAS_REMIT,SUCCESS,NOT_EVALUATED,724248.2822503998,1200000.0,3200000.0,balance.read|history.read|transfer.execute|payment.execute,hard_negative,PAYDAY_BURST,0,0,0,0
E0001348,U004-hard-PAYDAY_BURST-000,U004,2026-05-16T18:07:00,1778922420.0,PAYMENT,payment.execute,34700.0,U004-R003,PERSON,P2P,SUCCESS,NOT_EVALUATED,724248.2822503998,1200000.0,3200000.0,balance.read|history.read|transfer.execute|payment.execute,hard_negative,PAYDAY_BURST,0,0,0,0
E0001349,U004-hard-PAYDAY_BURST-000,U004,2026-05-16T18:14:00,1778922840.0,PAYMENT,payment.execute,40300.0,U004-R018,MERCHANT,SUBSCRIPTION,SUCCESS,NOT_EVALUATED,724248.2822503998,1200000.0,3200000.0,balance.read|history.read|transfer.execute|payment.execute,hard_negative,PAYDAY_BURST,0,0,0,0
E0001350,U004-normal-015,U004,2026-05-16T18:17:04,1778923024.0,PAYMENT,payment.execute,2400.0,U004-R014,MERCHANT,SIMPLE_PAY,SUCCESS,NOT_EVALUATED,724248.2822503998,1200000.0,3200000.0,balance.read|history.read|transfer.execute|payment.execute,normal_user,DAILY_NORMAL,0,0,0,0
E0001351,U004-hard-PAYDAY_BURST-000,U004,2026-05-16T18:21:00,1778923260.0,PAYMENT,payment.execute,14900.0,U004-R024,MERCHANT,OVERSEAS_REMIT,SUCCESS,NOT_EVALUATED,724248.2822503998,1200000.0,3200000.0,balance.read|history.read|transfer.execute|payment.execute,hard_negative,PAYDAY_BURST,0,0,0,0
E0001352,U004-hard-PAYDAY_BURST-000,U004,2026-05-16T18:28:00,1778923680.0,PAYMENT,payment.execute,26900.0,U004-R018,MERCHANT,SUBSCRIPTION,SUCCESS,NOT_EVALUATED,724248.2822503998,1200000.0,3200000.0,balance.read|history.read|transfer.execute|payment.execute,hard_negative,PAYDAY_BURST,0,0,0,0
E0001353,U004-hard-PAYDAY_BURST-000,U004,2026-05-16T18:35:00,1778924100.0,PAYMENT,payment.execute,8600.0,U004-R008,PERSON,P2P,SUCCESS,NOT_EVALUATED,724248.2822503998,1200000.0,3200000.0,balance.read|history.read|transfer.execute|payment.execute,hard_negative,PAYDAY_BURST,0,0,0,0
E0001354,U004-normal-015,U004,2026-05-16T20:48:50,1778932130.0,PAYMENT,payment.execute,43200.0,U004-R020,MERCHANT,SHOPPING,SUCCESS,NOT_EVALUATED,724248.2822503998,1200000.0,3200000.0,balance.read|history.read|transfer.execute|payment.execute,normal_user,DAILY_NORMAL,0,0,0,0
E0001355,U004-normal-016,U004,2026-05-17T10:30:06,1778981406.0,PAYMENT,payment.execute,161500.0,U004-R018,MERCHANT,SUBSCRIPTION,SUCCESS,NOT_EVALUATED,724248.2822503998,1200000.0,3200000.0,balance.read|history.read|transfer.execute|payment.execute,normal_user,DAILY_NORMAL,0,0,0,0
E0001356,U004-normal-016,U004,2026-05-17T11:27:59,1778984879.0,PAYMENT,payment.execute,12300.0,U004-R017,MERCHANT,FOOD,SUCCESS,NOT_EVALUATED,724248.2822503998,1200000.0,3200000.0,balance.read|history.read|transfer.execute|payment.execute,normal_user,DAILY_NORMAL,0,0,0,0
E0001357,U004-normal-016,U004,2026-05-17T12:13:11,1778987591.0,PAYMENT,payment.execute,443200.0,U004-R021,MERCHANT,ETC,SUCCESS,NOT_EVALUATED,724248.2822503998,1200000.0,3200000.0,balance.read|history.read|transfer.execute|payment.execute,normal_user,DAILY_NORMAL,0,0,0,0
E0001358,U004-agent-normal-003,U004,2026-05-17T19:32:37,1779013957.0,HISTORY_READ,history.read,0.0,U004-R008,PERSON,P2P,SUCCESS,NOT_EVALUATED,724248.2822503998,1200000.0,3200000.0,balance.read|history.read|transfer.execute|payment.execute,normal_agent,DELEGATED_NORMAL,0,0,0,0
E0001359,U004-normal-016,U004,2026-05-17T19:41:01,1779014461.0,TRANSFER,transfer.execute,228300.0,U004-R008,PERSON,P2P,SUCCESS,NOT_EVALUATED,724248.2822503998,1200000.0,3200000.0,balance.read|history.read|transfer.execute|payment.execute,normal_user,DAILY_NORMAL,0,0,0,0
E0001360,U004-normal-017,U004,2026-05-18T06:20:59,1779052859.0,PAYMENT,payment.execute,56600.0,U004-R022,MERCHANT,SHOPPING,SUCCESS,NOT_EVALUATED,724248.2822503998,1200000.0,3200000.0,balance.read|history.read|transfer.execute|payment.execute,normal_user,DAILY_NORMAL,0,0,0,0
E0001361,U004-normal-017,U004,2026-05-18T11:44:44,1779072284.0,PAYMENT,payment.execute,62400.0,U004-R022,MERCHANT,SHOPPING,SUCCESS,NOT_EVALUATED,724248.2822503998,1200000.0,3200000.0,balance.read|history.read|transfer.execute|payment.execute,normal_user,DAILY_NORMAL,0,0,0,0
E0001362,U004-normal-017,U004,2026-05-18T17:27:12,1779092832.0,PAYMENT,payment.execute,19700.0,U004-R005,MERCHANT,SUBSCRIPTION,SUCCESS,NOT_EVALUATED,724248.2822503998,1200000.0,3200000.0,balance.read|history.read|transfer.execute|payment.execute,normal_user,DAILY_NORMAL,0,0,0,0
E0001363,U004-agent-normal-030,U004,2026-05-18T20:48:42,1779104922.0,HISTORY_READ,history.read,0.0,U004-R015,MERCHANT,OVERSEAS_REMIT,SUCCESS,NOT_EVALUATED,724248.2822503998,1200000.0,3200000.0,balance.read|history.read|transfer.execute|payment.execute,normal_agent,DELEGATED_NORMAL,0,0,0,0
E0001364,U004-agent-normal-009,U004,2026-05-18T23:25:46,1779114346.0,BALANCE_READ,balance.read,0.0,U004-R013,MERCHANT,TRANSPORT,SUCCESS,NOT_EVALUATED,724248.2822503998,1200000.0,3200000.0,balance.read|history.read|transfer.execute|payment.execute,normal_agent,DELEGATED_NORMAL,0,0,0,0
E0001365,U004-normal-018,U004,2026-05-19T14:04:47,1779167087.0,PAYMENT,payment.execute,44400.0,U004-R016,MERCHANT,TRANSPORT,SUCCESS,NOT_EVALUATED,724248.2822503998,1200000.0,3200000.0,balance.read|history.read|transfer.execute|payment.execute,normal_user,DAILY_NORMAL,0,0,0,0
E0001366,U004-normal-018,U004,2026-05-19T19:57:09,1779188229.0,PAYMENT,payment.execute,14400.0,U004-R019,MERCHANT,SHOPPING,SUCCESS,NOT_EVALUATED,724248.2822503998,1200000.0,3200000.0,balance.read|history.read|transfer.execute|payment.execute,normal_user,DAILY_NORMAL,0,0,0,0
E0001367,U004-normal-018,U004,2026-05-19T20:45:07,1779191107.0,PAYMENT,payment.execute,27000.0,U004-R002,MERCHANT,SHOPPING,SUCCESS,NOT_EVALUATED,724248.2822503998,1200000.0,3200000.0,balance.read|history.read|transfer.execute|payment.execute,normal_user,DAILY_NORMAL,0,0,0,0
E0001368,U004-normal-019,U004,2026-05-20T08:39:59,1779233999.0,PAYMENT,payment.execute,90500.0,U004-R007,MERCHANT,TRANSPORT,SUCCESS,NOT_EVALUATED,724248.2822503998,1200000.0,3200000.0,balance.read|history.read|transfer.execute|payment.execute,normal_user,DAILY_NORMAL,0,0,0,0
E0001369,U004-normal-019,U004,2026-05-20T09:44:51,1779237891.0,PAYMENT,payment.execute,8000.0,U004-R000,MERCHANT,ETC,SUCCESS,NOT_EVALUATED,724248.2822503998,1200000.0,3200000.0,balance.read|history.read|transfer.execute|payment.execute,normal_user,DAILY_NORMAL,0,0,0,0
E0001370,U004-normal-019,U004,2026-05-20T13:46:16,1779252376.0,PAYMENT,payment.execute,66100.0,U004-R013,MERCHANT,TRANSPORT,SUCCESS,NOT_EVALUATED,724248.2822503998,1200000.0,3200000.0,balance.read|history.read|transfer.execute|payment.execute,normal_user,DAILY_NORMAL,0,0,0,0
E0001371,U004-normal-019,U004,2026-05-20T14:35:44,1779255344.0,PAYMENT,payment.execute,40400.0,U004-R001,MERCHANT,LIVING,SUCCESS,NOT_EVALUATED,724248.2822503998,1200000.0,3200000.0,balance.read|history.read|transfer.execute|payment.execute,normal_user,DAILY_NORMAL,0,0,0,0
E0001372,U004-normal-019,U004,2026-05-20T17:54:42,1779267282.0,PAYMENT,payment.execute,15200.0,U004-R017,MERCHANT,FOOD,SUCCESS,NOT_EVALUATED,724248.2822503998,1200000.0,3200000.0,balance.read|history.read|transfer.execute|payment.execute,normal_user,DAILY_NORMAL,0,0,0,0
E0001373,U004-normal-019,U004,2026-05-20T18:12:41,1779268361.0,PAYMENT,payment.execute,41600.0,U004-R020,MERCHANT,SHOPPING,SUCCESS,NOT_EVALUATED,724248.2822503998,1200000.0,3200000.0,balance.read|history.read|transfer.execute|payment.execute,normal_user,DAILY_NORMAL,0,0,0,0
E0001374,U004-normal-020,U004,2026-05-21T04:52:35,1779306755.0,PAYMENT,payment.execute,34600.0,U004-R023,MERCHANT,FOOD,SUCCESS,NOT_EVALUATED,724248.2822503998,1200000.0,3200000.0,balance.read|history.read|transfer.execute|payment.execute,normal_user,DAILY_NORMAL,0,0,0,0
E0001375,U004-normal-020,U004,2026-05-21T20:23:44,1779362624.0,PAYMENT,payment.execute,63600.0,U004-R014,MERCHANT,SIMPLE_PAY,SUCCESS,NOT_EVALUATED,724248.2822503998,1200000.0,3200000.0,balance.read|history.read|transfer.execute|payment.execute,normal_user,DAILY_NORMAL,0,0,0,0
E0001376,U004-normal-021,U004,2026-05-22T09:41:57,1779410517.0,PAYMENT,payment.execute,5300.0,U004-R014,MERCHANT,SIMPLE_PAY,SUCCESS,NOT_EVALUATED,724248.2822503998,1200000.0,3200000.0,balance.read|history.read|transfer.execute|payment.execute,normal_user,DAILY_NORMAL,0,0,0,0
E0001377,U004-normal-021,U004,2026-05-22T15:45:46,1779432346.0,PAYMENT,payment.execute,56300.0,U004-R017,MERCHANT,FOOD,SUCCESS,NOT_EVALUATED,724248.2822503998,1200000.0,3200000.0,balance.read|history.read|transfer.execute|payment.execute,normal_user,DAILY_NORMAL,0,0,0,0
E0001378,U004-normal-021,U004,2026-05-22T17:16:02,1779437762.0,PAYMENT,payment.execute,133000.0,U004-R023,MERCHANT,FOOD,SUCCESS,NOT_EVALUATED,724248.2822503998,1200000.0,3200000.0,balance.read|history.read|transfer.execute|payment.execute,normal_user,DAILY_NORMAL,0,0,0,0
E0001379,U004-normal-021,U004,2026-05-22T21:52:44,1779454364.0,PAYMENT,payment.execute,112700.0,U004-R014,MERCHANT,SIMPLE_PAY,SUCCESS,NOT_EVALUATED,724248.2822503998,1200000.0,3200000.0,balance.read|history.read|transfer.execute|payment.execute,normal_user,DAILY_NORMAL,0,0,0,0
E0001380,U004-normal-022,U004,2026-05-23T00:07:48,1779462468.0,PAYMENT,payment.execute,52900.0,U004-R007,MERCHANT,TRANSPORT,SUCCESS,NOT_EVALUATED,724248.2822503998,1200000.0,3200000.0,balance.read|history.read|transfer.execute|payment.execute,normal_user,DAILY_NORMAL,0,0,0,0
E0001381,U004-agent-normal-001,U004,2026-05-23T12:25:45,1779506745.0,PAYMENT,payment.execute,15800.0,U004-R022,MERCHANT,SHOPPING,SUCCESS,NOT_EVALUATED,724248.2822503998,1200000.0,3200000.0,balance.read|history.read|transfer.execute|payment.execute,normal_agent,DELEGATED_NORMAL,0,0,0,0
E0001382,U004-agent-normal-024,U004,2026-05-23T14:03:16,1779512596.0,TRANSFER,transfer.execute,15900.0,U004-R007,MERCHANT,TRANSPORT,SUCCESS,NOT_EVALUATED,724248.2822503998,1200000.0,3200000.0,balance.read|history.read|transfer.execute|payment.execute,normal_agent,DELEGATED_NORMAL,0,0,0,0
E0001383,U004-agent-normal-029,U004,2026-05-23T17:16:41,1779524201.0,HISTORY_READ,history.read,0.0,U004-R009,MERCHANT,LIVING,SUCCESS,NOT_EVALUATED,724248.2822503998,1200000.0,3200000.0,balance.read|history.read|transfer.execute|payment.execute,normal_agent,DELEGATED_NORMAL,0,0,0,0
E0001384,U004-normal-022,U004,2026-05-23T20:15:41,1779534941.0,PAYMENT,payment.execute,135400.0,U004-R014,MERCHANT,SIMPLE_PAY,SUCCESS,NOT_EVALUATED,724248.2822503998,1200000.0,3200000.0,balance.read|history.read|transfer.execute|payment.execute,normal_user,DAILY_NORMAL,0,0,0,0
E0001385,U004-misuse-LIMIT_RATCHETING-000,U004,2026-05-23T21:21:00,1779538860.0,TRANSFER,transfer.execute,1008000.0,U004-R004,PERSON,P2P,SUCCESS,NOT_EVALUATED,1090000.0,1200000.0,3200000.0,balance.read|history.read|transfer.execute|payment.execute,agent_misuse,LIMIT_RATCHETING,1,0,0,0
E0001386,U004-misuse-LIMIT_RATCHETING-000,U004,2026-05-23T21:33:00,1779539580.0,TRANSFER,transfer.execute,1104000.0,U004-N229400,PERSON,P2P,SUCCESS,NOT_EVALUATED,1186000.0,1200000.0,3200000.0,balance.read|history.read|transfer.execute|payment.execute,agent_misuse,LIMIT_RATCHETING,1,0,0,1
E0001387,U004-misuse-LIMIT_RATCHETING-000,U004,2026-05-23T21:45:00,1779540300.0,TRANSFER,transfer.execute,1056000.0,U004-N563650,PERSON,P2P,SUCCESS,NOT_EVALUATED,1138000.0,1200000.0,3200000.0,balance.read|history.read|transfer.execute|payment.execute,agent_misuse,LIMIT_RATCHETING,1,0,1,1
E0001388,U004-misuse-LIMIT_RATCHETING-000,U004,2026-05-23T21:57:00,1779541020.0,TRANSFER,transfer.execute,1140000.0,U004-N703543,PERSON,P2P,SUCCESS,NOT_EVALUATED,1222000.0,1200000.0,3200000.0,balance.read|history.read|transfer.execute|payment.execute,agent_misuse,LIMIT_RATCHETING,1,0,1,1
E0001389,U004-agent-normal-025,U004,2026-05-24T06:34:50,1779572090.0,PAYMENT,payment.execute,11000.0,U004-R005,MERCHANT,SUBSCRIPTION,SUCCESS,NOT_EVALUATED,724248.2822503998,1200000.0,3200000.0,balance.read|history.read|transfer.execute|payment.execute,normal_agent,DELEGATED_NORMAL,0,0,0,0
E0001390,U004-normal-023,U004,2026-05-24T11:35:17,1779590117.0,PAYMENT,payment.execute,70200.0,U004-R010,MERCHANT,ETC,SUCCESS,NOT_EVALUATED,724248.2822503998,1200000.0,3200000.0,balance.read|history.read|transfer.execute|payment.execute,normal_user,DAILY_NORMAL,0,0,0,0
E0001391,U004-normal-024,U004,2026-05-25T09:42:12,1779669732.0,PAYMENT,payment.execute,11900.0,U004-R015,MERCHANT,OVERSEAS_REMIT,SUCCESS,NOT_EVALUATED,724248.2822503998,1200000.0,3200000.0,balance.read|history.read|transfer.execute|payment.execute,normal_user,DAILY_NORMAL,0,0,0,0
E0001392,U004-normal-024,U004,2026-05-25T10:18:55,1779671935.0,PAYMENT,payment.execute,25800.0,U004-R023,MERCHANT,FOOD,SUCCESS,NOT_EVALUATED,724248.2822503998,1200000.0,3200000.0,balance.read|history.read|transfer.execute|payment.execute,normal_user,DAILY_NORMAL,0,0,0,0
E0001393,U004-normal-024,U004,2026-05-25T18:01:15,1779699675.0,PAYMENT,payment.execute,122200.0,U004-R000,MERCHANT,ETC,SUCCESS,NOT_EVALUATED,724248.2822503998,1200000.0,3200000.0,balance.read|history.read|transfer.execute|payment.execute,normal_user,DAILY_NORMAL,0,0,0,0
E0001394,U004-normal-024,U004,2026-05-25T18:47:00,1779702420.0,TRANSFER,transfer.execute,605000.0,U004-R020,MERCHANT,SHOPPING,SUCCESS,NOT_EVALUATED,724248.2822503998,1200000.0,3200000.0,balance.read|history.read|transfer.execute|payment.execute,normal_user,RECURRING_NORMAL,0,0,0,0
E0001395,U004-normal-024,U004,2026-05-25T18:51:46,1779702706.0,TRANSFER,transfer.execute,5200.0,U004-R008,PERSON,P2P,SUCCESS,NOT_EVALUATED,724248.2822503998,1200000.0,3200000.0,balance.read|history.read|transfer.execute|payment.execute,normal_user,DAILY_NORMAL,0,0,0,0
E0001396,U004-normal-025,U004,2026-05-26T06:05:33,1779743133.0,PAYMENT,payment.execute,13400.0,U004-R014,MERCHANT,SIMPLE_PAY,SUCCESS,NOT_EVALUATED,724248.2822503998,1200000.0,3200000.0,balance.read|history.read|transfer.execute|payment.execute,normal_user,DAILY_NORMAL,0,0,0,0
E0001397,U004-agent-normal-027,U004,2026-05-26T07:01:36,1779746496.0,HISTORY_READ,history.read,0.0,U004-R012,PERSON,P2P,SUCCESS,NOT_EVALUATED,724248.2822503998,1200000.0,3200000.0,balance.read|history.read|transfer.execute|payment.execute,normal_agent,DELEGATED_NORMAL,0,0,0,0
E0001398,U004-normal-025,U004,2026-05-26T13:43:26,1779770606.0,PAYMENT,payment.execute,65600.0,U004-R017,MERCHANT,FOOD,SUCCESS,NOT_EVALUATED,724248.2822503998,1200000.0,3200000.0,balance.read|history.read|transfer.execute|payment.execute,normal_user,DAILY_NORMAL,0,0,0,0
E0001399,U004-agent-normal-011,U004,2026-05-27T04:54:46,1779825286.0,HISTORY_READ,history.read,0.0,U004-R017,MERCHANT,FOOD,SUCCESS,NOT_EVALUATED,724248.2822503998,1200000.0,3200000.0,balance.read|history.read|transfer.execute|payment.execute,normal_agent,DELEGATED_NORMAL,0,0,0,0
E0001400,U004-normal-026,U004,2026-05-27T08:03:00,1779836580.0,PAYMENT,payment.execute,14200.0,U004-R018,MERCHANT,SUBSCRIPTION,SUCCESS,NOT_EVALUATED,724248.2822503998,1200000.0,3200000.0,balance.read|history.read|transfer.execute|payment.execute,normal_user,DAILY_NORMAL,0,0,0,0
E0001401,U004-normal-026,U004,2026-05-27T09:18:03,1779841083.0,PAYMENT,payment.execute,587800.0,U004-R017,MERCHANT,FOOD,SUCCESS,NOT_EVALUATED,724248.2822503998,1200000.0,3200000.0,balance.read|history.read|transfer.execute|payment.execute,normal_user,DAILY_NORMAL,0,0,0,0
E0001402,U004-normal-026,U004,2026-05-27T11:56:46,1779850606.0,PAYMENT,payment.execute,111900.0,U004-R014,MERCHANT,SIMPLE_PAY,SUCCESS,NOT_EVALUATED,724248.2822503998,1200000.0,3200000.0,balance.read|history.read|transfer.execute|payment.execute,normal_user,DAILY_NORMAL,0,0,0,0
E0001403,U004-normal-026,U004,2026-05-27T13:17:52,1779855472.0,PAYMENT,payment.execute,8600.0,U004-R005,MERCHANT,SUBSCRIPTION,SUCCESS,NOT_EVALUATED,724248.2822503998,1200000.0,3200000.0,balance.read|history.read|transfer.execute|payment.execute,normal_user,DAILY_NORMAL,0,0,0,0
E0001404,U004-normal-026,U004,2026-05-27T21:15:12,1779884112.0,PAYMENT,payment.execute,15900.0,U004-R016,MERCHANT,TRANSPORT,SUCCESS,NOT_EVALUATED,724248.2822503998,1200000.0,3200000.0,balance.read|history.read|transfer.execute|payment.execute,normal_user,DAILY_NORMAL,0,0,0,0
E0001405,U004-normal-027,U004,2026-05-28T08:31:00,1779924660.0,PAYMENT,payment.execute,85700.0,U004-R002,MERCHANT,SHOPPING,SUCCESS,NOT_EVALUATED,724248.2822503998,1200000.0,3200000.0,balance.read|history.read|transfer.execute|payment.execute,normal_user,DAILY_NORMAL,0,0,0,0
E0001406,U004-normal-027,U004,2026-05-28T11:18:33,1779934713.0,PAYMENT,payment.execute,13200.0,U004-R014,MERCHANT,SIMPLE_PAY,SUCCESS,NOT_EVALUATED,724248.2822503998,1200000.0,3200000.0,balance.read|history.read|transfer.execute|payment.execute,normal_user,DAILY_NORMAL,0,0,0,0
E0001407,U004-normal-027,U004,2026-05-28T18:40:00,1779961200.0,PAYMENT,payment.execute,14900.0,U004-R005,MERCHANT,SUBSCRIPTION,SUCCESS,NOT_EVALUATED,724248.2822503998,1200000.0,3200000.0,balance.read|history.read|transfer.execute|payment.execute,normal_user,RECURRING_NORMAL,0,0,0,0
E0001408,U004-normal-027,U004,2026-05-28T18:51:42,1779961902.0,PAYMENT,payment.execute,8300.0,U004-R020,MERCHANT,SHOPPING,SUCCESS,NOT_EVALUATED,724248.2822503998,1200000.0,3200000.0,balance.read|history.read|transfer.execute|payment.execute,normal_user,DAILY_NORMAL,0,0,0,0
E0001409,U004-normal-028,U004,2026-05-29T12:11:09,1780024269.0,TRANSFER,transfer.execute,12500.0,U004-R003,PERSON,P2P,SUCCESS,NOT_EVALUATED,724248.2822503998,1200000.0,3200000.0,balance.read|history.read|transfer.execute|payment.execute,normal_user,DAILY_NORMAL,0,0,0,0
E0001410,U004-normal-028,U004,2026-05-29T22:37:49,1780061869.0,PAYMENT,payment.execute,33200.0,U004-R016,MERCHANT,TRANSPORT,SUCCESS,NOT_EVALUATED,724248.2822503998,1200000.0,3200000.0,balance.read|history.read|transfer.execute|payment.execute,normal_user,DAILY_NORMAL,0,0,0,0
E0001411,U004-agent-normal-028,U004,2026-05-29T23:35:27,1780065327.0,PAYMENT,payment.execute,15300.0,U004-R021,MERCHANT,ETC,SUCCESS,NOT_EVALUATED,724248.2822503998,1200000.0,3200000.0,balance.read|history.read|transfer.execute|payment.execute,normal_agent,DELEGATED_NORMAL,0,0,0,0
E0001412,U004-paysim-fraud-007,U004,2026-05-30T00:06:00,1780067160.0,TRANSFER,transfer.execute,3050797.9934867946,U004-N505820,PERSON,P2P,SUCCESS,NOT_EVALUATED,3132797.9934867946,1200000.0,3200000.0,balance.read|history.read|transfer.execute|payment.execute,paysim_fraud,ACCOUNT_DRAIN_TRANSFER,1,1,1,1
E0001413,U004-paysim-fraud-007,U004,2026-05-30T00:07:00,1780067220.0,TRANSFER,transfer.execute,687338.8497563866,U004-N505820,PERSON,P2P,SUCCESS,NOT_EVALUATED,769338.8497563866,1200000.0,3200000.0,balance.read|history.read|transfer.execute|payment.execute,paysim_fraud,FOLLOW_UP_CASHOUT_PROXY,1,1,1,0
E0001414,U004-agent-normal-002,U004,2026-05-30T16:16:47,1780125407.0,PAYMENT,payment.execute,26200.0,U004-R005,MERCHANT,SUBSCRIPTION,SUCCESS,NOT_EVALUATED,724248.2822503998,1200000.0,3200000.0,balance.read|history.read|transfer.execute|payment.execute,normal_agent,DELEGATED_NORMAL,0,0,0,0
E0001415,U004-normal-029,U004,2026-05-30T20:11:25,1780139485.0,PAYMENT,payment.execute,44300.0,U004-R002,MERCHANT,SHOPPING,SUCCESS,NOT_EVALUATED,724248.2822503998,1200000.0,3200000.0,balance.read|history.read|transfer.execute|payment.execute,normal_user,DAILY_NORMAL,0,0,0,0
E0001416,U004-normal-030,U004,2026-05-31T12:14:48,1780197288.0,PAYMENT,payment.execute,9000.0,U004-R011,MERCHANT,LIVING,SUCCESS,NOT_EVALUATED,724248.2822503998,1200000.0,3200000.0,balance.read|history.read|transfer.execute|payment.execute,normal_user,DAILY_NORMAL,0,0,0,0
E0001417,U004-normal-030,U004,2026-05-31T20:10:56,1780225856.0,PAYMENT,payment.execute,14800.0,U004-R009,MERCHANT,LIVING,SUCCESS,NOT_EVALUATED,724248.2822503998,1200000.0,3200000.0,balance.read|history.read|transfer.execute|payment.execute,normal_user,DAILY_NORMAL,0,0,0,0
E0001418,U004-normal-031,U004,2026-06-01T02:07:01,1780247221.0,TRANSFER,transfer.execute,15500.0,U004-R004,PERSON,P2P,SUCCESS,NOT_EVALUATED,724248.2822503998,1200000.0,3200000.0,balance.read|history.read|transfer.execute|payment.execute,normal_user,DAILY_NORMAL,0,0,0,0
E0001419,U004-normal-031,U004,2026-06-01T08:09:05,1780268945.0,PAYMENT,payment.execute,4800.0,U004-R000,MERCHANT,ETC,SUCCESS,NOT_EVALUATED,724248.2822503998,1200000.0,3200000.0,balance.read|history.read|transfer.execute|payment.execute,normal_user,DAILY_NORMAL,0,0,0,0
E0001420,U004-normal-031,U004,2026-06-01T18:20:49,1780305649.0,PAYMENT,payment.execute,4300.0,U004-R017,MERCHANT,FOOD,SUCCESS,NOT_EVALUATED,724248.2822503998,1200000.0,3200000.0,balance.read|history.read|transfer.execute|payment.execute,normal_user,DAILY_NORMAL,0,0,0,0
E0001421,U004-normal-031,U004,2026-06-01T21:10:15,1780315815.0,PAYMENT,payment.execute,78200.0,U004-R010,MERCHANT,ETC,SUCCESS,NOT_EVALUATED,724248.2822503998,1200000.0,3200000.0,balance.read|history.read|transfer.execute|payment.execute,normal_user,DAILY_NORMAL,0,0,0,0
E0001422,U004-normal-031,U004,2026-06-01T21:50:23,1780318223.0,TRANSFER,transfer.execute,6000.0,U004-R004,PERSON,P2P,SUCCESS,NOT_EVALUATED,724248.2822503998,1200000.0,3200000.0,balance.read|history.read|transfer.execute|payment.execute,normal_user,DAILY_NORMAL,0,0,0,0
E0001423,U004-normal-031,U004,2026-06-01T22:20:21,1780320021.0,PAYMENT,payment.execute,77000.0,U004-R002,MERCHANT,SHOPPING,SUCCESS,NOT_EVALUATED,724248.2822503998,1200000.0,3200000.0,balance.read|history.read|transfer.execute|payment.execute,normal_user,DAILY_NORMAL,0,0,0,0
E0001424,U004-normal-032,U004,2026-06-02T01:44:45,1780332285.0,PAYMENT,payment.execute,210000.0,U004-R020,MERCHANT,SHOPPING,SUCCESS,NOT_EVALUATED,724248.2822503998,1200000.0,3200000.0,balance.read|history.read|transfer.execute|payment.execute,normal_user,DAILY_NORMAL,0,0,0,0
E0001425,U004-normal-032,U004,2026-06-02T17:35:00,1780389300.0,PAYMENT,payment.execute,4800.0,U004-R021,MERCHANT,ETC,SUCCESS,NOT_EVALUATED,724248.2822503998,1200000.0,3200000.0,balance.read|history.read|transfer.execute|payment.execute,normal_user,DAILY_NORMAL,0,0,0,0
E0001426,U004-normal-033,U004,2026-06-03T14:23:04,1780464184.0,TRANSFER,transfer.execute,310800.0,U004-R004,PERSON,P2P,SUCCESS,NOT_EVALUATED,724248.2822503998,1200000.0,3200000.0,balance.read|history.read|transfer.execute|payment.execute,normal_user,DAILY_NORMAL,0,0,0,0
E0001427,U004-agent-normal-013,U004,2026-06-03T19:49:07,1780483747.0,TRANSFER,transfer.execute,32500.0,U004-R021,MERCHANT,ETC,SUCCESS,NOT_EVALUATED,724248.2822503998,1200000.0,3200000.0,balance.read|history.read|transfer.execute|payment.execute,normal_agent,DELEGATED_NORMAL,0,0,0,0
E0001428,U004-normal-034,U004,2026-06-04T09:44:07,1780533847.0,PAYMENT,payment.execute,7200.0,U004-R020,MERCHANT,SHOPPING,SUCCESS,NOT_EVALUATED,724248.2822503998,1200000.0,3200000.0,balance.read|history.read|transfer.execute|payment.execute,normal_user,DAILY_NORMAL,0,0,0,0
E0001429,U004-normal-034,U004,2026-06-04T22:16:41,1780579001.0,TRANSFER,transfer.execute,97400.0,U004-R008,PERSON,P2P,SUCCESS,NOT_EVALUATED,724248.2822503998,1200000.0,3200000.0,balance.read|history.read|transfer.execute|payment.execute,normal_user,DAILY_NORMAL,0,0,0,0
E0001430,U004-normal-034,U004,2026-06-04T22:58:33,1780581513.0,PAYMENT,payment.execute,22900.0,U004-R010,MERCHANT,ETC,SUCCESS,NOT_EVALUATED,724248.2822503998,1200000.0,3200000.0,balance.read|history.read|transfer.execute|payment.execute,normal_user,DAILY_NORMAL,0,0,0,0
E0001431,U004-misuse-CUMULATIVE_BYPASS-003,U004,2026-06-05T06:23:00,1780608180.0,TRANSFER,transfer.execute,415049.7261506503,U004-R003,PERSON,P2P,SUCCESS,NOT_EVALUATED,724248.2822503998,1200000.0,3200000.0,balance.read|history.read|transfer.execute|payment.execute,agent_misuse,CUMULATIVE_BYPASS,1,0,0,0
E0001432,U004-misuse-CUMULATIVE_BYPASS-003,U004,2026-06-05T06:51:00,1780609860.0,TRANSFER,transfer.execute,374955.27367977577,U004-R003,PERSON,P2P,SUCCESS,NOT_EVALUATED,724248.2822503998,1200000.0,3200000.0,balance.read|history.read|transfer.execute|payment.execute,agent_misuse,CUMULATIVE_BYPASS,1,0,0,0
E0001433,U004-misuse-CUMULATIVE_BYPASS-003,U004,2026-06-05T07:19:00,1780611540.0,TRANSFER,transfer.execute,440366.2996704214,U004-R004,PERSON,P2P,SUCCESS,NOT_EVALUATED,724248.2822503998,1200000.0,3200000.0,balance.read|history.read|transfer.execute|payment.execute,agent_misuse,CUMULATIVE_BYPASS,1,0,0,0
E0001434,U004-misuse-CUMULATIVE_BYPASS-003,U004,2026-06-05T07:47:00,1780613220.0,TRANSFER,transfer.execute,373937.28701805434,U004-R003,PERSON,P2P,SUCCESS,NOT_EVALUATED,724248.2822503998,1200000.0,3200000.0,balance.read|history.read|transfer.execute|payment.execute,agent_misuse,CUMULATIVE_BYPASS,1,0,0,0
E0001435,U004-misuse-CUMULATIVE_BYPASS-003,U004,2026-06-05T08:15:00,1780614900.0,TRANSFER,transfer.execute,394990.8099368798,U004-R004,PERSON,P2P,SUCCESS,NOT_EVALUATED,724248.2822503998,1200000.0,3200000.0,balance.read|history.read|transfer.execute|payment.execute,agent_misuse,CUMULATIVE_BYPASS,1,0,0,0
E0001436,U004-misuse-CUMULATIVE_BYPASS-003,U004,2026-06-05T08:43:00,1780616580.0,TRANSFER,transfer.execute,408385.2300543806,U004-R012,PERSON,P2P,SUCCESS,NOT_EVALUATED,724248.2822503998,1200000.0,3200000.0,balance.read|history.read|transfer.execute|payment.execute,agent_misuse,CUMULATIVE_BYPASS,1,0,0,0
E0001437,U004-misuse-CUMULATIVE_BYPASS-003,U004,2026-06-05T09:11:00,1780618260.0,TRANSFER,transfer.execute,374569.8295262697,U004-R004,PERSON,P2P,SUCCESS,NOT_EVALUATED,724248.2822503998,1200000.0,3200000.0,balance.read|history.read|transfer.execute|payment.execute,agent_misuse,CUMULATIVE_BYPASS,1,0,0,0
E0001438,U004-misuse-CUMULATIVE_BYPASS-003,U004,2026-06-05T09:39:00,1780619940.0,TRANSFER,transfer.execute,417004.05897958286,U004-R004,PERSON,P2P,SUCCESS,NOT_EVALUATED,724248.2822503998,1200000.0,3200000.0,balance.read|history.read|transfer.execute|payment.execute,agent_misuse,CUMULATIVE_BYPASS,1,0,0,0
E0001439,U004-misuse-CUMULATIVE_BYPASS-003,U004,2026-06-05T10:07:00,1780621620.0,TRANSFER,transfer.execute,408374.2318609011,U004-R012,PERSON,P2P,SUCCESS,NOT_EVALUATED,724248.2822503998,1200000.0,3200000.0,balance.read|history.read|transfer.execute|payment.execute,agent_misuse,CUMULATIVE_BYPASS,1,0,1,0
E0001440,U004-normal-035,U004,2026-06-05T10:37:53,1780623473.0,PAYMENT,payment.execute,51700.0,U004-R009,MERCHANT,LIVING,SUCCESS,NOT_EVALUATED,724248.2822503998,1200000.0,3200000.0,balance.read|history.read|transfer.execute|payment.execute,normal_user,DAILY_NORMAL,0,0,0,0
E0001441,U004-normal-035,U004,2026-06-05T18:07:55,1780650475.0,PAYMENT,payment.execute,3200.0,U004-R005,MERCHANT,SUBSCRIPTION,SUCCESS,NOT_EVALUATED,724248.2822503998,1200000.0,3200000.0,balance.read|history.read|transfer.execute|payment.execute,normal_user,DAILY_NORMAL,0,0,0,0
E0001442,U004-normal-035,U004,2026-06-05T20:21:56,1780658516.0,PAYMENT,payment.execute,154000.0,U004-R022,MERCHANT,SHOPPING,SUCCESS,NOT_EVALUATED,724248.2822503998,1200000.0,3200000.0,balance.read|history.read|transfer.execute|payment.execute,normal_user,DAILY_NORMAL,0,0,0,0
E0001443,U004-normal-035,U004,2026-06-05T21:22:37,1780662157.0,PAYMENT,payment.execute,15400.0,U004-R016,MERCHANT,TRANSPORT,SUCCESS,NOT_EVALUATED,724248.2822503998,1200000.0,3200000.0,balance.read|history.read|transfer.execute|payment.execute,normal_user,DAILY_NORMAL,0,0,0,0
E0001444,U004-normal-035,U004,2026-06-05T22:36:49,1780666609.0,PAYMENT,payment.execute,84700.0,U004-R017,MERCHANT,FOOD,SUCCESS,NOT_EVALUATED,724248.2822503998,1200000.0,3200000.0,balance.read|history.read|transfer.execute|payment.execute,normal_user,DAILY_NORMAL,0,0,0,0
E0001445,U004-agent-normal-031,U004,2026-06-06T07:50:14,1780699814.0,HISTORY_READ,history.read,0.0,U004-R005,MERCHANT,SUBSCRIPTION,SUCCESS,NOT_EVALUATED,724248.2822503998,1200000.0,3200000.0,balance.read|history.read|transfer.execute|payment.execute,normal_agent,DELEGATED_NORMAL,0,0,0,0
E0001446,U004-normal-037,U004,2026-06-07T05:47:53,1780778873.0,PAYMENT,payment.execute,36900.0,U004-R016,MERCHANT,TRANSPORT,SUCCESS,NOT_EVALUATED,724248.2822503998,1200000.0,3200000.0,balance.read|history.read|transfer.execute|payment.execute,normal_user,DAILY_NORMAL,0,0,0,0
E0001447,U004-agent-normal-005,U004,2026-06-07T06:36:28,1780781788.0,BALANCE_READ,balance.read,0.0,U004-R008,PERSON,P2P,SUCCESS,NOT_EVALUATED,724248.2822503998,1200000.0,3200000.0,balance.read|history.read|transfer.execute|payment.execute,normal_agent,DELEGATED_NORMAL,0,0,0,0
E0001448,U004-hard-SUBSCRIPTION_BURST-003,U004,2026-06-07T09:00:00,1780790400.0,PAYMENT,payment.execute,29000.0,U004-R005,MERCHANT,SUBSCRIPTION,SUCCESS,NOT_EVALUATED,724248.2822503998,1200000.0,3200000.0,balance.read|history.read|transfer.execute|payment.execute,hard_negative,SUBSCRIPTION_BURST,0,0,0,0
E0001449,U004-hard-SUBSCRIPTION_BURST-003,U004,2026-06-07T09:11:00,1780791060.0,PAYMENT,payment.execute,29000.0,U004-R018,MERCHANT,SUBSCRIPTION,SUCCESS,NOT_EVALUATED,724248.2822503998,1200000.0,3200000.0,balance.read|history.read|transfer.execute|payment.execute,hard_negative,SUBSCRIPTION_BURST,0,0,0,0
E0001450,U004-hard-SUBSCRIPTION_BURST-003,U004,2026-06-07T09:22:00,1780791720.0,PAYMENT,payment.execute,29000.0,U004-R018,MERCHANT,SUBSCRIPTION,SUCCESS,NOT_EVALUATED,724248.2822503998,1200000.0,3200000.0,balance.read|history.read|transfer.execute|payment.execute,hard_negative,SUBSCRIPTION_BURST,0,0,0,0
E0001451,U004-hard-SUBSCRIPTION_BURST-003,U004,2026-06-07T09:33:00,1780792380.0,PAYMENT,payment.execute,9900.0,U004-R018,MERCHANT,SUBSCRIPTION,SUCCESS,NOT_EVALUATED,724248.2822503998,1200000.0,3200000.0,balance.read|history.read|transfer.execute|payment.execute,hard_negative,SUBSCRIPTION_BURST,0,0,0,0
E0001452,U004-hard-SUBSCRIPTION_BURST-003,U004,2026-06-07T09:44:00,1780793040.0,PAYMENT,payment.execute,14900.0,U004-R005,MERCHANT,SUBSCRIPTION,SUCCESS,NOT_EVALUATED,724248.2822503998,1200000.0,3200000.0,balance.read|history.read|transfer.execute|payment.execute,hard_negative,SUBSCRIPTION_BURST,0,0,0,0
E0001453,U004-normal-038,U004,2026-06-08T11:23:40,1780885420.0,PAYMENT,payment.execute,63400.0,U004-R024,MERCHANT,OVERSEAS_REMIT,SUCCESS,NOT_EVALUATED,724248.2822503998,1200000.0,3200000.0,balance.read|history.read|transfer.execute|payment.execute,normal_user,DAILY_NORMAL,0,0,0,0
E0001454,U004-normal-038,U004,2026-06-08T12:52:08,1780890728.0,TRANSFER,transfer.execute,37200.0,U004-R012,PERSON,P2P,SUCCESS,NOT_EVALUATED,724248.2822503998,1200000.0,3200000.0,balance.read|history.read|transfer.execute|payment.execute,normal_user,DAILY_NORMAL,0,0,0,0
E0001455,U004-normal-038,U004,2026-06-08T19:13:59,1780913639.0,PAYMENT,payment.execute,40700.0,U004-R016,MERCHANT,TRANSPORT,SUCCESS,NOT_EVALUATED,724248.2822503998,1200000.0,3200000.0,balance.read|history.read|transfer.execute|payment.execute,normal_user,DAILY_NORMAL,0,0,0,0
E0001456,U004-normal-038,U004,2026-06-08T19:38:41,1780915121.0,PAYMENT,payment.execute,232900.0,U004-R017,MERCHANT,FOOD,SUCCESS,NOT_EVALUATED,724248.2822503998,1200000.0,3200000.0,balance.read|history.read|transfer.execute|payment.execute,normal_user,DAILY_NORMAL,0,0,0,0
E0001457,U004-normal-038,U004,2026-06-08T23:12:06,1780927926.0,PAYMENT,payment.execute,7800.0,U004-R023,MERCHANT,FOOD,SUCCESS,NOT_EVALUATED,724248.2822503998,1200000.0,3200000.0,balance.read|history.read|transfer.execute|payment.execute,normal_user,DAILY_NORMAL,0,0,0,0
E0001458,U004-misuse-RECIPIENT_BURST-002,U004,2026-06-09T06:13:00,1780953180.0,TRANSFER,transfer.execute,753644.2208847118,U004-N866779,PERSON,P2P,SUCCESS,NOT_EVALUATED,835644.2208847118,1200000.0,3200000.0,balance.read|history.read|transfer.execute|payment.execute,agent_misuse,RECIPIENT_BURST,1,0,0,1
E0001459,U004-misuse-RECIPIENT_BURST-002,U004,2026-06-09T06:18:00,1780953480.0,TRANSFER,transfer.execute,750240.0789696799,U004-N932313,PERSON,P2P,SUCCESS,NOT_EVALUATED,832240.0789696799,1200000.0,3200000.0,balance.read|history.read|transfer.execute|payment.execute,agent_misuse,RECIPIENT_BURST,1,0,0,1
E0001460,U004-misuse-RECIPIENT_BURST-002,U004,2026-06-09T06:23:00,1780953780.0,TRANSFER,transfer.execute,352765.76114098897,U004-N438627,PERSON,P2P,SUCCESS,NOT_EVALUATED,724248.2822503998,1200000.0,3200000.0,balance.read|history.read|transfer.execute|payment.execute,agent_misuse,RECIPIENT_BURST,1,0,0,1
E0001461,U004-misuse-RECIPIENT_BURST-002,U004,2026-06-09T06:28:00,1780954080.0,TRANSFER,transfer.execute,390816.0090372256,U004-N833461,PERSON,P2P,SUCCESS,NOT_EVALUATED,724248.2822503998,1200000.0,3200000.0,balance.read|history.read|transfer.execute|payment.execute,agent_misuse,RECIPIENT_BURST,1,0,0,1
E0001462,U004-misuse-RECIPIENT_BURST-002,U004,2026-06-09T06:33:00,1780954380.0,TRANSFER,transfer.execute,578940.3377286657,U004-N213058,PERSON,P2P,SUCCESS,NOT_EVALUATED,724248.2822503998,1200000.0,3200000.0,balance.read|history.read|transfer.execute|payment.execute,agent_misuse,RECIPIENT_BURST,1,0,0,1
E0001463,U004-misuse-RECIPIENT_BURST-002,U004,2026-06-09T06:38:00,1780954680.0,TRANSFER,transfer.execute,605484.8134100015,U004-N898012,PERSON,P2P,SUCCESS,NOT_EVALUATED,724248.2822503998,1200000.0,3200000.0,balance.read|history.read|transfer.execute|payment.execute,agent_misuse,RECIPIENT_BURST,1,0,1,1
E0001464,U004-normal-039,U004,2026-06-09T08:32:42,1780961562.0,PAYMENT,payment.execute,157800.0,U004-R018,MERCHANT,SUBSCRIPTION,SUCCESS,NOT_EVALUATED,724248.2822503998,1200000.0,3200000.0,balance.read|history.read|transfer.execute|payment.execute,normal_user,DAILY_NORMAL,0,0,0,0
E0001465,U004-normal-039,U004,2026-06-09T18:26:03,1780997163.0,PAYMENT,payment.execute,16100.0,U004-R023,MERCHANT,FOOD,SUCCESS,NOT_EVALUATED,724248.2822503998,1200000.0,3200000.0,balance.read|history.read|transfer.execute|payment.execute,normal_user,DAILY_NORMAL,0,0,0,0
E0001466,U004-normal-039,U004,2026-06-09T18:36:00,1780997760.0,PAYMENT,payment.execute,63000.0,U004-R014,MERCHANT,SIMPLE_PAY,SUCCESS,NOT_EVALUATED,724248.2822503998,1200000.0,3200000.0,balance.read|history.read|transfer.execute|payment.execute,normal_user,RECURRING_NORMAL,0,0,0,0
E0001467,U004-agent-normal-018,U004,2026-06-11T12:44:49,1781149489.0,TRANSFER,transfer.execute,7000.0,U004-R003,PERSON,P2P,SUCCESS,NOT_EVALUATED,724248.2822503998,1200000.0,3200000.0,balance.read|history.read|transfer.execute|payment.execute,normal_agent,DELEGATED_NORMAL,0,0,0,0
E0001468,U004-normal-041,U004,2026-06-11T12:56:48,1781150208.0,PAYMENT,payment.execute,16900.0,U004-R014,MERCHANT,SIMPLE_PAY,SUCCESS,NOT_EVALUATED,724248.2822503998,1200000.0,3200000.0,balance.read|history.read|transfer.execute|payment.execute,normal_user,DAILY_NORMAL,0,0,0,0
E0001469,U004-normal-041,U004,2026-06-11T21:45:37,1781181937.0,PAYMENT,payment.execute,122600.0,U004-R024,MERCHANT,OVERSEAS_REMIT,SUCCESS,NOT_EVALUATED,724248.2822503998,1200000.0,3200000.0,balance.read|history.read|transfer.execute|payment.execute,normal_user,DAILY_NORMAL,0,0,0,0
E0001470,U004-normal-042,U004,2026-06-12T12:49:51,1781236191.0,PAYMENT,payment.execute,900000.0,U004-R023,MERCHANT,FOOD,SUCCESS,NOT_EVALUATED,982000.0,1200000.0,3200000.0,balance.read|history.read|transfer.execute|payment.execute,normal_user,DAILY_NORMAL,0,0,0,0
E0001471,U004-normal-042,U004,2026-06-12T20:53:50,1781265230.0,PAYMENT,payment.execute,49400.0,U004-R014,MERCHANT,SIMPLE_PAY,SUCCESS,NOT_EVALUATED,724248.2822503998,1200000.0,3200000.0,balance.read|history.read|transfer.execute|payment.execute,normal_user,DAILY_NORMAL,0,0,0,0
E0001472,U004-normal-043,U004,2026-06-13T01:57:26,1781283446.0,PAYMENT,payment.execute,1600.0,U004-R002,MERCHANT,SHOPPING,SUCCESS,NOT_EVALUATED,724248.2822503998,1200000.0,3200000.0,balance.read|history.read|transfer.execute|payment.execute,normal_user,DAILY_NORMAL,0,0,0,0
E0001473,U004-misuse-RETRY_PATTERN-004,U004,2026-06-13T08:23:00,1781306580.0,TRANSFER,transfer.execute,1723906.9949030534,U004-N830820,PERSON,P2P,FAILED,NOT_EVALUATED,1805906.9949030534,1200000.0,3200000.0,balance.read|history.read|transfer.execute|payment.execute,agent_misuse,RETRY_PATTERN,1,0,1,1
E0001474,U004-misuse-RETRY_PATTERN-004,U004,2026-06-13T08:26:00,1781306760.0,TRANSFER,transfer.execute,1290539.4909503872,U004-N830820,PERSON,P2P,FAILED,NOT_EVALUATED,1372539.4909503872,1200000.0,3200000.0,balance.read|history.read|transfer.execute|payment.execute,agent_misuse,RETRY_PATTERN,1,0,1,0
E0001475,U004-misuse-RETRY_PATTERN-004,U004,2026-06-13T08:29:00,1781306940.0,TRANSFER,transfer.execute,1149267.2674192535,U004-N830820,PERSON,P2P,FAILED,NOT_EVALUATED,1231267.2674192535,1200000.0,3200000.0,balance.read|history.read|transfer.execute|payment.execute,agent_misuse,RETRY_PATTERN,1,0,1,0
E0001476,U004-misuse-RETRY_PATTERN-004,U004,2026-06-13T08:32:00,1781307120.0,TRANSFER,transfer.execute,1001309.5109664616,U004-N830820,PERSON,P2P,SUCCESS,NOT_EVALUATED,1083309.5109664616,1200000.0,3200000.0,balance.read|history.read|transfer.execute|payment.execute,agent_misuse,RETRY_PATTERN,1,0,1,0
E0001477,U004-misuse-RETRY_PATTERN-004,U004,2026-06-13T08:35:00,1781307300.0,TRANSFER,transfer.execute,750617.7190854795,U004-N830820,PERSON,P2P,SUCCESS,NOT_EVALUATED,832617.7190854795,1200000.0,3200000.0,balance.read|history.read|transfer.execute|payment.execute,agent_misuse,RETRY_PATTERN,1,0,1,0
E0001478,U004-misuse-RETRY_PATTERN-004,U004,2026-06-13T08:38:00,1781307480.0,TRANSFER,transfer.execute,590750.2346284199,U004-N830820,PERSON,P2P,SUCCESS,NOT_EVALUATED,724248.2822503998,1200000.0,3200000.0,balance.read|history.read|transfer.execute|payment.execute,agent_misuse,RETRY_PATTERN,1,0,1,0
E0001479,U004-normal-043,U004,2026-06-13T10:18:58,1781313538.0,PAYMENT,payment.execute,16600.0,U004-R016,MERCHANT,TRANSPORT,SUCCESS,NOT_EVALUATED,724248.2822503998,1200000.0,3200000.0,balance.read|history.read|transfer.execute|payment.execute,normal_user,DAILY_NORMAL,0,0,0,0
E0001480,U004-normal-043,U004,2026-06-13T11:10:15,1781316615.0,PAYMENT,payment.execute,41300.0,U004-R015,MERCHANT,OVERSEAS_REMIT,SUCCESS,NOT_EVALUATED,724248.2822503998,1200000.0,3200000.0,balance.read|history.read|transfer.execute|payment.execute,normal_user,DAILY_NORMAL,0,0,0,0
E0001481,U004-agent-normal-014,U004,2026-06-13T12:04:40,1781319880.0,PAYMENT,payment.execute,21100.0,U004-R011,MERCHANT,LIVING,SUCCESS,NOT_EVALUATED,724248.2822503998,1200000.0,3200000.0,balance.read|history.read|transfer.execute|payment.execute,normal_agent,DELEGATED_NORMAL,0,0,0,0
E0001482,U004-normal-043,U004,2026-06-13T18:53:05,1781344385.0,PAYMENT,payment.execute,7200.0,U004-R014,MERCHANT,SIMPLE_PAY,SUCCESS,NOT_EVALUATED,724248.2822503998,1200000.0,3200000.0,balance.read|history.read|transfer.execute|payment.execute,normal_user,DAILY_NORMAL,0,0,0,0
E0001483,U004-normal-044,U004,2026-06-14T02:52:52,1781373172.0,PAYMENT,payment.execute,18600.0,U004-R021,MERCHANT,ETC,SUCCESS,NOT_EVALUATED,724248.2822503998,1200000.0,3200000.0,balance.read|history.read|transfer.execute|payment.execute,normal_user,DAILY_NORMAL,0,0,0,0
E0001484,U004-normal-044,U004,2026-06-14T12:06:41,1781406401.0,PAYMENT,payment.execute,17700.0,U004-R021,MERCHANT,ETC,SUCCESS,NOT_EVALUATED,724248.2822503998,1200000.0,3200000.0,balance.read|history.read|transfer.execute|payment.execute,normal_user,DAILY_NORMAL,0,0,0,0
E0001485,U004-normal-044,U004,2026-06-14T12:09:12,1781406552.0,PAYMENT,payment.execute,69300.0,U004-R016,MERCHANT,TRANSPORT,SUCCESS,NOT_EVALUATED,724248.2822503998,1200000.0,3200000.0,balance.read|history.read|transfer.execute|payment.execute,normal_user,DAILY_NORMAL,0,0,0,0
E0001486,U004-normal-044,U004,2026-06-14T17:09:13,1781424553.0,PAYMENT,payment.execute,5000.0,U004-R014,MERCHANT,SIMPLE_PAY,SUCCESS,NOT_EVALUATED,724248.2822503998,1200000.0,3200000.0,balance.read|history.read|transfer.execute|payment.execute,normal_user,DAILY_NORMAL,0,0,0,0
E0001487,U004-normal-044,U004,2026-06-14T18:03:37,1781427817.0,PAYMENT,payment.execute,235100.0,U004-R016,MERCHANT,TRANSPORT,SUCCESS,NOT_EVALUATED,724248.2822503998,1200000.0,3200000.0,balance.read|history.read|transfer.execute|payment.execute,normal_user,DAILY_NORMAL,0,0,0,0
E0001488,U004-normal-044,U004,2026-06-14T21:40:15,1781440815.0,TRANSFER,transfer.execute,9900.0,U004-R012,PERSON,P2P,SUCCESS,NOT_EVALUATED,724248.2822503998,1200000.0,3200000.0,balance.read|history.read|transfer.execute|payment.execute,normal_user,DAILY_NORMAL,0,0,0,0
E0001489,U004-normal-045,U004,2026-06-15T01:40:52,1781455252.0,PAYMENT,payment.execute,96700.0,U004-R020,MERCHANT,SHOPPING,SUCCESS,NOT_EVALUATED,724248.2822503998,1200000.0,3200000.0,balance.read|history.read|transfer.execute|payment.execute,normal_user,DAILY_NORMAL,0,0,0,0
E0001490,U004-normal-045,U004,2026-06-15T08:04:32,1781478272.0,TRANSFER,transfer.execute,19000.0,U004-R008,PERSON,P2P,SUCCESS,NOT_EVALUATED,724248.2822503998,1200000.0,3200000.0,balance.read|history.read|transfer.execute|payment.execute,normal_user,DAILY_NORMAL,0,0,0,0
E0001491,U004-normal-045,U004,2026-06-15T18:27:13,1781515633.0,PAYMENT,payment.execute,12500.0,U004-R009,MERCHANT,LIVING,SUCCESS,NOT_EVALUATED,724248.2822503998,1200000.0,3200000.0,balance.read|history.read|transfer.execute|payment.execute,normal_user,DAILY_NORMAL,0,0,0,0
E0001492,U004-normal-046,U004,2026-06-16T02:43:42,1781545422.0,PAYMENT,payment.execute,96600.0,U004-R017,MERCHANT,FOOD,SUCCESS,NOT_EVALUATED,724248.2822503998,1200000.0,3200000.0,balance.read|history.read|transfer.execute|payment.execute,normal_user,DAILY_NORMAL,0,0,0,0
E0001493,U004-paysim-fraud-000,U004,2026-06-16T03:05:00,1781546700.0,TRANSFER,transfer.execute,2404697.600132888,U004-N765955,PERSON,P2P,SUCCESS,NOT_EVALUATED,2486697.600132888,1200000.0,3200000.0,balance.read|history.read|transfer.execute|payment.execute,paysim_fraud,ACCOUNT_DRAIN_TRANSFER,1,1,1,1
E0001494,U004-paysim-fraud-000,U004,2026-06-16T03:06:00,1781546760.0,TRANSFER,transfer.execute,707711.1879436551,U004-N765955,PERSON,P2P,SUCCESS,NOT_EVALUATED,789711.1879436551,1200000.0,3200000.0,balance.read|history.read|transfer.execute|payment.execute,paysim_fraud,FOLLOW_UP_CASHOUT_PROXY,1,1,1,0
E0001495,U004-normal-046,U004,2026-06-16T07:42:14,1781563334.0,PAYMENT,payment.execute,27600.0,U004-R020,MERCHANT,SHOPPING,SUCCESS,NOT_EVALUATED,724248.2822503998,1200000.0,3200000.0,balance.read|history.read|transfer.execute|payment.execute,normal_user,DAILY_NORMAL,0,0,0,0
E0001496,U004-normal-046,U004,2026-06-16T13:26:16,1781583976.0,PAYMENT,payment.execute,413300.0,U004-R014,MERCHANT,SIMPLE_PAY,SUCCESS,NOT_EVALUATED,724248.2822503998,1200000.0,3200000.0,balance.read|history.read|transfer.execute|payment.execute,normal_user,DAILY_NORMAL,0,0,0,0
E0001497,U004-normal-046,U004,2026-06-16T16:49:11,1781596151.0,PAYMENT,payment.execute,34700.0,U004-R016,MERCHANT,TRANSPORT,SUCCESS,NOT_EVALUATED,724248.2822503998,1200000.0,3200000.0,balance.read|history.read|transfer.execute|payment.execute,normal_user,DAILY_NORMAL,0,0,0,0
E0001498,U004-paysim-fraud-006,U004,2026-06-17T02:36:00,1781631360.0,TRANSFER,transfer.execute,2364085.1213781494,U004-N896033,PERSON,P2P,SUCCESS,NOT_EVALUATED,2446085.1213781494,1200000.0,3200000.0,balance.read|history.read|transfer.execute|payment.execute,paysim_fraud,ACCOUNT_DRAIN_TRANSFER,1,1,1,1
E0001499,U004-paysim-fraud-006,U004,2026-06-17T02:39:00,1781631540.0,TRANSFER,transfer.execute,82000.0,U004-N896033,PERSON,P2P,SUCCESS,NOT_EVALUATED,724248.2822503998,1200000.0,3200000.0,balance.read|history.read|transfer.execute|payment.execute,paysim_fraud,FOLLOW_UP_CASHOUT_PROXY,1,1,0,0
E0001500,U004-misuse-UNAUTHORIZED_TOOL-006,U004,2026-06-17T07:22:00,1781648520.0,LIMIT_MODIFY,limit.modify,0.0,U004-N862947,MERCHANT,SECURITIES,SUCCESS,NOT_EVALUATED,724248.2822503998,1200000.0,3200000.0,balance.read|history.read|transfer.execute|payment.execute,agent_misuse,UNAUTHORIZED_TOOL,1,0,1,1
E0001501,U004-misuse-UNAUTHORIZED_TOOL-006,U004,2026-06-17T07:31:00,1781649060.0,INVEST_ORDER,invest.order,720000.0,U004-N475440,MERCHANT,SECURITIES,SUCCESS,NOT_EVALUATED,802000.0,1200000.0,3200000.0,balance.read|history.read|transfer.execute|payment.execute,agent_misuse,UNAUTHORIZED_TOOL,1,0,1,1
E0001502,U004-misuse-UNAUTHORIZED_TOOL-006,U004,2026-06-17T07:40:00,1781649600.0,CARD_ISSUE,card.issue,0.0,U004-N573909,MERCHANT,SECURITIES,SUCCESS,NOT_EVALUATED,724248.2822503998,1200000.0,3200000.0,balance.read|history.read|transfer.execute|payment.execute,agent_misuse,UNAUTHORIZED_TOOL,1,0,1,1
E0001503,U004-normal-047,U004,2026-06-17T08:41:16,1781653276.0,PAYMENT,payment.execute,25600.0,U004-R022,MERCHANT,SHOPPING,SUCCESS,NOT_EVALUATED,724248.2822503998,1200000.0,3200000.0,balance.read|history.read|transfer.execute|payment.execute,normal_user,DAILY_NORMAL,0,0,0,0
E0001504,U004-normal-047,U004,2026-06-17T11:49:52,1781664592.0,PAYMENT,payment.execute,9100.0,U004-R022,MERCHANT,SHOPPING,SUCCESS,NOT_EVALUATED,724248.2822503998,1200000.0,3200000.0,balance.read|history.read|transfer.execute|payment.execute,normal_user,DAILY_NORMAL,0,0,0,0
E0001505,U004-normal-047,U004,2026-06-17T12:31:51,1781667111.0,PAYMENT,payment.execute,117800.0,U004-R014,MERCHANT,SIMPLE_PAY,SUCCESS,NOT_EVALUATED,724248.2822503998,1200000.0,3200000.0,balance.read|history.read|transfer.execute|payment.execute,normal_user,DAILY_NORMAL,0,0,0,0
E0001506,U004-normal-047,U004,2026-06-17T14:18:01,1781673481.0,PAYMENT,payment.execute,53100.0,U004-R020,MERCHANT,SHOPPING,SUCCESS,NOT_EVALUATED,724248.2822503998,1200000.0,3200000.0,balance.read|history.read|transfer.execute|payment.execute,normal_user,DAILY_NORMAL,0,0,0,0
E0001507,U004-normal-047,U004,2026-06-17T22:36:38,1781703398.0,PAYMENT,payment.execute,136100.0,U004-R018,MERCHANT,SUBSCRIPTION,SUCCESS,NOT_EVALUATED,724248.2822503998,1200000.0,3200000.0,balance.read|history.read|transfer.execute|payment.execute,normal_user,DAILY_NORMAL,0,0,0,0
E0001508,U004-paysim-fraud-003,U004,2026-06-18T02:00:00,1781715600.0,TRANSFER,transfer.execute,1565780.8425104627,U004-N854882,PERSON,P2P,SUCCESS,NOT_EVALUATED,1647780.8425104627,1200000.0,3200000.0,balance.read|history.read|transfer.execute|payment.execute,paysim_fraud,ACCOUNT_DRAIN_TRANSFER,1,1,1,1
E0001509,U004-paysim-fraud-003,U004,2026-06-18T02:01:00,1781715660.0,TRANSFER,transfer.execute,274876.0207895052,U004-N854882,PERSON,P2P,SUCCESS,NOT_EVALUATED,724248.2822503998,1200000.0,3200000.0,balance.read|history.read|transfer.execute|payment.execute,paysim_fraud,FOLLOW_UP_CASHOUT_PROXY,1,1,0,0
E0001510,U004-normal-048,U004,2026-06-18T11:14:47,1781748887.0,PAYMENT,payment.execute,5300.0,U004-R009,MERCHANT,LIVING,SUCCESS,NOT_EVALUATED,724248.2822503998,1200000.0,3200000.0,balance.read|history.read|transfer.execute|payment.execute,normal_user,DAILY_NORMAL,0,0,0,0
E0001511,U004-normal-048,U004,2026-06-18T11:35:16,1781750116.0,TRANSFER,transfer.execute,114400.0,U004-R008,PERSON,P2P,SUCCESS,NOT_EVALUATED,724248.2822503998,1200000.0,3200000.0,balance.read|history.read|transfer.execute|payment.execute,normal_user,DAILY_NORMAL,0,0,0,0
E0001512,U004-normal-048,U004,2026-06-18T15:04:22,1781762662.0,PAYMENT,payment.execute,24100.0,U004-R006,MERCHANT,LIVING,SUCCESS,NOT_EVALUATED,724248.2822503998,1200000.0,3200000.0,balance.read|history.read|transfer.execute|payment.execute,normal_user,DAILY_NORMAL,0,0,0,0
E0001513,U004-normal-048,U004,2026-06-18T18:49:46,1781776186.0,PAYMENT,payment.execute,6300.0,U004-R005,MERCHANT,SUBSCRIPTION,SUCCESS,NOT_EVALUATED,724248.2822503998,1200000.0,3200000.0,balance.read|history.read|transfer.execute|payment.execute,normal_user,DAILY_NORMAL,0,0,0,0
E0001514,U004-paysim-fraud-002,U004,2026-06-19T00:27:00,1781796420.0,TRANSFER,transfer.execute,3127781.493795193,U004-N162953,PERSON,P2P,SUCCESS,NOT_EVALUATED,3209781.493795193,1200000.0,3200000.0,balance.read|history.read|transfer.execute|payment.execute,paysim_fraud,ACCOUNT_DRAIN_TRANSFER,1,1,1,1
E0001515,U004-paysim-fraud-002,U004,2026-06-19T00:30:00,1781796600.0,TRANSFER,transfer.execute,428166.5572901289,U004-N162953,PERSON,P2P,SUCCESS,NOT_EVALUATED,724248.2822503998,1200000.0,3200000.0,balance.read|history.read|transfer.execute|payment.execute,paysim_fraud,FOLLOW_UP_CASHOUT_PROXY,1,1,1,0
E0001516,U004-normal-049,U004,2026-06-19T09:22:21,1781828541.0,TRANSFER,transfer.execute,147500.0,U004-R003,PERSON,P2P,SUCCESS,NOT_EVALUATED,724248.2822503998,1200000.0,3200000.0,balance.read|history.read|transfer.execute|payment.execute,normal_user,DAILY_NORMAL,0,0,0,0
E0001517,U004-normal-049,U004,2026-06-19T15:52:33,1781851953.0,PAYMENT,payment.execute,120300.0,U004-R016,MERCHANT,TRANSPORT,SUCCESS,NOT_EVALUATED,724248.2822503998,1200000.0,3200000.0,balance.read|history.read|transfer.execute|payment.execute,normal_user,DAILY_NORMAL,0,0,0,0
E0001518,U004-normal-049,U004,2026-06-19T17:35:56,1781858156.0,PAYMENT,payment.execute,13000.0,U004-R010,MERCHANT,ETC,SUCCESS,NOT_EVALUATED,724248.2822503998,1200000.0,3200000.0,balance.read|history.read|transfer.execute|payment.execute,normal_user,DAILY_NORMAL,0,0,0,0
E0001519,U004-normal-050,U004,2026-06-20T06:09:28,1781903368.0,PAYMENT,payment.execute,12500.0,U004-R022,MERCHANT,SHOPPING,SUCCESS,NOT_EVALUATED,724248.2822503998,1200000.0,3200000.0,balance.read|history.read|transfer.execute|payment.execute,normal_user,DAILY_NORMAL,0,0,0,0
E0001520,U004-normal-050,U004,2026-06-20T10:22:12,1781918532.0,PAYMENT,payment.execute,6100.0,U004-R002,MERCHANT,SHOPPING,SUCCESS,NOT_EVALUATED,724248.2822503998,1200000.0,3200000.0,balance.read|history.read|transfer.execute|payment.execute,normal_user,DAILY_NORMAL,0,0,0,0
E0001521,U004-agent-normal-023,U004,2026-06-20T14:11:19,1781932279.0,HISTORY_READ,history.read,0.0,U004-R012,PERSON,P2P,SUCCESS,NOT_EVALUATED,724248.2822503998,1200000.0,3200000.0,balance.read|history.read|transfer.execute|payment.execute,normal_agent,DELEGATED_NORMAL,0,0,0,0
E0001522,U004-normal-050,U004,2026-06-20T18:13:44,1781946824.0,PAYMENT,payment.execute,7000.0,U004-R014,MERCHANT,SIMPLE_PAY,SUCCESS,NOT_EVALUATED,724248.2822503998,1200000.0,3200000.0,balance.read|history.read|transfer.execute|payment.execute,normal_user,DAILY_NORMAL,0,0,0,0
E0001523,U004-normal-051,U004,2026-06-21T12:51:58,1782013918.0,TRANSFER,transfer.execute,9900.0,U004-R003,PERSON,P2P,SUCCESS,NOT_EVALUATED,724248.2822503998,1200000.0,3200000.0,balance.read|history.read|transfer.execute|payment.execute,normal_user,DAILY_NORMAL,0,0,0,0
E0001524,U004-normal-051,U004,2026-06-21T21:22:08,1782044528.0,PAYMENT,payment.execute,100600.0,U004-R021,MERCHANT,ETC,SUCCESS,NOT_EVALUATED,724248.2822503998,1200000.0,3200000.0,balance.read|history.read|transfer.execute|payment.execute,normal_user,DAILY_NORMAL,0,0,0,0
E0001525,U004-normal-052,U004,2026-06-22T08:47:23,1782085643.0,PAYMENT,payment.execute,105500.0,U004-R014,MERCHANT,SIMPLE_PAY,SUCCESS,NOT_EVALUATED,724248.2822503998,1200000.0,3200000.0,balance.read|history.read|transfer.execute|payment.execute,normal_user,DAILY_NORMAL,0,0,0,0
E0001526,U004-normal-052,U004,2026-06-22T09:55:04,1782089704.0,TRANSFER,transfer.execute,46300.0,U004-R004,PERSON,P2P,SUCCESS,NOT_EVALUATED,724248.2822503998,1200000.0,3200000.0,balance.read|history.read|transfer.execute|payment.execute,normal_user,DAILY_NORMAL,0,0,0,0
E0001527,U004-normal-052,U004,2026-06-22T10:22:11,1782091331.0,PAYMENT,payment.execute,15200.0,U004-R015,MERCHANT,OVERSEAS_REMIT,SUCCESS,NOT_EVALUATED,724248.2822503998,1200000.0,3200000.0,balance.read|history.read|transfer.execute|payment.execute,normal_user,DAILY_NORMAL,0,0,0,0
E0001528,U004-normal-052,U004,2026-06-22T17:07:09,1782115629.0,PAYMENT,payment.execute,76700.0,U004-R017,MERCHANT,FOOD,SUCCESS,NOT_EVALUATED,724248.2822503998,1200000.0,3200000.0,balance.read|history.read|transfer.execute|payment.execute,normal_user,DAILY_NORMAL,0,0,0,0
E0001529,U004-agent-normal-021,U004,2026-06-23T02:39:05,1782149945.0,BALANCE_READ,balance.read,0.0,U004-R003,PERSON,P2P,SUCCESS,NOT_EVALUATED,724248.2822503998,1200000.0,3200000.0,balance.read|history.read|transfer.execute|payment.execute,normal_agent,DELEGATED_NORMAL,0,0,0,0
E0001530,U004-normal-053,U004,2026-06-23T11:32:46,1782181966.0,PAYMENT,payment.execute,16800.0,U004-R022,MERCHANT,SHOPPING,SUCCESS,NOT_EVALUATED,724248.2822503998,1200000.0,3200000.0,balance.read|history.read|transfer.execute|payment.execute,normal_user,DAILY_NORMAL,0,0,0,0
E0001531,U004-normal-053,U004,2026-06-23T17:20:26,1782202826.0,PAYMENT,payment.execute,20400.0,U004-R023,MERCHANT,FOOD,SUCCESS,NOT_EVALUATED,724248.2822503998,1200000.0,3200000.0,balance.read|history.read|transfer.execute|payment.execute,normal_user,DAILY_NORMAL,0,0,0,0
E0001532,U004-normal-053,U004,2026-06-23T21:58:50,1782219530.0,PAYMENT,payment.execute,164200.0,U004-R023,MERCHANT,FOOD,SUCCESS,NOT_EVALUATED,724248.2822503998,1200000.0,3200000.0,balance.read|history.read|transfer.execute|payment.execute,normal_user,DAILY_NORMAL,0,0,0,0
E0001533,U004-normal-054,U004,2026-06-24T20:45:51,1782301551.0,PAYMENT,payment.execute,96900.0,U004-R021,MERCHANT,ETC,SUCCESS,NOT_EVALUATED,724248.2822503998,1200000.0,3200000.0,balance.read|history.read|transfer.execute|payment.execute,normal_user,DAILY_NORMAL,0,0,0,0
E0001534,U004-normal-054,U004,2026-06-24T22:18:57,1782307137.0,PAYMENT,payment.execute,27900.0,U004-R013,MERCHANT,TRANSPORT,SUCCESS,NOT_EVALUATED,724248.2822503998,1200000.0,3200000.0,balance.read|history.read|transfer.execute|payment.execute,normal_user,DAILY_NORMAL,0,0,0,0
E0001535,U004-agent-normal-016,U004,2026-06-25T07:52:36,1782341556.0,BALANCE_READ,balance.read,0.0,U004-R023,MERCHANT,FOOD,SUCCESS,NOT_EVALUATED,724248.2822503998,1200000.0,3200000.0,balance.read|history.read|transfer.execute|payment.execute,normal_agent,DELEGATED_NORMAL,0,0,0,0
E0001536,U004-normal-055,U004,2026-06-25T08:29:51,1782343791.0,PAYMENT,payment.execute,113900.0,U004-R010,MERCHANT,ETC,SUCCESS,NOT_EVALUATED,724248.2822503998,1200000.0,3200000.0,balance.read|history.read|transfer.execute|payment.execute,normal_user,DAILY_NORMAL,0,0,0,0
E0001537,U004-normal-055,U004,2026-06-25T12:54:07,1782359647.0,PAYMENT,payment.execute,12200.0,U004-R023,MERCHANT,FOOD,SUCCESS,NOT_EVALUATED,724248.2822503998,1200000.0,3200000.0,balance.read|history.read|transfer.execute|payment.execute,normal_user,DAILY_NORMAL,0,0,0,0
E0001538,U004-normal-055,U004,2026-06-25T13:41:47,1782362507.0,PAYMENT,payment.execute,131300.0,U004-R023,MERCHANT,FOOD,SUCCESS,NOT_EVALUATED,724248.2822503998,1200000.0,3200000.0,balance.read|history.read|transfer.execute|payment.execute,normal_user,DAILY_NORMAL,0,0,0,0
E0001539,U004-normal-055,U004,2026-06-25T18:16:00,1782378960.0,TRANSFER,transfer.execute,605000.0,U004-R014,MERCHANT,SIMPLE_PAY,SUCCESS,NOT_EVALUATED,724248.2822503998,1200000.0,3200000.0,balance.read|history.read|transfer.execute|payment.execute,normal_user,RECURRING_NORMAL,0,0,0,0
E0001540,U004-normal-056,U004,2026-06-26T02:46:26,1782409586.0,PAYMENT,payment.execute,23400.0,U004-R017,MERCHANT,FOOD,SUCCESS,NOT_EVALUATED,724248.2822503998,1200000.0,3200000.0,balance.read|history.read|transfer.execute|payment.execute,normal_user,DAILY_NORMAL,0,0,0,0
E0001541,U004-agent-normal-004,U004,2026-06-26T08:26:29,1782429989.0,PAYMENT,payment.execute,83100.0,U004-R012,PERSON,P2P,SUCCESS,NOT_EVALUATED,724248.2822503998,1200000.0,3200000.0,balance.read|history.read|transfer.execute|payment.execute,normal_agent,DELEGATED_NORMAL,0,0,0,0
E0001542,U004-normal-056,U004,2026-06-26T11:37:26,1782441446.0,PAYMENT,payment.execute,270500.0,U004-R020,MERCHANT,SHOPPING,SUCCESS,NOT_EVALUATED,724248.2822503998,1200000.0,3200000.0,balance.read|history.read|transfer.execute|payment.execute,normal_user,DAILY_NORMAL,0,0,0,0
E0001543,U004-normal-056,U004,2026-06-26T18:51:52,1782467512.0,PAYMENT,payment.execute,28200.0,U004-R023,MERCHANT,FOOD,SUCCESS,NOT_EVALUATED,724248.2822503998,1200000.0,3200000.0,balance.read|history.read|transfer.execute|payment.execute,normal_user,DAILY_NORMAL,0,0,0,0
E0001544,U004-normal-057,U004,2026-06-27T09:17:03,1782519423.0,PAYMENT,payment.execute,83500.0,U004-R015,MERCHANT,OVERSEAS_REMIT,SUCCESS,NOT_EVALUATED,724248.2822503998,1200000.0,3200000.0,balance.read|history.read|transfer.execute|payment.execute,normal_user,DAILY_NORMAL,0,0,0,0
E0001545,U004-normal-057,U004,2026-06-27T11:35:05,1782527705.0,PAYMENT,payment.execute,24100.0,U004-R014,MERCHANT,SIMPLE_PAY,SUCCESS,NOT_EVALUATED,724248.2822503998,1200000.0,3200000.0,balance.read|history.read|transfer.execute|payment.execute,normal_user,DAILY_NORMAL,0,0,0,0
E0001546,U004-hard-TRAVEL_MODE-001,U004,2026-06-27T12:13:00,1782529980.0,PAYMENT,payment.execute,69900.0,U004-R024,MERCHANT,OVERSEAS_REMIT,SUCCESS,NOT_EVALUATED,724248.2822503998,1200000.0,3200000.0,balance.read|history.read|transfer.execute|payment.execute,hard_negative,TRAVEL_MODE,0,0,0,0
E0001547,U004-hard-TRAVEL_MODE-001,U004,2026-06-27T13:13:00,1782533580.0,PAYMENT,payment.execute,33700.0,U004-R024,MERCHANT,OVERSEAS_REMIT,SUCCESS,NOT_EVALUATED,724248.2822503998,1200000.0,3200000.0,balance.read|history.read|transfer.execute|payment.execute,hard_negative,TRAVEL_MODE,0,0,0,0
E0001548,U004-hard-TRAVEL_MODE-001,U004,2026-06-27T14:13:00,1782537180.0,PAYMENT,payment.execute,32700.0,U004-R015,MERCHANT,OVERSEAS_REMIT,SUCCESS,NOT_EVALUATED,724248.2822503998,1200000.0,3200000.0,balance.read|history.read|transfer.execute|payment.execute,hard_negative,TRAVEL_MODE,0,0,0,0
E0001549,U004-normal-057,U004,2026-06-27T16:41:16,1782546076.0,PAYMENT,payment.execute,198800.0,U004-R021,MERCHANT,ETC,SUCCESS,NOT_EVALUATED,724248.2822503998,1200000.0,3200000.0,balance.read|history.read|transfer.execute|payment.execute,normal_user,DAILY_NORMAL,0,0,0,0
E0001550,U004-agent-normal-012,U004,2026-06-27T18:00:48,1782550848.0,TRANSFER,transfer.execute,138000.0,U004-R009,MERCHANT,LIVING,SUCCESS,NOT_EVALUATED,724248.2822503998,1200000.0,3200000.0,balance.read|history.read|transfer.execute|payment.execute,normal_agent,DELEGATED_NORMAL,0,0,0,0
E0001551,U004-agent-normal-015,U004,2026-06-27T20:33:25,1782560005.0,PAYMENT,payment.execute,22000.0,U004-R010,MERCHANT,ETC,SUCCESS,NOT_EVALUATED,724248.2822503998,1200000.0,3200000.0,balance.read|history.read|transfer.execute|payment.execute,normal_agent,DELEGATED_NORMAL,0,0,0,0
E0001552,U004-hard-TRAVEL_MODE-001,U004,2026-06-28T15:13:00,1782627180.0,PAYMENT,payment.execute,15100.0,U004-R024,MERCHANT,OVERSEAS_REMIT,SUCCESS,NOT_EVALUATED,724248.2822503998,1200000.0,3200000.0,balance.read|history.read|transfer.execute|payment.execute,hard_negative,TRAVEL_MODE,0,0,0,0
E0001553,U004-hard-TRAVEL_MODE-001,U004,2026-06-28T16:13:00,1782630780.0,PAYMENT,payment.execute,49900.0,U004-R024,MERCHANT,OVERSEAS_REMIT,SUCCESS,NOT_EVALUATED,724248.2822503998,1200000.0,3200000.0,balance.read|history.read|transfer.execute|payment.execute,hard_negative,TRAVEL_MODE,0,0,0,0
E0001554,U004-hard-TRAVEL_MODE-001,U004,2026-06-28T17:13:00,1782634380.0,PAYMENT,payment.execute,192300.0,U004-R024,MERCHANT,OVERSEAS_REMIT,SUCCESS,NOT_EVALUATED,724248.2822503998,1200000.0,3200000.0,balance.read|history.read|transfer.execute|payment.execute,hard_negative,TRAVEL_MODE,0,0,0,0
E0001555,U004-normal-058,U004,2026-06-28T18:31:00,1782639060.0,PAYMENT,payment.execute,14900.0,U004-R005,MERCHANT,SUBSCRIPTION,SUCCESS,NOT_EVALUATED,724248.2822503998,1200000.0,3200000.0,balance.read|history.read|transfer.execute|payment.execute,normal_user,RECURRING_NORMAL,0,0,0,0
E0001556,U004-normal-058,U004,2026-06-28T20:28:38,1782646118.0,PAYMENT,payment.execute,59700.0,U004-R000,MERCHANT,ETC,SUCCESS,NOT_EVALUATED,724248.2822503998,1200000.0,3200000.0,balance.read|history.read|transfer.execute|payment.execute,normal_user,DAILY_NORMAL,0,0,0,0
E0001557,U004-paysim-fraud-005,U004,2026-06-29T02:03:00,1782666180.0,TRANSFER,transfer.execute,1144140.8280815005,U004-N707588,PERSON,P2P,SUCCESS,NOT_EVALUATED,1226140.8280815005,1200000.0,3200000.0,balance.read|history.read|transfer.execute|payment.execute,paysim_fraud,ACCOUNT_DRAIN_TRANSFER,1,1,0,1
E0001558,U004-paysim-fraud-005,U004,2026-06-29T02:07:00,1782666420.0,TRANSFER,transfer.execute,361478.40858778334,U004-N707588,PERSON,P2P,SUCCESS,NOT_EVALUATED,724248.2822503998,1200000.0,3200000.0,balance.read|history.read|transfer.execute|payment.execute,paysim_fraud,FOLLOW_UP_CASHOUT_PROXY,1,1,0,0
E0001559,U004-hard-TRAVEL_MODE-001,U004,2026-06-29T12:13:00,1782702780.0,PAYMENT,payment.execute,184600.0,U004-R015,MERCHANT,OVERSEAS_REMIT,SUCCESS,NOT_EVALUATED,724248.2822503998,1200000.0,3200000.0,balance.read|history.read|transfer.execute|payment.execute,hard_negative,TRAVEL_MODE,0,0,0,0
E0001560,U004-hard-TRAVEL_MODE-001,U004,2026-06-29T13:13:00,1782706380.0,PAYMENT,payment.execute,73100.0,U004-R024,MERCHANT,OVERSEAS_REMIT,SUCCESS,NOT_EVALUATED,724248.2822503998,1200000.0,3200000.0,balance.read|history.read|transfer.execute|payment.execute,hard_negative,TRAVEL_MODE,0,0,0,0
E0001561,U004-normal-059,U004,2026-06-29T19:35:02,1782729302.0,PAYMENT,payment.execute,2000.0,U004-R005,MERCHANT,SUBSCRIPTION,SUCCESS,NOT_EVALUATED,724248.2822503998,1200000.0,3200000.0,balance.read|history.read|transfer.execute|payment.execute,normal_user,DAILY_NORMAL,0,0,0,0
E0001562,U004-normal-059,U004,2026-06-29T22:21:55,1782739315.0,PAYMENT,payment.execute,22200.0,U004-R014,MERCHANT,SIMPLE_PAY,SUCCESS,NOT_EVALUATED,724248.2822503998,1200000.0,3200000.0,balance.read|history.read|transfer.execute|payment.execute,normal_user,DAILY_NORMAL,0,0,0,0
E0001563,U004-normal-060,U004,2026-06-30T07:18:49,1782771529.0,PAYMENT,payment.execute,34600.0,U004-R014,MERCHANT,SIMPLE_PAY,SUCCESS,NOT_EVALUATED,724248.2822503998,1200000.0,3200000.0,balance.read|history.read|transfer.execute|payment.execute,normal_user,DAILY_NORMAL,0,0,0,0
E0001564,U004-misuse-POLICY_CONFLICT-007,U004,2026-06-30T09:18:00,1782778680.0,TRANSFER,transfer.execute,1416000.0,U004-N884583,PERSON,P2P,SUCCESS,NOT_EVALUATED,1498000.0,1200000.0,3200000.0,balance.read|history.read|transfer.execute|payment.execute,agent_misuse,POLICY_CONFLICT,1,0,1,1
E0001565,U004-normal-060,U004,2026-06-30T15:51:54,1782802314.0,PAYMENT,payment.execute,45600.0,U004-R014,MERCHANT,SIMPLE_PAY,SUCCESS,NOT_EVALUATED,724248.2822503998,1200000.0,3200000.0,balance.read|history.read|transfer.execute|payment.execute,normal_user,DAILY_NORMAL,0,0,0,0
E0001566,U004-normal-060,U004,2026-06-30T18:34:11,1782812051.0,PAYMENT,payment.execute,18600.0,U004-R013,MERCHANT,TRANSPORT,SUCCESS,NOT_EVALUATED,724248.2822503998,1200000.0,3200000.0,balance.read|history.read|transfer.execute|payment.execute,normal_user,DAILY_NORMAL,0,0,0,0
E0001567,U004-normal-062,U004,2026-07-02T16:06:59,1782976019.0,PAYMENT,payment.execute,75600.0,U004-R010,MERCHANT,ETC,SUCCESS,NOT_EVALUATED,724248.2822503998,1200000.0,3200000.0,balance.read|history.read|transfer.execute|payment.execute,normal_user,DAILY_NORMAL,0,0,0,0
E0001568,U004-agent-normal-008,U004,2026-07-02T16:48:24,1782978504.0,BALANCE_READ,balance.read,0.0,U004-R009,MERCHANT,LIVING,SUCCESS,NOT_EVALUATED,724248.2822503998,1200000.0,3200000.0,balance.read|history.read|transfer.execute|payment.execute,normal_agent,DELEGATED_NORMAL,0,0,0,0
E0001569,U004-normal-062,U004,2026-07-02T16:59:04,1782979144.0,PAYMENT,payment.execute,900000.0,U004-R024,MERCHANT,OVERSEAS_REMIT,SUCCESS,NOT_EVALUATED,982000.0,1200000.0,3200000.0,balance.read|history.read|transfer.execute|payment.execute,normal_user,DAILY_NORMAL,0,0,0,0
E0001570,U004-normal-062,U004,2026-07-02T18:01:56,1782982916.0,TRANSFER,transfer.execute,145600.0,U004-R012,PERSON,P2P,SUCCESS,NOT_EVALUATED,724248.2822503998,1200000.0,3200000.0,balance.read|history.read|transfer.execute|payment.execute,normal_user,DAILY_NORMAL,0,0,0,0
E0001571,U004-normal-062,U004,2026-07-02T19:17:25,1782987445.0,PAYMENT,payment.execute,17000.0,U004-R018,MERCHANT,SUBSCRIPTION,SUCCESS,NOT_EVALUATED,724248.2822503998,1200000.0,3200000.0,balance.read|history.read|transfer.execute|payment.execute,normal_user,DAILY_NORMAL,0,0,0,0
E0001572,U004-normal-062,U004,2026-07-02T20:03:45,1782990225.0,PAYMENT,payment.execute,14000.0,U004-R013,MERCHANT,TRANSPORT,SUCCESS,NOT_EVALUATED,724248.2822503998,1200000.0,3200000.0,balance.read|history.read|transfer.execute|payment.execute,normal_user,DAILY_NORMAL,0,0,0,0
E0001573,U004-normal-062,U004,2026-07-02T21:29:47,1782995387.0,PAYMENT,payment.execute,27900.0,U004-R017,MERCHANT,FOOD,SUCCESS,NOT_EVALUATED,724248.2822503998,1200000.0,3200000.0,balance.read|history.read|transfer.execute|payment.execute,normal_user,DAILY_NORMAL,0,0,0,0
E0001574,U004-normal-063,U004,2026-07-03T19:11:57,1783073517.0,TRANSFER,transfer.execute,29200.0,U004-R004,PERSON,P2P,SUCCESS,NOT_EVALUATED,724248.2822503998,1200000.0,3200000.0,balance.read|history.read|transfer.execute|payment.execute,normal_user,DAILY_NORMAL,0,0,0,0
E0001575,U004-normal-064,U004,2026-07-04T00:10:56,1783091456.0,PAYMENT,payment.execute,21300.0,U004-R017,MERCHANT,FOOD,SUCCESS,NOT_EVALUATED,724248.2822503998,1200000.0,3200000.0,balance.read|history.read|transfer.execute|payment.execute,normal_user,DAILY_NORMAL,0,0,0,0
E0001576,U004-normal-064,U004,2026-07-04T07:18:42,1783117122.0,PAYMENT,payment.execute,13400.0,U004-R015,MERCHANT,OVERSEAS_REMIT,SUCCESS,NOT_EVALUATED,724248.2822503998,1200000.0,3200000.0,balance.read|history.read|transfer.execute|payment.execute,normal_user,DAILY_NORMAL,0,0,0,0
E0001577,U004-agent-normal-020,U004,2026-07-04T09:55:23,1783126523.0,PAYMENT,payment.execute,9800.0,U004-R011,MERCHANT,LIVING,SUCCESS,NOT_EVALUATED,724248.2822503998,1200000.0,3200000.0,balance.read|history.read|transfer.execute|payment.execute,normal_agent,DELEGATED_NORMAL,0,0,0,0
E0001578,U004-normal-064,U004,2026-07-04T11:19:41,1783131581.0,PAYMENT,payment.execute,8100.0,U004-R013,MERCHANT,TRANSPORT,SUCCESS,NOT_EVALUATED,724248.2822503998,1200000.0,3200000.0,balance.read|history.read|transfer.execute|payment.execute,normal_user,DAILY_NORMAL,0,0,0,0
E0001579,U004-normal-064,U004,2026-07-04T11:51:37,1783133497.0,PAYMENT,payment.execute,37800.0,U004-R014,MERCHANT,SIMPLE_PAY,SUCCESS,NOT_EVALUATED,724248.2822503998,1200000.0,3200000.0,balance.read|history.read|transfer.execute|payment.execute,normal_user,DAILY_NORMAL,0,0,0,0
E0001580,U004-normal-064,U004,2026-07-04T19:27:37,1783160857.0,PAYMENT,payment.execute,14800.0,U004-R019,MERCHANT,SHOPPING,SUCCESS,NOT_EVALUATED,724248.2822503998,1200000.0,3200000.0,balance.read|history.read|transfer.execute|payment.execute,normal_user,DAILY_NORMAL,0,0,0,0
E0001581,U004-normal-065,U004,2026-07-05T08:05:40,1783206340.0,PAYMENT,payment.execute,20500.0,U004-R020,MERCHANT,SHOPPING,SUCCESS,NOT_EVALUATED,724248.2822503998,1200000.0,3200000.0,balance.read|history.read|transfer.execute|payment.execute,normal_user,DAILY_NORMAL,0,0,0,0
E0001582,U004-normal-065,U004,2026-07-05T10:07:47,1783213667.0,PAYMENT,payment.execute,42400.0,U004-R018,MERCHANT,SUBSCRIPTION,SUCCESS,NOT_EVALUATED,724248.2822503998,1200000.0,3200000.0,balance.read|history.read|transfer.execute|payment.execute,normal_user,DAILY_NORMAL,0,0,0,0
E0001583,U004-normal-065,U004,2026-07-05T16:29:40,1783236580.0,PAYMENT,payment.execute,16900.0,U004-R022,MERCHANT,SHOPPING,SUCCESS,NOT_EVALUATED,724248.2822503998,1200000.0,3200000.0,balance.read|history.read|transfer.execute|payment.execute,normal_user,DAILY_NORMAL,0,0,0,0
E0001584,U004-normal-066,U004,2026-07-06T15:04:56,1783317896.0,PAYMENT,payment.execute,23600.0,U004-R017,MERCHANT,FOOD,SUCCESS,NOT_EVALUATED,724248.2822503998,1200000.0,3200000.0,balance.read|history.read|transfer.execute|payment.execute,normal_user,DAILY_NORMAL,0,0,0,0
E0001585,U004-normal-066,U004,2026-07-06T22:40:03,1783345203.0,PAYMENT,payment.execute,93200.0,U004-R017,MERCHANT,FOOD,SUCCESS,NOT_EVALUATED,724248.2822503998,1200000.0,3200000.0,balance.read|history.read|transfer.execute|payment.execute,normal_user,DAILY_NORMAL,0,0,0,0
E0001586,U004-normal-067,U004,2026-07-07T13:22:55,1783398175.0,PAYMENT,payment.execute,13300.0,U004-R015,MERCHANT,OVERSEAS_REMIT,SUCCESS,NOT_EVALUATED,724248.2822503998,1200000.0,3200000.0,balance.read|history.read|transfer.execute|payment.execute,normal_user,DAILY_NORMAL,0,0,0,0
E0001587,U004-normal-067,U004,2026-07-07T14:54:20,1783403660.0,PAYMENT,payment.execute,25400.0,U004-R005,MERCHANT,SUBSCRIPTION,SUCCESS,NOT_EVALUATED,724248.2822503998,1200000.0,3200000.0,balance.read|history.read|transfer.execute|payment.execute,normal_user,DAILY_NORMAL,0,0,0,0
E0001588,U004-normal-067,U004,2026-07-07T18:48:35,1783417715.0,PAYMENT,payment.execute,180700.0,U004-R005,MERCHANT,SUBSCRIPTION,SUCCESS,NOT_EVALUATED,724248.2822503998,1200000.0,3200000.0,balance.read|history.read|transfer.execute|payment.execute,normal_user,DAILY_NORMAL,0,0,0,0
E0001589,U004-agent-normal-017,U004,2026-07-07T21:01:05,1783425665.0,BALANCE_READ,balance.read,0.0,U004-R004,PERSON,P2P,SUCCESS,NOT_EVALUATED,724248.2822503998,1200000.0,3200000.0,balance.read|history.read|transfer.execute|payment.execute,normal_agent,DELEGATED_NORMAL,0,0,0,0
E0001590,U004-agent-normal-032,U004,2026-07-08T07:12:58,1783462378.0,HISTORY_READ,history.read,0.0,U004-R016,MERCHANT,TRANSPORT,SUCCESS,NOT_EVALUATED,724248.2822503998,1200000.0,3200000.0,balance.read|history.read|transfer.execute|payment.execute,normal_agent,DELEGATED_NORMAL,0,0,0,0
E0001591,U004-normal-068,U004,2026-07-08T10:12:39,1783473159.0,PAYMENT,payment.execute,47400.0,U004-R017,MERCHANT,FOOD,SUCCESS,NOT_EVALUATED,724248.2822503998,1200000.0,3200000.0,balance.read|history.read|transfer.execute|payment.execute,normal_user,DAILY_NORMAL,0,0,0,0
E0001592,U004-normal-068,U004,2026-07-08T20:09:55,1783508995.0,PAYMENT,payment.execute,31500.0,U004-R002,MERCHANT,SHOPPING,SUCCESS,NOT_EVALUATED,724248.2822503998,1200000.0,3200000.0,balance.read|history.read|transfer.execute|payment.execute,normal_user,DAILY_NORMAL,0,0,0,0
E0001593,U004-normal-069,U004,2026-07-09T18:43:00,1783590180.0,PAYMENT,payment.execute,63000.0,U004-R023,MERCHANT,FOOD,SUCCESS,NOT_EVALUATED,724248.2822503998,1200000.0,3200000.0,balance.read|history.read|transfer.execute|payment.execute,normal_user,RECURRING_NORMAL,0,0,0,0
E0001594,U004-misuse-VELOCITY_ATTACK-001,U004,2026-07-10T09:19:25,1783642765.0,TRANSFER,transfer.execute,393620.0710353442,U004-R008,PERSON,P2P,SUCCESS,NOT_EVALUATED,724248.2822503998,1200000.0,3200000.0,balance.read|history.read|transfer.execute|payment.execute,agent_misuse,VELOCITY_ATTACK,1,0,0,0
E0001595,U004-misuse-VELOCITY_ATTACK-001,U004,2026-07-10T09:20:38,1783642838.0,TRANSFER,transfer.execute,251235.5037822439,U004-R004,PERSON,P2P,SUCCESS,NOT_EVALUATED,724248.2822503998,1200000.0,3200000.0,balance.read|history.read|transfer.execute|payment.execute,agent_misuse,VELOCITY_ATTACK,1,0,0,0
E0001596,U004-misuse-VELOCITY_ATTACK-001,U004,2026-07-10T09:22:01,1783642921.0,TRANSFER,transfer.execute,236807.88137153338,U004-R012,PERSON,P2P,SUCCESS,NOT_EVALUATED,724248.2822503998,1200000.0,3200000.0,balance.read|history.read|transfer.execute|payment.execute,agent_misuse,VELOCITY_ATTACK,1,0,0,0
E0001597,U004-misuse-VELOCITY_ATTACK-001,U004,2026-07-10T09:22:27,1783642947.0,TRANSFER,transfer.execute,479588.7426379888,U004-N441977,PERSON,P2P,SUCCESS,NOT_EVALUATED,724248.2822503998,1200000.0,3200000.0,balance.read|history.read|transfer.execute|payment.execute,agent_misuse,VELOCITY_ATTACK,1,0,0,1
E0001598,U004-misuse-VELOCITY_ATTACK-001,U004,2026-07-10T09:23:52,1783643032.0,TRANSFER,transfer.execute,149522.58969429848,U004-R003,PERSON,P2P,SUCCESS,NOT_EVALUATED,724248.2822503998,1200000.0,3200000.0,balance.read|history.read|transfer.execute|payment.execute,agent_misuse,VELOCITY_ATTACK,1,0,0,0
E0001599,U004-misuse-VELOCITY_ATTACK-001,U004,2026-07-10T09:24:13,1783643053.0,TRANSFER,transfer.execute,571997.916778704,U004-R004,PERSON,P2P,SUCCESS,NOT_EVALUATED,724248.2822503998,1200000.0,3200000.0,balance.read|history.read|transfer.execute|payment.execute,agent_misuse,VELOCITY_ATTACK,1,0,0,0
E0001600,U004-misuse-VELOCITY_ATTACK-001,U004,2026-07-10T09:25:25,1783643125.0,TRANSFER,transfer.execute,190602.78511259466,U004-R003,PERSON,P2P,SUCCESS,NOT_EVALUATED,724248.2822503998,1200000.0,3200000.0,balance.read|history.read|transfer.execute|payment.execute,agent_misuse,VELOCITY_ATTACK,1,0,0,0
E0001601,U004-misuse-VELOCITY_ATTACK-001,U004,2026-07-10T09:26:19,1783643179.0,TRANSFER,transfer.execute,407671.4358947456,U004-N687106,PERSON,P2P,SUCCESS,NOT_EVALUATED,724248.2822503998,1200000.0,3200000.0,balance.read|history.read|transfer.execute|payment.execute,agent_misuse,VELOCITY_ATTACK,1,0,0,1
E0001602,U004-misuse-VELOCITY_ATTACK-001,U004,2026-07-10T09:28:29,1783643309.0,TRANSFER,transfer.execute,321832.98930324416,U004-N931842,PERSON,P2P,SUCCESS,NOT_EVALUATED,724248.2822503998,1200000.0,3200000.0,balance.read|history.read|transfer.execute|payment.execute,agent_misuse,VELOCITY_ATTACK,1,0,0,1
E0001603,U004-misuse-VELOCITY_ATTACK-001,U004,2026-07-10T09:29:41,1783643381.0,TRANSFER,transfer.execute,326542.6066375545,U004-N511611,PERSON,P2P,SUCCESS,NOT_EVALUATED,724248.2822503998,1200000.0,3200000.0,balance.read|history.read|transfer.execute|payment.execute,agent_misuse,VELOCITY_ATTACK,1,0,1,1
E0001604,U004-hard-BUSINESS_BATCH-005,U004,2026-07-10T10:00:00,1783645200.0,TRANSFER,transfer.execute,328000.0,U004-N319666,PERSON,P2P,SUCCESS,NOT_EVALUATED,724248.2822503998,1200000.0,3200000.0,balance.read|history.read|transfer.execute|payment.execute,hard_negative,BUSINESS_BATCH,0,0,0,1
E0001605,U004-hard-BUSINESS_BATCH-005,U004,2026-07-10T10:08:00,1783645680.0,TRANSFER,transfer.execute,328000.0,U004-N277731,PERSON,P2P,SUCCESS,NOT_EVALUATED,724248.2822503998,1200000.0,3200000.0,balance.read|history.read|transfer.execute|payment.execute,hard_negative,BUSINESS_BATCH,0,0,0,1
E0001606,U004-hard-BUSINESS_BATCH-005,U004,2026-07-10T10:16:00,1783646160.0,TRANSFER,transfer.execute,328000.0,U004-N575151,PERSON,P2P,SUCCESS,NOT_EVALUATED,724248.2822503998,1200000.0,3200000.0,balance.read|history.read|transfer.execute|payment.execute,hard_negative,BUSINESS_BATCH,0,0,0,1
E0001607,U004-hard-BUSINESS_BATCH-005,U004,2026-07-10T10:24:00,1783646640.0,TRANSFER,transfer.execute,328000.0,U004-N376330,PERSON,P2P,SUCCESS,NOT_EVALUATED,724248.2822503998,1200000.0,3200000.0,balance.read|history.read|transfer.execute|payment.execute,hard_negative,BUSINESS_BATCH,0,0,0,1
E0001608,U004-hard-BUSINESS_BATCH-005,U004,2026-07-10T10:32:00,1783647120.0,TRANSFER,transfer.execute,328000.0,U004-N892967,PERSON,P2P,SUCCESS,NOT_EVALUATED,724248.2822503998,1200000.0,3200000.0,balance.read|history.read|transfer.execute|payment.execute,hard_negative,BUSINESS_BATCH,0,0,0,1
E0001609,U004-hard-BUSINESS_BATCH-005,U004,2026-07-10T10:40:00,1783647600.0,TRANSFER,transfer.execute,328000.0,U004-N414607,PERSON,P2P,SUCCESS,NOT_EVALUATED,724248.2822503998,1200000.0,3200000.0,balance.read|history.read|transfer.execute|payment.execute,hard_negative,BUSINESS_BATCH,0,0,0,1
E0001610,U004-hard-BUSINESS_BATCH-005,U004,2026-07-10T10:48:00,1783648080.0,TRANSFER,transfer.execute,328000.0,U004-N781052,PERSON,P2P,SUCCESS,NOT_EVALUATED,724248.2822503998,1200000.0,3200000.0,balance.read|history.read|transfer.execute|payment.execute,hard_negative,BUSINESS_BATCH,0,0,0,1
E0001611,U004-normal-070,U004,2026-07-10T14:20:25,1783660825.0,PAYMENT,payment.execute,245500.0,U004-R019,MERCHANT,SHOPPING,SUCCESS,NOT_EVALUATED,724248.2822503998,1200000.0,3200000.0,balance.read|history.read|transfer.execute|payment.execute,normal_user,DAILY_NORMAL,0,0,0,0
E0001612,U004-normal-070,U004,2026-07-10T15:46:32,1783665992.0,PAYMENT,payment.execute,8200.0,U004-R024,MERCHANT,OVERSEAS_REMIT,SUCCESS,NOT_EVALUATED,724248.2822503998,1200000.0,3200000.0,balance.read|history.read|transfer.execute|payment.execute,normal_user,DAILY_NORMAL,0,0,0,0
E0001613,U004-normal-071,U004,2026-07-11T01:37:46,1783701466.0,PAYMENT,payment.execute,20200.0,U004-R010,MERCHANT,ETC,SUCCESS,NOT_EVALUATED,724248.2822503998,1200000.0,3200000.0,balance.read|history.read|transfer.execute|payment.execute,normal_user,DAILY_NORMAL,0,0,0,0
E0001614,U004-normal-071,U004,2026-07-11T13:37:02,1783744622.0,PAYMENT,payment.execute,56700.0,U004-R007,MERCHANT,TRANSPORT,SUCCESS,NOT_EVALUATED,724248.2822503998,1200000.0,3200000.0,balance.read|history.read|transfer.execute|payment.execute,normal_user,DAILY_NORMAL,0,0,0,0
E0001615,U004-normal-071,U004,2026-07-11T15:11:08,1783750268.0,PAYMENT,payment.execute,8200.0,U004-R007,MERCHANT,TRANSPORT,SUCCESS,NOT_EVALUATED,724248.2822503998,1200000.0,3200000.0,balance.read|history.read|transfer.execute|payment.execute,normal_user,DAILY_NORMAL,0,0,0,0
E0001616,U004-normal-071,U004,2026-07-11T20:56:23,1783770983.0,PAYMENT,payment.execute,18700.0,U004-R010,MERCHANT,ETC,SUCCESS,NOT_EVALUATED,724248.2822503998,1200000.0,3200000.0,balance.read|history.read|transfer.execute|payment.execute,normal_user,DAILY_NORMAL,0,0,0,0
E0001617,U004-normal-072,U004,2026-07-12T18:19:24,1783847964.0,PAYMENT,payment.execute,36800.0,U004-R007,MERCHANT,TRANSPORT,SUCCESS,NOT_EVALUATED,724248.2822503998,1200000.0,3200000.0,balance.read|history.read|transfer.execute|payment.execute,normal_user,DAILY_NORMAL,0,0,0,0
E0001618,U004-normal-072,U004,2026-07-12T21:57:54,1783861074.0,PAYMENT,payment.execute,59800.0,U004-R013,MERCHANT,TRANSPORT,SUCCESS,NOT_EVALUATED,724248.2822503998,1200000.0,3200000.0,balance.read|history.read|transfer.execute|payment.execute,normal_user,DAILY_NORMAL,0,0,0,0
E0001619,U004-paysim-fraud-001,U004,2026-07-13T00:09:00,1783868940.0,TRANSFER,transfer.execute,1864412.7569695623,U004-N129911,PERSON,P2P,SUCCESS,NOT_EVALUATED,1946412.7569695623,1200000.0,3200000.0,balance.read|history.read|transfer.execute|payment.execute,paysim_fraud,ACCOUNT_DRAIN_TRANSFER,1,1,1,1
E0001620,U004-paysim-fraud-001,U004,2026-07-13T00:11:00,1783869060.0,TRANSFER,transfer.execute,82000.0,U004-N129911,PERSON,P2P,SUCCESS,NOT_EVALUATED,724248.2822503998,1200000.0,3200000.0,balance.read|history.read|transfer.execute|payment.execute,paysim_fraud,FOLLOW_UP_CASHOUT_PROXY,1,1,0,0
E0001621,U004-normal-073,U004,2026-07-13T09:53:22,1783904002.0,PAYMENT,payment.execute,75600.0,U004-R016,MERCHANT,TRANSPORT,SUCCESS,NOT_EVALUATED,724248.2822503998,1200000.0,3200000.0,balance.read|history.read|transfer.execute|payment.execute,normal_user,DAILY_NORMAL,0,0,0,0
E0001622,U004-normal-073,U004,2026-07-13T11:33:39,1783910019.0,PAYMENT,payment.execute,113700.0,U004-R006,MERCHANT,LIVING,SUCCESS,NOT_EVALUATED,724248.2822503998,1200000.0,3200000.0,balance.read|history.read|transfer.execute|payment.execute,normal_user,DAILY_NORMAL,0,0,0,0
E0001623,U004-normal-073,U004,2026-07-13T19:27:06,1783938426.0,PAYMENT,payment.execute,35200.0,U004-R016,MERCHANT,TRANSPORT,SUCCESS,NOT_EVALUATED,724248.2822503998,1200000.0,3200000.0,balance.read|history.read|transfer.execute|payment.execute,normal_user,DAILY_NORMAL,0,0,0,0
E0001624,U004-normal-074,U004,2026-07-14T08:13:45,1783984425.0,PAYMENT,payment.execute,23300.0,U004-R021,MERCHANT,ETC,SUCCESS,NOT_EVALUATED,724248.2822503998,1200000.0,3200000.0,balance.read|history.read|transfer.execute|payment.execute,normal_user,DAILY_NORMAL,0,0,0,0
E0001625,U004-hard-EMERGENCY_LARGE_TRANSFER-004,U004,2026-07-14T11:40:00,1783996800.0,TRANSFER,transfer.execute,1056000.0,U004-N484916,PERSON,P2P,SUCCESS,NOT_EVALUATED,1138000.0,1200000.0,3200000.0,balance.read|history.read|transfer.execute|payment.execute,hard_negative,EMERGENCY_LARGE_TRANSFER,0,0,0,1
E0001626,U004-agent-normal-026,U004,2026-07-14T11:52:33,1783997553.0,PAYMENT,payment.execute,29000.0,U004-R001,MERCHANT,LIVING,SUCCESS,NOT_EVALUATED,724248.2822503998,1200000.0,3200000.0,balance.read|history.read|transfer.execute|payment.execute,normal_agent,DELEGATED_NORMAL,0,0,0,0
E0001627,U004-normal-074,U004,2026-07-14T12:54:29,1784001269.0,PAYMENT,payment.execute,21600.0,U004-R009,MERCHANT,LIVING,SUCCESS,NOT_EVALUATED,724248.2822503998,1200000.0,3200000.0,balance.read|history.read|transfer.execute|payment.execute,normal_user,DAILY_NORMAL,0,0,0,0
E0001628,U004-normal-074,U004,2026-07-14T21:27:38,1784032058.0,PAYMENT,payment.execute,48600.0,U004-R014,MERCHANT,SIMPLE_PAY,SUCCESS,NOT_EVALUATED,724248.2822503998,1200000.0,3200000.0,balance.read|history.read|transfer.execute|payment.execute,normal_user,DAILY_NORMAL,0,0,0,0
E0001629,U004-agent-normal-034,U004,2026-07-15T14:27:34,1784093254.0,BALANCE_READ,balance.read,0.0,U004-R009,MERCHANT,LIVING,SUCCESS,NOT_EVALUATED,724248.2822503998,1200000.0,3200000.0,balance.read|history.read|transfer.execute|payment.execute,normal_agent,DELEGATED_NORMAL,0,0,0,0
E0001630,U004-normal-075,U004,2026-07-15T20:06:55,1784113615.0,PAYMENT,payment.execute,277700.0,U004-R002,MERCHANT,SHOPPING,SUCCESS,NOT_EVALUATED,724248.2822503998,1200000.0,3200000.0,balance.read|history.read|transfer.execute|payment.execute,normal_user,DAILY_NORMAL,0,0,0,0
E0001631,U004-normal-075,U004,2026-07-15T20:29:14,1784114954.0,PAYMENT,payment.execute,15400.0,U004-R000,MERCHANT,ETC,SUCCESS,NOT_EVALUATED,724248.2822503998,1200000.0,3200000.0,balance.read|history.read|transfer.execute|payment.execute,normal_user,DAILY_NORMAL,0,0,0,0
E0001632,U004-normal-075,U004,2026-07-15T21:36:05,1784118965.0,TRANSFER,transfer.execute,29900.0,U004-R003,PERSON,P2P,SUCCESS,NOT_EVALUATED,724248.2822503998,1200000.0,3200000.0,balance.read|history.read|transfer.execute|payment.execute,normal_user,DAILY_NORMAL,0,0,0,0
E0001633,U004-normal-075,U004,2026-07-15T23:30:55,1784125855.0,TRANSFER,transfer.execute,10900.0,U004-R008,PERSON,P2P,SUCCESS,NOT_EVALUATED,724248.2822503998,1200000.0,3200000.0,balance.read|history.read|transfer.execute|payment.execute,normal_user,DAILY_NORMAL,0,0,0,0
E0001634,U004-normal-076,U004,2026-07-16T06:36:22,1784151382.0,PAYMENT,payment.execute,19400.0,U004-R006,MERCHANT,LIVING,SUCCESS,NOT_EVALUATED,724248.2822503998,1200000.0,3200000.0,balance.read|history.read|transfer.execute|payment.execute,normal_user,DAILY_NORMAL,0,0,0,0
E0001635,U004-normal-076,U004,2026-07-16T09:49:50,1784162990.0,TRANSFER,transfer.execute,6500.0,U004-R008,PERSON,P2P,SUCCESS,NOT_EVALUATED,724248.2822503998,1200000.0,3200000.0,balance.read|history.read|transfer.execute|payment.execute,normal_user,DAILY_NORMAL,0,0,0,0
E0001636,U004-normal-076,U004,2026-07-16T11:07:58,1784167678.0,PAYMENT,payment.execute,119700.0,U004-R022,MERCHANT,SHOPPING,SUCCESS,NOT_EVALUATED,724248.2822503998,1200000.0,3200000.0,balance.read|history.read|transfer.execute|payment.execute,normal_user,DAILY_NORMAL,0,0,0,0
E0001637,U004-agent-normal-007,U004,2026-07-16T11:59:14,1784170754.0,PAYMENT,payment.execute,18700.0,U004-R008,PERSON,P2P,SUCCESS,NOT_EVALUATED,724248.2822503998,1200000.0,3200000.0,balance.read|history.read|transfer.execute|payment.execute,normal_agent,DELEGATED_NORMAL,0,0,0,0
E0001638,U004-normal-076,U004,2026-07-16T13:34:09,1784176449.0,PAYMENT,payment.execute,6800.0,U004-R017,MERCHANT,FOOD,SUCCESS,NOT_EVALUATED,724248.2822503998,1200000.0,3200000.0,balance.read|history.read|transfer.execute|payment.execute,normal_user,DAILY_NORMAL,0,0,0,0
E0001639,U004-normal-076,U004,2026-07-16T15:22:46,1784182966.0,PAYMENT,payment.execute,112900.0,U004-R018,MERCHANT,SUBSCRIPTION,SUCCESS,NOT_EVALUATED,724248.2822503998,1200000.0,3200000.0,balance.read|history.read|transfer.execute|payment.execute,normal_user,DAILY_NORMAL,0,0,0,0
E0001640,U004-normal-076,U004,2026-07-16T16:06:06,1784185566.0,PAYMENT,payment.execute,1900.0,U004-R016,MERCHANT,TRANSPORT,SUCCESS,NOT_EVALUATED,724248.2822503998,1200000.0,3200000.0,balance.read|history.read|transfer.execute|payment.execute,normal_user,DAILY_NORMAL,0,0,0,0
E0001641,U004-normal-076,U004,2026-07-16T19:27:54,1784197674.0,PAYMENT,payment.execute,37800.0,U004-R019,MERCHANT,SHOPPING,SUCCESS,NOT_EVALUATED,724248.2822503998,1200000.0,3200000.0,balance.read|history.read|transfer.execute|payment.execute,normal_user,DAILY_NORMAL,0,0,0,0
E0001642,U004-normal-077,U004,2026-07-17T07:06:39,1784239599.0,PAYMENT,payment.execute,47700.0,U004-R013,MERCHANT,TRANSPORT,SUCCESS,NOT_EVALUATED,724248.2822503998,1200000.0,3200000.0,balance.read|history.read|transfer.execute|payment.execute,normal_user,DAILY_NORMAL,0,0,0,0
E0001643,U004-normal-077,U004,2026-07-17T08:08:19,1784243299.0,PAYMENT,payment.execute,37300.0,U004-R018,MERCHANT,SUBSCRIPTION,SUCCESS,NOT_EVALUATED,724248.2822503998,1200000.0,3200000.0,balance.read|history.read|transfer.execute|payment.execute,normal_user,DAILY_NORMAL,0,0,0,0
E0001644,U004-agent-normal-019,U004,2026-07-17T11:16:31,1784254591.0,TRANSFER,transfer.execute,6600.0,U004-R013,MERCHANT,TRANSPORT,SUCCESS,NOT_EVALUATED,724248.2822503998,1200000.0,3200000.0,balance.read|history.read|transfer.execute|payment.execute,normal_agent,DELEGATED_NORMAL,0,0,0,0
E0001645,U004-normal-077,U004,2026-07-17T17:52:22,1784278342.0,PAYMENT,payment.execute,6400.0,U004-R019,MERCHANT,SHOPPING,SUCCESS,NOT_EVALUATED,724248.2822503998,1200000.0,3200000.0,balance.read|history.read|transfer.execute|payment.execute,normal_user,DAILY_NORMAL,0,0,0,0
E0001646,U004-hard-NEW_RECIPIENT_NORMAL-002,U004,2026-07-18T14:20:00,1784352000.0,TRANSFER,transfer.execute,656000.0,U004-N647754,PERSON,P2P,SUCCESS,NOT_EVALUATED,738000.0,1200000.0,3200000.0,balance.read|history.read|transfer.execute|payment.execute,hard_negative,NEW_RECIPIENT_NORMAL,0,0,0,1
E0001647,U004-normal-078,U004,2026-07-18T20:02:54,1784372574.0,PAYMENT,payment.execute,27400.0,U004-R014,MERCHANT,SIMPLE_PAY,SUCCESS,NOT_EVALUATED,724248.2822503998,1200000.0,3200000.0,balance.read|history.read|transfer.execute|payment.execute,normal_user,DAILY_NORMAL,0,0,0,0
E0001648,U004-normal-078,U004,2026-07-18T20:28:57,1784374137.0,PAYMENT,payment.execute,42900.0,U004-R014,MERCHANT,SIMPLE_PAY,SUCCESS,NOT_EVALUATED,724248.2822503998,1200000.0,3200000.0,balance.read|history.read|transfer.execute|payment.execute,normal_user,DAILY_NORMAL,0,0,0,0
E0001649,U004-normal-079,U004,2026-07-19T13:21:51,1784434911.0,TRANSFER,transfer.execute,25700.0,U004-R004,PERSON,P2P,SUCCESS,NOT_EVALUATED,724248.2822503998,1200000.0,3200000.0,balance.read|history.read|transfer.execute|payment.execute,normal_user,DAILY_NORMAL,0,0,0,0
E0001650,U004-misuse-LOW_AND_SLOW_ATTACK-008,U004,2026-07-19T15:02:00,1784440920.0,TRANSFER,transfer.execute,275861.003340011,U004-N635509,PERSON,P2P,SUCCESS,NOT_EVALUATED,724248.2822503998,1200000.0,3200000.0,balance.read|history.read|transfer.execute|payment.execute,agent_misuse,LOW_AND_SLOW_ATTACK,1,0,0,1
E0001651,U004-normal-079,U004,2026-07-19T16:44:55,1784447095.0,PAYMENT,payment.execute,19000.0,U004-R021,MERCHANT,ETC,SUCCESS,NOT_EVALUATED,724248.2822503998,1200000.0,3200000.0,balance.read|history.read|transfer.execute|payment.execute,normal_user,DAILY_NORMAL,0,0,0,0
E0001652,U004-misuse-LOW_AND_SLOW_ATTACK-008,U004,2026-07-19T17:02:00,1784448120.0,TRANSFER,transfer.execute,461047.4118973122,U004-R004,PERSON,P2P,SUCCESS,NOT_EVALUATED,724248.2822503998,1200000.0,3200000.0,balance.read|history.read|transfer.execute|payment.execute,agent_misuse,LOW_AND_SLOW_ATTACK,1,0,0,0
E0001653,U004-misuse-LOW_AND_SLOW_ATTACK-008,U004,2026-07-19T19:02:00,1784455320.0,TRANSFER,transfer.execute,307020.38829434844,U004-R012,PERSON,P2P,SUCCESS,NOT_EVALUATED,724248.2822503998,1200000.0,3200000.0,balance.read|history.read|transfer.execute|payment.execute,agent_misuse,LOW_AND_SLOW_ATTACK,1,0,0,0
E0001654,U004-normal-079,U004,2026-07-19T20:22:20,1784460140.0,PAYMENT,payment.execute,22400.0,U004-R002,MERCHANT,SHOPPING,SUCCESS,NOT_EVALUATED,724248.2822503998,1200000.0,3200000.0,balance.read|history.read|transfer.execute|payment.execute,normal_user,DAILY_NORMAL,0,0,0,0
E0001655,U004-misuse-LOW_AND_SLOW_ATTACK-008,U004,2026-07-19T21:02:00,1784462520.0,TRANSFER,transfer.execute,505227.10376401653,U004-N378346,PERSON,P2P,SUCCESS,NOT_EVALUATED,724248.2822503998,1200000.0,3200000.0,balance.read|history.read|transfer.execute|payment.execute,agent_misuse,LOW_AND_SLOW_ATTACK,1,0,0,1
E0001656,U004-normal-079,U004,2026-07-19T22:23:43,1784467423.0,TRANSFER,transfer.execute,23500.0,U004-R003,PERSON,P2P,SUCCESS,NOT_EVALUATED,724248.2822503998,1200000.0,3200000.0,balance.read|history.read|transfer.execute|payment.execute,normal_user,DAILY_NORMAL,0,0,0,0
E0001657,U004-misuse-LOW_AND_SLOW_ATTACK-008,U004,2026-07-19T23:02:00,1784469720.0,TRANSFER,transfer.execute,376055.2972492036,U004-R003,PERSON,P2P,SUCCESS,NOT_EVALUATED,724248.2822503998,1200000.0,3200000.0,balance.read|history.read|transfer.execute|payment.execute,agent_misuse,LOW_AND_SLOW_ATTACK,1,0,0,0
E0001658,U004-normal-080,U004,2026-07-20T00:44:58,1784475898.0,TRANSFER,transfer.execute,13700.0,U004-R012,PERSON,P2P,SUCCESS,NOT_EVALUATED,724248.2822503998,1200000.0,3200000.0,balance.read|history.read|transfer.execute|payment.execute,normal_user,DAILY_NORMAL,0,0,0,0
E0001659,U004-misuse-LOW_AND_SLOW_ATTACK-008,U004,2026-07-20T01:02:00,1784476920.0,TRANSFER,transfer.execute,452461.41218627366,U004-R012,PERSON,P2P,SUCCESS,NOT_EVALUATED,724248.2822503998,1200000.0,3200000.0,balance.read|history.read|transfer.execute|payment.execute,agent_misuse,LOW_AND_SLOW_ATTACK,1,0,0,0
E0001660,U004-misuse-LOW_AND_SLOW_ATTACK-008,U004,2026-07-20T03:02:00,1784484120.0,TRANSFER,transfer.execute,522782.3863736198,U004-N703554,PERSON,P2P,SUCCESS,NOT_EVALUATED,724248.2822503998,1200000.0,3200000.0,balance.read|history.read|transfer.execute|payment.execute,agent_misuse,LOW_AND_SLOW_ATTACK,1,0,0,1
E0001661,U004-misuse-LOW_AND_SLOW_ATTACK-008,U004,2026-07-20T05:02:00,1784491320.0,TRANSFER,transfer.execute,316800.5103933657,U004-R003,PERSON,P2P,SUCCESS,NOT_EVALUATED,724248.2822503998,1200000.0,3200000.0,balance.read|history.read|transfer.execute|payment.execute,agent_misuse,LOW_AND_SLOW_ATTACK,1,0,0,0
E0001662,U004-normal-080,U004,2026-07-20T05:52:09,1784494329.0,PAYMENT,payment.execute,37400.0,U004-R014,MERCHANT,SIMPLE_PAY,SUCCESS,NOT_EVALUATED,724248.2822503998,1200000.0,3200000.0,balance.read|history.read|transfer.execute|payment.execute,normal_user,DAILY_NORMAL,0,0,0,0
E0001663,U004-misuse-LOW_AND_SLOW_ATTACK-008,U004,2026-07-20T07:02:00,1784498520.0,TRANSFER,transfer.execute,451824.9949225491,U004-R012,PERSON,P2P,SUCCESS,NOT_EVALUATED,724248.2822503998,1200000.0,3200000.0,balance.read|history.read|transfer.execute|payment.execute,agent_misuse,LOW_AND_SLOW_ATTACK,1,0,0,0
E0001664,U004-normal-080,U004,2026-07-20T08:00:11,1784502011.0,TRANSFER,transfer.execute,17300.0,U004-R012,PERSON,P2P,SUCCESS,NOT_EVALUATED,724248.2822503998,1200000.0,3200000.0,balance.read|history.read|transfer.execute|payment.execute,normal_user,DAILY_NORMAL,0,0,0,0
E0001665,U004-normal-080,U004,2026-07-20T08:31:24,1784503884.0,PAYMENT,payment.execute,18100.0,U004-R019,MERCHANT,SHOPPING,SUCCESS,NOT_EVALUATED,724248.2822503998,1200000.0,3200000.0,balance.read|history.read|transfer.execute|payment.execute,normal_user,DAILY_NORMAL,0,0,0,0
E0001666,U004-misuse-LOW_AND_SLOW_ATTACK-008,U004,2026-07-20T09:02:00,1784505720.0,TRANSFER,transfer.execute,387755.73523596494,U004-N265813,PERSON,P2P,SUCCESS,NOT_EVALUATED,724248.2822503998,1200000.0,3200000.0,balance.read|history.read|transfer.execute|payment.execute,agent_misuse,LOW_AND_SLOW_ATTACK,1,0,0,1
E0001667,U004-normal-080,U004,2026-07-20T10:59:41,1784512781.0,PAYMENT,payment.execute,20900.0,U004-R014,MERCHANT,SIMPLE_PAY,SUCCESS,NOT_EVALUATED,724248.2822503998,1200000.0,3200000.0,balance.read|history.read|transfer.execute|payment.execute,normal_user,DAILY_NORMAL,0,0,0,0
E0001668,U004-misuse-LOW_AND_SLOW_ATTACK-008,U004,2026-07-20T11:02:00,1784512920.0,TRANSFER,transfer.execute,365795.4603362757,U004-R008,PERSON,P2P,SUCCESS,NOT_EVALUATED,724248.2822503998,1200000.0,3200000.0,balance.read|history.read|transfer.execute|payment.execute,agent_misuse,LOW_AND_SLOW_ATTACK,1,0,0,0
E0001669,U004-misuse-LOW_AND_SLOW_ATTACK-008,U004,2026-07-20T13:02:00,1784520120.0,TRANSFER,transfer.execute,363130.9300340868,U004-R008,PERSON,P2P,SUCCESS,NOT_EVALUATED,724248.2822503998,1200000.0,3200000.0,balance.read|history.read|transfer.execute|payment.execute,agent_misuse,LOW_AND_SLOW_ATTACK,1,0,0,0
E0001670,U004-normal-080,U004,2026-07-20T17:56:15,1784537775.0,PAYMENT,payment.execute,180500.0,U004-R013,MERCHANT,TRANSPORT,SUCCESS,NOT_EVALUATED,724248.2822503998,1200000.0,3200000.0,balance.read|history.read|transfer.execute|payment.execute,normal_user,DAILY_NORMAL,0,0,0,0
E0001671,U004-normal-081,U004,2026-07-21T04:28:36,1784575716.0,PAYMENT,payment.execute,42000.0,U004-R023,MERCHANT,FOOD,SUCCESS,NOT_EVALUATED,724248.2822503998,1200000.0,3200000.0,balance.read|history.read|transfer.execute|payment.execute,normal_user,DAILY_NORMAL,0,0,0,0
E0001672,U004-agent-normal-000,U004,2026-07-21T07:30:11,1784586611.0,TRANSFER,transfer.execute,10000.0,U004-R001,MERCHANT,LIVING,SUCCESS,NOT_EVALUATED,724248.2822503998,1200000.0,3200000.0,balance.read|history.read|transfer.execute|payment.execute,normal_agent,DELEGATED_NORMAL,0,0,0,0
E0001673,U004-normal-081,U004,2026-07-21T17:52:51,1784623971.0,PAYMENT,payment.execute,31200.0,U004-R019,MERCHANT,SHOPPING,SUCCESS,NOT_EVALUATED,724248.2822503998,1200000.0,3200000.0,balance.read|history.read|transfer.execute|payment.execute,normal_user,DAILY_NORMAL,0,0,0,0
E0001674,U004-normal-082,U004,2026-07-22T12:16:32,1784690192.0,PAYMENT,payment.execute,30900.0,U004-R007,MERCHANT,TRANSPORT,SUCCESS,NOT_EVALUATED,724248.2822503998,1200000.0,3200000.0,balance.read|history.read|transfer.execute|payment.execute,normal_user,DAILY_NORMAL,0,0,0,0
E0001675,U004-normal-082,U004,2026-07-22T15:15:33,1784700933.0,PAYMENT,payment.execute,67800.0,U004-R011,MERCHANT,LIVING,SUCCESS,NOT_EVALUATED,724248.2822503998,1200000.0,3200000.0,balance.read|history.read|transfer.execute|payment.execute,normal_user,DAILY_NORMAL,0,0,0,0
E0001676,U004-normal-082,U004,2026-07-22T16:11:00,1784704260.0,PAYMENT,payment.execute,241200.0,U004-R023,MERCHANT,FOOD,SUCCESS,NOT_EVALUATED,724248.2822503998,1200000.0,3200000.0,balance.read|history.read|transfer.execute|payment.execute,normal_user,DAILY_NORMAL,0,0,0,0
E0001677,U004-normal-083,U004,2026-07-23T07:54:21,1784760861.0,PAYMENT,payment.execute,58500.0,U004-R013,MERCHANT,TRANSPORT,SUCCESS,NOT_EVALUATED,724248.2822503998,1200000.0,3200000.0,balance.read|history.read|transfer.execute|payment.execute,normal_user,DAILY_NORMAL,0,0,0,0
E0001678,U004-normal-083,U004,2026-07-23T14:13:03,1784783583.0,TRANSFER,transfer.execute,26000.0,U004-R003,PERSON,P2P,SUCCESS,NOT_EVALUATED,724248.2822503998,1200000.0,3200000.0,balance.read|history.read|transfer.execute|payment.execute,normal_user,DAILY_NORMAL,0,0,0,0
E0001679,U004-normal-084,U004,2026-07-24T10:50:49,1784857849.0,PAYMENT,payment.execute,72300.0,U004-R014,MERCHANT,SIMPLE_PAY,SUCCESS,NOT_EVALUATED,724248.2822503998,1200000.0,3200000.0,balance.read|history.read|transfer.execute|payment.execute,normal_user,DAILY_NORMAL,0,0,0,0
E0001680,U004-normal-085,U004,2026-07-25T12:30:29,1784950229.0,PAYMENT,payment.execute,41100.0,U004-R000,MERCHANT,ETC,SUCCESS,NOT_EVALUATED,724248.2822503998,1200000.0,3200000.0,balance.read|history.read|transfer.execute|payment.execute,normal_user,DAILY_NORMAL,0,0,0,0
E0001681,U004-normal-085,U004,2026-07-25T16:04:56,1784963096.0,PAYMENT,payment.execute,141700.0,U004-R020,MERCHANT,SHOPPING,SUCCESS,NOT_EVALUATED,724248.2822503998,1200000.0,3200000.0,balance.read|history.read|transfer.execute|payment.execute,normal_user,DAILY_NORMAL,0,0,0,0
E0001682,U004-normal-085,U004,2026-07-25T17:45:49,1784969149.0,PAYMENT,payment.execute,13800.0,U004-R001,MERCHANT,LIVING,SUCCESS,NOT_EVALUATED,724248.2822503998,1200000.0,3200000.0,balance.read|history.read|transfer.execute|payment.execute,normal_user,DAILY_NORMAL,0,0,0,0
E0001683,U004-normal-085,U004,2026-07-25T18:43:00,1784972580.0,TRANSFER,transfer.execute,605000.0,U004-R001,MERCHANT,LIVING,SUCCESS,NOT_EVALUATED,724248.2822503998,1200000.0,3200000.0,balance.read|history.read|transfer.execute|payment.execute,normal_user,RECURRING_NORMAL,0,0,0,0
E0001684,U004-normal-085,U004,2026-07-25T19:12:24,1784974344.0,PAYMENT,payment.execute,110100.0,U004-R020,MERCHANT,SHOPPING,SUCCESS,NOT_EVALUATED,724248.2822503998,1200000.0,3200000.0,balance.read|history.read|transfer.execute|payment.execute,normal_user,DAILY_NORMAL,0,0,0,0
E0001685,U004-normal-086,U004,2026-07-26T12:06:21,1785035181.0,PAYMENT,payment.execute,102800.0,U004-R001,MERCHANT,LIVING,SUCCESS,NOT_EVALUATED,724248.2822503998,1200000.0,3200000.0,balance.read|history.read|transfer.execute|payment.execute,normal_user,DAILY_NORMAL,0,0,0,0
E0001686,U004-normal-086,U004,2026-07-26T22:38:06,1785073086.0,PAYMENT,payment.execute,78400.0,U004-R016,MERCHANT,TRANSPORT,SUCCESS,NOT_EVALUATED,724248.2822503998,1200000.0,3200000.0,balance.read|history.read|transfer.execute|payment.execute,normal_user,DAILY_NORMAL,0,0,0,0
E0001687,U004-normal-088,U004,2026-07-28T08:34:56,1785195296.0,PAYMENT,payment.execute,156000.0,U004-R019,MERCHANT,SHOPPING,SUCCESS,NOT_EVALUATED,724248.2822503998,1200000.0,3200000.0,balance.read|history.read|transfer.execute|payment.execute,normal_user,DAILY_NORMAL,0,0,0,0
E0001688,U004-normal-088,U004,2026-07-28T17:53:31,1785228811.0,PAYMENT,payment.execute,104200.0,U004-R022,MERCHANT,SHOPPING,SUCCESS,NOT_EVALUATED,724248.2822503998,1200000.0,3200000.0,balance.read|history.read|transfer.execute|payment.execute,normal_user,DAILY_NORMAL,0,0,0,0
E0001689,U004-normal-088,U004,2026-07-28T18:48:00,1785232080.0,PAYMENT,payment.execute,14900.0,U004-R018,MERCHANT,SUBSCRIPTION,SUCCESS,NOT_EVALUATED,724248.2822503998,1200000.0,3200000.0,balance.read|history.read|transfer.execute|payment.execute,normal_user,RECURRING_NORMAL,0,0,0,0
E0001690,U004-normal-088,U004,2026-07-28T19:21:44,1785234104.0,PAYMENT,payment.execute,251000.0,U004-R018,MERCHANT,SUBSCRIPTION,SUCCESS,NOT_EVALUATED,724248.2822503998,1200000.0,3200000.0,balance.read|history.read|transfer.execute|payment.execute,normal_user,DAILY_NORMAL,0,0,0,0
E0001691,U004-normal-088,U004,2026-07-28T22:35:43,1785245743.0,TRANSFER,transfer.execute,37600.0,U004-R003,PERSON,P2P,SUCCESS,NOT_EVALUATED,724248.2822503998,1200000.0,3200000.0,balance.read|history.read|transfer.execute|payment.execute,normal_user,DAILY_NORMAL,0,0,0,0
E0001692,U005-normal-000,U005,2026-05-01T07:59:31,1777589971.0,PAYMENT,payment.execute,275000.0,U005-R020,MERCHANT,SHOPPING,SUCCESS,NOT_EVALUATED,22334598.752058074,2200000.0,8500000.0,balance.read|history.read|transfer.execute|payment.execute,normal_user,DAILY_NORMAL,0,0,0,0
E0001693,U005-normal-000,U005,2026-05-01T08:26:57,1777591617.0,TRANSFER,transfer.execute,138000.0,U005-R000,PERSON,P2P,SUCCESS,NOT_EVALUATED,22059598.752058074,2200000.0,8500000.0,balance.read|history.read|transfer.execute|payment.execute,normal_user,DAILY_NORMAL,0,0,0,0
E0001694,U005-normal-000,U005,2026-05-01T11:02:18,1777600938.0,PAYMENT,payment.execute,40600.0,U005-R031,MERCHANT,TRANSPORT,SUCCESS,NOT_EVALUATED,21921598.752058074,2200000.0,8500000.0,balance.read|history.read|transfer.execute|payment.execute,normal_user,DAILY_NORMAL,0,0,0,0
E0001695,U005-normal-000,U005,2026-05-01T11:36:04,1777602964.0,PAYMENT,payment.execute,379100.0,U005-R013,MERCHANT,SUBSCRIPTION,SUCCESS,NOT_EVALUATED,21880998.752058074,2200000.0,8500000.0,balance.read|history.read|transfer.execute|payment.execute,normal_user,DAILY_NORMAL,0,0,0,0
E0001696,U005-normal-000,U005,2026-05-01T18:36:43,1777628203.0,TRANSFER,transfer.execute,295600.0,U005-R028,PERSON,P2P,SUCCESS,NOT_EVALUATED,21501898.752058074,2200000.0,8500000.0,balance.read|history.read|transfer.execute|payment.execute,normal_user,DAILY_NORMAL,0,0,0,0
E0001697,U005-normal-000,U005,2026-05-01T19:22:48,1777630968.0,PAYMENT,payment.execute,141900.0,U005-R019,MERCHANT,SHOPPING,SUCCESS,NOT_EVALUATED,21206298.752058074,2200000.0,8500000.0,balance.read|history.read|transfer.execute|payment.execute,normal_user,DAILY_NORMAL,0,0,0,0
E0001698,U005-normal-001,U005,2026-05-02T07:01:11,1777672871.0,TRANSFER,transfer.execute,257900.0,U005-R001,PERSON,P2P,SUCCESS,NOT_EVALUATED,21064398.752058074,2200000.0,8500000.0,balance.read|history.read|transfer.execute|payment.execute,normal_user,DAILY_NORMAL,0,0,0,0
E0001699,U005-normal-001,U005,2026-05-02T08:24:04,1777677844.0,TRANSFER,transfer.execute,284900.0,U005-R001,PERSON,P2P,SUCCESS,NOT_EVALUATED,20806498.752058074,2200000.0,8500000.0,balance.read|history.read|transfer.execute|payment.execute,normal_user,DAILY_NORMAL,0,0,0,0
E0001700,U005-normal-001,U005,2026-05-02T08:42:06,1777678926.0,PAYMENT,payment.execute,76000.0,U005-R013,MERCHANT,SUBSCRIPTION,SUCCESS,NOT_EVALUATED,20521598.752058074,2200000.0,8500000.0,balance.read|history.read|transfer.execute|payment.execute,normal_user,DAILY_NORMAL,0,0,0,0
E0001701,U005-agent-normal-034,U005,2026-05-02T11:34:48,1777689288.0,PAYMENT,payment.execute,26600.0,U005-R030,MERCHANT,SIMPLE_PAY,SUCCESS,NOT_EVALUATED,20445598.752058074,2200000.0,8500000.0,balance.read|history.read|transfer.execute|payment.execute,normal_agent,DELEGATED_NORMAL,0,0,0,0
E0001702,U005-normal-001,U005,2026-05-02T15:57:41,1777705061.0,TRANSFER,transfer.execute,63200.0,U005-R017,PERSON,P2P,SUCCESS,NOT_EVALUATED,20418998.752058074,2200000.0,8500000.0,balance.read|history.read|transfer.execute|payment.execute,normal_user,DAILY_NORMAL,0,0,0,0
E0001703,U005-normal-001,U005,2026-05-02T16:52:04,1777708324.0,PAYMENT,payment.execute,147400.0,U005-R026,MERCHANT,SIMPLE_PAY,SUCCESS,NOT_EVALUATED,20355798.752058074,2200000.0,8500000.0,balance.read|history.read|transfer.execute|payment.execute,normal_user,DAILY_NORMAL,0,0,0,0
E0001704,U005-normal-001,U005,2026-05-02T18:37:55,1777714675.0,TRANSFER,transfer.execute,85100.0,U005-R029,PERSON,P2P,SUCCESS,NOT_EVALUATED,20208398.752058074,2200000.0,8500000.0,balance.read|history.read|transfer.execute|payment.execute,normal_user,DAILY_NORMAL,0,0,0,0
E0001705,U005-normal-001,U005,2026-05-02T20:48:46,1777722526.0,PAYMENT,payment.execute,133200.0,U005-R009,MERCHANT,FOOD,SUCCESS,NOT_EVALUATED,20123298.752058074,2200000.0,8500000.0,balance.read|history.read|transfer.execute|payment.execute,normal_user,DAILY_NORMAL,0,0,0,0
E0001706,U005-normal-002,U005,2026-05-03T07:43:59,1777761839.0,TRANSFER,transfer.execute,34900.0,U005-R017,PERSON,P2P,SUCCESS,NOT_EVALUATED,19990098.752058074,2200000.0,8500000.0,balance.read|history.read|transfer.execute|payment.execute,normal_user,DAILY_NORMAL,0,0,0,0
E0001707,U005-normal-002,U005,2026-05-03T11:35:26,1777775726.0,PAYMENT,payment.execute,33600.0,U005-R004,MERCHANT,ETC,SUCCESS,NOT_EVALUATED,19955198.752058074,2200000.0,8500000.0,balance.read|history.read|transfer.execute|payment.execute,normal_user,DAILY_NORMAL,0,0,0,0
E0001708,U005-normal-002,U005,2026-05-03T12:26:00,1777778760.0,TRANSFER,transfer.execute,347300.0,U005-R028,PERSON,P2P,SUCCESS,NOT_EVALUATED,19921598.752058074,2200000.0,8500000.0,balance.read|history.read|transfer.execute|payment.execute,normal_user,DAILY_NORMAL,0,0,0,0
E0001709,U005-normal-002,U005,2026-05-03T18:27:00,1777800420.0,PAYMENT,payment.execute,320000.0,U005-R005,MERCHANT,CLOUD,SUCCESS,NOT_EVALUATED,19574298.752058074,2200000.0,8500000.0,balance.read|history.read|transfer.execute|payment.execute,normal_user,RECURRING_NORMAL,0,0,0,0
E0001710,U005-normal-002,U005,2026-05-03T19:26:28,1777803988.0,PAYMENT,payment.execute,45100.0,U005-R020,MERCHANT,SHOPPING,SUCCESS,NOT_EVALUATED,19254298.752058074,2200000.0,8500000.0,balance.read|history.read|transfer.execute|payment.execute,normal_user,DAILY_NORMAL,0,0,0,0
E0001711,U005-normal-002,U005,2026-05-03T19:35:08,1777804508.0,PAYMENT,payment.execute,126400.0,U005-R007,BILL,UTILITY,SUCCESS,NOT_EVALUATED,19209198.752058074,2200000.0,8500000.0,balance.read|history.read|transfer.execute|payment.execute,normal_user,DAILY_NORMAL,0,0,0,0
E0001712,U005-normal-002,U005,2026-05-03T20:53:21,1777809201.0,PAYMENT,payment.execute,365300.0,U005-R009,MERCHANT,FOOD,SUCCESS,NOT_EVALUATED,19082798.752058074,2200000.0,8500000.0,balance.read|history.read|transfer.execute|payment.execute,normal_user,DAILY_NORMAL,0,0,0,0
E0001713,U005-normal-003,U005,2026-05-04T11:14:54,1777860894.0,PAYMENT,payment.execute,413300.0,U005-R026,MERCHANT,SIMPLE_PAY,SUCCESS,NOT_EVALUATED,18717498.752058074,2200000.0,8500000.0,balance.read|history.read|transfer.execute|payment.execute,normal_user,DAILY_NORMAL,0,0,0,0
E0001714,U005-normal-003,U005,2026-05-04T12:47:09,1777866429.0,PAYMENT,payment.execute,71700.0,U005-R011,MERCHANT,SIMPLE_PAY,SUCCESS,NOT_EVALUATED,18304198.752058074,2200000.0,8500000.0,balance.read|history.read|transfer.execute|payment.execute,normal_user,DAILY_NORMAL,0,0,0,0
E0001715,U005-normal-003,U005,2026-05-04T13:30:28,1777869028.0,TRANSFER,transfer.execute,186600.0,U005-R025,PERSON,P2P,SUCCESS,NOT_EVALUATED,18232498.752058074,2200000.0,8500000.0,balance.read|history.read|transfer.execute|payment.execute,normal_user,DAILY_NORMAL,0,0,0,0
E0001716,U005-normal-003,U005,2026-05-04T20:16:11,1777893371.0,PAYMENT,payment.execute,68500.0,U005-R009,MERCHANT,FOOD,SUCCESS,NOT_EVALUATED,18045898.752058074,2200000.0,8500000.0,balance.read|history.read|transfer.execute|payment.execute,normal_user,DAILY_NORMAL,0,0,0,0
E0001717,U005-normal-004,U005,2026-05-05T06:56:16,1777931776.0,TRANSFER,transfer.execute,299500.0,U005-R029,PERSON,P2P,SUCCESS,NOT_EVALUATED,17977398.752058074,2200000.0,8500000.0,balance.read|history.read|transfer.execute|payment.execute,normal_user,DAILY_NORMAL,0,0,0,0
E0001718,U005-normal-004,U005,2026-05-05T16:53:58,1777967638.0,TRANSFER,transfer.execute,29500.0,U005-R029,PERSON,P2P,SUCCESS,NOT_EVALUATED,17677898.752058074,2200000.0,8500000.0,balance.read|history.read|transfer.execute|payment.execute,normal_user,DAILY_NORMAL,0,0,0,0
E0001719,U005-normal-004,U005,2026-05-05T17:00:46,1777968046.0,TRANSFER,transfer.execute,66600.0,U005-R029,PERSON,P2P,SUCCESS,NOT_EVALUATED,17648398.752058074,2200000.0,8500000.0,balance.read|history.read|transfer.execute|payment.execute,normal_user,DAILY_NORMAL,0,0,0,0
E0001720,U005-normal-004,U005,2026-05-05T17:13:51,1777968831.0,PAYMENT,payment.execute,98000.0,U005-R019,MERCHANT,SHOPPING,SUCCESS,NOT_EVALUATED,17581798.752058074,2200000.0,8500000.0,balance.read|history.read|transfer.execute|payment.execute,normal_user,DAILY_NORMAL,0,0,0,0
E0001721,U005-agent-normal-014,U005,2026-05-05T21:49:18,1777985358.0,TRANSFER,transfer.execute,61400.0,U005-R024,MERCHANT,CLOUD,SUCCESS,NOT_EVALUATED,17483798.752058074,2200000.0,8500000.0,balance.read|history.read|transfer.execute|payment.execute,normal_agent,DELEGATED_NORMAL,0,0,0,0
E0001722,U005-normal-005,U005,2026-05-06T08:31:32,1778023892.0,PAYMENT,payment.execute,59300.0,U005-R008,MERCHANT,ETC,SUCCESS,NOT_EVALUATED,17422398.752058074,2200000.0,8500000.0,balance.read|history.read|transfer.execute|payment.execute,normal_user,DAILY_NORMAL,0,0,0,0
E0001723,U005-normal-005,U005,2026-05-06T12:19:24,1778037564.0,PAYMENT,payment.execute,449200.0,U005-R015,MERCHANT,SHOPPING,SUCCESS,NOT_EVALUATED,17363098.752058074,2200000.0,8500000.0,balance.read|history.read|transfer.execute|payment.execute,normal_user,DAILY_NORMAL,0,0,0,0
E0001724,U005-normal-005,U005,2026-05-06T13:35:42,1778042142.0,PAYMENT,payment.execute,145800.0,U005-R031,MERCHANT,TRANSPORT,SUCCESS,NOT_EVALUATED,16913898.752058074,2200000.0,8500000.0,balance.read|history.read|transfer.execute|payment.execute,normal_user,DAILY_NORMAL,0,0,0,0
E0001725,U005-normal-005,U005,2026-05-06T13:37:46,1778042266.0,PAYMENT,payment.execute,54000.0,U005-R021,BILL,UTILITY,SUCCESS,NOT_EVALUATED,16768098.752058074,2200000.0,8500000.0,balance.read|history.read|transfer.execute|payment.execute,normal_user,DAILY_NORMAL,0,0,0,0
E0001726,U005-normal-005,U005,2026-05-06T13:50:35,1778043035.0,PAYMENT,payment.execute,229900.0,U005-R020,MERCHANT,SHOPPING,SUCCESS,NOT_EVALUATED,16714098.752058074,2200000.0,8500000.0,balance.read|history.read|transfer.execute|payment.execute,normal_user,DAILY_NORMAL,0,0,0,0
E0001727,U005-normal-005,U005,2026-05-06T19:31:29,1778063489.0,PAYMENT,payment.execute,624600.0,U005-R008,MERCHANT,ETC,SUCCESS,NOT_EVALUATED,16484198.752058074,2200000.0,8500000.0,balance.read|history.read|transfer.execute|payment.execute,normal_user,DAILY_NORMAL,0,0,0,0
E0001728,U005-normal-006,U005,2026-05-07T07:47:44,1778107664.0,PAYMENT,payment.execute,146800.0,U005-R014,MERCHANT,SIMPLE_PAY,SUCCESS,NOT_EVALUATED,15859598.752058074,2200000.0,8500000.0,balance.read|history.read|transfer.execute|payment.execute,normal_user,DAILY_NORMAL,0,0,0,0
E0001729,U005-normal-006,U005,2026-05-07T10:34:56,1778117696.0,PAYMENT,payment.execute,108000.0,U005-R009,MERCHANT,FOOD,SUCCESS,NOT_EVALUATED,15712798.752058074,2200000.0,8500000.0,balance.read|history.read|transfer.execute|payment.execute,normal_user,DAILY_NORMAL,0,0,0,0
E0001730,U005-normal-006,U005,2026-05-07T12:07:47,1778123267.0,PAYMENT,payment.execute,305400.0,U005-R005,MERCHANT,CLOUD,SUCCESS,NOT_EVALUATED,15604798.752058074,2200000.0,8500000.0,balance.read|history.read|transfer.execute|payment.execute,normal_user,DAILY_NORMAL,0,0,0,0
E0001731,U005-normal-006,U005,2026-05-07T16:05:13,1778137513.0,PAYMENT,payment.execute,126400.0,U005-R007,BILL,UTILITY,SUCCESS,NOT_EVALUATED,15299398.752058074,2200000.0,8500000.0,balance.read|history.read|transfer.execute|payment.execute,normal_user,DAILY_NORMAL,0,0,0,0
E0001732,U005-normal-006,U005,2026-05-07T16:48:29,1778140109.0,PAYMENT,payment.execute,218800.0,U005-R011,MERCHANT,SIMPLE_PAY,SUCCESS,NOT_EVALUATED,15172998.752058074,2200000.0,8500000.0,balance.read|history.read|transfer.execute|payment.execute,normal_user,DAILY_NORMAL,0,0,0,0
E0001733,U005-agent-normal-010,U005,2026-05-07T21:56:06,1778158566.0,BALANCE_READ,balance.read,0.0,U005-R011,MERCHANT,SIMPLE_PAY,SUCCESS,NOT_EVALUATED,14954198.752058074,2200000.0,8500000.0,balance.read|history.read|transfer.execute|payment.execute,normal_agent,DELEGATED_NORMAL,0,0,0,0
E0001734,U005-misuse-RETRY_PATTERN-004,U005,2026-05-08T06:20:00,1778188800.0,TRANSFER,transfer.execute,3628993.371957802,U005-N410509,PERSON,P2P,FAILED,NOT_EVALUATED,14954198.752058074,2200000.0,8500000.0,balance.read|history.read|transfer.execute|payment.execute,agent_misuse,RETRY_PATTERN,1,0,1,1
E0001735,U005-misuse-RETRY_PATTERN-004,U005,2026-05-08T06:23:00,1778188980.0,TRANSFER,transfer.execute,3207991.8056613663,U005-N410509,PERSON,P2P,FAILED,NOT_EVALUATED,11325205.380100273,2200000.0,8500000.0,balance.read|history.read|transfer.execute|payment.execute,agent_misuse,RETRY_PATTERN,1,0,1,0
E0001736,U005-misuse-RETRY_PATTERN-004,U005,2026-05-08T06:26:00,1778189160.0,TRANSFER,transfer.execute,2387716.6990692765,U005-N410509,PERSON,P2P,FAILED,NOT_EVALUATED,8117213.574438906,2200000.0,8500000.0,balance.read|history.read|transfer.execute|payment.execute,agent_misuse,RETRY_PATTERN,1,0,1,0
E0001737,U005-misuse-RETRY_PATTERN-004,U005,2026-05-08T06:29:00,1778189340.0,TRANSFER,transfer.execute,1931900.1600213684,U005-N410509,PERSON,P2P,SUCCESS,NOT_EVALUATED,5729496.87536963,2200000.0,8500000.0,balance.read|history.read|transfer.execute|payment.execute,agent_misuse,RETRY_PATTERN,1,0,1,0
E0001738,U005-misuse-RETRY_PATTERN-004,U005,2026-05-08T06:32:00,1778189520.0,TRANSFER,transfer.execute,1411596.8943243388,U005-N410509,PERSON,P2P,SUCCESS,NOT_EVALUATED,3797596.7153482614,2200000.0,8500000.0,balance.read|history.read|transfer.execute|payment.execute,agent_misuse,RETRY_PATTERN,1,0,1,0
E0001739,U005-misuse-RETRY_PATTERN-004,U005,2026-05-08T06:35:00,1778189700.0,TRANSFER,transfer.execute,1225025.1493654267,U005-N410509,PERSON,P2P,SUCCESS,NOT_EVALUATED,2791824.8440072592,2200000.0,8500000.0,balance.read|history.read|transfer.execute|payment.execute,agent_misuse,RETRY_PATTERN,1,0,1,0
E0001740,U005-normal-007,U005,2026-05-08T12:11:25,1778209885.0,PAYMENT,payment.execute,44800.0,U005-R019,MERCHANT,SHOPPING,SUCCESS,NOT_EVALUATED,2791824.8440072592,2200000.0,8500000.0,balance.read|history.read|transfer.execute|payment.execute,normal_user,DAILY_NORMAL,0,0,0,0
E0001741,U005-hard-TRAVEL_MODE-001,U005,2026-05-08T12:13:00,1778209980.0,PAYMENT,payment.execute,168700.0,U005-N305801,PERSON,OVERSEAS_REMIT,SUCCESS,NOT_EVALUATED,2791824.8440072592,2200000.0,8500000.0,balance.read|history.read|transfer.execute|payment.execute,hard_negative,TRAVEL_MODE,0,0,0,1
E0001742,U005-hard-TRAVEL_MODE-001,U005,2026-05-08T13:13:00,1778213580.0,PAYMENT,payment.execute,84800.0,U005-N928362,PERSON,OVERSEAS_REMIT,SUCCESS,NOT_EVALUATED,2791824.8440072592,2200000.0,8500000.0,balance.read|history.read|transfer.execute|payment.execute,hard_negative,TRAVEL_MODE,0,0,0,1
E0001743,U005-normal-007,U005,2026-05-08T13:49:12,1778215752.0,TRANSFER,transfer.execute,126200.0,U005-R017,PERSON,P2P,SUCCESS,NOT_EVALUATED,2791824.8440072592,2200000.0,8500000.0,balance.read|history.read|transfer.execute|payment.execute,normal_user,DAILY_NORMAL,0,0,0,0
E0001744,U005-normal-007,U005,2026-05-08T14:08:41,1778216921.0,PAYMENT,payment.execute,90100.0,U005-R004,MERCHANT,ETC,SUCCESS,NOT_EVALUATED,2791824.8440072592,2200000.0,8500000.0,balance.read|history.read|transfer.execute|payment.execute,normal_user,DAILY_NORMAL,0,0,0,0
E0001745,U005-hard-TRAVEL_MODE-001,U005,2026-05-08T14:13:00,1778217180.0,PAYMENT,payment.execute,40500.0,U005-N612287,PERSON,OVERSEAS_REMIT,SUCCESS,NOT_EVALUATED,2791824.8440072592,2200000.0,8500000.0,balance.read|history.read|transfer.execute|payment.execute,hard_negative,TRAVEL_MODE,0,0,0,1
E0001746,U005-normal-007,U005,2026-05-08T21:13:39,1778242419.0,PAYMENT,payment.execute,40400.0,U005-R026,MERCHANT,SIMPLE_PAY,SUCCESS,NOT_EVALUATED,2791824.8440072592,2200000.0,8500000.0,balance.read|history.read|transfer.execute|payment.execute,normal_user,DAILY_NORMAL,0,0,0,0
E0001747,U005-normal-008,U005,2026-05-09T05:08:20,1778270900.0,PAYMENT,payment.execute,30400.0,U005-R022,MERCHANT,SIMPLE_PAY,SUCCESS,NOT_EVALUATED,2791824.8440072592,2200000.0,8500000.0,balance.read|history.read|transfer.execute|payment.execute,normal_user,DAILY_NORMAL,0,0,0,0
E0001748,U005-normal-008,U005,2026-05-09T07:12:12,1778278332.0,TRANSFER,transfer.execute,162200.0,U005-R017,PERSON,P2P,SUCCESS,NOT_EVALUATED,2791824.8440072592,2200000.0,8500000.0,balance.read|history.read|transfer.execute|payment.execute,normal_user,DAILY_NORMAL,0,0,0,0
E0001749,U005-normal-008,U005,2026-05-09T09:37:08,1778287028.0,PAYMENT,payment.execute,56500.0,U005-R004,MERCHANT,ETC,SUCCESS,NOT_EVALUATED,2791824.8440072592,2200000.0,8500000.0,balance.read|history.read|transfer.execute|payment.execute,normal_user,DAILY_NORMAL,0,0,0,0
E0001750,U005-normal-008,U005,2026-05-09T11:51:10,1778295070.0,PAYMENT,payment.execute,264800.0,U005-R013,MERCHANT,SUBSCRIPTION,SUCCESS,NOT_EVALUATED,2791824.8440072592,2200000.0,8500000.0,balance.read|history.read|transfer.execute|payment.execute,normal_user,DAILY_NORMAL,0,0,0,0
E0001751,U005-hard-NEW_RECIPIENT_NORMAL-002,U005,2026-05-09T14:20:00,1778304000.0,TRANSFER,transfer.execute,1480000.0,U005-N694534,PERSON,P2P,SUCCESS,NOT_EVALUATED,2791824.8440072592,2200000.0,8500000.0,balance.read|history.read|transfer.execute|payment.execute,hard_negative,NEW_RECIPIENT_NORMAL,0,0,0,1
E0001752,U005-hard-TRAVEL_MODE-001,U005,2026-05-09T15:13:00,1778307180.0,PAYMENT,payment.execute,92900.0,U005-N725829,PERSON,OVERSEAS_REMIT,SUCCESS,NOT_EVALUATED,2791824.8440072592,2200000.0,8500000.0,balance.read|history.read|transfer.execute|payment.execute,hard_negative,TRAVEL_MODE,0,0,0,1
E0001753,U005-hard-TRAVEL_MODE-001,U005,2026-05-09T16:13:00,1778310780.0,PAYMENT,payment.execute,443900.0,U005-N854620,PERSON,OVERSEAS_REMIT,SUCCESS,NOT_EVALUATED,2791824.8440072592,2200000.0,8500000.0,balance.read|history.read|transfer.execute|payment.execute,hard_negative,TRAVEL_MODE,0,0,0,1
E0001754,U005-normal-008,U005,2026-05-09T16:37:47,1778312267.0,PAYMENT,payment.execute,166700.0,U005-R015,MERCHANT,SHOPPING,SUCCESS,NOT_EVALUATED,2791824.8440072592,2200000.0,8500000.0,balance.read|history.read|transfer.execute|payment.execute,normal_user,DAILY_NORMAL,0,0,0,0
E0001755,U005-hard-TRAVEL_MODE-001,U005,2026-05-09T17:13:00,1778314380.0,PAYMENT,payment.execute,251400.0,U005-N812164,PERSON,OVERSEAS_REMIT,SUCCESS,NOT_EVALUATED,2791824.8440072592,2200000.0,8500000.0,balance.read|history.read|transfer.execute|payment.execute,hard_negative,TRAVEL_MODE,0,0,0,1
E0001756,U005-normal-008,U005,2026-05-09T17:40:29,1778316029.0,PAYMENT,payment.execute,529700.0,U005-R007,BILL,UTILITY,SUCCESS,NOT_EVALUATED,2791824.8440072592,2200000.0,8500000.0,balance.read|history.read|transfer.execute|payment.execute,normal_user,DAILY_NORMAL,0,0,0,0
E0001757,U005-normal-008,U005,2026-05-09T18:02:00,1778317320.0,PAYMENT,payment.execute,63000.0,U005-R021,BILL,UTILITY,SUCCESS,NOT_EVALUATED,2791824.8440072592,2200000.0,8500000.0,balance.read|history.read|transfer.execute|payment.execute,normal_user,RECURRING_NORMAL,0,0,0,0
E0001758,U005-normal-008,U005,2026-05-09T20:17:35,1778325455.0,PAYMENT,payment.execute,211100.0,U005-R016,MERCHANT,CLOUD,SUCCESS,NOT_EVALUATED,2791824.8440072592,2200000.0,8500000.0,balance.read|history.read|transfer.execute|payment.execute,normal_user,DAILY_NORMAL,0,0,0,0
E0001759,U005-normal-009,U005,2026-05-10T07:06:18,1778364378.0,PAYMENT,payment.execute,442200.0,U005-R003,MERCHANT,SUBSCRIPTION,SUCCESS,NOT_EVALUATED,2791824.8440072592,2200000.0,8500000.0,balance.read|history.read|transfer.execute|payment.execute,normal_user,DAILY_NORMAL,0,0,0,0
E0001760,U005-normal-009,U005,2026-05-10T07:22:36,1778365356.0,PAYMENT,payment.execute,53300.0,U005-R031,MERCHANT,TRANSPORT,SUCCESS,NOT_EVALUATED,2791824.8440072592,2200000.0,8500000.0,balance.read|history.read|transfer.execute|payment.execute,normal_user,DAILY_NORMAL,0,0,0,0
E0001761,U005-normal-009,U005,2026-05-10T07:24:04,1778365444.0,TRANSFER,transfer.execute,161600.0,U005-R028,PERSON,P2P,SUCCESS,NOT_EVALUATED,2791824.8440072592,2200000.0,8500000.0,balance.read|history.read|transfer.execute|payment.execute,normal_user,DAILY_NORMAL,0,0,0,0
E0001762,U005-normal-009,U005,2026-05-10T09:30:17,1778373017.0,TRANSFER,transfer.execute,47400.0,U005-R028,PERSON,P2P,SUCCESS,NOT_EVALUATED,2791824.8440072592,2200000.0,8500000.0,balance.read|history.read|transfer.execute|payment.execute,normal_user,DAILY_NORMAL,0,0,0,0
E0001763,U005-normal-009,U005,2026-05-10T11:36:30,1778380590.0,PAYMENT,payment.execute,256400.0,U005-R004,MERCHANT,ETC,SUCCESS,NOT_EVALUATED,2791824.8440072592,2200000.0,8500000.0,balance.read|history.read|transfer.execute|payment.execute,normal_user,DAILY_NORMAL,0,0,0,0
E0001764,U005-hard-TRAVEL_MODE-001,U005,2026-05-10T12:13:00,1778382780.0,PAYMENT,payment.execute,502100.0,U005-N708427,PERSON,OVERSEAS_REMIT,SUCCESS,NOT_EVALUATED,2791824.8440072592,2200000.0,8500000.0,balance.read|history.read|transfer.execute|payment.execute,hard_negative,TRAVEL_MODE,0,0,0,1
E0001765,U005-normal-009,U005,2026-05-10T12:36:51,1778384211.0,PAYMENT,payment.execute,549900.0,U005-R016,MERCHANT,CLOUD,SUCCESS,NOT_EVALUATED,2791824.8440072592,2200000.0,8500000.0,balance.read|history.read|transfer.execute|payment.execute,normal_user,DAILY_NORMAL,0,0,0,0
E0001766,U005-hard-TRAVEL_MODE-001,U005,2026-05-10T13:13:00,1778386380.0,PAYMENT,payment.execute,172400.0,U005-N846433,PERSON,OVERSEAS_REMIT,SUCCESS,NOT_EVALUATED,2791824.8440072592,2200000.0,8500000.0,balance.read|history.read|transfer.execute|payment.execute,hard_negative,TRAVEL_MODE,0,0,0,1
E0001767,U005-normal-009,U005,2026-05-10T16:08:32,1778396912.0,TRANSFER,transfer.execute,349400.0,U005-R017,PERSON,P2P,SUCCESS,NOT_EVALUATED,2791824.8440072592,2200000.0,8500000.0,balance.read|history.read|transfer.execute|payment.execute,normal_user,DAILY_NORMAL,0,0,0,0
E0001768,U005-normal-009,U005,2026-05-10T18:46:33,1778406393.0,PAYMENT,payment.execute,170500.0,U005-R031,MERCHANT,TRANSPORT,SUCCESS,NOT_EVALUATED,2791824.8440072592,2200000.0,8500000.0,balance.read|history.read|transfer.execute|payment.execute,normal_user,DAILY_NORMAL,0,0,0,0
E0001769,U005-normal-009,U005,2026-05-10T21:03:41,1778414621.0,PAYMENT,payment.execute,36600.0,U005-R003,MERCHANT,SUBSCRIPTION,SUCCESS,NOT_EVALUATED,2791824.8440072592,2200000.0,8500000.0,balance.read|history.read|transfer.execute|payment.execute,normal_user,DAILY_NORMAL,0,0,0,0
E0001770,U005-normal-010,U005,2026-05-11T06:38:18,1778449098.0,TRANSFER,transfer.execute,36600.0,U005-R000,PERSON,P2P,SUCCESS,NOT_EVALUATED,2791824.8440072592,2200000.0,8500000.0,balance.read|history.read|transfer.execute|payment.execute,normal_user,DAILY_NORMAL,0,0,0,0
E0001771,U005-normal-010,U005,2026-05-11T07:58:59,1778453939.0,PAYMENT,payment.execute,73800.0,U005-R021,BILL,UTILITY,SUCCESS,NOT_EVALUATED,2791824.8440072592,2200000.0,8500000.0,balance.read|history.read|transfer.execute|payment.execute,normal_user,DAILY_NORMAL,0,0,0,0
E0001772,U005-normal-010,U005,2026-05-11T20:40:42,1778499642.0,PAYMENT,payment.execute,24600.0,U005-R003,MERCHANT,SUBSCRIPTION,SUCCESS,NOT_EVALUATED,2791824.8440072592,2200000.0,8500000.0,balance.read|history.read|transfer.execute|payment.execute,normal_user,DAILY_NORMAL,0,0,0,0
E0001773,U005-normal-010,U005,2026-05-11T20:47:13,1778500033.0,PAYMENT,payment.execute,56800.0,U005-R027,MERCHANT,SIMPLE_PAY,SUCCESS,NOT_EVALUATED,2791824.8440072592,2200000.0,8500000.0,balance.read|history.read|transfer.execute|payment.execute,normal_user,DAILY_NORMAL,0,0,0,0
E0001774,U005-normal-010,U005,2026-05-11T20:53:27,1778500407.0,PAYMENT,payment.execute,274500.0,U005-R021,BILL,UTILITY,SUCCESS,NOT_EVALUATED,2791824.8440072592,2200000.0,8500000.0,balance.read|history.read|transfer.execute|payment.execute,normal_user,DAILY_NORMAL,0,0,0,0
E0001775,U005-normal-011,U005,2026-05-12T01:14:06,1778516046.0,PAYMENT,payment.execute,115800.0,U005-R021,BILL,UTILITY,SUCCESS,NOT_EVALUATED,2791824.8440072592,2200000.0,8500000.0,balance.read|history.read|transfer.execute|payment.execute,normal_user,DAILY_NORMAL,0,0,0,0
E0001776,U005-normal-011,U005,2026-05-12T07:33:49,1778538829.0,PAYMENT,payment.execute,397700.0,U005-R012,BILL,UTILITY,SUCCESS,NOT_EVALUATED,2791824.8440072592,2200000.0,8500000.0,balance.read|history.read|transfer.execute|payment.execute,normal_user,DAILY_NORMAL,0,0,0,0
E0001777,U005-normal-011,U005,2026-05-12T07:48:19,1778539699.0,PAYMENT,payment.execute,56300.0,U005-R005,MERCHANT,CLOUD,SUCCESS,NOT_EVALUATED,2791824.8440072592,2200000.0,8500000.0,balance.read|history.read|transfer.execute|payment.execute,normal_user,DAILY_NORMAL,0,0,0,0
E0001778,U005-normal-011,U005,2026-05-12T13:36:02,1778560562.0,TRANSFER,transfer.execute,206100.0,U005-R001,PERSON,P2P,SUCCESS,NOT_EVALUATED,2791824.8440072592,2200000.0,8500000.0,balance.read|history.read|transfer.execute|payment.execute,normal_user,DAILY_NORMAL,0,0,0,0
E0001779,U005-normal-011,U005,2026-05-12T16:48:03,1778572083.0,PAYMENT,payment.execute,113000.0,U005-R015,MERCHANT,SHOPPING,SUCCESS,NOT_EVALUATED,2791824.8440072592,2200000.0,8500000.0,balance.read|history.read|transfer.execute|payment.execute,normal_user,DAILY_NORMAL,0,0,0,0
E0001780,U005-normal-011,U005,2026-05-12T20:04:51,1778583891.0,PAYMENT,payment.execute,10500.0,U005-R007,BILL,UTILITY,SUCCESS,NOT_EVALUATED,2791824.8440072592,2200000.0,8500000.0,balance.read|history.read|transfer.execute|payment.execute,normal_user,DAILY_NORMAL,0,0,0,0
E0001781,U005-normal-011,U005,2026-05-12T20:39:20,1778585960.0,TRANSFER,transfer.execute,61300.0,U005-R028,PERSON,P2P,SUCCESS,NOT_EVALUATED,2791824.8440072592,2200000.0,8500000.0,balance.read|history.read|transfer.execute|payment.execute,normal_user,DAILY_NORMAL,0,0,0,0
E0001782,U005-normal-011,U005,2026-05-12T23:48:41,1778597321.0,PAYMENT,payment.execute,13400.0,U005-R008,MERCHANT,ETC,SUCCESS,NOT_EVALUATED,2791824.8440072592,2200000.0,8500000.0,balance.read|history.read|transfer.execute|payment.execute,normal_user,DAILY_NORMAL,0,0,0,0
E0001783,U005-paysim-fraud-001,U005,2026-05-13T01:09:00,1778602140.0,TRANSFER,transfer.execute,11747441.693120496,U005-N251352,PERSON,P2P,SUCCESS,NOT_EVALUATED,11932441.693120496,2200000.0,8500000.0,balance.read|history.read|transfer.execute|payment.execute,paysim_fraud,ACCOUNT_DRAIN_TRANSFER,1,1,1,1
E0001784,U005-paysim-fraud-001,U005,2026-05-13T01:12:00,1778602320.0,TRANSFER,transfer.execute,2800447.3628648724,U005-N251352,PERSON,P2P,SUCCESS,NOT_EVALUATED,2985447.3628648724,2200000.0,8500000.0,balance.read|history.read|transfer.execute|payment.execute,paysim_fraud,FOLLOW_UP_CASHOUT_PROXY,1,1,1,0
E0001785,U005-paysim-fraud-002,U005,2026-05-13T04:00:00,1778612400.0,TRANSFER,transfer.execute,3749715.301398046,U005-N435877,PERSON,P2P,SUCCESS,NOT_EVALUATED,3934715.301398046,2200000.0,8500000.0,balance.read|history.read|transfer.execute|payment.execute,paysim_fraud,ACCOUNT_DRAIN_TRANSFER,1,1,1,1
E0001786,U005-paysim-fraud-002,U005,2026-05-13T04:04:00,1778612640.0,TRANSFER,transfer.execute,2144974.8601539093,U005-N435877,PERSON,P2P,SUCCESS,NOT_EVALUATED,2791824.8440072592,2200000.0,8500000.0,balance.read|history.read|transfer.execute|payment.execute,paysim_fraud,FOLLOW_UP_CASHOUT_PROXY,1,1,1,0
E0001787,U005-normal-012,U005,2026-05-13T13:46:59,1778647619.0,TRANSFER,transfer.execute,94100.0,U005-R010,PERSON,P2P,SUCCESS,NOT_EVALUATED,2791824.8440072592,2200000.0,8500000.0,balance.read|history.read|transfer.execute|payment.execute,normal_user,DAILY_NORMAL,0,0,0,0
E0001788,U005-normal-012,U005,2026-05-13T16:53:35,1778658815.0,PAYMENT,payment.execute,117100.0,U005-R002,BILL,UTILITY,SUCCESS,NOT_EVALUATED,2791824.8440072592,2200000.0,8500000.0,balance.read|history.read|transfer.execute|payment.execute,normal_user,DAILY_NORMAL,0,0,0,0
E0001789,U005-normal-012,U005,2026-05-13T16:57:18,1778659038.0,PAYMENT,payment.execute,206000.0,U005-R031,MERCHANT,TRANSPORT,SUCCESS,NOT_EVALUATED,2791824.8440072592,2200000.0,8500000.0,balance.read|history.read|transfer.execute|payment.execute,normal_user,DAILY_NORMAL,0,0,0,0
E0001790,U005-normal-012,U005,2026-05-13T18:41:23,1778665283.0,PAYMENT,payment.execute,12000.0,U005-R003,MERCHANT,SUBSCRIPTION,SUCCESS,NOT_EVALUATED,2791824.8440072592,2200000.0,8500000.0,balance.read|history.read|transfer.execute|payment.execute,normal_user,DAILY_NORMAL,0,0,0,0
E0001791,U005-normal-012,U005,2026-05-13T23:30:15,1778682615.0,PAYMENT,payment.execute,150900.0,U005-R009,MERCHANT,FOOD,SUCCESS,NOT_EVALUATED,2791824.8440072592,2200000.0,8500000.0,balance.read|history.read|transfer.execute|payment.execute,normal_user,DAILY_NORMAL,0,0,0,0
E0001792,U005-normal-013,U005,2026-05-14T00:39:14,1778686754.0,PAYMENT,payment.execute,146300.0,U005-R015,MERCHANT,SHOPPING,SUCCESS,NOT_EVALUATED,2791824.8440072592,2200000.0,8500000.0,balance.read|history.read|transfer.execute|payment.execute,normal_user,DAILY_NORMAL,0,0,0,0
E0001793,U005-normal-013,U005,2026-05-14T09:12:30,1778717550.0,PAYMENT,payment.execute,35600.0,U005-R023,MERCHANT,ETC,SUCCESS,NOT_EVALUATED,2791824.8440072592,2200000.0,8500000.0,balance.read|history.read|transfer.execute|payment.execute,normal_user,DAILY_NORMAL,0,0,0,0
E0001794,U005-normal-013,U005,2026-05-14T10:28:11,1778722091.0,TRANSFER,transfer.execute,39300.0,U005-R029,PERSON,P2P,SUCCESS,NOT_EVALUATED,2791824.8440072592,2200000.0,8500000.0,balance.read|history.read|transfer.execute|payment.execute,normal_user,DAILY_NORMAL,0,0,0,0
E0001795,U005-normal-013,U005,2026-05-14T11:03:08,1778724188.0,TRANSFER,transfer.execute,18800.0,U005-R000,PERSON,P2P,SUCCESS,NOT_EVALUATED,2791824.8440072592,2200000.0,8500000.0,balance.read|history.read|transfer.execute|payment.execute,normal_user,DAILY_NORMAL,0,0,0,0
E0001796,U005-normal-013,U005,2026-05-14T11:47:37,1778726857.0,PAYMENT,payment.execute,97900.0,U005-R024,MERCHANT,CLOUD,SUCCESS,NOT_EVALUATED,2791824.8440072592,2200000.0,8500000.0,balance.read|history.read|transfer.execute|payment.execute,normal_user,DAILY_NORMAL,0,0,0,0
E0001797,U005-normal-013,U005,2026-05-14T13:19:15,1778732355.0,TRANSFER,transfer.execute,178300.0,U005-R025,PERSON,P2P,SUCCESS,NOT_EVALUATED,2791824.8440072592,2200000.0,8500000.0,balance.read|history.read|transfer.execute|payment.execute,normal_user,DAILY_NORMAL,0,0,0,0
E0001798,U005-normal-013,U005,2026-05-14T14:53:37,1778738017.0,PAYMENT,payment.execute,278800.0,U005-R011,MERCHANT,SIMPLE_PAY,SUCCESS,NOT_EVALUATED,2791824.8440072592,2200000.0,8500000.0,balance.read|history.read|transfer.execute|payment.execute,normal_user,DAILY_NORMAL,0,0,0,0
E0001799,U005-normal-013,U005,2026-05-14T15:23:04,1778739784.0,TRANSFER,transfer.execute,59300.0,U005-R018,PERSON,P2P,SUCCESS,NOT_EVALUATED,2791824.8440072592,2200000.0,8500000.0,balance.read|history.read|transfer.execute|payment.execute,normal_user,DAILY_NORMAL,0,0,0,0
E0001800,U005-normal-013,U005,2026-05-14T22:41:22,1778766082.0,PAYMENT,payment.execute,328800.0,U005-R016,MERCHANT,CLOUD,SUCCESS,NOT_EVALUATED,2791824.8440072592,2200000.0,8500000.0,balance.read|history.read|transfer.execute|payment.execute,normal_user,DAILY_NORMAL,0,0,0,0
E0001801,U005-normal-013,U005,2026-05-14T22:48:19,1778766499.0,PAYMENT,payment.execute,917700.0,U005-R023,MERCHANT,ETC,SUCCESS,NOT_EVALUATED,2791824.8440072592,2200000.0,8500000.0,balance.read|history.read|transfer.execute|payment.execute,normal_user,DAILY_NORMAL,0,0,0,0
E0001802,U005-normal-014,U005,2026-05-15T10:31:36,1778808696.0,PAYMENT,payment.execute,319500.0,U005-R003,MERCHANT,SUBSCRIPTION,SUCCESS,NOT_EVALUATED,2791824.8440072592,2200000.0,8500000.0,balance.read|history.read|transfer.execute|payment.execute,normal_user,DAILY_NORMAL,0,0,0,0
E0001803,U005-normal-014,U005,2026-05-15T12:10:23,1778814623.0,PAYMENT,payment.execute,88800.0,U005-R009,MERCHANT,FOOD,SUCCESS,NOT_EVALUATED,2791824.8440072592,2200000.0,8500000.0,balance.read|history.read|transfer.execute|payment.execute,normal_user,DAILY_NORMAL,0,0,0,0
E0001804,U005-normal-014,U005,2026-05-15T17:14:57,1778832897.0,PAYMENT,payment.execute,461200.0,U005-R027,MERCHANT,SIMPLE_PAY,SUCCESS,NOT_EVALUATED,2791824.8440072592,2200000.0,8500000.0,balance.read|history.read|transfer.execute|payment.execute,normal_user,DAILY_NORMAL,0,0,0,0
E0001805,U005-normal-014,U005,2026-05-15T20:14:17,1778843657.0,PAYMENT,payment.execute,367400.0,U005-R014,MERCHANT,SIMPLE_PAY,SUCCESS,NOT_EVALUATED,2791824.8440072592,2200000.0,8500000.0,balance.read|history.read|transfer.execute|payment.execute,normal_user,DAILY_NORMAL,0,0,0,0
E0001806,U005-normal-014,U005,2026-05-15T23:21:38,1778854898.0,TRANSFER,transfer.execute,114400.0,U005-R000,PERSON,P2P,SUCCESS,NOT_EVALUATED,2791824.8440072592,2200000.0,8500000.0,balance.read|history.read|transfer.execute|payment.execute,normal_user,DAILY_NORMAL,0,0,0,0
E0001807,U005-normal-015,U005,2026-05-16T01:58:16,1778864296.0,PAYMENT,payment.execute,13700.0,U005-R022,MERCHANT,SIMPLE_PAY,SUCCESS,NOT_EVALUATED,2791824.8440072592,2200000.0,8500000.0,balance.read|history.read|transfer.execute|payment.execute,normal_user,DAILY_NORMAL,0,0,0,0
E0001808,U005-normal-015,U005,2026-05-16T03:01:50,1778868110.0,PAYMENT,payment.execute,65000.0,U005-R027,MERCHANT,SIMPLE_PAY,SUCCESS,NOT_EVALUATED,2791824.8440072592,2200000.0,8500000.0,balance.read|history.read|transfer.execute|payment.execute,normal_user,DAILY_NORMAL,0,0,0,0
E0001809,U005-normal-015,U005,2026-05-16T13:37:46,1778906266.0,PAYMENT,payment.execute,257200.0,U005-R013,MERCHANT,SUBSCRIPTION,SUCCESS,NOT_EVALUATED,2791824.8440072592,2200000.0,8500000.0,balance.read|history.read|transfer.execute|payment.execute,normal_user,DAILY_NORMAL,0,0,0,0
E0001810,U005-normal-015,U005,2026-05-16T16:36:29,1778916989.0,TRANSFER,transfer.execute,113700.0,U005-R029,PERSON,P2P,SUCCESS,NOT_EVALUATED,2791824.8440072592,2200000.0,8500000.0,balance.read|history.read|transfer.execute|payment.execute,normal_user,DAILY_NORMAL,0,0,0,0
E0001811,U005-normal-015,U005,2026-05-16T17:32:42,1778920362.0,TRANSFER,transfer.execute,111100.0,U005-R025,PERSON,P2P,SUCCESS,NOT_EVALUATED,2791824.8440072592,2200000.0,8500000.0,balance.read|history.read|transfer.execute|payment.execute,normal_user,DAILY_NORMAL,0,0,0,0
E0001812,U005-normal-015,U005,2026-05-16T20:47:47,1778932067.0,PAYMENT,payment.execute,76400.0,U005-R004,MERCHANT,ETC,SUCCESS,NOT_EVALUATED,2791824.8440072592,2200000.0,8500000.0,balance.read|history.read|transfer.execute|payment.execute,normal_user,DAILY_NORMAL,0,0,0,0
E0001813,U005-normal-016,U005,2026-05-17T08:59:57,1778975997.0,TRANSFER,transfer.execute,18000.0,U005-R017,PERSON,P2P,SUCCESS,NOT_EVALUATED,2791824.8440072592,2200000.0,8500000.0,balance.read|history.read|transfer.execute|payment.execute,normal_user,DAILY_NORMAL,0,0,0,0
E0001814,U005-normal-016,U005,2026-05-17T13:39:31,1778992771.0,PAYMENT,payment.execute,26700.0,U005-R009,MERCHANT,FOOD,SUCCESS,NOT_EVALUATED,2791824.8440072592,2200000.0,8500000.0,balance.read|history.read|transfer.execute|payment.execute,normal_user,DAILY_NORMAL,0,0,0,0
E0001815,U005-normal-016,U005,2026-05-17T13:46:15,1778993175.0,PAYMENT,payment.execute,209800.0,U005-R003,MERCHANT,SUBSCRIPTION,SUCCESS,NOT_EVALUATED,2791824.8440072592,2200000.0,8500000.0,balance.read|history.read|transfer.execute|payment.execute,normal_user,DAILY_NORMAL,0,0,0,0
E0001816,U005-normal-016,U005,2026-05-17T18:07:49,1779008869.0,PAYMENT,payment.execute,36200.0,U005-R009,MERCHANT,FOOD,SUCCESS,NOT_EVALUATED,2791824.8440072592,2200000.0,8500000.0,balance.read|history.read|transfer.execute|payment.execute,normal_user,DAILY_NORMAL,0,0,0,0
E0001817,U005-normal-016,U005,2026-05-17T18:12:09,1779009129.0,TRANSFER,transfer.execute,75500.0,U005-R010,PERSON,P2P,SUCCESS,NOT_EVALUATED,2791824.8440072592,2200000.0,8500000.0,balance.read|history.read|transfer.execute|payment.execute,normal_user,DAILY_NORMAL,0,0,0,0
E0001818,U005-normal-017,U005,2026-05-18T11:27:37,1779071257.0,PAYMENT,payment.execute,150500.0,U005-R024,MERCHANT,CLOUD,SUCCESS,NOT_EVALUATED,2791824.8440072592,2200000.0,8500000.0,balance.read|history.read|transfer.execute|payment.execute,normal_user,DAILY_NORMAL,0,0,0,0
E0001819,U005-normal-017,U005,2026-05-18T12:39:32,1779075572.0,PAYMENT,payment.execute,23500.0,U005-R009,MERCHANT,FOOD,SUCCESS,NOT_EVALUATED,2791824.8440072592,2200000.0,8500000.0,balance.read|history.read|transfer.execute|payment.execute,normal_user,DAILY_NORMAL,0,0,0,0
E0001820,U005-normal-017,U005,2026-05-18T20:14:15,1779102855.0,PAYMENT,payment.execute,890100.0,U005-R009,MERCHANT,FOOD,SUCCESS,NOT_EVALUATED,2791824.8440072592,2200000.0,8500000.0,balance.read|history.read|transfer.execute|payment.execute,normal_user,DAILY_NORMAL,0,0,0,0
E0001821,U005-normal-017,U005,2026-05-18T20:58:13,1779105493.0,PAYMENT,payment.execute,161200.0,U005-R005,MERCHANT,CLOUD,SUCCESS,NOT_EVALUATED,2791824.8440072592,2200000.0,8500000.0,balance.read|history.read|transfer.execute|payment.execute,normal_user,DAILY_NORMAL,0,0,0,0
E0001822,U005-normal-018,U005,2026-05-19T05:20:03,1779135603.0,PAYMENT,payment.execute,599200.0,U005-R009,MERCHANT,FOOD,SUCCESS,NOT_EVALUATED,2791824.8440072592,2200000.0,8500000.0,balance.read|history.read|transfer.execute|payment.execute,normal_user,DAILY_NORMAL,0,0,0,0
E0001823,U005-normal-018,U005,2026-05-19T07:00:04,1779141604.0,PAYMENT,payment.execute,208700.0,U005-R003,MERCHANT,SUBSCRIPTION,SUCCESS,NOT_EVALUATED,2791824.8440072592,2200000.0,8500000.0,balance.read|history.read|transfer.execute|payment.execute,normal_user,DAILY_NORMAL,0,0,0,0
E0001824,U005-normal-018,U005,2026-05-19T07:30:06,1779143406.0,PAYMENT,payment.execute,1129400.0,U005-R016,MERCHANT,CLOUD,SUCCESS,NOT_EVALUATED,2791824.8440072592,2200000.0,8500000.0,balance.read|history.read|transfer.execute|payment.execute,normal_user,DAILY_NORMAL,0,0,0,0
E0001825,U005-normal-018,U005,2026-05-19T09:51:41,1779151901.0,PAYMENT,payment.execute,500100.0,U005-R031,MERCHANT,TRANSPORT,SUCCESS,NOT_EVALUATED,2791824.8440072592,2200000.0,8500000.0,balance.read|history.read|transfer.execute|payment.execute,normal_user,DAILY_NORMAL,0,0,0,0
E0001826,U005-normal-018,U005,2026-05-19T09:52:52,1779151972.0,PAYMENT,payment.execute,587500.0,U005-R007,BILL,UTILITY,SUCCESS,NOT_EVALUATED,2791824.8440072592,2200000.0,8500000.0,balance.read|history.read|transfer.execute|payment.execute,normal_user,DAILY_NORMAL,0,0,0,0
E0001827,U005-normal-018,U005,2026-05-19T12:19:21,1779160761.0,PAYMENT,payment.execute,1143700.0,U005-R004,MERCHANT,ETC,SUCCESS,NOT_EVALUATED,2791824.8440072592,2200000.0,8500000.0,balance.read|history.read|transfer.execute|payment.execute,normal_user,DAILY_NORMAL,0,0,0,0
E0001828,U005-normal-018,U005,2026-05-19T12:38:37,1779161917.0,PAYMENT,payment.execute,209800.0,U005-R024,MERCHANT,CLOUD,SUCCESS,NOT_EVALUATED,2791824.8440072592,2200000.0,8500000.0,balance.read|history.read|transfer.execute|payment.execute,normal_user,DAILY_NORMAL,0,0,0,0
E0001829,U005-normal-018,U005,2026-05-19T14:11:42,1779167502.0,PAYMENT,payment.execute,153900.0,U005-R012,BILL,UTILITY,SUCCESS,NOT_EVALUATED,2791824.8440072592,2200000.0,8500000.0,balance.read|history.read|transfer.execute|payment.execute,normal_user,DAILY_NORMAL,0,0,0,0
E0001830,U005-normal-018,U005,2026-05-19T18:55:36,1779184536.0,PAYMENT,payment.execute,192200.0,U005-R002,BILL,UTILITY,SUCCESS,NOT_EVALUATED,2791824.8440072592,2200000.0,8500000.0,balance.read|history.read|transfer.execute|payment.execute,normal_user,DAILY_NORMAL,0,0,0,0
E0001831,U005-normal-018,U005,2026-05-19T20:57:14,1779191834.0,PAYMENT,payment.execute,54200.0,U005-R031,MERCHANT,TRANSPORT,SUCCESS,NOT_EVALUATED,2791824.8440072592,2200000.0,8500000.0,balance.read|history.read|transfer.execute|payment.execute,normal_user,DAILY_NORMAL,0,0,0,0
E0001832,U005-normal-019,U005,2026-05-20T08:57:01,1779235021.0,PAYMENT,payment.execute,216200.0,U005-R031,MERCHANT,TRANSPORT,SUCCESS,NOT_EVALUATED,2791824.8440072592,2200000.0,8500000.0,balance.read|history.read|transfer.execute|payment.execute,normal_user,DAILY_NORMAL,0,0,0,0
E0001833,U005-normal-019,U005,2026-05-20T09:21:54,1779236514.0,PAYMENT,payment.execute,65900.0,U005-R009,MERCHANT,FOOD,SUCCESS,NOT_EVALUATED,2791824.8440072592,2200000.0,8500000.0,balance.read|history.read|transfer.execute|payment.execute,normal_user,DAILY_NORMAL,0,0,0,0
E0001834,U005-normal-019,U005,2026-05-20T12:08:28,1779246508.0,PAYMENT,payment.execute,106500.0,U005-R013,MERCHANT,SUBSCRIPTION,SUCCESS,NOT_EVALUATED,2791824.8440072592,2200000.0,8500000.0,balance.read|history.read|transfer.execute|payment.execute,normal_user,DAILY_NORMAL,0,0,0,0
E0001835,U005-normal-019,U005,2026-05-20T14:43:07,1779255787.0,PAYMENT,payment.execute,65500.0,U005-R003,MERCHANT,SUBSCRIPTION,SUCCESS,NOT_EVALUATED,2791824.8440072592,2200000.0,8500000.0,balance.read|history.read|transfer.execute|payment.execute,normal_user,DAILY_NORMAL,0,0,0,0
E0001836,U005-normal-019,U005,2026-05-20T16:59:43,1779263983.0,PAYMENT,payment.execute,433200.0,U005-R031,MERCHANT,TRANSPORT,SUCCESS,NOT_EVALUATED,2791824.8440072592,2200000.0,8500000.0,balance.read|history.read|transfer.execute|payment.execute,normal_user,DAILY_NORMAL,0,0,0,0
E0001837,U005-normal-019,U005,2026-05-20T18:34:47,1779269687.0,PAYMENT,payment.execute,208200.0,U005-R020,MERCHANT,SHOPPING,SUCCESS,NOT_EVALUATED,2791824.8440072592,2200000.0,8500000.0,balance.read|history.read|transfer.execute|payment.execute,normal_user,DAILY_NORMAL,0,0,0,0
E0001838,U005-agent-normal-005,U005,2026-05-20T19:05:38,1779271538.0,HISTORY_READ,history.read,0.0,U005-R008,MERCHANT,ETC,SUCCESS,NOT_EVALUATED,2791824.8440072592,2200000.0,8500000.0,balance.read|history.read|transfer.execute|payment.execute,normal_agent,DELEGATED_NORMAL,0,0,0,0
E0001839,U005-normal-019,U005,2026-05-20T20:08:20,1779275300.0,PAYMENT,payment.execute,39400.0,U005-R019,MERCHANT,SHOPPING,SUCCESS,NOT_EVALUATED,2791824.8440072592,2200000.0,8500000.0,balance.read|history.read|transfer.execute|payment.execute,normal_user,DAILY_NORMAL,0,0,0,0
E0001840,U005-normal-019,U005,2026-05-20T22:31:37,1779283897.0,PAYMENT,payment.execute,64200.0,U005-R023,MERCHANT,ETC,SUCCESS,NOT_EVALUATED,2791824.8440072592,2200000.0,8500000.0,balance.read|history.read|transfer.execute|payment.execute,normal_user,DAILY_NORMAL,0,0,0,0
E0001841,U005-normal-020,U005,2026-05-21T04:38:23,1779305903.0,TRANSFER,transfer.execute,12500.0,U005-R010,PERSON,P2P,SUCCESS,NOT_EVALUATED,2791824.8440072592,2200000.0,8500000.0,balance.read|history.read|transfer.execute|payment.execute,normal_user,DAILY_NORMAL,0,0,0,0
E0001842,U005-normal-020,U005,2026-05-21T08:23:05,1779319385.0,PAYMENT,payment.execute,25900.0,U005-R012,BILL,UTILITY,SUCCESS,NOT_EVALUATED,2791824.8440072592,2200000.0,8500000.0,balance.read|history.read|transfer.execute|payment.execute,normal_user,DAILY_NORMAL,0,0,0,0
E0001843,U005-normal-020,U005,2026-05-21T11:46:04,1779331564.0,PAYMENT,payment.execute,920600.0,U005-R009,MERCHANT,FOOD,SUCCESS,NOT_EVALUATED,2791824.8440072592,2200000.0,8500000.0,balance.read|history.read|transfer.execute|payment.execute,normal_user,DAILY_NORMAL,0,0,0,0
E0001844,U005-normal-020,U005,2026-05-21T17:47:47,1779353267.0,PAYMENT,payment.execute,41900.0,U005-R031,MERCHANT,TRANSPORT,SUCCESS,NOT_EVALUATED,2791824.8440072592,2200000.0,8500000.0,balance.read|history.read|transfer.execute|payment.execute,normal_user,DAILY_NORMAL,0,0,0,0
E0001845,U005-agent-normal-019,U005,2026-05-21T19:06:46,1779358006.0,TRANSFER,transfer.execute,355400.0,U005-R000,PERSON,P2P,SUCCESS,NOT_EVALUATED,2791824.8440072592,2200000.0,8500000.0,balance.read|history.read|transfer.execute|payment.execute,normal_agent,DELEGATED_NORMAL,0,0,0,0
E0001846,U005-agent-normal-029,U005,2026-05-21T19:50:41,1779360641.0,HISTORY_READ,history.read,0.0,U005-R028,PERSON,P2P,SUCCESS,NOT_EVALUATED,2791824.8440072592,2200000.0,8500000.0,balance.read|history.read|transfer.execute|payment.execute,normal_agent,DELEGATED_NORMAL,0,0,0,0
E0001847,U005-normal-021,U005,2026-05-22T09:33:10,1779409990.0,PAYMENT,payment.execute,480200.0,U005-R013,MERCHANT,SUBSCRIPTION,SUCCESS,NOT_EVALUATED,2791824.8440072592,2200000.0,8500000.0,balance.read|history.read|transfer.execute|payment.execute,normal_user,DAILY_NORMAL,0,0,0,0
E0001848,U005-normal-021,U005,2026-05-22T12:25:45,1779420345.0,PAYMENT,payment.execute,55900.0,U005-R013,MERCHANT,SUBSCRIPTION,SUCCESS,NOT_EVALUATED,2791824.8440072592,2200000.0,8500000.0,balance.read|history.read|transfer.execute|payment.execute,normal_user,DAILY_NORMAL,0,0,0,0
E0001849,U005-normal-021,U005,2026-05-22T17:03:42,1779437022.0,PAYMENT,payment.execute,120000.0,U005-R006,MERCHANT,CLOUD,SUCCESS,NOT_EVALUATED,2791824.8440072592,2200000.0,8500000.0,balance.read|history.read|transfer.execute|payment.execute,normal_user,DAILY_NORMAL,0,0,0,0
E0001850,U005-normal-021,U005,2026-05-22T18:25:47,1779441947.0,PAYMENT,payment.execute,165300.0,U005-R004,MERCHANT,ETC,SUCCESS,NOT_EVALUATED,2791824.8440072592,2200000.0,8500000.0,balance.read|history.read|transfer.execute|payment.execute,normal_user,DAILY_NORMAL,0,0,0,0
E0001851,U005-normal-021,U005,2026-05-22T22:58:14,1779458294.0,TRANSFER,transfer.execute,69000.0,U005-R010,PERSON,P2P,SUCCESS,NOT_EVALUATED,2791824.8440072592,2200000.0,8500000.0,balance.read|history.read|transfer.execute|payment.execute,normal_user,DAILY_NORMAL,0,0,0,0
E0001852,U005-normal-022,U005,2026-05-23T10:32:51,1779499971.0,PAYMENT,payment.execute,69900.0,U005-R002,BILL,UTILITY,SUCCESS,NOT_EVALUATED,2791824.8440072592,2200000.0,8500000.0,balance.read|history.read|transfer.execute|payment.execute,normal_user,DAILY_NORMAL,0,0,0,0
E0001853,U005-normal-022,U005,2026-05-23T11:34:01,1779503641.0,PAYMENT,payment.execute,103300.0,U005-R031,MERCHANT,TRANSPORT,SUCCESS,NOT_EVALUATED,2791824.8440072592,2200000.0,8500000.0,balance.read|history.read|transfer.execute|payment.execute,normal_user,DAILY_NORMAL,0,0,0,0
E0001854,U005-normal-022,U005,2026-05-23T11:39:22,1779503962.0,PAYMENT,payment.execute,583400.0,U005-R019,MERCHANT,SHOPPING,SUCCESS,NOT_EVALUATED,2791824.8440072592,2200000.0,8500000.0,balance.read|history.read|transfer.execute|payment.execute,normal_user,DAILY_NORMAL,0,0,0,0
E0001855,U005-normal-023,U005,2026-05-24T00:33:41,1779550421.0,PAYMENT,payment.execute,278100.0,U005-R016,MERCHANT,CLOUD,SUCCESS,NOT_EVALUATED,2791824.8440072592,2200000.0,8500000.0,balance.read|history.read|transfer.execute|payment.execute,normal_user,DAILY_NORMAL,0,0,0,0
E0001856,U005-normal-023,U005,2026-05-24T02:13:49,1779556429.0,PAYMENT,payment.execute,246600.0,U005-R009,MERCHANT,FOOD,SUCCESS,NOT_EVALUATED,2791824.8440072592,2200000.0,8500000.0,balance.read|history.read|transfer.execute|payment.execute,normal_user,DAILY_NORMAL,0,0,0,0
E0001857,U005-normal-023,U005,2026-05-24T10:08:28,1779584908.0,TRANSFER,transfer.execute,156500.0,U005-R001,PERSON,P2P,SUCCESS,NOT_EVALUATED,2791824.8440072592,2200000.0,8500000.0,balance.read|history.read|transfer.execute|payment.execute,normal_user,DAILY_NORMAL,0,0,0,0
E0001858,U005-normal-023,U005,2026-05-24T12:18:27,1779592707.0,TRANSFER,transfer.execute,30800.0,U005-R001,PERSON,P2P,SUCCESS,NOT_EVALUATED,2791824.8440072592,2200000.0,8500000.0,balance.read|history.read|transfer.execute|payment.execute,normal_user,DAILY_NORMAL,0,0,0,0
E0001859,U005-normal-023,U005,2026-05-24T16:09:59,1779606599.0,PAYMENT,payment.execute,73000.0,U005-R027,MERCHANT,SIMPLE_PAY,SUCCESS,NOT_EVALUATED,2791824.8440072592,2200000.0,8500000.0,balance.read|history.read|transfer.execute|payment.execute,normal_user,DAILY_NORMAL,0,0,0,0
E0001860,U005-normal-023,U005,2026-05-24T18:34:35,1779615275.0,PAYMENT,payment.execute,428900.0,U005-R007,BILL,UTILITY,SUCCESS,NOT_EVALUATED,2791824.8440072592,2200000.0,8500000.0,balance.read|history.read|transfer.execute|payment.execute,normal_user,DAILY_NORMAL,0,0,0,0
E0001861,U005-normal-023,U005,2026-05-24T19:25:01,1779618301.0,PAYMENT,payment.execute,477900.0,U005-R009,MERCHANT,FOOD,SUCCESS,NOT_EVALUATED,2791824.8440072592,2200000.0,8500000.0,balance.read|history.read|transfer.execute|payment.execute,normal_user,DAILY_NORMAL,0,0,0,0
E0001862,U005-normal-023,U005,2026-05-24T20:32:17,1779622337.0,PAYMENT,payment.execute,28500.0,U005-R003,MERCHANT,SUBSCRIPTION,SUCCESS,NOT_EVALUATED,2791824.8440072592,2200000.0,8500000.0,balance.read|history.read|transfer.execute|payment.execute,normal_user,DAILY_NORMAL,0,0,0,0
E0001863,U005-normal-023,U005,2026-05-24T20:50:15,1779623415.0,PAYMENT,payment.execute,95800.0,U005-R002,BILL,UTILITY,SUCCESS,NOT_EVALUATED,2791824.8440072592,2200000.0,8500000.0,balance.read|history.read|transfer.execute|payment.execute,normal_user,DAILY_NORMAL,0,0,0,0
E0001864,U005-normal-023,U005,2026-05-24T20:55:03,1779623703.0,PAYMENT,payment.execute,293700.0,U005-R022,MERCHANT,SIMPLE_PAY,SUCCESS,NOT_EVALUATED,2791824.8440072592,2200000.0,8500000.0,balance.read|history.read|transfer.execute|payment.execute,normal_user,DAILY_NORMAL,0,0,0,0
E0001865,U005-normal-024,U005,2026-05-25T00:07:03,1779635223.0,PAYMENT,payment.execute,978800.0,U005-R016,MERCHANT,CLOUD,SUCCESS,NOT_EVALUATED,2791824.8440072592,2200000.0,8500000.0,balance.read|history.read|transfer.execute|payment.execute,normal_user,DAILY_NORMAL,0,0,0,0
E0001866,U005-normal-024,U005,2026-05-25T07:03:49,1779660229.0,PAYMENT,payment.execute,37100.0,U005-R007,BILL,UTILITY,SUCCESS,NOT_EVALUATED,2791824.8440072592,2200000.0,8500000.0,balance.read|history.read|transfer.execute|payment.execute,normal_user,DAILY_NORMAL,0,0,0,0
E0001867,U005-agent-normal-032,U005,2026-05-25T07:23:06,1779661386.0,HISTORY_READ,history.read,0.0,U005-R015,MERCHANT,SHOPPING,SUCCESS,NOT_EVALUATED,2791824.8440072592,2200000.0,8500000.0,balance.read|history.read|transfer.execute|payment.execute,normal_agent,DELEGATED_NORMAL,0,0,0,0
E0001868,U005-normal-024,U005,2026-05-25T12:38:03,1779680283.0,TRANSFER,transfer.execute,621200.0,U005-R000,PERSON,P2P,SUCCESS,NOT_EVALUATED,2791824.8440072592,2200000.0,8500000.0,balance.read|history.read|transfer.execute|payment.execute,normal_user,DAILY_NORMAL,0,0,0,0
E0001869,U005-normal-024,U005,2026-05-25T14:49:13,1779688153.0,PAYMENT,payment.execute,374900.0,U005-R026,MERCHANT,SIMPLE_PAY,SUCCESS,NOT_EVALUATED,2791824.8440072592,2200000.0,8500000.0,balance.read|history.read|transfer.execute|payment.execute,normal_user,DAILY_NORMAL,0,0,0,0
E0001870,U005-normal-024,U005,2026-05-25T15:05:24,1779689124.0,TRANSFER,transfer.execute,19700.0,U005-R025,PERSON,P2P,SUCCESS,NOT_EVALUATED,2791824.8440072592,2200000.0,8500000.0,balance.read|history.read|transfer.execute|payment.execute,normal_user,DAILY_NORMAL,0,0,0,0
E0001871,U005-normal-024,U005,2026-05-25T18:37:00,1779701820.0,TRANSFER,transfer.execute,605000.0,U005-R007,BILL,UTILITY,SUCCESS,NOT_EVALUATED,2791824.8440072592,2200000.0,8500000.0,balance.read|history.read|transfer.execute|payment.execute,normal_user,RECURRING_NORMAL,0,0,0,0
E0001872,U005-normal-025,U005,2026-05-26T06:37:01,1779745021.0,TRANSFER,transfer.execute,84100.0,U005-R028,PERSON,P2P,SUCCESS,NOT_EVALUATED,2791824.8440072592,2200000.0,8500000.0,balance.read|history.read|transfer.execute|payment.execute,normal_user,DAILY_NORMAL,0,0,0,0
E0001873,U005-agent-normal-000,U005,2026-05-26T08:33:19,1779751999.0,BALANCE_READ,balance.read,0.0,U005-R009,MERCHANT,FOOD,SUCCESS,NOT_EVALUATED,2791824.8440072592,2200000.0,8500000.0,balance.read|history.read|transfer.execute|payment.execute,normal_agent,DELEGATED_NORMAL,0,0,0,0
E0001874,U005-normal-025,U005,2026-05-26T10:12:33,1779757953.0,PAYMENT,payment.execute,23400.0,U005-R008,MERCHANT,ETC,SUCCESS,NOT_EVALUATED,2791824.8440072592,2200000.0,8500000.0,balance.read|history.read|transfer.execute|payment.execute,normal_user,DAILY_NORMAL,0,0,0,0
E0001875,U005-normal-025,U005,2026-05-26T10:38:51,1779759531.0,PAYMENT,payment.execute,141300.0,U005-R019,MERCHANT,SHOPPING,SUCCESS,NOT_EVALUATED,2791824.8440072592,2200000.0,8500000.0,balance.read|history.read|transfer.execute|payment.execute,normal_user,DAILY_NORMAL,0,0,0,0
E0001876,U005-normal-025,U005,2026-05-26T16:32:57,1779780777.0,TRANSFER,transfer.execute,37500.0,U005-R010,PERSON,P2P,SUCCESS,NOT_EVALUATED,2791824.8440072592,2200000.0,8500000.0,balance.read|history.read|transfer.execute|payment.execute,normal_user,DAILY_NORMAL,0,0,0,0
E0001877,U005-normal-025,U005,2026-05-26T21:13:59,1779797639.0,TRANSFER,transfer.execute,60300.0,U005-R028,PERSON,P2P,SUCCESS,NOT_EVALUATED,2791824.8440072592,2200000.0,8500000.0,balance.read|history.read|transfer.execute|payment.execute,normal_user,DAILY_NORMAL,0,0,0,0
E0001878,U005-normal-025,U005,2026-05-26T21:51:10,1779799870.0,PAYMENT,payment.execute,41100.0,U005-R027,MERCHANT,SIMPLE_PAY,SUCCESS,NOT_EVALUATED,2791824.8440072592,2200000.0,8500000.0,balance.read|history.read|transfer.execute|payment.execute,normal_user,DAILY_NORMAL,0,0,0,0
E0001879,U005-agent-normal-003,U005,2026-05-26T23:14:26,1779804866.0,HISTORY_READ,history.read,0.0,U005-R008,MERCHANT,ETC,SUCCESS,NOT_EVALUATED,2791824.8440072592,2200000.0,8500000.0,balance.read|history.read|transfer.execute|payment.execute,normal_agent,DELEGATED_NORMAL,0,0,0,0
E0001880,U005-misuse-UNAUTHORIZED_TOOL-006,U005,2026-05-27T01:27:00,1779812820.0,LIMIT_MODIFY,limit.modify,0.0,U005-N491862,MERCHANT,SECURITIES,SUCCESS,NOT_EVALUATED,2791824.8440072592,2200000.0,8500000.0,balance.read|history.read|transfer.execute|payment.execute,agent_misuse,UNAUTHORIZED_TOOL,1,0,1,1
E0001881,U005-misuse-UNAUTHORIZED_TOOL-006,U005,2026-05-27T01:36:00,1779813360.0,INVEST_ORDER,invest.order,1320000.0,U005-N278981,MERCHANT,SECURITIES,SUCCESS,NOT_EVALUATED,2791824.8440072592,2200000.0,8500000.0,balance.read|history.read|transfer.execute|payment.execute,agent_misuse,UNAUTHORIZED_TOOL,1,0,1,1
E0001882,U005-misuse-UNAUTHORIZED_TOOL-006,U005,2026-05-27T01:45:00,1779813900.0,CARD_ISSUE,card.issue,0.0,U005-N522801,MERCHANT,SECURITIES,SUCCESS,NOT_EVALUATED,2791824.8440072592,2200000.0,8500000.0,balance.read|history.read|transfer.execute|payment.execute,agent_misuse,UNAUTHORIZED_TOOL,1,0,1,1
E0001883,U005-normal-026,U005,2026-05-27T03:50:09,1779821409.0,PAYMENT,payment.execute,159300.0,U005-R031,MERCHANT,TRANSPORT,SUCCESS,NOT_EVALUATED,2791824.8440072592,2200000.0,8500000.0,balance.read|history.read|transfer.execute|payment.execute,normal_user,DAILY_NORMAL,0,0,0,0
E0001884,U005-normal-026,U005,2026-05-27T08:57:00,1779839820.0,PAYMENT,payment.execute,73800.0,U005-R019,MERCHANT,SHOPPING,SUCCESS,NOT_EVALUATED,2791824.8440072592,2200000.0,8500000.0,balance.read|history.read|transfer.execute|payment.execute,normal_user,DAILY_NORMAL,0,0,0,0
E0001885,U005-normal-026,U005,2026-05-27T11:15:54,1779848154.0,PAYMENT,payment.execute,39700.0,U005-R007,BILL,UTILITY,SUCCESS,NOT_EVALUATED,2791824.8440072592,2200000.0,8500000.0,balance.read|history.read|transfer.execute|payment.execute,normal_user,DAILY_NORMAL,0,0,0,0
E0001886,U005-normal-026,U005,2026-05-27T16:02:28,1779865348.0,PAYMENT,payment.execute,96000.0,U005-R031,MERCHANT,TRANSPORT,SUCCESS,NOT_EVALUATED,2791824.8440072592,2200000.0,8500000.0,balance.read|history.read|transfer.execute|payment.execute,normal_user,DAILY_NORMAL,0,0,0,0
E0001887,U005-normal-026,U005,2026-05-27T22:53:33,1779890013.0,PAYMENT,payment.execute,115500.0,U005-R007,BILL,UTILITY,SUCCESS,NOT_EVALUATED,2791824.8440072592,2200000.0,8500000.0,balance.read|history.read|transfer.execute|payment.execute,normal_user,DAILY_NORMAL,0,0,0,0
E0001888,U005-normal-027,U005,2026-05-28T07:33:34,1779921214.0,PAYMENT,payment.execute,87100.0,U005-R002,BILL,UTILITY,SUCCESS,NOT_EVALUATED,2791824.8440072592,2200000.0,8500000.0,balance.read|history.read|transfer.execute|payment.execute,normal_user,DAILY_NORMAL,0,0,0,0
E0001889,U005-normal-027,U005,2026-05-28T18:20:00,1779960000.0,PAYMENT,payment.execute,14900.0,U005-R003,MERCHANT,SUBSCRIPTION,SUCCESS,NOT_EVALUATED,2791824.8440072592,2200000.0,8500000.0,balance.read|history.read|transfer.execute|payment.execute,normal_user,RECURRING_NORMAL,0,0,0,0
E0001890,U005-agent-normal-012,U005,2026-05-29T13:51:18,1780030278.0,BALANCE_READ,balance.read,0.0,U005-R028,PERSON,P2P,SUCCESS,NOT_EVALUATED,2791824.8440072592,2200000.0,8500000.0,balance.read|history.read|transfer.execute|payment.execute,normal_agent,DELEGATED_NORMAL,0,0,0,0
E0001891,U005-normal-028,U005,2026-05-29T14:52:49,1780033969.0,TRANSFER,transfer.execute,490200.0,U005-R018,PERSON,P2P,SUCCESS,NOT_EVALUATED,2791824.8440072592,2200000.0,8500000.0,balance.read|history.read|transfer.execute|payment.execute,normal_user,DAILY_NORMAL,0,0,0,0
E0001892,U005-normal-029,U005,2026-05-30T05:08:13,1780085293.0,PAYMENT,payment.execute,312900.0,U005-R020,MERCHANT,SHOPPING,SUCCESS,NOT_EVALUATED,2791824.8440072592,2200000.0,8500000.0,balance.read|history.read|transfer.execute|payment.execute,normal_user,DAILY_NORMAL,0,0,0,0
E0001893,U005-normal-029,U005,2026-05-30T17:00:24,1780128024.0,PAYMENT,payment.execute,1637800.0,U005-R007,BILL,UTILITY,SUCCESS,NOT_EVALUATED,2791824.8440072592,2200000.0,8500000.0,balance.read|history.read|transfer.execute|payment.execute,normal_user,DAILY_NORMAL,0,0,0,0
E0001894,U005-normal-029,U005,2026-05-30T17:29:17,1780129757.0,PAYMENT,payment.execute,142300.0,U005-R007,BILL,UTILITY,SUCCESS,NOT_EVALUATED,2791824.8440072592,2200000.0,8500000.0,balance.read|history.read|transfer.execute|payment.execute,normal_user,DAILY_NORMAL,0,0,0,0
E0001895,U005-normal-029,U005,2026-05-30T20:20:02,1780140002.0,TRANSFER,transfer.execute,48000.0,U005-R017,PERSON,P2P,SUCCESS,NOT_EVALUATED,2791824.8440072592,2200000.0,8500000.0,balance.read|history.read|transfer.execute|payment.execute,normal_user,DAILY_NORMAL,0,0,0,0
E0001896,U005-normal-029,U005,2026-05-30T21:07:46,1780142866.0,PAYMENT,payment.execute,432100.0,U005-R019,MERCHANT,SHOPPING,SUCCESS,NOT_EVALUATED,2791824.8440072592,2200000.0,8500000.0,balance.read|history.read|transfer.execute|payment.execute,normal_user,DAILY_NORMAL,0,0,0,0
E0001897,U005-normal-030,U005,2026-05-31T08:22:40,1780183360.0,TRANSFER,transfer.execute,8300.0,U005-R000,PERSON,P2P,SUCCESS,NOT_EVALUATED,2791824.8440072592,2200000.0,8500000.0,balance.read|history.read|transfer.execute|payment.execute,normal_user,DAILY_NORMAL,0,0,0,0
E0001898,U005-normal-030,U005,2026-05-31T08:50:27,1780185027.0,PAYMENT,payment.execute,174400.0,U005-R013,MERCHANT,SUBSCRIPTION,SUCCESS,NOT_EVALUATED,2791824.8440072592,2200000.0,8500000.0,balance.read|history.read|transfer.execute|payment.execute,normal_user,DAILY_NORMAL,0,0,0,0
E0001899,U005-hard-SUBSCRIPTION_BURST-003,U005,2026-05-31T09:00:00,1780185600.0,PAYMENT,payment.execute,9900.0,U005-R003,MERCHANT,SUBSCRIPTION,SUCCESS,NOT_EVALUATED,2791824.8440072592,2200000.0,8500000.0,balance.read|history.read|transfer.execute|payment.execute,hard_negative,SUBSCRIPTION_BURST,0,0,0,0
E0001900,U005-hard-SUBSCRIPTION_BURST-003,U005,2026-05-31T09:11:00,1780186260.0,PAYMENT,payment.execute,49000.0,U005-R013,MERCHANT,SUBSCRIPTION,SUCCESS,NOT_EVALUATED,2791824.8440072592,2200000.0,8500000.0,balance.read|history.read|transfer.execute|payment.execute,hard_negative,SUBSCRIPTION_BURST,0,0,0,0
E0001901,U005-hard-SUBSCRIPTION_BURST-003,U005,2026-05-31T09:22:00,1780186920.0,PAYMENT,payment.execute,14900.0,U005-R003,MERCHANT,SUBSCRIPTION,SUCCESS,NOT_EVALUATED,2791824.8440072592,2200000.0,8500000.0,balance.read|history.read|transfer.execute|payment.execute,hard_negative,SUBSCRIPTION_BURST,0,0,0,0
E0001902,U005-hard-SUBSCRIPTION_BURST-003,U005,2026-05-31T09:33:00,1780187580.0,PAYMENT,payment.execute,14900.0,U005-R013,MERCHANT,SUBSCRIPTION,SUCCESS,NOT_EVALUATED,2791824.8440072592,2200000.0,8500000.0,balance.read|history.read|transfer.execute|payment.execute,hard_negative,SUBSCRIPTION_BURST,0,0,0,0
E0001903,U005-hard-SUBSCRIPTION_BURST-003,U005,2026-05-31T09:44:00,1780188240.0,PAYMENT,payment.execute,49000.0,U005-R003,MERCHANT,SUBSCRIPTION,SUCCESS,NOT_EVALUATED,2791824.8440072592,2200000.0,8500000.0,balance.read|history.read|transfer.execute|payment.execute,hard_negative,SUBSCRIPTION_BURST,0,0,0,0
E0001904,U005-normal-030,U005,2026-05-31T10:24:19,1780190659.0,PAYMENT,payment.execute,232500.0,U005-R004,MERCHANT,ETC,SUCCESS,NOT_EVALUATED,2791824.8440072592,2200000.0,8500000.0,balance.read|history.read|transfer.execute|payment.execute,normal_user,DAILY_NORMAL,0,0,0,0
E0001905,U005-normal-030,U005,2026-05-31T12:19:09,1780197549.0,PAYMENT,payment.execute,10700.0,U005-R019,MERCHANT,SHOPPING,SUCCESS,NOT_EVALUATED,2791824.8440072592,2200000.0,8500000.0,balance.read|history.read|transfer.execute|payment.execute,normal_user,DAILY_NORMAL,0,0,0,0
E0001906,U005-normal-030,U005,2026-05-31T12:54:32,1780199672.0,PAYMENT,payment.execute,78200.0,U005-R027,MERCHANT,SIMPLE_PAY,SUCCESS,NOT_EVALUATED,2791824.8440072592,2200000.0,8500000.0,balance.read|history.read|transfer.execute|payment.execute,normal_user,DAILY_NORMAL,0,0,0,0
E0001907,U005-normal-030,U005,2026-05-31T13:46:01,1780202761.0,PAYMENT,payment.execute,96200.0,U005-R004,MERCHANT,ETC,SUCCESS,NOT_EVALUATED,2791824.8440072592,2200000.0,8500000.0,balance.read|history.read|transfer.execute|payment.execute,normal_user,DAILY_NORMAL,0,0,0,0
E0001908,U005-normal-030,U005,2026-05-31T17:36:27,1780216587.0,PAYMENT,payment.execute,213700.0,U005-R019,MERCHANT,SHOPPING,SUCCESS,NOT_EVALUATED,2791824.8440072592,2200000.0,8500000.0,balance.read|history.read|transfer.execute|payment.execute,normal_user,DAILY_NORMAL,0,0,0,0
E0001909,U005-normal-030,U005,2026-05-31T18:23:07,1780219387.0,PAYMENT,payment.execute,72100.0,U005-R006,MERCHANT,CLOUD,SUCCESS,NOT_EVALUATED,2791824.8440072592,2200000.0,8500000.0,balance.read|history.read|transfer.execute|payment.execute,normal_user,DAILY_NORMAL,0,0,0,0
E0001910,U005-normal-031,U005,2026-06-01T11:28:59,1780280939.0,TRANSFER,transfer.execute,498900.0,U005-R025,PERSON,P2P,SUCCESS,NOT_EVALUATED,2791824.8440072592,2200000.0,8500000.0,balance.read|history.read|transfer.execute|payment.execute,normal_user,DAILY_NORMAL,0,0,0,0
E0001911,U005-normal-031,U005,2026-06-01T12:37:43,1780285063.0,TRANSFER,transfer.execute,117700.0,U005-R001,PERSON,P2P,SUCCESS,NOT_EVALUATED,2791824.8440072592,2200000.0,8500000.0,balance.read|history.read|transfer.execute|payment.execute,normal_user,DAILY_NORMAL,0,0,0,0
E0001912,U005-normal-031,U005,2026-06-01T17:47:55,1780303675.0,PAYMENT,payment.execute,119300.0,U005-R031,MERCHANT,TRANSPORT,SUCCESS,NOT_EVALUATED,2791824.8440072592,2200000.0,8500000.0,balance.read|history.read|transfer.execute|payment.execute,normal_user,DAILY_NORMAL,0,0,0,0
E0001913,U005-normal-031,U005,2026-06-01T18:29:00,1780306140.0,PAYMENT,payment.execute,206100.0,U005-R013,MERCHANT,SUBSCRIPTION,SUCCESS,NOT_EVALUATED,2791824.8440072592,2200000.0,8500000.0,balance.read|history.read|transfer.execute|payment.execute,normal_user,DAILY_NORMAL,0,0,0,0
E0001914,U005-normal-031,U005,2026-06-01T19:53:25,1780311205.0,PAYMENT,payment.execute,143300.0,U005-R013,MERCHANT,SUBSCRIPTION,SUCCESS,NOT_EVALUATED,2791824.8440072592,2200000.0,8500000.0,balance.read|history.read|transfer.execute|payment.execute,normal_user,DAILY_NORMAL,0,0,0,0
E0001915,U005-normal-032,U005,2026-06-02T06:59:49,1780351189.0,TRANSFER,transfer.execute,162800.0,U005-R001,PERSON,P2P,SUCCESS,NOT_EVALUATED,2791824.8440072592,2200000.0,8500000.0,balance.read|history.read|transfer.execute|payment.execute,normal_user,DAILY_NORMAL,0,0,0,0
E0001916,U005-normal-032,U005,2026-06-02T11:21:54,1780366914.0,PAYMENT,payment.execute,138000.0,U005-R012,BILL,UTILITY,SUCCESS,NOT_EVALUATED,2791824.8440072592,2200000.0,8500000.0,balance.read|history.read|transfer.execute|payment.execute,normal_user,DAILY_NORMAL,0,0,0,0
E0001917,U005-normal-032,U005,2026-06-02T12:46:36,1780371996.0,PAYMENT,payment.execute,101100.0,U005-R012,BILL,UTILITY,SUCCESS,NOT_EVALUATED,2791824.8440072592,2200000.0,8500000.0,balance.read|history.read|transfer.execute|payment.execute,normal_user,DAILY_NORMAL,0,0,0,0
E0001918,U005-normal-032,U005,2026-06-02T15:51:36,1780383096.0,PAYMENT,payment.execute,150200.0,U005-R031,MERCHANT,TRANSPORT,SUCCESS,NOT_EVALUATED,2791824.8440072592,2200000.0,8500000.0,balance.read|history.read|transfer.execute|payment.execute,normal_user,DAILY_NORMAL,0,0,0,0
E0001919,U005-normal-033,U005,2026-06-03T00:59:13,1780415953.0,PAYMENT,payment.execute,61600.0,U005-R019,MERCHANT,SHOPPING,SUCCESS,NOT_EVALUATED,2791824.8440072592,2200000.0,8500000.0,balance.read|history.read|transfer.execute|payment.execute,normal_user,DAILY_NORMAL,0,0,0,0
E0001920,U005-agent-normal-011,U005,2026-06-03T06:25:53,1780435553.0,PAYMENT,payment.execute,124500.0,U005-R029,PERSON,P2P,SUCCESS,NOT_EVALUATED,2791824.8440072592,2200000.0,8500000.0,balance.read|history.read|transfer.execute|payment.execute,normal_agent,DELEGATED_NORMAL,0,0,0,0
E0001921,U005-normal-033,U005,2026-06-03T08:45:28,1780443928.0,TRANSFER,transfer.execute,144300.0,U005-R028,PERSON,P2P,SUCCESS,NOT_EVALUATED,2791824.8440072592,2200000.0,8500000.0,balance.read|history.read|transfer.execute|payment.execute,normal_user,DAILY_NORMAL,0,0,0,0
E0001922,U005-normal-033,U005,2026-06-03T12:01:59,1780455719.0,PAYMENT,payment.execute,320800.0,U005-R024,MERCHANT,CLOUD,SUCCESS,NOT_EVALUATED,2791824.8440072592,2200000.0,8500000.0,balance.read|history.read|transfer.execute|payment.execute,normal_user,DAILY_NORMAL,0,0,0,0
E0001923,U005-normal-033,U005,2026-06-03T16:42:05,1780472525.0,PAYMENT,payment.execute,81000.0,U005-R027,MERCHANT,SIMPLE_PAY,SUCCESS,NOT_EVALUATED,2791824.8440072592,2200000.0,8500000.0,balance.read|history.read|transfer.execute|payment.execute,normal_user,DAILY_NORMAL,0,0,0,0
E0001924,U005-normal-033,U005,2026-06-03T17:44:42,1780476282.0,TRANSFER,transfer.execute,212300.0,U005-R000,PERSON,P2P,SUCCESS,NOT_EVALUATED,2791824.8440072592,2200000.0,8500000.0,balance.read|history.read|transfer.execute|payment.execute,normal_user,DAILY_NORMAL,0,0,0,0
E0001925,U005-normal-033,U005,2026-06-03T18:47:00,1780480020.0,PAYMENT,payment.execute,320000.0,U005-R024,MERCHANT,CLOUD,SUCCESS,NOT_EVALUATED,2791824.8440072592,2200000.0,8500000.0,balance.read|history.read|transfer.execute|payment.execute,normal_user,RECURRING_NORMAL,0,0,0,0
E0001926,U005-normal-033,U005,2026-06-03T21:31:53,1780489913.0,PAYMENT,payment.execute,207900.0,U005-R011,MERCHANT,SIMPLE_PAY,SUCCESS,NOT_EVALUATED,2791824.8440072592,2200000.0,8500000.0,balance.read|history.read|transfer.execute|payment.execute,normal_user,DAILY_NORMAL,0,0,0,0
E0001927,U005-normal-034,U005,2026-06-04T01:07:16,1780502836.0,PAYMENT,payment.execute,8600.0,U005-R016,MERCHANT,CLOUD,SUCCESS,NOT_EVALUATED,2791824.8440072592,2200000.0,8500000.0,balance.read|history.read|transfer.execute|payment.execute,normal_user,DAILY_NORMAL,0,0,0,0
E0001928,U005-normal-034,U005,2026-06-04T11:30:21,1780540221.0,TRANSFER,transfer.execute,62700.0,U005-R025,PERSON,P2P,SUCCESS,NOT_EVALUATED,2791824.8440072592,2200000.0,8500000.0,balance.read|history.read|transfer.execute|payment.execute,normal_user,DAILY_NORMAL,0,0,0,0
E0001929,U005-agent-normal-008,U005,2026-06-04T21:30:20,1780576220.0,PAYMENT,payment.execute,100200.0,U005-R023,MERCHANT,ETC,SUCCESS,NOT_EVALUATED,2791824.8440072592,2200000.0,8500000.0,balance.read|history.read|transfer.execute|payment.execute,normal_agent,DELEGATED_NORMAL,0,0,0,0
E0001930,U005-agent-normal-028,U005,2026-06-05T13:41:40,1780634500.0,PAYMENT,payment.execute,154300.0,U005-R017,PERSON,P2P,SUCCESS,NOT_EVALUATED,2791824.8440072592,2200000.0,8500000.0,balance.read|history.read|transfer.execute|payment.execute,normal_agent,DELEGATED_NORMAL,0,0,0,0
E0001931,U005-normal-035,U005,2026-06-05T14:10:16,1780636216.0,PAYMENT,payment.execute,851800.0,U005-R031,MERCHANT,TRANSPORT,SUCCESS,NOT_EVALUATED,2791824.8440072592,2200000.0,8500000.0,balance.read|history.read|transfer.execute|payment.execute,normal_user,DAILY_NORMAL,0,0,0,0
E0001932,U005-normal-035,U005,2026-06-05T15:37:26,1780641446.0,PAYMENT,payment.execute,389800.0,U005-R003,MERCHANT,SUBSCRIPTION,SUCCESS,NOT_EVALUATED,2791824.8440072592,2200000.0,8500000.0,balance.read|history.read|transfer.execute|payment.execute,normal_user,DAILY_NORMAL,0,0,0,0
E0001933,U005-normal-035,U005,2026-06-05T15:49:51,1780642191.0,TRANSFER,transfer.execute,27600.0,U005-R029,PERSON,P2P,SUCCESS,NOT_EVALUATED,2791824.8440072592,2200000.0,8500000.0,balance.read|history.read|transfer.execute|payment.execute,normal_user,DAILY_NORMAL,0,0,0,0
E0001934,U005-normal-035,U005,2026-06-05T16:39:38,1780645178.0,PAYMENT,payment.execute,11700.0,U005-R009,MERCHANT,FOOD,SUCCESS,NOT_EVALUATED,2791824.8440072592,2200000.0,8500000.0,balance.read|history.read|transfer.execute|payment.execute,normal_user,DAILY_NORMAL,0,0,0,0
E0001935,U005-normal-035,U005,2026-06-05T21:35:30,1780662930.0,PAYMENT,payment.execute,95100.0,U005-R015,MERCHANT,SHOPPING,SUCCESS,NOT_EVALUATED,2791824.8440072592,2200000.0,8500000.0,balance.read|history.read|transfer.execute|payment.execute,normal_user,DAILY_NORMAL,0,0,0,0
E0001936,U005-normal-035,U005,2026-06-05T21:56:57,1780664217.0,PAYMENT,payment.execute,73600.0,U005-R023,MERCHANT,ETC,SUCCESS,NOT_EVALUATED,2791824.8440072592,2200000.0,8500000.0,balance.read|history.read|transfer.execute|payment.execute,normal_user,DAILY_NORMAL,0,0,0,0
E0001937,U005-normal-035,U005,2026-06-05T23:31:53,1780669913.0,PAYMENT,payment.execute,312300.0,U005-R005,MERCHANT,CLOUD,SUCCESS,NOT_EVALUATED,2791824.8440072592,2200000.0,8500000.0,balance.read|history.read|transfer.execute|payment.execute,normal_user,DAILY_NORMAL,0,0,0,0
E0001938,U005-normal-036,U005,2026-06-06T11:35:11,1780713311.0,PAYMENT,payment.execute,397100.0,U005-R003,MERCHANT,SUBSCRIPTION,SUCCESS,NOT_EVALUATED,2791824.8440072592,2200000.0,8500000.0,balance.read|history.read|transfer.execute|payment.execute,normal_user,DAILY_NORMAL,0,0,0,0
E0001939,U005-misuse-VELOCITY_ATTACK-001,U005,2026-06-06T15:13:25,1780726405.0,TRANSFER,transfer.execute,1048475.1890066441,U005-R001,PERSON,P2P,SUCCESS,NOT_EVALUATED,2791824.8440072592,2200000.0,8500000.0,balance.read|history.read|transfer.execute|payment.execute,agent_misuse,VELOCITY_ATTACK,1,0,0,0
E0001940,U005-misuse-VELOCITY_ATTACK-001,U005,2026-06-06T15:14:13,1780726453.0,TRANSFER,transfer.execute,286222.75169179664,U005-R000,PERSON,P2P,SUCCESS,NOT_EVALUATED,2791824.8440072592,2200000.0,8500000.0,balance.read|history.read|transfer.execute|payment.execute,agent_misuse,VELOCITY_ATTACK,1,0,0,0
E0001941,U005-misuse-VELOCITY_ATTACK-001,U005,2026-06-06T15:15:43,1780726543.0,TRANSFER,transfer.execute,643011.3335546022,U005-R010,PERSON,P2P,SUCCESS,NOT_EVALUATED,2791824.8440072592,2200000.0,8500000.0,balance.read|history.read|transfer.execute|payment.execute,agent_misuse,VELOCITY_ATTACK,1,0,0,0
E0001942,U005-misuse-VELOCITY_ATTACK-001,U005,2026-06-06T15:16:13,1780726573.0,TRANSFER,transfer.execute,882434.3123707105,U005-R000,PERSON,P2P,SUCCESS,NOT_EVALUATED,2791824.8440072592,2200000.0,8500000.0,balance.read|history.read|transfer.execute|payment.execute,agent_misuse,VELOCITY_ATTACK,1,0,0,0
E0001943,U005-misuse-VELOCITY_ATTACK-001,U005,2026-06-06T15:17:41,1780726661.0,TRANSFER,transfer.execute,756774.8884240111,U005-R025,PERSON,P2P,SUCCESS,NOT_EVALUATED,2791824.8440072592,2200000.0,8500000.0,balance.read|history.read|transfer.execute|payment.execute,agent_misuse,VELOCITY_ATTACK,1,0,0,0
E0001944,U005-misuse-VELOCITY_ATTACK-001,U005,2026-06-06T15:18:20,1780726700.0,TRANSFER,transfer.execute,957710.3842009883,U005-N667984,PERSON,P2P,SUCCESS,NOT_EVALUATED,2791824.8440072592,2200000.0,8500000.0,balance.read|history.read|transfer.execute|payment.execute,agent_misuse,VELOCITY_ATTACK,1,0,0,1
E0001945,U005-misuse-VELOCITY_ATTACK-001,U005,2026-06-06T15:18:55,1780726735.0,TRANSFER,transfer.execute,666226.9964943739,U005-R000,PERSON,P2P,SUCCESS,NOT_EVALUATED,2791824.8440072592,2200000.0,8500000.0,balance.read|history.read|transfer.execute|payment.execute,agent_misuse,VELOCITY_ATTACK,1,0,0,0
E0001946,U005-misuse-VELOCITY_ATTACK-001,U005,2026-06-06T15:19:01,1780726741.0,TRANSFER,transfer.execute,836809.034010141,U005-R001,PERSON,P2P,SUCCESS,NOT_EVALUATED,2791824.8440072592,2200000.0,8500000.0,balance.read|history.read|transfer.execute|payment.execute,agent_misuse,VELOCITY_ATTACK,1,0,0,0
E0001947,U005-misuse-VELOCITY_ATTACK-001,U005,2026-06-06T15:20:32,1780726832.0,TRANSFER,transfer.execute,342093.82456319226,U005-N955347,PERSON,P2P,SUCCESS,NOT_EVALUATED,2791824.8440072592,2200000.0,8500000.0,balance.read|history.read|transfer.execute|payment.execute,agent_misuse,VELOCITY_ATTACK,1,0,0,1
E0001948,U005-misuse-VELOCITY_ATTACK-001,U005,2026-06-06T15:21:04,1780726864.0,TRANSFER,transfer.execute,654555.2733853592,U005-N319068,PERSON,P2P,SUCCESS,NOT_EVALUATED,2791824.8440072592,2200000.0,8500000.0,balance.read|history.read|transfer.execute|payment.execute,agent_misuse,VELOCITY_ATTACK,1,0,0,1
E0001949,U005-misuse-VELOCITY_ATTACK-001,U005,2026-06-06T15:21:37,1780726897.0,TRANSFER,transfer.execute,476440.6187119228,U005-R018,PERSON,P2P,SUCCESS,NOT_EVALUATED,2791824.8440072592,2200000.0,8500000.0,balance.read|history.read|transfer.execute|payment.execute,agent_misuse,VELOCITY_ATTACK,1,0,0,0
E0001950,U005-misuse-VELOCITY_ATTACK-001,U005,2026-06-06T15:24:14,1780727054.0,TRANSFER,transfer.execute,504388.96083662746,U005-N959686,PERSON,P2P,SUCCESS,NOT_EVALUATED,2791824.8440072592,2200000.0,8500000.0,balance.read|history.read|transfer.execute|payment.execute,agent_misuse,VELOCITY_ATTACK,1,0,0,1
E0001951,U005-misuse-VELOCITY_ATTACK-001,U005,2026-06-06T15:26:15,1780727175.0,TRANSFER,transfer.execute,848072.9106574171,U005-N358725,PERSON,P2P,SUCCESS,NOT_EVALUATED,2791824.8440072592,2200000.0,8500000.0,balance.read|history.read|transfer.execute|payment.execute,agent_misuse,VELOCITY_ATTACK,1,0,1,1
E0001952,U005-normal-036,U005,2026-06-06T16:42:26,1780731746.0,PAYMENT,payment.execute,24600.0,U005-R019,MERCHANT,SHOPPING,SUCCESS,NOT_EVALUATED,2791824.8440072592,2200000.0,8500000.0,balance.read|history.read|transfer.execute|payment.execute,normal_user,DAILY_NORMAL,0,0,0,0
E0001953,U005-normal-036,U005,2026-06-06T19:13:20,1780740800.0,PAYMENT,payment.execute,6100.0,U005-R031,MERCHANT,TRANSPORT,SUCCESS,NOT_EVALUATED,2791824.8440072592,2200000.0,8500000.0,balance.read|history.read|transfer.execute|payment.execute,normal_user,DAILY_NORMAL,0,0,0,0
E0001954,U005-normal-036,U005,2026-06-06T19:15:01,1780740901.0,PAYMENT,payment.execute,185700.0,U005-R031,MERCHANT,TRANSPORT,SUCCESS,NOT_EVALUATED,2791824.8440072592,2200000.0,8500000.0,balance.read|history.read|transfer.execute|payment.execute,normal_user,DAILY_NORMAL,0,0,0,0
E0001955,U005-normal-036,U005,2026-06-06T21:57:22,1780750642.0,PAYMENT,payment.execute,64500.0,U005-R008,MERCHANT,ETC,SUCCESS,NOT_EVALUATED,2791824.8440072592,2200000.0,8500000.0,balance.read|history.read|transfer.execute|payment.execute,normal_user,DAILY_NORMAL,0,0,0,0
E0001956,U005-normal-037,U005,2026-06-07T06:12:14,1780780334.0,TRANSFER,transfer.execute,21900.0,U005-R029,PERSON,P2P,SUCCESS,NOT_EVALUATED,2791824.8440072592,2200000.0,8500000.0,balance.read|history.read|transfer.execute|payment.execute,normal_user,DAILY_NORMAL,0,0,0,0
E0001957,U005-agent-normal-004,U005,2026-06-07T07:47:52,1780786072.0,PAYMENT,payment.execute,40800.0,U005-R002,BILL,UTILITY,SUCCESS,NOT_EVALUATED,2791824.8440072592,2200000.0,8500000.0,balance.read|history.read|transfer.execute|payment.execute,normal_agent,DELEGATED_NORMAL,0,0,0,0
E0001958,U005-agent-normal-015,U005,2026-06-07T12:29:58,1780802998.0,HISTORY_READ,history.read,0.0,U005-R014,MERCHANT,SIMPLE_PAY,SUCCESS,NOT_EVALUATED,2791824.8440072592,2200000.0,8500000.0,balance.read|history.read|transfer.execute|payment.execute,normal_agent,DELEGATED_NORMAL,0,0,0,0
E0001959,U005-normal-037,U005,2026-06-07T17:51:42,1780822302.0,PAYMENT,payment.execute,173600.0,U005-R031,MERCHANT,TRANSPORT,SUCCESS,NOT_EVALUATED,2791824.8440072592,2200000.0,8500000.0,balance.read|history.read|transfer.execute|payment.execute,normal_user,DAILY_NORMAL,0,0,0,0
E0001960,U005-normal-037,U005,2026-06-07T19:41:44,1780828904.0,PAYMENT,payment.execute,80800.0,U005-R004,MERCHANT,ETC,SUCCESS,NOT_EVALUATED,2791824.8440072592,2200000.0,8500000.0,balance.read|history.read|transfer.execute|payment.execute,normal_user,DAILY_NORMAL,0,0,0,0
E0001961,U005-agent-normal-033,U005,2026-06-07T19:55:38,1780829738.0,HISTORY_READ,history.read,0.0,U005-R021,BILL,UTILITY,SUCCESS,NOT_EVALUATED,2791824.8440072592,2200000.0,8500000.0,balance.read|history.read|transfer.execute|payment.execute,normal_agent,DELEGATED_NORMAL,0,0,0,0
E0001962,U005-normal-038,U005,2026-06-08T01:40:34,1780850434.0,PAYMENT,payment.execute,74800.0,U005-R026,MERCHANT,SIMPLE_PAY,SUCCESS,NOT_EVALUATED,2791824.8440072592,2200000.0,8500000.0,balance.read|history.read|transfer.execute|payment.execute,normal_user,DAILY_NORMAL,0,0,0,0
E0001963,U005-agent-normal-006,U005,2026-06-08T06:50:17,1780869017.0,PAYMENT,payment.execute,80800.0,U005-R024,MERCHANT,CLOUD,SUCCESS,NOT_EVALUATED,2791824.8440072592,2200000.0,8500000.0,balance.read|history.read|transfer.execute|payment.execute,normal_agent,DELEGATED_NORMAL,0,0,0,0
E0001964,U005-normal-038,U005,2026-06-08T09:04:15,1780877055.0,TRANSFER,transfer.execute,66100.0,U005-R029,PERSON,P2P,SUCCESS,NOT_EVALUATED,2791824.8440072592,2200000.0,8500000.0,balance.read|history.read|transfer.execute|payment.execute,normal_user,DAILY_NORMAL,0,0,0,0
E0001965,U005-normal-038,U005,2026-06-08T10:16:07,1780881367.0,PAYMENT,payment.execute,309000.0,U005-R016,MERCHANT,CLOUD,SUCCESS,NOT_EVALUATED,2791824.8440072592,2200000.0,8500000.0,balance.read|history.read|transfer.execute|payment.execute,normal_user,DAILY_NORMAL,0,0,0,0
E0001966,U005-normal-038,U005,2026-06-08T10:42:13,1780882933.0,PAYMENT,payment.execute,116800.0,U005-R023,MERCHANT,ETC,SUCCESS,NOT_EVALUATED,2791824.8440072592,2200000.0,8500000.0,balance.read|history.read|transfer.execute|payment.execute,normal_user,DAILY_NORMAL,0,0,0,0
E0001967,U005-normal-038,U005,2026-06-08T12:05:14,1780887914.0,PAYMENT,payment.execute,150400.0,U005-R003,MERCHANT,SUBSCRIPTION,SUCCESS,NOT_EVALUATED,2791824.8440072592,2200000.0,8500000.0,balance.read|history.read|transfer.execute|payment.execute,normal_user,DAILY_NORMAL,0,0,0,0
E0001968,U005-normal-038,U005,2026-06-08T13:17:04,1780892224.0,PAYMENT,payment.execute,40200.0,U005-R014,MERCHANT,SIMPLE_PAY,SUCCESS,NOT_EVALUATED,2791824.8440072592,2200000.0,8500000.0,balance.read|history.read|transfer.execute|payment.execute,normal_user,DAILY_NORMAL,0,0,0,0
E0001969,U005-normal-038,U005,2026-06-08T13:37:17,1780893437.0,PAYMENT,payment.execute,185900.0,U005-R003,MERCHANT,SUBSCRIPTION,SUCCESS,NOT_EVALUATED,2791824.8440072592,2200000.0,8500000.0,balance.read|history.read|transfer.execute|payment.execute,normal_user,DAILY_NORMAL,0,0,0,0
E0001970,U005-normal-038,U005,2026-06-08T17:57:55,1780909075.0,PAYMENT,payment.execute,523200.0,U005-R003,MERCHANT,SUBSCRIPTION,SUCCESS,NOT_EVALUATED,2791824.8440072592,2200000.0,8500000.0,balance.read|history.read|transfer.execute|payment.execute,normal_user,DAILY_NORMAL,0,0,0,0
E0001971,U005-normal-038,U005,2026-06-08T18:02:41,1780909361.0,TRANSFER,transfer.execute,145000.0,U005-R018,PERSON,P2P,SUCCESS,NOT_EVALUATED,2791824.8440072592,2200000.0,8500000.0,balance.read|history.read|transfer.execute|payment.execute,normal_user,DAILY_NORMAL,0,0,0,0
E0001972,U005-normal-038,U005,2026-06-08T18:09:37,1780909777.0,TRANSFER,transfer.execute,29200.0,U005-R028,PERSON,P2P,SUCCESS,NOT_EVALUATED,2791824.8440072592,2200000.0,8500000.0,balance.read|history.read|transfer.execute|payment.execute,normal_user,DAILY_NORMAL,0,0,0,0
E0001973,U005-agent-normal-022,U005,2026-06-08T19:12:59,1780913579.0,HISTORY_READ,history.read,0.0,U005-R026,MERCHANT,SIMPLE_PAY,SUCCESS,NOT_EVALUATED,2791824.8440072592,2200000.0,8500000.0,balance.read|history.read|transfer.execute|payment.execute,normal_agent,DELEGATED_NORMAL,0,0,0,0
E0001974,U005-normal-038,U005,2026-06-08T21:30:54,1780921854.0,PAYMENT,payment.execute,439100.0,U005-R009,MERCHANT,FOOD,SUCCESS,NOT_EVALUATED,2791824.8440072592,2200000.0,8500000.0,balance.read|history.read|transfer.execute|payment.execute,normal_user,DAILY_NORMAL,0,0,0,0
E0001975,U005-normal-039,U005,2026-06-09T00:00:04,1780930804.0,PAYMENT,payment.execute,103400.0,U005-R016,MERCHANT,CLOUD,SUCCESS,NOT_EVALUATED,2791824.8440072592,2200000.0,8500000.0,balance.read|history.read|transfer.execute|payment.execute,normal_user,DAILY_NORMAL,0,0,0,0
E0001976,U005-normal-039,U005,2026-06-09T18:07:00,1780996020.0,PAYMENT,payment.execute,63000.0,U005-R021,BILL,UTILITY,SUCCESS,NOT_EVALUATED,2791824.8440072592,2200000.0,8500000.0,balance.read|history.read|transfer.execute|payment.execute,normal_user,RECURRING_NORMAL,0,0,0,0
E0001977,U005-normal-040,U005,2026-06-10T08:48:44,1781048924.0,PAYMENT,payment.execute,27400.0,U005-R015,MERCHANT,SHOPPING,SUCCESS,NOT_EVALUATED,2791824.8440072592,2200000.0,8500000.0,balance.read|history.read|transfer.execute|payment.execute,normal_user,DAILY_NORMAL,0,0,0,0
E0001978,U005-normal-040,U005,2026-06-10T09:28:44,1781051324.0,PAYMENT,payment.execute,145500.0,U005-R013,MERCHANT,SUBSCRIPTION,SUCCESS,NOT_EVALUATED,2791824.8440072592,2200000.0,8500000.0,balance.read|history.read|transfer.execute|payment.execute,normal_user,DAILY_NORMAL,0,0,0,0
E0001979,U005-normal-040,U005,2026-06-10T09:45:24,1781052324.0,PAYMENT,payment.execute,160600.0,U005-R023,MERCHANT,ETC,SUCCESS,NOT_EVALUATED,2791824.8440072592,2200000.0,8500000.0,balance.read|history.read|transfer.execute|payment.execute,normal_user,DAILY_NORMAL,0,0,0,0
E0001980,U005-normal-040,U005,2026-06-10T11:15:37,1781057737.0,TRANSFER,transfer.execute,190300.0,U005-R018,PERSON,P2P,SUCCESS,NOT_EVALUATED,2791824.8440072592,2200000.0,8500000.0,balance.read|history.read|transfer.execute|payment.execute,normal_user,DAILY_NORMAL,0,0,0,0
E0001981,U005-normal-040,U005,2026-06-10T11:45:22,1781059522.0,PAYMENT,payment.execute,78700.0,U005-R031,MERCHANT,TRANSPORT,SUCCESS,NOT_EVALUATED,2791824.8440072592,2200000.0,8500000.0,balance.read|history.read|transfer.execute|payment.execute,normal_user,DAILY_NORMAL,0,0,0,0
E0001982,U005-normal-040,U005,2026-06-10T15:31:29,1781073089.0,PAYMENT,payment.execute,325800.0,U005-R023,MERCHANT,ETC,SUCCESS,NOT_EVALUATED,2791824.8440072592,2200000.0,8500000.0,balance.read|history.read|transfer.execute|payment.execute,normal_user,DAILY_NORMAL,0,0,0,0
E0001983,U005-normal-040,U005,2026-06-10T15:43:37,1781073817.0,PAYMENT,payment.execute,698800.0,U005-R009,MERCHANT,FOOD,SUCCESS,NOT_EVALUATED,2791824.8440072592,2200000.0,8500000.0,balance.read|history.read|transfer.execute|payment.execute,normal_user,DAILY_NORMAL,0,0,0,0
E0001984,U005-normal-040,U005,2026-06-10T16:25:16,1781076316.0,PAYMENT,payment.execute,92700.0,U005-R005,MERCHANT,CLOUD,SUCCESS,NOT_EVALUATED,2791824.8440072592,2200000.0,8500000.0,balance.read|history.read|transfer.execute|payment.execute,normal_user,DAILY_NORMAL,0,0,0,0
E0001985,U005-normal-040,U005,2026-06-10T19:04:57,1781085897.0,PAYMENT,payment.execute,82400.0,U005-R031,MERCHANT,TRANSPORT,SUCCESS,NOT_EVALUATED,2791824.8440072592,2200000.0,8500000.0,balance.read|history.read|transfer.execute|payment.execute,normal_user,DAILY_NORMAL,0,0,0,0
E0001986,U005-normal-040,U005,2026-06-10T21:28:47,1781094527.0,PAYMENT,payment.execute,61800.0,U005-R002,BILL,UTILITY,SUCCESS,NOT_EVALUATED,2791824.8440072592,2200000.0,8500000.0,balance.read|history.read|transfer.execute|payment.execute,normal_user,DAILY_NORMAL,0,0,0,0
E0001987,U005-normal-041,U005,2026-06-11T02:35:46,1781112946.0,PAYMENT,payment.execute,69800.0,U005-R013,MERCHANT,SUBSCRIPTION,SUCCESS,NOT_EVALUATED,2791824.8440072592,2200000.0,8500000.0,balance.read|history.read|transfer.execute|payment.execute,normal_user,DAILY_NORMAL,0,0,0,0
E0001988,U005-normal-041,U005,2026-06-11T08:15:49,1781133349.0,PAYMENT,payment.execute,181400.0,U005-R008,MERCHANT,ETC,SUCCESS,NOT_EVALUATED,2791824.8440072592,2200000.0,8500000.0,balance.read|history.read|transfer.execute|payment.execute,normal_user,DAILY_NORMAL,0,0,0,0
E0001989,U005-normal-041,U005,2026-06-11T10:07:50,1781140070.0,PAYMENT,payment.execute,225000.0,U005-R031,MERCHANT,TRANSPORT,SUCCESS,NOT_EVALUATED,2791824.8440072592,2200000.0,8500000.0,balance.read|history.read|transfer.execute|payment.execute,normal_user,DAILY_NORMAL,0,0,0,0
E0001990,U005-normal-041,U005,2026-06-11T11:14:34,1781144074.0,PAYMENT,payment.execute,12800.0,U005-R015,MERCHANT,SHOPPING,SUCCESS,NOT_EVALUATED,2791824.8440072592,2200000.0,8500000.0,balance.read|history.read|transfer.execute|payment.execute,normal_user,DAILY_NORMAL,0,0,0,0
E0001991,U005-normal-041,U005,2026-06-11T13:32:21,1781152341.0,PAYMENT,payment.execute,155800.0,U005-R009,MERCHANT,FOOD,SUCCESS,NOT_EVALUATED,2791824.8440072592,2200000.0,8500000.0,balance.read|history.read|transfer.execute|payment.execute,normal_user,DAILY_NORMAL,0,0,0,0
E0001992,U005-normal-041,U005,2026-06-11T14:47:44,1781156864.0,PAYMENT,payment.execute,54600.0,U005-R009,MERCHANT,FOOD,SUCCESS,NOT_EVALUATED,2791824.8440072592,2200000.0,8500000.0,balance.read|history.read|transfer.execute|payment.execute,normal_user,DAILY_NORMAL,0,0,0,0
E0001993,U005-normal-041,U005,2026-06-11T16:57:18,1781164638.0,PAYMENT,payment.execute,85800.0,U005-R012,BILL,UTILITY,SUCCESS,NOT_EVALUATED,2791824.8440072592,2200000.0,8500000.0,balance.read|history.read|transfer.execute|payment.execute,normal_user,DAILY_NORMAL,0,0,0,0
E0001994,U005-normal-041,U005,2026-06-11T17:19:32,1781165972.0,PAYMENT,payment.execute,88600.0,U005-R009,MERCHANT,FOOD,SUCCESS,NOT_EVALUATED,2791824.8440072592,2200000.0,8500000.0,balance.read|history.read|transfer.execute|payment.execute,normal_user,DAILY_NORMAL,0,0,0,0
E0001995,U005-normal-042,U005,2026-06-12T06:14:08,1781212448.0,TRANSFER,transfer.execute,48100.0,U005-R018,PERSON,P2P,SUCCESS,NOT_EVALUATED,2791824.8440072592,2200000.0,8500000.0,balance.read|history.read|transfer.execute|payment.execute,normal_user,DAILY_NORMAL,0,0,0,0
E0001996,U005-normal-042,U005,2026-06-12T13:59:59,1781240399.0,PAYMENT,payment.execute,175400.0,U005-R019,MERCHANT,SHOPPING,SUCCESS,NOT_EVALUATED,2791824.8440072592,2200000.0,8500000.0,balance.read|history.read|transfer.execute|payment.execute,normal_user,DAILY_NORMAL,0,0,0,0
E0001997,U005-normal-042,U005,2026-06-12T14:29:30,1781242170.0,PAYMENT,payment.execute,132000.0,U005-R022,MERCHANT,SIMPLE_PAY,SUCCESS,NOT_EVALUATED,2791824.8440072592,2200000.0,8500000.0,balance.read|history.read|transfer.execute|payment.execute,normal_user,DAILY_NORMAL,0,0,0,0
E0001998,U005-normal-042,U005,2026-06-12T20:55:12,1781265312.0,TRANSFER,transfer.execute,144900.0,U005-R029,PERSON,P2P,SUCCESS,NOT_EVALUATED,2791824.8440072592,2200000.0,8500000.0,balance.read|history.read|transfer.execute|payment.execute,normal_user,DAILY_NORMAL,0,0,0,0
E0001999,U005-normal-042,U005,2026-06-12T21:19:05,1781266745.0,TRANSFER,transfer.execute,265100.0,U005-R028,PERSON,P2P,SUCCESS,NOT_EVALUATED,2791824.8440072592,2200000.0,8500000.0,balance.read|history.read|transfer.execute|payment.execute,normal_user,DAILY_NORMAL,0,0,0,0
E0002000,U005-normal-042,U005,2026-06-12T22:29:08,1781270948.0,PAYMENT,payment.execute,95700.0,U005-R016,MERCHANT,CLOUD,SUCCESS,NOT_EVALUATED,2791824.8440072592,2200000.0,8500000.0,balance.read|history.read|transfer.execute|payment.execute,normal_user,DAILY_NORMAL,0,0,0,0
E0002001,U005-normal-043,U005,2026-06-13T01:21:19,1781281279.0,PAYMENT,payment.execute,85500.0,U005-R023,MERCHANT,ETC,SUCCESS,NOT_EVALUATED,2791824.8440072592,2200000.0,8500000.0,balance.read|history.read|transfer.execute|payment.execute,normal_user,DAILY_NORMAL,0,0,0,0
E0002002,U005-normal-043,U005,2026-06-13T07:20:10,1781302810.0,PAYMENT,payment.execute,1077300.0,U005-R031,MERCHANT,TRANSPORT,SUCCESS,NOT_EVALUATED,2791824.8440072592,2200000.0,8500000.0,balance.read|history.read|transfer.execute|payment.execute,normal_user,DAILY_NORMAL,0,0,0,0
E0002003,U005-normal-043,U005,2026-06-13T09:03:07,1781308987.0,PAYMENT,payment.execute,97900.0,U005-R023,MERCHANT,ETC,SUCCESS,NOT_EVALUATED,2791824.8440072592,2200000.0,8500000.0,balance.read|history.read|transfer.execute|payment.execute,normal_user,DAILY_NORMAL,0,0,0,0
E0002004,U005-normal-043,U005,2026-06-13T11:25:19,1781317519.0,PAYMENT,payment.execute,166500.0,U005-R015,MERCHANT,SHOPPING,SUCCESS,NOT_EVALUATED,2791824.8440072592,2200000.0,8500000.0,balance.read|history.read|transfer.execute|payment.execute,normal_user,DAILY_NORMAL,0,0,0,0
E0002005,U005-hard-EMERGENCY_LARGE_TRANSFER-004,U005,2026-06-13T11:40:00,1781318400.0,TRANSFER,transfer.execute,1936000.0,U005-N814647,PERSON,P2P,SUCCESS,NOT_EVALUATED,2791824.8440072592,2200000.0,8500000.0,balance.read|history.read|transfer.execute|payment.execute,hard_negative,EMERGENCY_LARGE_TRANSFER,0,0,0,1
E0002006,U005-normal-043,U005,2026-06-13T14:19:33,1781327973.0,PAYMENT,payment.execute,144700.0,U005-R009,MERCHANT,FOOD,SUCCESS,NOT_EVALUATED,2791824.8440072592,2200000.0,8500000.0,balance.read|history.read|transfer.execute|payment.execute,normal_user,DAILY_NORMAL,0,0,0,0
E0002007,U005-normal-043,U005,2026-06-13T19:01:23,1781344883.0,PAYMENT,payment.execute,51200.0,U005-R015,MERCHANT,SHOPPING,SUCCESS,NOT_EVALUATED,2791824.8440072592,2200000.0,8500000.0,balance.read|history.read|transfer.execute|payment.execute,normal_user,DAILY_NORMAL,0,0,0,0
E0002008,U005-normal-043,U005,2026-06-13T19:55:35,1781348135.0,PAYMENT,payment.execute,1318700.0,U005-R003,MERCHANT,SUBSCRIPTION,SUCCESS,NOT_EVALUATED,2791824.8440072592,2200000.0,8500000.0,balance.read|history.read|transfer.execute|payment.execute,normal_user,DAILY_NORMAL,0,0,0,0
E0002009,U005-normal-044,U005,2026-06-14T10:59:05,1781402345.0,TRANSFER,transfer.execute,25100.0,U005-R001,PERSON,P2P,SUCCESS,NOT_EVALUATED,2791824.8440072592,2200000.0,8500000.0,balance.read|history.read|transfer.execute|payment.execute,normal_user,DAILY_NORMAL,0,0,0,0
E0002010,U005-normal-044,U005,2026-06-14T12:37:29,1781408249.0,PAYMENT,payment.execute,168300.0,U005-R015,MERCHANT,SHOPPING,SUCCESS,NOT_EVALUATED,2791824.8440072592,2200000.0,8500000.0,balance.read|history.read|transfer.execute|payment.execute,normal_user,DAILY_NORMAL,0,0,0,0
E0002011,U005-normal-044,U005,2026-06-14T14:23:26,1781414606.0,PAYMENT,payment.execute,253800.0,U005-R015,MERCHANT,SHOPPING,SUCCESS,NOT_EVALUATED,2791824.8440072592,2200000.0,8500000.0,balance.read|history.read|transfer.execute|payment.execute,normal_user,DAILY_NORMAL,0,0,0,0
E0002012,U005-normal-045,U005,2026-06-15T01:01:46,1781452906.0,TRANSFER,transfer.execute,39800.0,U005-R025,PERSON,P2P,SUCCESS,NOT_EVALUATED,2791824.8440072592,2200000.0,8500000.0,balance.read|history.read|transfer.execute|payment.execute,normal_user,DAILY_NORMAL,0,0,0,0
E0002013,U005-normal-045,U005,2026-06-15T01:41:11,1781455271.0,PAYMENT,payment.execute,243300.0,U005-R019,MERCHANT,SHOPPING,SUCCESS,NOT_EVALUATED,2791824.8440072592,2200000.0,8500000.0,balance.read|history.read|transfer.execute|payment.execute,normal_user,DAILY_NORMAL,0,0,0,0
E0002014,U005-normal-045,U005,2026-06-15T02:23:26,1781457806.0,PAYMENT,payment.execute,179800.0,U005-R009,MERCHANT,FOOD,SUCCESS,NOT_EVALUATED,2791824.8440072592,2200000.0,8500000.0,balance.read|history.read|transfer.execute|payment.execute,normal_user,DAILY_NORMAL,0,0,0,0
E0002015,U005-normal-045,U005,2026-06-15T04:38:07,1781465887.0,PAYMENT,payment.execute,71700.0,U005-R009,MERCHANT,FOOD,SUCCESS,NOT_EVALUATED,2791824.8440072592,2200000.0,8500000.0,balance.read|history.read|transfer.execute|payment.execute,normal_user,DAILY_NORMAL,0,0,0,0
E0002016,U005-normal-045,U005,2026-06-15T13:45:07,1781498707.0,PAYMENT,payment.execute,110000.0,U005-R030,MERCHANT,SIMPLE_PAY,SUCCESS,NOT_EVALUATED,2791824.8440072592,2200000.0,8500000.0,balance.read|history.read|transfer.execute|payment.execute,normal_user,DAILY_NORMAL,0,0,0,0
E0002017,U005-normal-045,U005,2026-06-15T18:47:20,1781516840.0,TRANSFER,transfer.execute,20900.0,U005-R010,PERSON,P2P,SUCCESS,NOT_EVALUATED,2791824.8440072592,2200000.0,8500000.0,balance.read|history.read|transfer.execute|payment.execute,normal_user,DAILY_NORMAL,0,0,0,0
E0002018,U005-agent-normal-031,U005,2026-06-15T21:28:01,1781526481.0,HISTORY_READ,history.read,0.0,U005-R011,MERCHANT,SIMPLE_PAY,SUCCESS,NOT_EVALUATED,2791824.8440072592,2200000.0,8500000.0,balance.read|history.read|transfer.execute|payment.execute,normal_agent,DELEGATED_NORMAL,0,0,0,0
E0002019,U005-normal-045,U005,2026-06-15T22:37:23,1781530643.0,PAYMENT,payment.execute,30200.0,U005-R009,MERCHANT,FOOD,SUCCESS,NOT_EVALUATED,2791824.8440072592,2200000.0,8500000.0,balance.read|history.read|transfer.execute|payment.execute,normal_user,DAILY_NORMAL,0,0,0,0
E0002020,U005-normal-046,U005,2026-06-16T08:02:47,1781564567.0,TRANSFER,transfer.execute,125200.0,U005-R017,PERSON,P2P,SUCCESS,NOT_EVALUATED,2791824.8440072592,2200000.0,8500000.0,balance.read|history.read|transfer.execute|payment.execute,normal_user,DAILY_NORMAL,0,0,0,0
E0002021,U005-normal-046,U005,2026-06-16T08:09:37,1781564977.0,PAYMENT,payment.execute,139500.0,U005-R009,MERCHANT,FOOD,SUCCESS,NOT_EVALUATED,2791824.8440072592,2200000.0,8500000.0,balance.read|history.read|transfer.execute|payment.execute,normal_user,DAILY_NORMAL,0,0,0,0
E0002022,U005-normal-046,U005,2026-06-16T11:54:43,1781578483.0,PAYMENT,payment.execute,208500.0,U005-R015,MERCHANT,SHOPPING,SUCCESS,NOT_EVALUATED,2791824.8440072592,2200000.0,8500000.0,balance.read|history.read|transfer.execute|payment.execute,normal_user,DAILY_NORMAL,0,0,0,0
E0002023,U005-normal-046,U005,2026-06-16T22:16:11,1781615771.0,PAYMENT,payment.execute,144700.0,U005-R013,MERCHANT,SUBSCRIPTION,SUCCESS,NOT_EVALUATED,2791824.8440072592,2200000.0,8500000.0,balance.read|history.read|transfer.execute|payment.execute,normal_user,DAILY_NORMAL,0,0,0,0
E0002024,U005-agent-normal-013,U005,2026-06-16T23:55:55,1781621755.0,PAYMENT,payment.execute,188800.0,U005-R009,MERCHANT,FOOD,SUCCESS,NOT_EVALUATED,2791824.8440072592,2200000.0,8500000.0,balance.read|history.read|transfer.execute|payment.execute,normal_agent,DELEGATED_NORMAL,0,0,0,0
E0002025,U005-normal-047,U005,2026-06-17T08:53:34,1781654014.0,PAYMENT,payment.execute,94900.0,U005-R015,MERCHANT,SHOPPING,SUCCESS,NOT_EVALUATED,2791824.8440072592,2200000.0,8500000.0,balance.read|history.read|transfer.execute|payment.execute,normal_user,DAILY_NORMAL,0,0,0,0
E0002026,U005-normal-047,U005,2026-06-17T18:40:03,1781689203.0,PAYMENT,payment.execute,25400.0,U005-R009,MERCHANT,FOOD,SUCCESS,NOT_EVALUATED,2791824.8440072592,2200000.0,8500000.0,balance.read|history.read|transfer.execute|payment.execute,normal_user,DAILY_NORMAL,0,0,0,0
E0002027,U005-misuse-CATEGORY_DRIFT-005,U005,2026-06-17T21:23:00,1781698980.0,PAYMENT,payment.execute,894859.7991740357,U005-N111561,PERSON,OVERSEAS_REMIT,SUCCESS,NOT_EVALUATED,2791824.8440072592,2200000.0,8500000.0,balance.read|history.read|transfer.execute|payment.execute,agent_misuse,CATEGORY_DRIFT,1,0,0,1
E0002028,U005-misuse-CATEGORY_DRIFT-005,U005,2026-06-17T21:40:00,1781700000.0,PAYMENT,payment.execute,696380.1276348591,U005-N658304,MERCHANT,GIFT_CARD,SUCCESS,NOT_EVALUATED,2791824.8440072592,2200000.0,8500000.0,balance.read|history.read|transfer.execute|payment.execute,agent_misuse,CATEGORY_DRIFT,1,0,0,1
E0002029,U005-misuse-CATEGORY_DRIFT-005,U005,2026-06-17T21:57:00,1781701020.0,PAYMENT,payment.execute,1075516.9310048758,U005-N176533,MERCHANT,GIFT_CARD,SUCCESS,NOT_EVALUATED,2791824.8440072592,2200000.0,8500000.0,balance.read|history.read|transfer.execute|payment.execute,agent_misuse,CATEGORY_DRIFT,1,0,0,1
E0002030,U005-misuse-CATEGORY_DRIFT-005,U005,2026-06-17T22:14:00,1781702040.0,PAYMENT,payment.execute,1025351.5364309999,U005-N842516,MERCHANT,GIFT_CARD,SUCCESS,NOT_EVALUATED,2791824.8440072592,2200000.0,8500000.0,balance.read|history.read|transfer.execute|payment.execute,agent_misuse,CATEGORY_DRIFT,1,0,0,1
E0002031,U005-misuse-CATEGORY_DRIFT-005,U005,2026-06-17T22:31:00,1781703060.0,PAYMENT,payment.execute,1015087.2036697711,U005-N793217,PERSON,OVERSEAS_REMIT,SUCCESS,NOT_EVALUATED,2791824.8440072592,2200000.0,8500000.0,balance.read|history.read|transfer.execute|payment.execute,agent_misuse,CATEGORY_DRIFT,1,0,0,1
E0002032,U005-misuse-CATEGORY_DRIFT-005,U005,2026-06-17T22:48:00,1781704080.0,PAYMENT,payment.execute,590021.0868335238,U005-N796180,MERCHANT,SECURITIES,SUCCESS,NOT_EVALUATED,2791824.8440072592,2200000.0,8500000.0,balance.read|history.read|transfer.execute|payment.execute,agent_misuse,CATEGORY_DRIFT,1,0,0,1
E0002033,U005-normal-047,U005,2026-06-17T23:04:13,1781705053.0,PAYMENT,payment.execute,403100.0,U005-R031,MERCHANT,TRANSPORT,SUCCESS,NOT_EVALUATED,2791824.8440072592,2200000.0,8500000.0,balance.read|history.read|transfer.execute|payment.execute,normal_user,DAILY_NORMAL,0,0,0,0
E0002034,U005-misuse-CATEGORY_DRIFT-005,U005,2026-06-17T23:05:00,1781705100.0,PAYMENT,payment.execute,1379290.2783693976,U005-N770496,MERCHANT,GIFT_CARD,SUCCESS,NOT_EVALUATED,2791824.8440072592,2200000.0,8500000.0,balance.read|history.read|transfer.execute|payment.execute,agent_misuse,CATEGORY_DRIFT,1,0,0,1
E0002035,U005-normal-048,U005,2026-06-18T09:00:16,1781740816.0,PAYMENT,payment.execute,59000.0,U005-R024,MERCHANT,CLOUD,SUCCESS,NOT_EVALUATED,2791824.8440072592,2200000.0,8500000.0,balance.read|history.read|transfer.execute|payment.execute,normal_user,DAILY_NORMAL,0,0,0,0
E0002036,U005-normal-048,U005,2026-06-18T09:24:11,1781742251.0,PAYMENT,payment.execute,62900.0,U005-R016,MERCHANT,CLOUD,SUCCESS,NOT_EVALUATED,2791824.8440072592,2200000.0,8500000.0,balance.read|history.read|transfer.execute|payment.execute,normal_user,DAILY_NORMAL,0,0,0,0
E0002037,U005-normal-048,U005,2026-06-18T10:54:38,1781747678.0,PAYMENT,payment.execute,49300.0,U005-R005,MERCHANT,CLOUD,SUCCESS,NOT_EVALUATED,2791824.8440072592,2200000.0,8500000.0,balance.read|history.read|transfer.execute|payment.execute,normal_user,DAILY_NORMAL,0,0,0,0
E0002038,U005-normal-048,U005,2026-06-18T11:42:58,1781750578.0,PAYMENT,payment.execute,54600.0,U005-R019,MERCHANT,SHOPPING,SUCCESS,NOT_EVALUATED,2791824.8440072592,2200000.0,8500000.0,balance.read|history.read|transfer.execute|payment.execute,normal_user,DAILY_NORMAL,0,0,0,0
E0002039,U005-normal-048,U005,2026-06-18T13:47:08,1781758028.0,PAYMENT,payment.execute,158300.0,U005-R030,MERCHANT,SIMPLE_PAY,SUCCESS,NOT_EVALUATED,2791824.8440072592,2200000.0,8500000.0,balance.read|history.read|transfer.execute|payment.execute,normal_user,DAILY_NORMAL,0,0,0,0
E0002040,U005-normal-048,U005,2026-06-18T16:47:12,1781768832.0,PAYMENT,payment.execute,157100.0,U005-R008,MERCHANT,ETC,SUCCESS,NOT_EVALUATED,2791824.8440072592,2200000.0,8500000.0,balance.read|history.read|transfer.execute|payment.execute,normal_user,DAILY_NORMAL,0,0,0,0
E0002041,U005-hard-PAYDAY_BURST-000,U005,2026-06-18T18:00:00,1781773200.0,PAYMENT,payment.execute,61600.0,U005-R006,MERCHANT,CLOUD,SUCCESS,NOT_EVALUATED,2791824.8440072592,2200000.0,8500000.0,balance.read|history.read|transfer.execute|payment.execute,hard_negative,PAYDAY_BURST,0,0,0,0
E0002042,U005-hard-PAYDAY_BURST-000,U005,2026-06-18T18:07:00,1781773620.0,PAYMENT,payment.execute,44900.0,U005-R013,MERCHANT,SUBSCRIPTION,SUCCESS,NOT_EVALUATED,2791824.8440072592,2200000.0,8500000.0,balance.read|history.read|transfer.execute|payment.execute,hard_negative,PAYDAY_BURST,0,0,0,0
E0002043,U005-hard-PAYDAY_BURST-000,U005,2026-06-18T18:14:00,1781774040.0,PAYMENT,payment.execute,90800.0,U005-R012,BILL,UTILITY,SUCCESS,NOT_EVALUATED,2791824.8440072592,2200000.0,8500000.0,balance.read|history.read|transfer.execute|payment.execute,hard_negative,PAYDAY_BURST,0,0,0,0
E0002044,U005-hard-PAYDAY_BURST-000,U005,2026-06-18T18:21:00,1781774460.0,PAYMENT,payment.execute,289600.0,U005-R023,MERCHANT,ETC,SUCCESS,NOT_EVALUATED,2791824.8440072592,2200000.0,8500000.0,balance.read|history.read|transfer.execute|payment.execute,hard_negative,PAYDAY_BURST,0,0,0,0
E0002045,U005-hard-PAYDAY_BURST-000,U005,2026-06-18T18:28:00,1781774880.0,PAYMENT,payment.execute,30800.0,U005-R026,MERCHANT,SIMPLE_PAY,SUCCESS,NOT_EVALUATED,2791824.8440072592,2200000.0,8500000.0,balance.read|history.read|transfer.execute|payment.execute,hard_negative,PAYDAY_BURST,0,0,0,0
E0002046,U005-hard-PAYDAY_BURST-000,U005,2026-06-18T18:35:00,1781775300.0,PAYMENT,payment.execute,391400.0,U005-R003,MERCHANT,SUBSCRIPTION,SUCCESS,NOT_EVALUATED,2791824.8440072592,2200000.0,8500000.0,balance.read|history.read|transfer.execute|payment.execute,hard_negative,PAYDAY_BURST,0,0,0,0
E0002047,U005-normal-049,U005,2026-06-19T07:56:57,1781823417.0,PAYMENT,payment.execute,63300.0,U005-R004,MERCHANT,ETC,SUCCESS,NOT_EVALUATED,2791824.8440072592,2200000.0,8500000.0,balance.read|history.read|transfer.execute|payment.execute,normal_user,DAILY_NORMAL,0,0,0,0
E0002048,U005-normal-049,U005,2026-06-19T09:48:14,1781830094.0,PAYMENT,payment.execute,118300.0,U005-R002,BILL,UTILITY,SUCCESS,NOT_EVALUATED,2791824.8440072592,2200000.0,8500000.0,balance.read|history.read|transfer.execute|payment.execute,normal_user,DAILY_NORMAL,0,0,0,0
E0002049,U005-normal-049,U005,2026-06-19T10:33:09,1781832789.0,PAYMENT,payment.execute,29600.0,U005-R024,MERCHANT,CLOUD,SUCCESS,NOT_EVALUATED,2791824.8440072592,2200000.0,8500000.0,balance.read|history.read|transfer.execute|payment.execute,normal_user,DAILY_NORMAL,0,0,0,0
E0002050,U005-normal-049,U005,2026-06-19T14:53:59,1781848439.0,PAYMENT,payment.execute,173200.0,U005-R006,MERCHANT,CLOUD,SUCCESS,NOT_EVALUATED,2791824.8440072592,2200000.0,8500000.0,balance.read|history.read|transfer.execute|payment.execute,normal_user,DAILY_NORMAL,0,0,0,0
E0002051,U005-normal-049,U005,2026-06-19T17:44:15,1781858655.0,TRANSFER,transfer.execute,53300.0,U005-R028,PERSON,P2P,SUCCESS,NOT_EVALUATED,2791824.8440072592,2200000.0,8500000.0,balance.read|history.read|transfer.execute|payment.execute,normal_user,DAILY_NORMAL,0,0,0,0
E0002052,U005-normal-049,U005,2026-06-19T19:05:50,1781863550.0,TRANSFER,transfer.execute,57600.0,U005-R028,PERSON,P2P,SUCCESS,NOT_EVALUATED,2791824.8440072592,2200000.0,8500000.0,balance.read|history.read|transfer.execute|payment.execute,normal_user,DAILY_NORMAL,0,0,0,0
E0002053,U005-misuse-LIMIT_RATCHETING-000,U005,2026-06-19T20:04:00,1781867040.0,TRANSFER,transfer.execute,770000.0,U005-R029,PERSON,P2P,SUCCESS,NOT_EVALUATED,2791824.8440072592,2200000.0,8500000.0,balance.read|history.read|transfer.execute|payment.execute,agent_misuse,LIMIT_RATCHETING,1,0,0,0
E0002054,U005-misuse-LIMIT_RATCHETING-000,U005,2026-06-19T20:16:00,1781867760.0,TRANSFER,transfer.execute,924000.0,U005-N151601,PERSON,P2P,SUCCESS,NOT_EVALUATED,2791824.8440072592,2200000.0,8500000.0,balance.read|history.read|transfer.execute|payment.execute,agent_misuse,LIMIT_RATCHETING,1,0,0,1
E0002055,U005-misuse-LIMIT_RATCHETING-000,U005,2026-06-19T20:28:00,1781868480.0,TRANSFER,transfer.execute,2067999.9999999998,U005-N146852,PERSON,P2P,SUCCESS,NOT_EVALUATED,2791824.8440072592,2200000.0,8500000.0,balance.read|history.read|transfer.execute|payment.execute,agent_misuse,LIMIT_RATCHETING,1,0,0,1
E0002056,U005-misuse-LIMIT_RATCHETING-000,U005,2026-06-19T20:40:00,1781869200.0,TRANSFER,transfer.execute,2134000.0,U005-N173988,PERSON,P2P,SUCCESS,NOT_EVALUATED,2791824.8440072592,2200000.0,8500000.0,balance.read|history.read|transfer.execute|payment.execute,agent_misuse,LIMIT_RATCHETING,1,0,0,1
E0002057,U005-normal-050,U005,2026-06-20T05:52:14,1781902334.0,PAYMENT,payment.execute,181300.0,U005-R009,MERCHANT,FOOD,SUCCESS,NOT_EVALUATED,2791824.8440072592,2200000.0,8500000.0,balance.read|history.read|transfer.execute|payment.execute,normal_user,DAILY_NORMAL,0,0,0,0
E0002058,U005-normal-050,U005,2026-06-20T06:47:58,1781905678.0,PAYMENT,payment.execute,151400.0,U005-R019,MERCHANT,SHOPPING,SUCCESS,NOT_EVALUATED,2791824.8440072592,2200000.0,8500000.0,balance.read|history.read|transfer.execute|payment.execute,normal_user,DAILY_NORMAL,0,0,0,0
E0002059,U005-normal-050,U005,2026-06-20T07:08:11,1781906891.0,PAYMENT,payment.execute,64900.0,U005-R011,MERCHANT,SIMPLE_PAY,SUCCESS,NOT_EVALUATED,2791824.8440072592,2200000.0,8500000.0,balance.read|history.read|transfer.execute|payment.execute,normal_user,DAILY_NORMAL,0,0,0,0
E0002060,U005-agent-normal-017,U005,2026-06-20T12:00:11,1781924411.0,HISTORY_READ,history.read,0.0,U005-R004,MERCHANT,ETC,SUCCESS,NOT_EVALUATED,2791824.8440072592,2200000.0,8500000.0,balance.read|history.read|transfer.execute|payment.execute,normal_agent,DELEGATED_NORMAL,0,0,0,0
E0002061,U005-normal-050,U005,2026-06-20T12:32:50,1781926370.0,PAYMENT,payment.execute,764800.0,U005-R023,MERCHANT,ETC,SUCCESS,NOT_EVALUATED,2791824.8440072592,2200000.0,8500000.0,balance.read|history.read|transfer.execute|payment.execute,normal_user,DAILY_NORMAL,0,0,0,0
E0002062,U005-normal-050,U005,2026-06-20T14:36:41,1781933801.0,PAYMENT,payment.execute,44700.0,U005-R031,MERCHANT,TRANSPORT,SUCCESS,NOT_EVALUATED,2791824.8440072592,2200000.0,8500000.0,balance.read|history.read|transfer.execute|payment.execute,normal_user,DAILY_NORMAL,0,0,0,0
E0002063,U005-normal-050,U005,2026-06-20T16:53:29,1781942009.0,PAYMENT,payment.execute,65900.0,U005-R008,MERCHANT,ETC,SUCCESS,NOT_EVALUATED,2791824.8440072592,2200000.0,8500000.0,balance.read|history.read|transfer.execute|payment.execute,normal_user,DAILY_NORMAL,0,0,0,0
E0002064,U005-normal-050,U005,2026-06-20T17:54:16,1781945656.0,PAYMENT,payment.execute,158500.0,U005-R020,MERCHANT,SHOPPING,SUCCESS,NOT_EVALUATED,2791824.8440072592,2200000.0,8500000.0,balance.read|history.read|transfer.execute|payment.execute,normal_user,DAILY_NORMAL,0,0,0,0
E0002065,U005-agent-normal-002,U005,2026-06-20T18:10:29,1781946629.0,BALANCE_READ,balance.read,0.0,U005-R026,MERCHANT,SIMPLE_PAY,SUCCESS,NOT_EVALUATED,2791824.8440072592,2200000.0,8500000.0,balance.read|history.read|transfer.execute|payment.execute,normal_agent,DELEGATED_NORMAL,0,0,0,0
E0002066,U005-normal-050,U005,2026-06-20T18:21:25,1781947285.0,TRANSFER,transfer.execute,295100.0,U005-R001,PERSON,P2P,SUCCESS,NOT_EVALUATED,2791824.8440072592,2200000.0,8500000.0,balance.read|history.read|transfer.execute|payment.execute,normal_user,DAILY_NORMAL,0,0,0,0
E0002067,U005-normal-050,U005,2026-06-20T21:29:08,1781958548.0,PAYMENT,payment.execute,59300.0,U005-R014,MERCHANT,SIMPLE_PAY,SUCCESS,NOT_EVALUATED,2791824.8440072592,2200000.0,8500000.0,balance.read|history.read|transfer.execute|payment.execute,normal_user,DAILY_NORMAL,0,0,0,0
E0002068,U005-normal-051,U005,2026-06-21T01:00:58,1781971258.0,TRANSFER,transfer.execute,331200.0,U005-R029,PERSON,P2P,SUCCESS,NOT_EVALUATED,2791824.8440072592,2200000.0,8500000.0,balance.read|history.read|transfer.execute|payment.execute,normal_user,DAILY_NORMAL,0,0,0,0
E0002069,U005-normal-051,U005,2026-06-21T03:17:32,1781979452.0,PAYMENT,payment.execute,31900.0,U005-R019,MERCHANT,SHOPPING,SUCCESS,NOT_EVALUATED,2791824.8440072592,2200000.0,8500000.0,balance.read|history.read|transfer.execute|payment.execute,normal_user,DAILY_NORMAL,0,0,0,0
E0002070,U005-normal-051,U005,2026-06-21T07:04:28,1781993068.0,PAYMENT,payment.execute,84300.0,U005-R015,MERCHANT,SHOPPING,SUCCESS,NOT_EVALUATED,2791824.8440072592,2200000.0,8500000.0,balance.read|history.read|transfer.execute|payment.execute,normal_user,DAILY_NORMAL,0,0,0,0
E0002071,U005-normal-051,U005,2026-06-21T10:02:26,1782003746.0,PAYMENT,payment.execute,55600.0,U005-R019,MERCHANT,SHOPPING,SUCCESS,NOT_EVALUATED,2791824.8440072592,2200000.0,8500000.0,balance.read|history.read|transfer.execute|payment.execute,normal_user,DAILY_NORMAL,0,0,0,0
E0002072,U005-normal-051,U005,2026-06-21T11:19:56,1782008396.0,PAYMENT,payment.execute,111900.0,U005-R002,BILL,UTILITY,SUCCESS,NOT_EVALUATED,2791824.8440072592,2200000.0,8500000.0,balance.read|history.read|transfer.execute|payment.execute,normal_user,DAILY_NORMAL,0,0,0,0
E0002073,U005-normal-051,U005,2026-06-21T13:03:48,1782014628.0,PAYMENT,payment.execute,144900.0,U005-R023,MERCHANT,ETC,SUCCESS,NOT_EVALUATED,2791824.8440072592,2200000.0,8500000.0,balance.read|history.read|transfer.execute|payment.execute,normal_user,DAILY_NORMAL,0,0,0,0
E0002074,U005-normal-051,U005,2026-06-21T13:17:07,1782015427.0,PAYMENT,payment.execute,57000.0,U005-R003,MERCHANT,SUBSCRIPTION,SUCCESS,NOT_EVALUATED,2791824.8440072592,2200000.0,8500000.0,balance.read|history.read|transfer.execute|payment.execute,normal_user,DAILY_NORMAL,0,0,0,0
E0002075,U005-normal-051,U005,2026-06-21T14:51:42,1782021102.0,PAYMENT,payment.execute,362500.0,U005-R024,MERCHANT,CLOUD,SUCCESS,NOT_EVALUATED,2791824.8440072592,2200000.0,8500000.0,balance.read|history.read|transfer.execute|payment.execute,normal_user,DAILY_NORMAL,0,0,0,0
E0002076,U005-normal-051,U005,2026-06-21T16:36:11,1782027371.0,PAYMENT,payment.execute,150300.0,U005-R031,MERCHANT,TRANSPORT,SUCCESS,NOT_EVALUATED,2791824.8440072592,2200000.0,8500000.0,balance.read|history.read|transfer.execute|payment.execute,normal_user,DAILY_NORMAL,0,0,0,0
E0002077,U005-normal-051,U005,2026-06-21T17:00:19,1782028819.0,PAYMENT,payment.execute,87200.0,U005-R021,BILL,UTILITY,SUCCESS,NOT_EVALUATED,2791824.8440072592,2200000.0,8500000.0,balance.read|history.read|transfer.execute|payment.execute,normal_user,DAILY_NORMAL,0,0,0,0
E0002078,U005-misuse-RECIPIENT_BURST-002,U005,2026-06-21T19:11:00,1782036660.0,TRANSFER,transfer.execute,721290.5220536353,U005-N889601,PERSON,P2P,SUCCESS,NOT_EVALUATED,2791824.8440072592,2200000.0,8500000.0,balance.read|history.read|transfer.execute|payment.execute,agent_misuse,RECIPIENT_BURST,1,0,0,1
E0002079,U005-misuse-RECIPIENT_BURST-002,U005,2026-06-21T19:16:00,1782036960.0,TRANSFER,transfer.execute,728763.2788778853,U005-N685869,PERSON,P2P,SUCCESS,NOT_EVALUATED,2791824.8440072592,2200000.0,8500000.0,balance.read|history.read|transfer.execute|payment.execute,agent_misuse,RECIPIENT_BURST,1,0,0,1
E0002080,U005-misuse-RECIPIENT_BURST-002,U005,2026-06-21T19:21:00,1782037260.0,TRANSFER,transfer.execute,938446.718982152,U005-N360068,PERSON,P2P,SUCCESS,NOT_EVALUATED,2791824.8440072592,2200000.0,8500000.0,balance.read|history.read|transfer.execute|payment.execute,agent_misuse,RECIPIENT_BURST,1,0,0,1
E0002081,U005-misuse-RECIPIENT_BURST-002,U005,2026-06-21T19:26:00,1782037560.0,TRANSFER,transfer.execute,822403.7193005121,U005-N696411,PERSON,P2P,SUCCESS,NOT_EVALUATED,2791824.8440072592,2200000.0,8500000.0,balance.read|history.read|transfer.execute|payment.execute,agent_misuse,RECIPIENT_BURST,1,0,0,1
E0002082,U005-misuse-RECIPIENT_BURST-002,U005,2026-06-21T19:31:00,1782037860.0,TRANSFER,transfer.execute,997162.2259327713,U005-N604536,PERSON,P2P,SUCCESS,NOT_EVALUATED,2791824.8440072592,2200000.0,8500000.0,balance.read|history.read|transfer.execute|payment.execute,agent_misuse,RECIPIENT_BURST,1,0,0,1
E0002083,U005-normal-051,U005,2026-06-21T21:57:52,1782046672.0,TRANSFER,transfer.execute,259600.0,U005-R010,PERSON,P2P,SUCCESS,NOT_EVALUATED,2791824.8440072592,2200000.0,8500000.0,balance.read|history.read|transfer.execute|payment.execute,normal_user,DAILY_NORMAL,0,0,0,0
E0002084,U005-normal-052,U005,2026-06-22T09:31:43,1782088303.0,TRANSFER,transfer.execute,70500.0,U005-R018,PERSON,P2P,SUCCESS,NOT_EVALUATED,2791824.8440072592,2200000.0,8500000.0,balance.read|history.read|transfer.execute|payment.execute,normal_user,DAILY_NORMAL,0,0,0,0
E0002085,U005-normal-052,U005,2026-06-22T12:31:48,1782099108.0,PAYMENT,payment.execute,48600.0,U005-R009,MERCHANT,FOOD,SUCCESS,NOT_EVALUATED,2791824.8440072592,2200000.0,8500000.0,balance.read|history.read|transfer.execute|payment.execute,normal_user,DAILY_NORMAL,0,0,0,0
E0002086,U005-normal-052,U005,2026-06-22T12:50:32,1782100232.0,PAYMENT,payment.execute,9400.0,U005-R024,MERCHANT,CLOUD,SUCCESS,NOT_EVALUATED,2791824.8440072592,2200000.0,8500000.0,balance.read|history.read|transfer.execute|payment.execute,normal_user,DAILY_NORMAL,0,0,0,0
E0002087,U005-normal-052,U005,2026-06-22T23:56:04,1782140164.0,PAYMENT,payment.execute,28400.0,U005-R005,MERCHANT,CLOUD,SUCCESS,NOT_EVALUATED,2791824.8440072592,2200000.0,8500000.0,balance.read|history.read|transfer.execute|payment.execute,normal_user,DAILY_NORMAL,0,0,0,0
E0002088,U005-normal-053,U005,2026-06-23T01:43:59,1782146639.0,PAYMENT,payment.execute,64400.0,U005-R030,MERCHANT,SIMPLE_PAY,SUCCESS,NOT_EVALUATED,2791824.8440072592,2200000.0,8500000.0,balance.read|history.read|transfer.execute|payment.execute,normal_user,DAILY_NORMAL,0,0,0,0
E0002089,U005-normal-053,U005,2026-06-23T10:15:55,1782177355.0,PAYMENT,payment.execute,245100.0,U005-R008,MERCHANT,ETC,SUCCESS,NOT_EVALUATED,2791824.8440072592,2200000.0,8500000.0,balance.read|history.read|transfer.execute|payment.execute,normal_user,DAILY_NORMAL,0,0,0,0
E0002090,U005-normal-053,U005,2026-06-23T11:31:31,1782181891.0,PAYMENT,payment.execute,462900.0,U005-R019,MERCHANT,SHOPPING,SUCCESS,NOT_EVALUATED,2791824.8440072592,2200000.0,8500000.0,balance.read|history.read|transfer.execute|payment.execute,normal_user,DAILY_NORMAL,0,0,0,0
E0002091,U005-agent-normal-024,U005,2026-06-23T20:54:19,1782215659.0,PAYMENT,payment.execute,169800.0,U005-R022,MERCHANT,SIMPLE_PAY,SUCCESS,NOT_EVALUATED,2791824.8440072592,2200000.0,8500000.0,balance.read|history.read|transfer.execute|payment.execute,normal_agent,DELEGATED_NORMAL,0,0,0,0
E0002092,U005-normal-054,U005,2026-06-24T02:23:04,1782235384.0,TRANSFER,transfer.execute,23500.0,U005-R028,PERSON,P2P,SUCCESS,NOT_EVALUATED,2791824.8440072592,2200000.0,8500000.0,balance.read|history.read|transfer.execute|payment.execute,normal_user,DAILY_NORMAL,0,0,0,0
E0002093,U005-normal-054,U005,2026-06-24T11:06:19,1782266779.0,PAYMENT,payment.execute,8200.0,U005-R019,MERCHANT,SHOPPING,SUCCESS,NOT_EVALUATED,2791824.8440072592,2200000.0,8500000.0,balance.read|history.read|transfer.execute|payment.execute,normal_user,DAILY_NORMAL,0,0,0,0
E0002094,U005-normal-054,U005,2026-06-24T12:37:47,1782272267.0,PAYMENT,payment.execute,68400.0,U005-R012,BILL,UTILITY,SUCCESS,NOT_EVALUATED,2791824.8440072592,2200000.0,8500000.0,balance.read|history.read|transfer.execute|payment.execute,normal_user,DAILY_NORMAL,0,0,0,0
E0002095,U005-normal-054,U005,2026-06-24T16:34:12,1782286452.0,PAYMENT,payment.execute,61500.0,U005-R015,MERCHANT,SHOPPING,SUCCESS,NOT_EVALUATED,2791824.8440072592,2200000.0,8500000.0,balance.read|history.read|transfer.execute|payment.execute,normal_user,DAILY_NORMAL,0,0,0,0
E0002096,U005-normal-054,U005,2026-06-24T16:44:07,1782287047.0,TRANSFER,transfer.execute,45300.0,U005-R010,PERSON,P2P,SUCCESS,NOT_EVALUATED,2791824.8440072592,2200000.0,8500000.0,balance.read|history.read|transfer.execute|payment.execute,normal_user,DAILY_NORMAL,0,0,0,0
E0002097,U005-normal-054,U005,2026-06-24T18:14:23,1782292463.0,PAYMENT,payment.execute,228500.0,U005-R002,BILL,UTILITY,SUCCESS,NOT_EVALUATED,2791824.8440072592,2200000.0,8500000.0,balance.read|history.read|transfer.execute|payment.execute,normal_user,DAILY_NORMAL,0,0,0,0
E0002098,U005-normal-054,U005,2026-06-24T18:23:06,1782292986.0,PAYMENT,payment.execute,88000.0,U005-R031,MERCHANT,TRANSPORT,SUCCESS,NOT_EVALUATED,2791824.8440072592,2200000.0,8500000.0,balance.read|history.read|transfer.execute|payment.execute,normal_user,DAILY_NORMAL,0,0,0,0
E0002099,U005-normal-054,U005,2026-06-24T20:04:38,1782299078.0,PAYMENT,payment.execute,1647100.0,U005-R002,BILL,UTILITY,SUCCESS,NOT_EVALUATED,2791824.8440072592,2200000.0,8500000.0,balance.read|history.read|transfer.execute|payment.execute,normal_user,DAILY_NORMAL,0,0,0,0
E0002100,U005-normal-054,U005,2026-06-24T21:22:30,1782303750.0,PAYMENT,payment.execute,134900.0,U005-R020,MERCHANT,SHOPPING,SUCCESS,NOT_EVALUATED,2791824.8440072592,2200000.0,8500000.0,balance.read|history.read|transfer.execute|payment.execute,normal_user,DAILY_NORMAL,0,0,0,0
E0002101,U005-paysim-fraud-006,U005,2026-06-25T00:01:00,1782313260.0,TRANSFER,transfer.execute,10776302.737272909,U005-N333631,PERSON,P2P,SUCCESS,NOT_EVALUATED,10961302.737272909,2200000.0,8500000.0,balance.read|history.read|transfer.execute|payment.execute,paysim_fraud,ACCOUNT_DRAIN_TRANSFER,1,1,1,1
E0002102,U005-paysim-fraud-006,U005,2026-06-25T00:02:00,1782313320.0,TRANSFER,transfer.execute,1299813.1780803073,U005-N333631,PERSON,P2P,SUCCESS,NOT_EVALUATED,2791824.8440072592,2200000.0,8500000.0,balance.read|history.read|transfer.execute|payment.execute,paysim_fraud,FOLLOW_UP_CASHOUT_PROXY,1,1,1,0
E0002103,U005-normal-055,U005,2026-06-25T07:20:23,1782339623.0,TRANSFER,transfer.execute,91200.0,U005-R018,PERSON,P2P,SUCCESS,NOT_EVALUATED,2791824.8440072592,2200000.0,8500000.0,balance.read|history.read|transfer.execute|payment.execute,normal_user,DAILY_NORMAL,0,0,0,0
E0002104,U005-normal-055,U005,2026-06-25T08:59:41,1782345581.0,PAYMENT,payment.execute,168500.0,U005-R019,MERCHANT,SHOPPING,SUCCESS,NOT_EVALUATED,2791824.8440072592,2200000.0,8500000.0,balance.read|history.read|transfer.execute|payment.execute,normal_user,DAILY_NORMAL,0,0,0,0
E0002105,U005-hard-BUSINESS_BATCH-005,U005,2026-06-25T10:00:00,1782349200.0,TRANSFER,transfer.execute,740000.0,U005-R010,PERSON,P2P,SUCCESS,NOT_EVALUATED,2791824.8440072592,2200000.0,8500000.0,balance.read|history.read|transfer.execute|payment.execute,hard_negative,BUSINESS_BATCH,0,0,0,0
E0002106,U005-hard-BUSINESS_BATCH-005,U005,2026-06-25T10:08:00,1782349680.0,TRANSFER,transfer.execute,740000.0,U005-R029,PERSON,P2P,SUCCESS,NOT_EVALUATED,2791824.8440072592,2200000.0,8500000.0,balance.read|history.read|transfer.execute|payment.execute,hard_negative,BUSINESS_BATCH,0,0,0,0
E0002107,U005-hard-BUSINESS_BATCH-005,U005,2026-06-25T10:16:00,1782350160.0,TRANSFER,transfer.execute,740000.0,U005-R017,PERSON,P2P,SUCCESS,NOT_EVALUATED,2791824.8440072592,2200000.0,8500000.0,balance.read|history.read|transfer.execute|payment.execute,hard_negative,BUSINESS_BATCH,0,0,0,0
E0002108,U005-hard-BUSINESS_BATCH-005,U005,2026-06-25T10:24:00,1782350640.0,TRANSFER,transfer.execute,740000.0,U005-R028,PERSON,P2P,SUCCESS,NOT_EVALUATED,2791824.8440072592,2200000.0,8500000.0,balance.read|history.read|transfer.execute|payment.execute,hard_negative,BUSINESS_BATCH,0,0,0,0
E0002109,U005-hard-BUSINESS_BATCH-005,U005,2026-06-25T10:32:00,1782351120.0,TRANSFER,transfer.execute,740000.0,U005-R025,PERSON,P2P,SUCCESS,NOT_EVALUATED,2791824.8440072592,2200000.0,8500000.0,balance.read|history.read|transfer.execute|payment.execute,hard_negative,BUSINESS_BATCH,0,0,0,0
E0002110,U005-hard-BUSINESS_BATCH-005,U005,2026-06-25T10:40:00,1782351600.0,TRANSFER,transfer.execute,740000.0,U005-R025,PERSON,P2P,SUCCESS,NOT_EVALUATED,2791824.8440072592,2200000.0,8500000.0,balance.read|history.read|transfer.execute|payment.execute,hard_negative,BUSINESS_BATCH,0,0,0,0
E0002111,U005-hard-BUSINESS_BATCH-005,U005,2026-06-25T10:48:00,1782352080.0,TRANSFER,transfer.execute,740000.0,U005-R029,PERSON,P2P,SUCCESS,NOT_EVALUATED,2791824.8440072592,2200000.0,8500000.0,balance.read|history.read|transfer.execute|payment.execute,hard_negative,BUSINESS_BATCH,0,0,0,0
E0002112,U005-normal-055,U005,2026-06-25T11:12:50,1782353570.0,PAYMENT,payment.execute,78600.0,U005-R031,MERCHANT,TRANSPORT,SUCCESS,NOT_EVALUATED,2791824.8440072592,2200000.0,8500000.0,balance.read|history.read|transfer.execute|payment.execute,normal_user,DAILY_NORMAL,0,0,0,0
E0002113,U005-normal-055,U005,2026-06-25T12:31:04,1782358264.0,PAYMENT,payment.execute,174300.0,U005-R023,MERCHANT,ETC,SUCCESS,NOT_EVALUATED,2791824.8440072592,2200000.0,8500000.0,balance.read|history.read|transfer.execute|payment.execute,normal_user,DAILY_NORMAL,0,0,0,0
E0002114,U005-normal-055,U005,2026-06-25T18:31:00,1782379860.0,TRANSFER,transfer.execute,605000.0,U005-R004,MERCHANT,ETC,SUCCESS,NOT_EVALUATED,2791824.8440072592,2200000.0,8500000.0,balance.read|history.read|transfer.execute|payment.execute,normal_user,RECURRING_NORMAL,0,0,0,0
E0002115,U005-normal-055,U005,2026-06-25T18:32:08,1782379928.0,TRANSFER,transfer.execute,172600.0,U005-R029,PERSON,P2P,SUCCESS,NOT_EVALUATED,2791824.8440072592,2200000.0,8500000.0,balance.read|history.read|transfer.execute|payment.execute,normal_user,DAILY_NORMAL,0,0,0,0
E0002116,U005-normal-055,U005,2026-06-25T22:37:24,1782394644.0,TRANSFER,transfer.execute,104900.0,U005-R029,PERSON,P2P,SUCCESS,NOT_EVALUATED,2791824.8440072592,2200000.0,8500000.0,balance.read|history.read|transfer.execute|payment.execute,normal_user,DAILY_NORMAL,0,0,0,0
E0002117,U005-normal-056,U005,2026-06-26T00:36:40,1782401800.0,PAYMENT,payment.execute,131500.0,U005-R015,MERCHANT,SHOPPING,SUCCESS,NOT_EVALUATED,2791824.8440072592,2200000.0,8500000.0,balance.read|history.read|transfer.execute|payment.execute,normal_user,DAILY_NORMAL,0,0,0,0
E0002118,U005-normal-056,U005,2026-06-26T01:04:18,1782403458.0,PAYMENT,payment.execute,55800.0,U005-R009,MERCHANT,FOOD,SUCCESS,NOT_EVALUATED,2791824.8440072592,2200000.0,8500000.0,balance.read|history.read|transfer.execute|payment.execute,normal_user,DAILY_NORMAL,0,0,0,0
E0002119,U005-normal-056,U005,2026-06-26T07:52:27,1782427947.0,PAYMENT,payment.execute,799400.0,U005-R031,MERCHANT,TRANSPORT,SUCCESS,NOT_EVALUATED,2791824.8440072592,2200000.0,8500000.0,balance.read|history.read|transfer.execute|payment.execute,normal_user,DAILY_NORMAL,0,0,0,0
E0002120,U005-normal-056,U005,2026-06-26T19:19:59,1782469199.0,PAYMENT,payment.execute,336100.0,U005-R015,MERCHANT,SHOPPING,SUCCESS,NOT_EVALUATED,2791824.8440072592,2200000.0,8500000.0,balance.read|history.read|transfer.execute|payment.execute,normal_user,DAILY_NORMAL,0,0,0,0
E0002121,U005-normal-056,U005,2026-06-26T19:20:07,1782469207.0,PAYMENT,payment.execute,33100.0,U005-R009,MERCHANT,FOOD,SUCCESS,NOT_EVALUATED,2791824.8440072592,2200000.0,8500000.0,balance.read|history.read|transfer.execute|payment.execute,normal_user,DAILY_NORMAL,0,0,0,0
E0002122,U005-normal-056,U005,2026-06-26T21:40:24,1782477624.0,TRANSFER,transfer.execute,46300.0,U005-R017,PERSON,P2P,SUCCESS,NOT_EVALUATED,2791824.8440072592,2200000.0,8500000.0,balance.read|history.read|transfer.execute|payment.execute,normal_user,DAILY_NORMAL,0,0,0,0
E0002123,U005-normal-056,U005,2026-06-26T23:05:25,1782482725.0,PAYMENT,payment.execute,77100.0,U005-R005,MERCHANT,CLOUD,SUCCESS,NOT_EVALUATED,2791824.8440072592,2200000.0,8500000.0,balance.read|history.read|transfer.execute|payment.execute,normal_user,DAILY_NORMAL,0,0,0,0
E0002124,U005-normal-057,U005,2026-06-27T00:29:31,1782487771.0,TRANSFER,transfer.execute,90500.0,U005-R000,PERSON,P2P,SUCCESS,NOT_EVALUATED,2791824.8440072592,2200000.0,8500000.0,balance.read|history.read|transfer.execute|payment.execute,normal_user,DAILY_NORMAL,0,0,0,0
E0002125,U005-normal-057,U005,2026-06-27T08:25:10,1782516310.0,PAYMENT,payment.execute,79100.0,U005-R003,MERCHANT,SUBSCRIPTION,SUCCESS,NOT_EVALUATED,2791824.8440072592,2200000.0,8500000.0,balance.read|history.read|transfer.execute|payment.execute,normal_user,DAILY_NORMAL,0,0,0,0
E0002126,U005-normal-057,U005,2026-06-27T08:30:59,1782516659.0,PAYMENT,payment.execute,61900.0,U005-R003,MERCHANT,SUBSCRIPTION,SUCCESS,NOT_EVALUATED,2791824.8440072592,2200000.0,8500000.0,balance.read|history.read|transfer.execute|payment.execute,normal_user,DAILY_NORMAL,0,0,0,0
E0002127,U005-normal-057,U005,2026-06-27T11:17:32,1782526652.0,PAYMENT,payment.execute,64700.0,U005-R026,MERCHANT,SIMPLE_PAY,SUCCESS,NOT_EVALUATED,2791824.8440072592,2200000.0,8500000.0,balance.read|history.read|transfer.execute|payment.execute,normal_user,DAILY_NORMAL,0,0,0,0
E0002128,U005-normal-058,U005,2026-06-28T01:24:44,1782577484.0,PAYMENT,payment.execute,296200.0,U005-R007,BILL,UTILITY,SUCCESS,NOT_EVALUATED,2791824.8440072592,2200000.0,8500000.0,balance.read|history.read|transfer.execute|payment.execute,normal_user,DAILY_NORMAL,0,0,0,0
E0002129,U005-normal-058,U005,2026-06-28T02:37:09,1782581829.0,PAYMENT,payment.execute,55400.0,U005-R011,MERCHANT,SIMPLE_PAY,SUCCESS,NOT_EVALUATED,2791824.8440072592,2200000.0,8500000.0,balance.read|history.read|transfer.execute|payment.execute,normal_user,DAILY_NORMAL,0,0,0,0
E0002130,U005-normal-058,U005,2026-06-28T08:28:43,1782602923.0,PAYMENT,payment.execute,370100.0,U005-R019,MERCHANT,SHOPPING,SUCCESS,NOT_EVALUATED,2791824.8440072592,2200000.0,8500000.0,balance.read|history.read|transfer.execute|payment.execute,normal_user,DAILY_NORMAL,0,0,0,0
E0002131,U005-normal-058,U005,2026-06-28T08:40:52,1782603652.0,PAYMENT,payment.execute,77100.0,U005-R008,MERCHANT,ETC,SUCCESS,NOT_EVALUATED,2791824.8440072592,2200000.0,8500000.0,balance.read|history.read|transfer.execute|payment.execute,normal_user,DAILY_NORMAL,0,0,0,0
E0002132,U005-normal-058,U005,2026-06-28T10:21:32,1782609692.0,PAYMENT,payment.execute,318000.0,U005-R009,MERCHANT,FOOD,SUCCESS,NOT_EVALUATED,2791824.8440072592,2200000.0,8500000.0,balance.read|history.read|transfer.execute|payment.execute,normal_user,DAILY_NORMAL,0,0,0,0
E0002133,U005-normal-058,U005,2026-06-28T10:24:05,1782609845.0,PAYMENT,payment.execute,65400.0,U005-R016,MERCHANT,CLOUD,SUCCESS,NOT_EVALUATED,2791824.8440072592,2200000.0,8500000.0,balance.read|history.read|transfer.execute|payment.execute,normal_user,DAILY_NORMAL,0,0,0,0
E0002134,U005-normal-058,U005,2026-06-28T12:35:22,1782617722.0,PAYMENT,payment.execute,85600.0,U005-R009,MERCHANT,FOOD,SUCCESS,NOT_EVALUATED,2791824.8440072592,2200000.0,8500000.0,balance.read|history.read|transfer.execute|payment.execute,normal_user,DAILY_NORMAL,0,0,0,0
E0002135,U005-normal-058,U005,2026-06-28T18:29:00,1782638940.0,PAYMENT,payment.execute,14900.0,U005-R003,MERCHANT,SUBSCRIPTION,SUCCESS,NOT_EVALUATED,2791824.8440072592,2200000.0,8500000.0,balance.read|history.read|transfer.execute|payment.execute,normal_user,RECURRING_NORMAL,0,0,0,0
E0002136,U005-normal-059,U005,2026-06-29T11:19:16,1782699556.0,PAYMENT,payment.execute,65600.0,U005-R015,MERCHANT,SHOPPING,SUCCESS,NOT_EVALUATED,2791824.8440072592,2200000.0,8500000.0,balance.read|history.read|transfer.execute|payment.execute,normal_user,DAILY_NORMAL,0,0,0,0
E0002137,U005-normal-059,U005,2026-06-29T12:18:03,1782703083.0,TRANSFER,transfer.execute,41700.0,U005-R025,PERSON,P2P,SUCCESS,NOT_EVALUATED,2791824.8440072592,2200000.0,8500000.0,balance.read|history.read|transfer.execute|payment.execute,normal_user,DAILY_NORMAL,0,0,0,0
E0002138,U005-normal-059,U005,2026-06-29T14:09:59,1782709799.0,TRANSFER,transfer.execute,39800.0,U005-R000,PERSON,P2P,SUCCESS,NOT_EVALUATED,2791824.8440072592,2200000.0,8500000.0,balance.read|history.read|transfer.execute|payment.execute,normal_user,DAILY_NORMAL,0,0,0,0
E0002139,U005-normal-059,U005,2026-06-29T16:21:58,1782717718.0,PAYMENT,payment.execute,65300.0,U005-R013,MERCHANT,SUBSCRIPTION,SUCCESS,NOT_EVALUATED,2791824.8440072592,2200000.0,8500000.0,balance.read|history.read|transfer.execute|payment.execute,normal_user,DAILY_NORMAL,0,0,0,0
E0002140,U005-normal-059,U005,2026-06-29T18:54:07,1782726847.0,PAYMENT,payment.execute,157200.0,U005-R019,MERCHANT,SHOPPING,SUCCESS,NOT_EVALUATED,2791824.8440072592,2200000.0,8500000.0,balance.read|history.read|transfer.execute|payment.execute,normal_user,DAILY_NORMAL,0,0,0,0
E0002141,U005-normal-059,U005,2026-06-29T20:12:11,1782731531.0,PAYMENT,payment.execute,73400.0,U005-R026,MERCHANT,SIMPLE_PAY,SUCCESS,NOT_EVALUATED,2791824.8440072592,2200000.0,8500000.0,balance.read|history.read|transfer.execute|payment.execute,normal_user,DAILY_NORMAL,0,0,0,0
E0002142,U005-normal-060,U005,2026-06-30T16:12:23,1782803543.0,PAYMENT,payment.execute,41900.0,U005-R019,MERCHANT,SHOPPING,SUCCESS,NOT_EVALUATED,2791824.8440072592,2200000.0,8500000.0,balance.read|history.read|transfer.execute|payment.execute,normal_user,DAILY_NORMAL,0,0,0,0
E0002143,U005-normal-060,U005,2026-06-30T18:21:10,1782811270.0,PAYMENT,payment.execute,64400.0,U005-R020,MERCHANT,SHOPPING,SUCCESS,NOT_EVALUATED,2791824.8440072592,2200000.0,8500000.0,balance.read|history.read|transfer.execute|payment.execute,normal_user,DAILY_NORMAL,0,0,0,0
E0002144,U005-normal-060,U005,2026-06-30T19:38:44,1782815924.0,PAYMENT,payment.execute,46400.0,U005-R014,MERCHANT,SIMPLE_PAY,SUCCESS,NOT_EVALUATED,2791824.8440072592,2200000.0,8500000.0,balance.read|history.read|transfer.execute|payment.execute,normal_user,DAILY_NORMAL,0,0,0,0
E0002145,U005-normal-060,U005,2026-06-30T21:17:11,1782821831.0,PAYMENT,payment.execute,442400.0,U005-R008,MERCHANT,ETC,SUCCESS,NOT_EVALUATED,2791824.8440072592,2200000.0,8500000.0,balance.read|history.read|transfer.execute|payment.execute,normal_user,DAILY_NORMAL,0,0,0,0
E0002146,U005-normal-061,U005,2026-07-01T08:47:21,1782863241.0,PAYMENT,payment.execute,10400.0,U005-R019,MERCHANT,SHOPPING,SUCCESS,NOT_EVALUATED,2791824.8440072592,2200000.0,8500000.0,balance.read|history.read|transfer.execute|payment.execute,normal_user,DAILY_NORMAL,0,0,0,0
E0002147,U005-normal-061,U005,2026-07-01T10:00:08,1782867608.0,PAYMENT,payment.execute,33400.0,U005-R023,MERCHANT,ETC,SUCCESS,NOT_EVALUATED,2791824.8440072592,2200000.0,8500000.0,balance.read|history.read|transfer.execute|payment.execute,normal_user,DAILY_NORMAL,0,0,0,0
E0002148,U005-normal-061,U005,2026-07-01T11:58:24,1782874704.0,PAYMENT,payment.execute,62100.0,U005-R004,MERCHANT,ETC,SUCCESS,NOT_EVALUATED,2791824.8440072592,2200000.0,8500000.0,balance.read|history.read|transfer.execute|payment.execute,normal_user,DAILY_NORMAL,0,0,0,0
E0002149,U005-normal-061,U005,2026-07-01T13:24:25,1782879865.0,TRANSFER,transfer.execute,151800.0,U005-R029,PERSON,P2P,SUCCESS,NOT_EVALUATED,2791824.8440072592,2200000.0,8500000.0,balance.read|history.read|transfer.execute|payment.execute,normal_user,DAILY_NORMAL,0,0,0,0
E0002150,U005-normal-061,U005,2026-07-01T18:55:01,1782899701.0,TRANSFER,transfer.execute,242500.0,U005-R025,PERSON,P2P,SUCCESS,NOT_EVALUATED,2791824.8440072592,2200000.0,8500000.0,balance.read|history.read|transfer.execute|payment.execute,normal_user,DAILY_NORMAL,0,0,0,0
E0002151,U005-normal-061,U005,2026-07-01T20:31:18,1782905478.0,PAYMENT,payment.execute,102200.0,U005-R031,MERCHANT,TRANSPORT,SUCCESS,NOT_EVALUATED,2791824.8440072592,2200000.0,8500000.0,balance.read|history.read|transfer.execute|payment.execute,normal_user,DAILY_NORMAL,0,0,0,0
E0002152,U005-normal-061,U005,2026-07-01T20:51:14,1782906674.0,PAYMENT,payment.execute,57900.0,U005-R008,MERCHANT,ETC,SUCCESS,NOT_EVALUATED,2791824.8440072592,2200000.0,8500000.0,balance.read|history.read|transfer.execute|payment.execute,normal_user,DAILY_NORMAL,0,0,0,0
E0002153,U005-normal-061,U005,2026-07-01T23:43:56,1782917036.0,PAYMENT,payment.execute,94200.0,U005-R019,MERCHANT,SHOPPING,SUCCESS,NOT_EVALUATED,2791824.8440072592,2200000.0,8500000.0,balance.read|history.read|transfer.execute|payment.execute,normal_user,DAILY_NORMAL,0,0,0,0
E0002154,U005-paysim-fraud-007,U005,2026-07-02T01:25:00,1782923100.0,TRANSFER,transfer.execute,4834612.822609823,U005-N618750,PERSON,P2P,SUCCESS,NOT_EVALUATED,5019612.822609823,2200000.0,8500000.0,balance.read|history.read|transfer.execute|payment.execute,paysim_fraud,ACCOUNT_DRAIN_TRANSFER,1,1,1,1
E0002155,U005-paysim-fraud-007,U005,2026-07-02T01:27:00,1782923220.0,TRANSFER,transfer.execute,2565064.9159259424,U005-N618750,PERSON,P2P,SUCCESS,NOT_EVALUATED,2791824.8440072592,2200000.0,8500000.0,balance.read|history.read|transfer.execute|payment.execute,paysim_fraud,FOLLOW_UP_CASHOUT_PROXY,1,1,1,0
E0002156,U005-normal-062,U005,2026-07-02T12:48:33,1782964113.0,PAYMENT,payment.execute,134600.0,U005-R021,BILL,UTILITY,SUCCESS,NOT_EVALUATED,2791824.8440072592,2200000.0,8500000.0,balance.read|history.read|transfer.execute|payment.execute,normal_user,DAILY_NORMAL,0,0,0,0
E0002157,U005-normal-062,U005,2026-07-02T14:23:07,1782969787.0,PAYMENT,payment.execute,116400.0,U005-R019,MERCHANT,SHOPPING,SUCCESS,NOT_EVALUATED,2791824.8440072592,2200000.0,8500000.0,balance.read|history.read|transfer.execute|payment.execute,normal_user,DAILY_NORMAL,0,0,0,0
E0002158,U005-normal-062,U005,2026-07-02T14:38:13,1782970693.0,PAYMENT,payment.execute,11400.0,U005-R007,BILL,UTILITY,SUCCESS,NOT_EVALUATED,2791824.8440072592,2200000.0,8500000.0,balance.read|history.read|transfer.execute|payment.execute,normal_user,DAILY_NORMAL,0,0,0,0
E0002159,U005-misuse-CUMULATIVE_BYPASS-003,U005,2026-07-02T15:11:00,1782972660.0,TRANSFER,transfer.execute,1584000.0,U005-R029,PERSON,P2P,SUCCESS,NOT_EVALUATED,2791824.8440072592,2200000.0,8500000.0,balance.read|history.read|transfer.execute|payment.execute,agent_misuse,CUMULATIVE_BYPASS,1,0,1,0
E0002160,U005-misuse-CUMULATIVE_BYPASS-003,U005,2026-07-02T15:39:00,1782974340.0,TRANSFER,transfer.execute,1584000.0,U005-R000,PERSON,P2P,SUCCESS,NOT_EVALUATED,2791824.8440072592,2200000.0,8500000.0,balance.read|history.read|transfer.execute|payment.execute,agent_misuse,CUMULATIVE_BYPASS,1,0,1,0
E0002161,U005-misuse-CUMULATIVE_BYPASS-003,U005,2026-07-02T16:07:00,1782976020.0,TRANSFER,transfer.execute,1584000.0,U005-R028,PERSON,P2P,SUCCESS,NOT_EVALUATED,2791824.8440072592,2200000.0,8500000.0,balance.read|history.read|transfer.execute|payment.execute,agent_misuse,CUMULATIVE_BYPASS,1,0,1,0
E0002162,U005-misuse-CUMULATIVE_BYPASS-003,U005,2026-07-02T16:35:00,1782977700.0,TRANSFER,transfer.execute,1584000.0,U005-R018,PERSON,P2P,SUCCESS,NOT_EVALUATED,2791824.8440072592,2200000.0,8500000.0,balance.read|history.read|transfer.execute|payment.execute,agent_misuse,CUMULATIVE_BYPASS,1,0,1,0
E0002163,U005-misuse-CUMULATIVE_BYPASS-003,U005,2026-07-02T17:03:00,1782979380.0,TRANSFER,transfer.execute,1584000.0,U005-R000,PERSON,P2P,SUCCESS,NOT_EVALUATED,2791824.8440072592,2200000.0,8500000.0,balance.read|history.read|transfer.execute|payment.execute,agent_misuse,CUMULATIVE_BYPASS,1,0,1,0
E0002164,U005-agent-normal-025,U005,2026-07-02T17:38:05,1782981485.0,BALANCE_READ,balance.read,0.0,U005-R017,PERSON,P2P,SUCCESS,NOT_EVALUATED,2791824.8440072592,2200000.0,8500000.0,balance.read|history.read|transfer.execute|payment.execute,normal_agent,DELEGATED_NORMAL,0,0,0,0
E0002165,U005-normal-062,U005,2026-07-02T18:25:39,1782984339.0,PAYMENT,payment.execute,143200.0,U005-R006,MERCHANT,CLOUD,SUCCESS,NOT_EVALUATED,2791824.8440072592,2200000.0,8500000.0,balance.read|history.read|transfer.execute|payment.execute,normal_user,DAILY_NORMAL,0,0,0,0
E0002166,U005-normal-062,U005,2026-07-02T20:41:22,1782992482.0,PAYMENT,payment.execute,84900.0,U005-R002,BILL,UTILITY,SUCCESS,NOT_EVALUATED,2791824.8440072592,2200000.0,8500000.0,balance.read|history.read|transfer.execute|payment.execute,normal_user,DAILY_NORMAL,0,0,0,0
E0002167,U005-normal-062,U005,2026-07-02T20:47:49,1782992869.0,PAYMENT,payment.execute,16200.0,U005-R021,BILL,UTILITY,SUCCESS,NOT_EVALUATED,2791824.8440072592,2200000.0,8500000.0,balance.read|history.read|transfer.execute|payment.execute,normal_user,DAILY_NORMAL,0,0,0,0
E0002168,U005-normal-062,U005,2026-07-02T21:13:47,1782994427.0,TRANSFER,transfer.execute,434000.0,U005-R010,PERSON,P2P,SUCCESS,NOT_EVALUATED,2791824.8440072592,2200000.0,8500000.0,balance.read|history.read|transfer.execute|payment.execute,normal_user,DAILY_NORMAL,0,0,0,0
E0002169,U005-normal-062,U005,2026-07-02T23:21:45,1783002105.0,TRANSFER,transfer.execute,381900.0,U005-R000,PERSON,P2P,SUCCESS,NOT_EVALUATED,2791824.8440072592,2200000.0,8500000.0,balance.read|history.read|transfer.execute|payment.execute,normal_user,DAILY_NORMAL,0,0,0,0
E0002170,U005-normal-063,U005,2026-07-03T06:04:22,1783026262.0,PAYMENT,payment.execute,449400.0,U005-R003,MERCHANT,SUBSCRIPTION,SUCCESS,NOT_EVALUATED,2791824.8440072592,2200000.0,8500000.0,balance.read|history.read|transfer.execute|payment.execute,normal_user,DAILY_NORMAL,0,0,0,0
E0002171,U005-normal-063,U005,2026-07-03T10:28:50,1783042130.0,PAYMENT,payment.execute,558100.0,U005-R020,MERCHANT,SHOPPING,SUCCESS,NOT_EVALUATED,2791824.8440072592,2200000.0,8500000.0,balance.read|history.read|transfer.execute|payment.execute,normal_user,DAILY_NORMAL,0,0,0,0
E0002172,U005-normal-063,U005,2026-07-03T10:46:46,1783043206.0,PAYMENT,payment.execute,60200.0,U005-R021,BILL,UTILITY,SUCCESS,NOT_EVALUATED,2791824.8440072592,2200000.0,8500000.0,balance.read|history.read|transfer.execute|payment.execute,normal_user,DAILY_NORMAL,0,0,0,0
E0002173,U005-agent-normal-007,U005,2026-07-03T14:52:59,1783057979.0,BALANCE_READ,balance.read,0.0,U005-R002,BILL,UTILITY,SUCCESS,NOT_EVALUATED,2791824.8440072592,2200000.0,8500000.0,balance.read|history.read|transfer.execute|payment.execute,normal_agent,DELEGATED_NORMAL,0,0,0,0
E0002174,U005-normal-063,U005,2026-07-03T15:43:35,1783061015.0,TRANSFER,transfer.execute,127300.0,U005-R010,PERSON,P2P,SUCCESS,NOT_EVALUATED,2791824.8440072592,2200000.0,8500000.0,balance.read|history.read|transfer.execute|payment.execute,normal_user,DAILY_NORMAL,0,0,0,0
E0002175,U005-normal-063,U005,2026-07-03T18:18:00,1783070280.0,PAYMENT,payment.execute,320000.0,U005-R006,MERCHANT,CLOUD,SUCCESS,NOT_EVALUATED,2791824.8440072592,2200000.0,8500000.0,balance.read|history.read|transfer.execute|payment.execute,normal_user,RECURRING_NORMAL,0,0,0,0
E0002176,U005-normal-063,U005,2026-07-03T18:43:11,1783071791.0,PAYMENT,payment.execute,99400.0,U005-R015,MERCHANT,SHOPPING,SUCCESS,NOT_EVALUATED,2791824.8440072592,2200000.0,8500000.0,balance.read|history.read|transfer.execute|payment.execute,normal_user,DAILY_NORMAL,0,0,0,0
E0002177,U005-normal-063,U005,2026-07-03T19:32:26,1783074746.0,TRANSFER,transfer.execute,77100.0,U005-R028,PERSON,P2P,SUCCESS,NOT_EVALUATED,2791824.8440072592,2200000.0,8500000.0,balance.read|history.read|transfer.execute|payment.execute,normal_user,DAILY_NORMAL,0,0,0,0
E0002178,U005-normal-063,U005,2026-07-03T20:40:32,1783078832.0,PAYMENT,payment.execute,281100.0,U005-R009,MERCHANT,FOOD,SUCCESS,NOT_EVALUATED,2791824.8440072592,2200000.0,8500000.0,balance.read|history.read|transfer.execute|payment.execute,normal_user,DAILY_NORMAL,0,0,0,0
E0002179,U005-paysim-fraud-005,U005,2026-07-04T01:12:00,1783095120.0,TRANSFER,transfer.execute,8582853.489851693,U005-N939767,PERSON,P2P,SUCCESS,NOT_EVALUATED,8767853.489851693,2200000.0,8500000.0,balance.read|history.read|transfer.execute|payment.execute,paysim_fraud,ACCOUNT_DRAIN_TRANSFER,1,1,1,1
E0002180,U005-paysim-fraud-005,U005,2026-07-04T01:14:00,1783095240.0,TRANSFER,transfer.execute,1744665.1791372895,U005-N939767,PERSON,P2P,SUCCESS,NOT_EVALUATED,2791824.8440072592,2200000.0,8500000.0,balance.read|history.read|transfer.execute|payment.execute,paysim_fraud,FOLLOW_UP_CASHOUT_PROXY,1,1,1,0
E0002181,U005-misuse-LOW_AND_SLOW_ATTACK-008,U005,2026-07-04T01:18:00,1783095480.0,TRANSFER,transfer.execute,1020953.0296920276,U005-N563480,PERSON,P2P,SUCCESS,NOT_EVALUATED,2791824.8440072592,2200000.0,8500000.0,balance.read|history.read|transfer.execute|payment.execute,agent_misuse,LOW_AND_SLOW_ATTACK,1,0,1,1
E0002182,U005-misuse-LOW_AND_SLOW_ATTACK-008,U005,2026-07-04T03:18:00,1783102680.0,TRANSFER,transfer.execute,646093.0034675279,U005-R018,PERSON,P2P,SUCCESS,NOT_EVALUATED,2791824.8440072592,2200000.0,8500000.0,balance.read|history.read|transfer.execute|payment.execute,agent_misuse,LOW_AND_SLOW_ATTACK,1,0,1,0
E0002183,U005-misuse-LOW_AND_SLOW_ATTACK-008,U005,2026-07-04T05:18:00,1783109880.0,TRANSFER,transfer.execute,678735.5001755928,U005-R025,PERSON,P2P,SUCCESS,NOT_EVALUATED,2791824.8440072592,2200000.0,8500000.0,balance.read|history.read|transfer.execute|payment.execute,agent_misuse,LOW_AND_SLOW_ATTACK,1,0,1,0
E0002184,U005-misuse-LOW_AND_SLOW_ATTACK-008,U005,2026-07-04T07:18:00,1783117080.0,TRANSFER,transfer.execute,901994.6938426599,U005-N843409,PERSON,P2P,SUCCESS,NOT_EVALUATED,2791824.8440072592,2200000.0,8500000.0,balance.read|history.read|transfer.execute|payment.execute,agent_misuse,LOW_AND_SLOW_ATTACK,1,0,1,1
E0002185,U005-normal-064,U005,2026-07-04T07:55:05,1783119305.0,PAYMENT,payment.execute,153000.0,U005-R002,BILL,UTILITY,SUCCESS,NOT_EVALUATED,2791824.8440072592,2200000.0,8500000.0,balance.read|history.read|transfer.execute|payment.execute,normal_user,DAILY_NORMAL,0,0,0,0
E0002186,U005-misuse-LOW_AND_SLOW_ATTACK-008,U005,2026-07-04T09:18:00,1783124280.0,TRANSFER,transfer.execute,627753.9881999437,U005-R017,PERSON,P2P,SUCCESS,NOT_EVALUATED,2791824.8440072592,2200000.0,8500000.0,balance.read|history.read|transfer.execute|payment.execute,agent_misuse,LOW_AND_SLOW_ATTACK,1,0,1,0
E0002187,U005-normal-064,U005,2026-07-04T10:10:24,1783127424.0,PAYMENT,payment.execute,38500.0,U005-R009,MERCHANT,FOOD,SUCCESS,NOT_EVALUATED,2791824.8440072592,2200000.0,8500000.0,balance.read|history.read|transfer.execute|payment.execute,normal_user,DAILY_NORMAL,0,0,0,0
E0002188,U005-misuse-LOW_AND_SLOW_ATTACK-008,U005,2026-07-04T11:18:00,1783131480.0,TRANSFER,transfer.execute,539345.9522809205,U005-R018,PERSON,P2P,SUCCESS,NOT_EVALUATED,2791824.8440072592,2200000.0,8500000.0,balance.read|history.read|transfer.execute|payment.execute,agent_misuse,LOW_AND_SLOW_ATTACK,1,0,1,0
E0002189,U005-misuse-LOW_AND_SLOW_ATTACK-008,U005,2026-07-04T13:18:00,1783138680.0,TRANSFER,transfer.execute,656917.70909313,U005-N252062,PERSON,P2P,SUCCESS,NOT_EVALUATED,2791824.8440072592,2200000.0,8500000.0,balance.read|history.read|transfer.execute|payment.execute,agent_misuse,LOW_AND_SLOW_ATTACK,1,0,1,1
E0002190,U005-normal-064,U005,2026-07-04T15:00:16,1783144816.0,PAYMENT,payment.execute,489300.0,U005-R031,MERCHANT,TRANSPORT,SUCCESS,NOT_EVALUATED,2791824.8440072592,2200000.0,8500000.0,balance.read|history.read|transfer.execute|payment.execute,normal_user,DAILY_NORMAL,0,0,0,0
E0002191,U005-misuse-LOW_AND_SLOW_ATTACK-008,U005,2026-07-04T15:18:00,1783145880.0,TRANSFER,transfer.execute,538644.6275622466,U005-R001,PERSON,P2P,SUCCESS,NOT_EVALUATED,2791824.8440072592,2200000.0,8500000.0,balance.read|history.read|transfer.execute|payment.execute,agent_misuse,LOW_AND_SLOW_ATTACK,1,0,1,0
E0002192,U005-normal-064,U005,2026-07-04T16:47:48,1783151268.0,PAYMENT,payment.execute,76300.0,U005-R009,MERCHANT,FOOD,SUCCESS,NOT_EVALUATED,2791824.8440072592,2200000.0,8500000.0,balance.read|history.read|transfer.execute|payment.execute,normal_user,DAILY_NORMAL,0,0,0,0
E0002193,U005-misuse-LOW_AND_SLOW_ATTACK-008,U005,2026-07-04T17:18:00,1783153080.0,TRANSFER,transfer.execute,789566.725600651,U005-R001,PERSON,P2P,SUCCESS,NOT_EVALUATED,2791824.8440072592,2200000.0,8500000.0,balance.read|history.read|transfer.execute|payment.execute,agent_misuse,LOW_AND_SLOW_ATTACK,1,0,1,0
E0002194,U005-normal-064,U005,2026-07-04T18:54:43,1783158883.0,PAYMENT,payment.execute,16400.0,U005-R012,BILL,UTILITY,SUCCESS,NOT_EVALUATED,2791824.8440072592,2200000.0,8500000.0,balance.read|history.read|transfer.execute|payment.execute,normal_user,DAILY_NORMAL,0,0,0,0
E0002195,U005-misuse-LOW_AND_SLOW_ATTACK-008,U005,2026-07-04T19:18:00,1783160280.0,TRANSFER,transfer.execute,574472.1152131283,U005-N339409,PERSON,P2P,SUCCESS,NOT_EVALUATED,2791824.8440072592,2200000.0,8500000.0,balance.read|history.read|transfer.execute|payment.execute,agent_misuse,LOW_AND_SLOW_ATTACK,1,0,1,1
E0002196,U005-misuse-LOW_AND_SLOW_ATTACK-008,U005,2026-07-04T21:18:00,1783167480.0,TRANSFER,transfer.execute,946525.0040633768,U005-R000,PERSON,P2P,SUCCESS,NOT_EVALUATED,2791824.8440072592,2200000.0,8500000.0,balance.read|history.read|transfer.execute|payment.execute,agent_misuse,LOW_AND_SLOW_ATTACK,1,0,1,0
E0002197,U005-misuse-LOW_AND_SLOW_ATTACK-008,U005,2026-07-04T23:18:00,1783174680.0,TRANSFER,transfer.execute,842317.6311045607,U005-R001,PERSON,P2P,SUCCESS,NOT_EVALUATED,2791824.8440072592,2200000.0,8500000.0,balance.read|history.read|transfer.execute|payment.execute,agent_misuse,LOW_AND_SLOW_ATTACK,1,0,1,0
E0002198,U005-normal-065,U005,2026-07-05T11:51:46,1783219906.0,PAYMENT,payment.execute,15400.0,U005-R008,MERCHANT,ETC,SUCCESS,NOT_EVALUATED,2791824.8440072592,2200000.0,8500000.0,balance.read|history.read|transfer.execute|payment.execute,normal_user,DAILY_NORMAL,0,0,0,0
E0002199,U005-normal-065,U005,2026-07-05T12:53:15,1783223595.0,PAYMENT,payment.execute,69600.0,U005-R005,MERCHANT,CLOUD,SUCCESS,NOT_EVALUATED,2791824.8440072592,2200000.0,8500000.0,balance.read|history.read|transfer.execute|payment.execute,normal_user,DAILY_NORMAL,0,0,0,0
E0002200,U005-normal-065,U005,2026-07-05T22:54:11,1783259651.0,TRANSFER,transfer.execute,165900.0,U005-R025,PERSON,P2P,SUCCESS,NOT_EVALUATED,2791824.8440072592,2200000.0,8500000.0,balance.read|history.read|transfer.execute|payment.execute,normal_user,DAILY_NORMAL,0,0,0,0
E0002201,U005-normal-066,U005,2026-07-06T01:25:12,1783268712.0,PAYMENT,payment.execute,170600.0,U005-R019,MERCHANT,SHOPPING,SUCCESS,NOT_EVALUATED,2791824.8440072592,2200000.0,8500000.0,balance.read|history.read|transfer.execute|payment.execute,normal_user,DAILY_NORMAL,0,0,0,0
E0002202,U005-normal-066,U005,2026-07-06T04:44:55,1783280695.0,PAYMENT,payment.execute,44400.0,U005-R031,MERCHANT,TRANSPORT,SUCCESS,NOT_EVALUATED,2791824.8440072592,2200000.0,8500000.0,balance.read|history.read|transfer.execute|payment.execute,normal_user,DAILY_NORMAL,0,0,0,0
E0002203,U005-normal-066,U005,2026-07-06T09:23:20,1783297400.0,TRANSFER,transfer.execute,1319500.0,U005-R000,PERSON,P2P,SUCCESS,NOT_EVALUATED,2791824.8440072592,2200000.0,8500000.0,balance.read|history.read|transfer.execute|payment.execute,normal_user,DAILY_NORMAL,0,0,0,0
E0002204,U005-normal-066,U005,2026-07-06T12:34:28,1783308868.0,PAYMENT,payment.execute,1482200.0,U005-R005,MERCHANT,CLOUD,SUCCESS,NOT_EVALUATED,2791824.8440072592,2200000.0,8500000.0,balance.read|history.read|transfer.execute|payment.execute,normal_user,DAILY_NORMAL,0,0,0,0
E0002205,U005-normal-066,U005,2026-07-06T14:43:13,1783316593.0,TRANSFER,transfer.execute,24400.0,U005-R028,PERSON,P2P,SUCCESS,NOT_EVALUATED,2791824.8440072592,2200000.0,8500000.0,balance.read|history.read|transfer.execute|payment.execute,normal_user,DAILY_NORMAL,0,0,0,0
E0002206,U005-normal-067,U005,2026-07-07T02:04:40,1783357480.0,PAYMENT,payment.execute,175200.0,U005-R019,MERCHANT,SHOPPING,SUCCESS,NOT_EVALUATED,2791824.8440072592,2200000.0,8500000.0,balance.read|history.read|transfer.execute|payment.execute,normal_user,DAILY_NORMAL,0,0,0,0
E0002207,U005-paysim-fraud-000,U005,2026-07-07T02:20:00,1783358400.0,TRANSFER,transfer.execute,10986289.916471219,U005-N379565,PERSON,P2P,SUCCESS,NOT_EVALUATED,11171289.916471219,2200000.0,8500000.0,balance.read|history.read|transfer.execute|payment.execute,paysim_fraud,ACCOUNT_DRAIN_TRANSFER,1,1,1,1
E0002208,U005-paysim-fraud-000,U005,2026-07-07T02:22:00,1783358520.0,TRANSFER,transfer.execute,1114853.9633887354,U005-N379565,PERSON,P2P,SUCCESS,NOT_EVALUATED,2791824.8440072592,2200000.0,8500000.0,balance.read|history.read|transfer.execute|payment.execute,paysim_fraud,FOLLOW_UP_CASHOUT_PROXY,1,1,1,0
E0002209,U005-normal-067,U005,2026-07-07T05:11:14,1783368674.0,PAYMENT,payment.execute,256800.0,U005-R023,MERCHANT,ETC,SUCCESS,NOT_EVALUATED,2791824.8440072592,2200000.0,8500000.0,balance.read|history.read|transfer.execute|payment.execute,normal_user,DAILY_NORMAL,0,0,0,0
E0002210,U005-normal-067,U005,2026-07-07T12:29:18,1783394958.0,TRANSFER,transfer.execute,75700.0,U005-R018,PERSON,P2P,SUCCESS,NOT_EVALUATED,2791824.8440072592,2200000.0,8500000.0,balance.read|history.read|transfer.execute|payment.execute,normal_user,DAILY_NORMAL,0,0,0,0
E0002211,U005-normal-067,U005,2026-07-07T12:36:00,1783395360.0,PAYMENT,payment.execute,169200.0,U005-R008,MERCHANT,ETC,SUCCESS,NOT_EVALUATED,2791824.8440072592,2200000.0,8500000.0,balance.read|history.read|transfer.execute|payment.execute,normal_user,DAILY_NORMAL,0,0,0,0
E0002212,U005-normal-067,U005,2026-07-07T17:02:20,1783411340.0,PAYMENT,payment.execute,424000.0,U005-R009,MERCHANT,FOOD,SUCCESS,NOT_EVALUATED,2791824.8440072592,2200000.0,8500000.0,balance.read|history.read|transfer.execute|payment.execute,normal_user,DAILY_NORMAL,0,0,0,0
E0002213,U005-normal-067,U005,2026-07-07T17:37:30,1783413450.0,PAYMENT,payment.execute,88300.0,U005-R007,BILL,UTILITY,SUCCESS,NOT_EVALUATED,2791824.8440072592,2200000.0,8500000.0,balance.read|history.read|transfer.execute|payment.execute,normal_user,DAILY_NORMAL,0,0,0,0
E0002214,U005-normal-067,U005,2026-07-07T21:07:46,1783426066.0,PAYMENT,payment.execute,40900.0,U005-R015,MERCHANT,SHOPPING,SUCCESS,NOT_EVALUATED,2791824.8440072592,2200000.0,8500000.0,balance.read|history.read|transfer.execute|payment.execute,normal_user,DAILY_NORMAL,0,0,0,0
E0002215,U005-normal-068,U005,2026-07-08T08:27:54,1783466874.0,PAYMENT,payment.execute,102700.0,U005-R008,MERCHANT,ETC,SUCCESS,NOT_EVALUATED,2791824.8440072592,2200000.0,8500000.0,balance.read|history.read|transfer.execute|payment.execute,normal_user,DAILY_NORMAL,0,0,0,0
E0002216,U005-normal-068,U005,2026-07-08T10:11:32,1783473092.0,TRANSFER,transfer.execute,237200.0,U005-R000,PERSON,P2P,SUCCESS,NOT_EVALUATED,2791824.8440072592,2200000.0,8500000.0,balance.read|history.read|transfer.execute|payment.execute,normal_user,DAILY_NORMAL,0,0,0,0
E0002217,U005-agent-normal-026,U005,2026-07-08T10:38:57,1783474737.0,HISTORY_READ,history.read,0.0,U005-R025,PERSON,P2P,SUCCESS,NOT_EVALUATED,2791824.8440072592,2200000.0,8500000.0,balance.read|history.read|transfer.execute|payment.execute,normal_agent,DELEGATED_NORMAL,0,0,0,0
E0002218,U005-normal-068,U005,2026-07-08T17:21:06,1783498866.0,PAYMENT,payment.execute,1581200.0,U005-R004,MERCHANT,ETC,SUCCESS,NOT_EVALUATED,2791824.8440072592,2200000.0,8500000.0,balance.read|history.read|transfer.execute|payment.execute,normal_user,DAILY_NORMAL,0,0,0,0
E0002219,U005-normal-068,U005,2026-07-08T18:21:42,1783502502.0,PAYMENT,payment.execute,24500.0,U005-R031,MERCHANT,TRANSPORT,SUCCESS,NOT_EVALUATED,2791824.8440072592,2200000.0,8500000.0,balance.read|history.read|transfer.execute|payment.execute,normal_user,DAILY_NORMAL,0,0,0,0
E0002220,U005-normal-068,U005,2026-07-08T21:57:18,1783515438.0,TRANSFER,transfer.execute,168200.0,U005-R018,PERSON,P2P,SUCCESS,NOT_EVALUATED,2791824.8440072592,2200000.0,8500000.0,balance.read|history.read|transfer.execute|payment.execute,normal_user,DAILY_NORMAL,0,0,0,0
E0002221,U005-normal-069,U005,2026-07-09T01:01:06,1783526466.0,TRANSFER,transfer.execute,248900.0,U005-R028,PERSON,P2P,SUCCESS,NOT_EVALUATED,2791824.8440072592,2200000.0,8500000.0,balance.read|history.read|transfer.execute|payment.execute,normal_user,DAILY_NORMAL,0,0,0,0
E0002222,U005-normal-069,U005,2026-07-09T07:57:29,1783551449.0,PAYMENT,payment.execute,19400.0,U005-R027,MERCHANT,SIMPLE_PAY,SUCCESS,NOT_EVALUATED,2791824.8440072592,2200000.0,8500000.0,balance.read|history.read|transfer.execute|payment.execute,normal_user,DAILY_NORMAL,0,0,0,0
E0002223,U005-normal-069,U005,2026-07-09T09:19:18,1783556358.0,PAYMENT,payment.execute,69300.0,U005-R031,MERCHANT,TRANSPORT,SUCCESS,NOT_EVALUATED,2791824.8440072592,2200000.0,8500000.0,balance.read|history.read|transfer.execute|payment.execute,normal_user,DAILY_NORMAL,0,0,0,0
E0002224,U005-normal-069,U005,2026-07-09T13:29:42,1783571382.0,TRANSFER,transfer.execute,18900.0,U005-R000,PERSON,P2P,SUCCESS,NOT_EVALUATED,2791824.8440072592,2200000.0,8500000.0,balance.read|history.read|transfer.execute|payment.execute,normal_user,DAILY_NORMAL,0,0,0,0
E0002225,U005-normal-069,U005,2026-07-09T17:22:44,1783585364.0,PAYMENT,payment.execute,58700.0,U005-R031,MERCHANT,TRANSPORT,SUCCESS,NOT_EVALUATED,2791824.8440072592,2200000.0,8500000.0,balance.read|history.read|transfer.execute|payment.execute,normal_user,DAILY_NORMAL,0,0,0,0
E0002226,U005-normal-069,U005,2026-07-09T18:01:00,1783587660.0,PAYMENT,payment.execute,63000.0,U005-R021,BILL,UTILITY,SUCCESS,NOT_EVALUATED,2791824.8440072592,2200000.0,8500000.0,balance.read|history.read|transfer.execute|payment.execute,normal_user,RECURRING_NORMAL,0,0,0,0
E0002227,U005-normal-069,U005,2026-07-09T18:36:46,1783589806.0,PAYMENT,payment.execute,343000.0,U005-R027,MERCHANT,SIMPLE_PAY,SUCCESS,NOT_EVALUATED,2791824.8440072592,2200000.0,8500000.0,balance.read|history.read|transfer.execute|payment.execute,normal_user,DAILY_NORMAL,0,0,0,0
E0002228,U005-normal-069,U005,2026-07-09T18:56:49,1783591009.0,PAYMENT,payment.execute,96000.0,U005-R024,MERCHANT,CLOUD,SUCCESS,NOT_EVALUATED,2791824.8440072592,2200000.0,8500000.0,balance.read|history.read|transfer.execute|payment.execute,normal_user,DAILY_NORMAL,0,0,0,0
E0002229,U005-agent-normal-027,U005,2026-07-09T21:16:15,1783599375.0,HISTORY_READ,history.read,0.0,U005-R011,MERCHANT,SIMPLE_PAY,SUCCESS,NOT_EVALUATED,2791824.8440072592,2200000.0,8500000.0,balance.read|history.read|transfer.execute|payment.execute,normal_agent,DELEGATED_NORMAL,0,0,0,0
E0002230,U005-normal-070,U005,2026-07-10T02:44:15,1783619055.0,PAYMENT,payment.execute,36000.0,U005-R007,BILL,UTILITY,SUCCESS,NOT_EVALUATED,2791824.8440072592,2200000.0,8500000.0,balance.read|history.read|transfer.execute|payment.execute,normal_user,DAILY_NORMAL,0,0,0,0
E0002231,U005-normal-070,U005,2026-07-10T05:39:44,1783629584.0,TRANSFER,transfer.execute,52800.0,U005-R001,PERSON,P2P,SUCCESS,NOT_EVALUATED,2791824.8440072592,2200000.0,8500000.0,balance.read|history.read|transfer.execute|payment.execute,normal_user,DAILY_NORMAL,0,0,0,0
E0002232,U005-normal-070,U005,2026-07-10T13:30:21,1783657821.0,TRANSFER,transfer.execute,17900.0,U005-R010,PERSON,P2P,SUCCESS,NOT_EVALUATED,2791824.8440072592,2200000.0,8500000.0,balance.read|history.read|transfer.execute|payment.execute,normal_user,DAILY_NORMAL,0,0,0,0
E0002233,U005-agent-normal-001,U005,2026-07-10T14:13:29,1783660409.0,PAYMENT,payment.execute,31800.0,U005-R017,PERSON,P2P,SUCCESS,NOT_EVALUATED,2791824.8440072592,2200000.0,8500000.0,balance.read|history.read|transfer.execute|payment.execute,normal_agent,DELEGATED_NORMAL,0,0,0,0
E0002234,U005-normal-070,U005,2026-07-10T17:29:35,1783672175.0,TRANSFER,transfer.execute,11500.0,U005-R001,PERSON,P2P,SUCCESS,NOT_EVALUATED,2791824.8440072592,2200000.0,8500000.0,balance.read|history.read|transfer.execute|payment.execute,normal_user,DAILY_NORMAL,0,0,0,0
E0002235,U005-normal-070,U005,2026-07-10T22:32:49,1783690369.0,PAYMENT,payment.execute,135900.0,U005-R020,MERCHANT,SHOPPING,SUCCESS,NOT_EVALUATED,2791824.8440072592,2200000.0,8500000.0,balance.read|history.read|transfer.execute|payment.execute,normal_user,DAILY_NORMAL,0,0,0,0
E0002236,U005-normal-071,U005,2026-07-11T00:37:55,1783697875.0,PAYMENT,payment.execute,53800.0,U005-R030,MERCHANT,SIMPLE_PAY,SUCCESS,NOT_EVALUATED,2791824.8440072592,2200000.0,8500000.0,balance.read|history.read|transfer.execute|payment.execute,normal_user,DAILY_NORMAL,0,0,0,0
E0002237,U005-normal-071,U005,2026-07-11T01:49:35,1783702175.0,PAYMENT,payment.execute,267000.0,U005-R031,MERCHANT,TRANSPORT,SUCCESS,NOT_EVALUATED,2791824.8440072592,2200000.0,8500000.0,balance.read|history.read|transfer.execute|payment.execute,normal_user,DAILY_NORMAL,0,0,0,0
E0002238,U005-normal-071,U005,2026-07-11T02:15:10,1783703710.0,PAYMENT,payment.execute,59900.0,U005-R003,MERCHANT,SUBSCRIPTION,SUCCESS,NOT_EVALUATED,2791824.8440072592,2200000.0,8500000.0,balance.read|history.read|transfer.execute|payment.execute,normal_user,DAILY_NORMAL,0,0,0,0
E0002239,U005-normal-071,U005,2026-07-11T10:03:32,1783731812.0,PAYMENT,payment.execute,89900.0,U005-R019,MERCHANT,SHOPPING,SUCCESS,NOT_EVALUATED,2791824.8440072592,2200000.0,8500000.0,balance.read|history.read|transfer.execute|payment.execute,normal_user,DAILY_NORMAL,0,0,0,0
E0002240,U005-normal-071,U005,2026-07-11T12:17:26,1783739846.0,PAYMENT,payment.execute,149800.0,U005-R031,MERCHANT,TRANSPORT,SUCCESS,NOT_EVALUATED,2791824.8440072592,2200000.0,8500000.0,balance.read|history.read|transfer.execute|payment.execute,normal_user,DAILY_NORMAL,0,0,0,0
E0002241,U005-normal-071,U005,2026-07-11T13:50:12,1783745412.0,TRANSFER,transfer.execute,1642000.0,U005-R018,PERSON,P2P,SUCCESS,NOT_EVALUATED,2791824.8440072592,2200000.0,8500000.0,balance.read|history.read|transfer.execute|payment.execute,normal_user,DAILY_NORMAL,0,0,0,0
E0002242,U005-normal-071,U005,2026-07-11T14:06:45,1783746405.0,TRANSFER,transfer.execute,108700.0,U005-R000,PERSON,P2P,SUCCESS,NOT_EVALUATED,2791824.8440072592,2200000.0,8500000.0,balance.read|history.read|transfer.execute|payment.execute,normal_user,DAILY_NORMAL,0,0,0,0
E0002243,U005-normal-071,U005,2026-07-11T19:06:04,1783764364.0,PAYMENT,payment.execute,57900.0,U005-R015,MERCHANT,SHOPPING,SUCCESS,NOT_EVALUATED,2791824.8440072592,2200000.0,8500000.0,balance.read|history.read|transfer.execute|payment.execute,normal_user,DAILY_NORMAL,0,0,0,0
E0002244,U005-normal-071,U005,2026-07-11T20:45:12,1783770312.0,PAYMENT,payment.execute,62300.0,U005-R016,MERCHANT,CLOUD,SUCCESS,NOT_EVALUATED,2791824.8440072592,2200000.0,8500000.0,balance.read|history.read|transfer.execute|payment.execute,normal_user,DAILY_NORMAL,0,0,0,0
E0002245,U005-paysim-fraud-004,U005,2026-07-12T01:13:00,1783786380.0,TRANSFER,transfer.execute,12929073.501892788,U005-N869007,PERSON,P2P,SUCCESS,NOT_EVALUATED,13114073.501892788,2200000.0,8500000.0,balance.read|history.read|transfer.execute|payment.execute,paysim_fraud,ACCOUNT_DRAIN_TRANSFER,1,1,1,1
E0002246,U005-paysim-fraud-004,U005,2026-07-12T01:16:00,1783786560.0,TRANSFER,transfer.execute,1559497.9576748032,U005-N869007,PERSON,P2P,SUCCESS,NOT_EVALUATED,2791824.8440072592,2200000.0,8500000.0,balance.read|history.read|transfer.execute|payment.execute,paysim_fraud,FOLLOW_UP_CASHOUT_PROXY,1,1,1,0
E0002247,U005-normal-072,U005,2026-07-12T02:43:50,1783791830.0,PAYMENT,payment.execute,1166000.0,U005-R012,BILL,UTILITY,SUCCESS,NOT_EVALUATED,2791824.8440072592,2200000.0,8500000.0,balance.read|history.read|transfer.execute|payment.execute,normal_user,DAILY_NORMAL,0,0,0,0
E0002248,U005-normal-072,U005,2026-07-12T07:45:25,1783809925.0,PAYMENT,payment.execute,115200.0,U005-R020,MERCHANT,SHOPPING,SUCCESS,NOT_EVALUATED,2791824.8440072592,2200000.0,8500000.0,balance.read|history.read|transfer.execute|payment.execute,normal_user,DAILY_NORMAL,0,0,0,0
E0002249,U005-normal-072,U005,2026-07-12T08:23:56,1783812236.0,TRANSFER,transfer.execute,28400.0,U005-R017,PERSON,P2P,SUCCESS,NOT_EVALUATED,2791824.8440072592,2200000.0,8500000.0,balance.read|history.read|transfer.execute|payment.execute,normal_user,DAILY_NORMAL,0,0,0,0
E0002250,U005-normal-072,U005,2026-07-12T09:09:23,1783814963.0,PAYMENT,payment.execute,37100.0,U005-R013,MERCHANT,SUBSCRIPTION,SUCCESS,NOT_EVALUATED,2791824.8440072592,2200000.0,8500000.0,balance.read|history.read|transfer.execute|payment.execute,normal_user,DAILY_NORMAL,0,0,0,0
E0002251,U005-normal-072,U005,2026-07-12T09:15:51,1783815351.0,PAYMENT,payment.execute,241700.0,U005-R002,BILL,UTILITY,SUCCESS,NOT_EVALUATED,2791824.8440072592,2200000.0,8500000.0,balance.read|history.read|transfer.execute|payment.execute,normal_user,DAILY_NORMAL,0,0,0,0
E0002252,U005-normal-072,U005,2026-07-12T09:37:17,1783816637.0,PAYMENT,payment.execute,493200.0,U005-R004,MERCHANT,ETC,SUCCESS,NOT_EVALUATED,2791824.8440072592,2200000.0,8500000.0,balance.read|history.read|transfer.execute|payment.execute,normal_user,DAILY_NORMAL,0,0,0,0
E0002253,U005-normal-072,U005,2026-07-12T18:40:09,1783849209.0,TRANSFER,transfer.execute,65700.0,U005-R000,PERSON,P2P,SUCCESS,NOT_EVALUATED,2791824.8440072592,2200000.0,8500000.0,balance.read|history.read|transfer.execute|payment.execute,normal_user,DAILY_NORMAL,0,0,0,0
E0002254,U005-normal-072,U005,2026-07-12T21:40:50,1783860050.0,PAYMENT,payment.execute,152800.0,U005-R006,MERCHANT,CLOUD,SUCCESS,NOT_EVALUATED,2791824.8440072592,2200000.0,8500000.0,balance.read|history.read|transfer.execute|payment.execute,normal_user,DAILY_NORMAL,0,0,0,0
E0002255,U005-normal-072,U005,2026-07-12T23:26:47,1783866407.0,PAYMENT,payment.execute,275700.0,U005-R031,MERCHANT,TRANSPORT,SUCCESS,NOT_EVALUATED,2791824.8440072592,2200000.0,8500000.0,balance.read|history.read|transfer.execute|payment.execute,normal_user,DAILY_NORMAL,0,0,0,0
E0002256,U005-agent-normal-020,U005,2026-07-13T07:18:14,1783894694.0,HISTORY_READ,history.read,0.0,U005-R017,PERSON,P2P,SUCCESS,NOT_EVALUATED,2791824.8440072592,2200000.0,8500000.0,balance.read|history.read|transfer.execute|payment.execute,normal_agent,DELEGATED_NORMAL,0,0,0,0
E0002257,U005-normal-073,U005,2026-07-13T08:38:55,1783899535.0,TRANSFER,transfer.execute,70000.0,U005-R017,PERSON,P2P,SUCCESS,NOT_EVALUATED,2791824.8440072592,2200000.0,8500000.0,balance.read|history.read|transfer.execute|payment.execute,normal_user,DAILY_NORMAL,0,0,0,0
E0002258,U005-normal-073,U005,2026-07-13T12:39:47,1783913987.0,PAYMENT,payment.execute,11500.0,U005-R009,MERCHANT,FOOD,SUCCESS,NOT_EVALUATED,2791824.8440072592,2200000.0,8500000.0,balance.read|history.read|transfer.execute|payment.execute,normal_user,DAILY_NORMAL,0,0,0,0
E0002259,U005-normal-073,U005,2026-07-13T16:43:51,1783928631.0,PAYMENT,payment.execute,73500.0,U005-R021,BILL,UTILITY,SUCCESS,NOT_EVALUATED,2791824.8440072592,2200000.0,8500000.0,balance.read|history.read|transfer.execute|payment.execute,normal_user,DAILY_NORMAL,0,0,0,0
E0002260,U005-normal-073,U005,2026-07-13T18:40:36,1783935636.0,TRANSFER,transfer.execute,67400.0,U005-R010,PERSON,P2P,SUCCESS,NOT_EVALUATED,2791824.8440072592,2200000.0,8500000.0,balance.read|history.read|transfer.execute|payment.execute,normal_user,DAILY_NORMAL,0,0,0,0
E0002261,U005-normal-073,U005,2026-07-13T20:05:35,1783940735.0,TRANSFER,transfer.execute,8300.0,U005-R018,PERSON,P2P,SUCCESS,NOT_EVALUATED,2791824.8440072592,2200000.0,8500000.0,balance.read|history.read|transfer.execute|payment.execute,normal_user,DAILY_NORMAL,0,0,0,0
E0002262,U005-normal-073,U005,2026-07-13T20:08:32,1783940912.0,TRANSFER,transfer.execute,366000.0,U005-R025,PERSON,P2P,SUCCESS,NOT_EVALUATED,2791824.8440072592,2200000.0,8500000.0,balance.read|history.read|transfer.execute|payment.execute,normal_user,DAILY_NORMAL,0,0,0,0
E0002263,U005-normal-074,U005,2026-07-14T06:06:55,1783976815.0,TRANSFER,transfer.execute,61500.0,U005-R017,PERSON,P2P,SUCCESS,NOT_EVALUATED,2791824.8440072592,2200000.0,8500000.0,balance.read|history.read|transfer.execute|payment.execute,normal_user,DAILY_NORMAL,0,0,0,0
E0002264,U005-normal-074,U005,2026-07-14T10:32:39,1783992759.0,PAYMENT,payment.execute,72200.0,U005-R004,MERCHANT,ETC,SUCCESS,NOT_EVALUATED,2791824.8440072592,2200000.0,8500000.0,balance.read|history.read|transfer.execute|payment.execute,normal_user,DAILY_NORMAL,0,0,0,0
E0002265,U005-normal-074,U005,2026-07-14T12:05:52,1783998352.0,PAYMENT,payment.execute,58200.0,U005-R021,BILL,UTILITY,SUCCESS,NOT_EVALUATED,2791824.8440072592,2200000.0,8500000.0,balance.read|history.read|transfer.execute|payment.execute,normal_user,DAILY_NORMAL,0,0,0,0
E0002266,U005-normal-074,U005,2026-07-14T12:13:19,1783998799.0,PAYMENT,payment.execute,52900.0,U005-R007,BILL,UTILITY,SUCCESS,NOT_EVALUATED,2791824.8440072592,2200000.0,8500000.0,balance.read|history.read|transfer.execute|payment.execute,normal_user,DAILY_NORMAL,0,0,0,0
E0002267,U005-normal-074,U005,2026-07-14T12:28:35,1783999715.0,PAYMENT,payment.execute,15300.0,U005-R009,MERCHANT,FOOD,SUCCESS,NOT_EVALUATED,2791824.8440072592,2200000.0,8500000.0,balance.read|history.read|transfer.execute|payment.execute,normal_user,DAILY_NORMAL,0,0,0,0
E0002268,U005-normal-074,U005,2026-07-14T16:13:53,1784013233.0,PAYMENT,payment.execute,57200.0,U005-R031,MERCHANT,TRANSPORT,SUCCESS,NOT_EVALUATED,2791824.8440072592,2200000.0,8500000.0,balance.read|history.read|transfer.execute|payment.execute,normal_user,DAILY_NORMAL,0,0,0,0
E0002269,U005-normal-074,U005,2026-07-14T16:18:55,1784013535.0,PAYMENT,payment.execute,106300.0,U005-R024,MERCHANT,CLOUD,SUCCESS,NOT_EVALUATED,2791824.8440072592,2200000.0,8500000.0,balance.read|history.read|transfer.execute|payment.execute,normal_user,DAILY_NORMAL,0,0,0,0
E0002270,U005-normal-074,U005,2026-07-14T17:11:01,1784016661.0,PAYMENT,payment.execute,142900.0,U005-R016,MERCHANT,CLOUD,SUCCESS,NOT_EVALUATED,2791824.8440072592,2200000.0,8500000.0,balance.read|history.read|transfer.execute|payment.execute,normal_user,DAILY_NORMAL,0,0,0,0
E0002271,U005-normal-074,U005,2026-07-14T19:56:10,1784026570.0,TRANSFER,transfer.execute,128200.0,U005-R025,PERSON,P2P,SUCCESS,NOT_EVALUATED,2791824.8440072592,2200000.0,8500000.0,balance.read|history.read|transfer.execute|payment.execute,normal_user,DAILY_NORMAL,0,0,0,0
E0002272,U005-normal-074,U005,2026-07-14T22:09:41,1784034581.0,PAYMENT,payment.execute,124600.0,U005-R023,MERCHANT,ETC,SUCCESS,NOT_EVALUATED,2791824.8440072592,2200000.0,8500000.0,balance.read|history.read|transfer.execute|payment.execute,normal_user,DAILY_NORMAL,0,0,0,0
E0002273,U005-normal-075,U005,2026-07-15T08:11:55,1784070715.0,PAYMENT,payment.execute,84800.0,U005-R011,MERCHANT,SIMPLE_PAY,SUCCESS,NOT_EVALUATED,2791824.8440072592,2200000.0,8500000.0,balance.read|history.read|transfer.execute|payment.execute,normal_user,DAILY_NORMAL,0,0,0,0
E0002274,U005-normal-075,U005,2026-07-15T17:14:37,1784103277.0,PAYMENT,payment.execute,27200.0,U005-R011,MERCHANT,SIMPLE_PAY,SUCCESS,NOT_EVALUATED,2791824.8440072592,2200000.0,8500000.0,balance.read|history.read|transfer.execute|payment.execute,normal_user,DAILY_NORMAL,0,0,0,0
E0002275,U005-misuse-POLICY_CONFLICT-007,U005,2026-07-15T19:01:00,1784109660.0,TRANSFER,transfer.execute,2596000.0,U005-N588437,PERSON,P2P,SUCCESS,NOT_EVALUATED,2791824.8440072592,2200000.0,8500000.0,balance.read|history.read|transfer.execute|payment.execute,agent_misuse,POLICY_CONFLICT,1,0,1,1
E0002276,U005-agent-normal-016,U005,2026-07-15T21:37:39,1784119059.0,PAYMENT,payment.execute,72700.0,U005-R006,MERCHANT,CLOUD,SUCCESS,NOT_EVALUATED,2791824.8440072592,2200000.0,8500000.0,balance.read|history.read|transfer.execute|payment.execute,normal_agent,DELEGATED_NORMAL,0,0,0,0
E0002277,U005-normal-076,U005,2026-07-16T08:19:14,1784157554.0,PAYMENT,payment.execute,120700.0,U005-R015,MERCHANT,SHOPPING,SUCCESS,NOT_EVALUATED,2791824.8440072592,2200000.0,8500000.0,balance.read|history.read|transfer.execute|payment.execute,normal_user,DAILY_NORMAL,0,0,0,0
E0002278,U005-normal-076,U005,2026-07-16T10:47:10,1784166430.0,TRANSFER,transfer.execute,160500.0,U005-R028,PERSON,P2P,SUCCESS,NOT_EVALUATED,2791824.8440072592,2200000.0,8500000.0,balance.read|history.read|transfer.execute|payment.execute,normal_user,DAILY_NORMAL,0,0,0,0
E0002279,U005-normal-076,U005,2026-07-16T12:08:45,1784171325.0,PAYMENT,payment.execute,73200.0,U005-R021,BILL,UTILITY,SUCCESS,NOT_EVALUATED,2791824.8440072592,2200000.0,8500000.0,balance.read|history.read|transfer.execute|payment.execute,normal_user,DAILY_NORMAL,0,0,0,0
E0002280,U005-normal-076,U005,2026-07-16T19:16:05,1784196965.0,PAYMENT,payment.execute,54400.0,U005-R020,MERCHANT,SHOPPING,SUCCESS,NOT_EVALUATED,2791824.8440072592,2200000.0,8500000.0,balance.read|history.read|transfer.execute|payment.execute,normal_user,DAILY_NORMAL,0,0,0,0
E0002281,U005-normal-076,U005,2026-07-16T19:31:55,1784197915.0,PAYMENT,payment.execute,162300.0,U005-R009,MERCHANT,FOOD,SUCCESS,NOT_EVALUATED,2791824.8440072592,2200000.0,8500000.0,balance.read|history.read|transfer.execute|payment.execute,normal_user,DAILY_NORMAL,0,0,0,0
E0002282,U005-normal-076,U005,2026-07-16T19:43:23,1784198603.0,TRANSFER,transfer.execute,288100.0,U005-R029,PERSON,P2P,SUCCESS,NOT_EVALUATED,2791824.8440072592,2200000.0,8500000.0,balance.read|history.read|transfer.execute|payment.execute,normal_user,DAILY_NORMAL,0,0,0,0
E0002283,U005-paysim-fraud-003,U005,2026-07-17T00:22:00,1784215320.0,TRANSFER,transfer.execute,5709714.70336549,U005-N448254,PERSON,P2P,SUCCESS,NOT_EVALUATED,5894714.70336549,2200000.0,8500000.0,balance.read|history.read|transfer.execute|payment.execute,paysim_fraud,ACCOUNT_DRAIN_TRANSFER,1,1,1,1
E0002284,U005-paysim-fraud-003,U005,2026-07-17T00:26:00,1784215560.0,TRANSFER,transfer.execute,1907704.605101903,U005-N448254,PERSON,P2P,SUCCESS,NOT_EVALUATED,2791824.8440072592,2200000.0,8500000.0,balance.read|history.read|transfer.execute|payment.execute,paysim_fraud,FOLLOW_UP_CASHOUT_PROXY,1,1,0,0
E0002285,U005-normal-077,U005,2026-07-17T01:29:05,1784219345.0,PAYMENT,payment.execute,236700.0,U005-R027,MERCHANT,SIMPLE_PAY,SUCCESS,NOT_EVALUATED,2791824.8440072592,2200000.0,8500000.0,balance.read|history.read|transfer.execute|payment.execute,normal_user,DAILY_NORMAL,0,0,0,0
E0002286,U005-normal-077,U005,2026-07-17T05:14:15,1784232855.0,PAYMENT,payment.execute,40700.0,U005-R015,MERCHANT,SHOPPING,SUCCESS,NOT_EVALUATED,2791824.8440072592,2200000.0,8500000.0,balance.read|history.read|transfer.execute|payment.execute,normal_user,DAILY_NORMAL,0,0,0,0
E0002287,U005-normal-077,U005,2026-07-17T12:04:43,1784257483.0,PAYMENT,payment.execute,311500.0,U005-R031,MERCHANT,TRANSPORT,SUCCESS,NOT_EVALUATED,2791824.8440072592,2200000.0,8500000.0,balance.read|history.read|transfer.execute|payment.execute,normal_user,DAILY_NORMAL,0,0,0,0
E0002288,U005-normal-077,U005,2026-07-17T12:50:49,1784260249.0,TRANSFER,transfer.execute,202000.0,U005-R025,PERSON,P2P,SUCCESS,NOT_EVALUATED,2791824.8440072592,2200000.0,8500000.0,balance.read|history.read|transfer.execute|payment.execute,normal_user,DAILY_NORMAL,0,0,0,0
E0002289,U005-normal-077,U005,2026-07-17T13:57:26,1784264246.0,PAYMENT,payment.execute,93300.0,U005-R006,MERCHANT,CLOUD,SUCCESS,NOT_EVALUATED,2791824.8440072592,2200000.0,8500000.0,balance.read|history.read|transfer.execute|payment.execute,normal_user,DAILY_NORMAL,0,0,0,0
E0002290,U005-normal-077,U005,2026-07-17T16:20:22,1784272822.0,PAYMENT,payment.execute,187200.0,U005-R009,MERCHANT,FOOD,SUCCESS,NOT_EVALUATED,2791824.8440072592,2200000.0,8500000.0,balance.read|history.read|transfer.execute|payment.execute,normal_user,DAILY_NORMAL,0,0,0,0
E0002291,U005-normal-078,U005,2026-07-18T00:13:36,1784301216.0,PAYMENT,payment.execute,141700.0,U005-R031,MERCHANT,TRANSPORT,SUCCESS,NOT_EVALUATED,2791824.8440072592,2200000.0,8500000.0,balance.read|history.read|transfer.execute|payment.execute,normal_user,DAILY_NORMAL,0,0,0,0
E0002292,U005-normal-078,U005,2026-07-18T01:42:16,1784306536.0,PAYMENT,payment.execute,48200.0,U005-R020,MERCHANT,SHOPPING,SUCCESS,NOT_EVALUATED,2791824.8440072592,2200000.0,8500000.0,balance.read|history.read|transfer.execute|payment.execute,normal_user,DAILY_NORMAL,0,0,0,0
E0002293,U005-normal-078,U005,2026-07-18T02:27:13,1784309233.0,PAYMENT,payment.execute,42800.0,U005-R015,MERCHANT,SHOPPING,SUCCESS,NOT_EVALUATED,2791824.8440072592,2200000.0,8500000.0,balance.read|history.read|transfer.execute|payment.execute,normal_user,DAILY_NORMAL,0,0,0,0
E0002294,U005-normal-078,U005,2026-07-18T07:10:32,1784326232.0,PAYMENT,payment.execute,111800.0,U005-R013,MERCHANT,SUBSCRIPTION,SUCCESS,NOT_EVALUATED,2791824.8440072592,2200000.0,8500000.0,balance.read|history.read|transfer.execute|payment.execute,normal_user,DAILY_NORMAL,0,0,0,0
E0002295,U005-normal-078,U005,2026-07-18T07:23:22,1784327002.0,PAYMENT,payment.execute,250400.0,U005-R031,MERCHANT,TRANSPORT,SUCCESS,NOT_EVALUATED,2791824.8440072592,2200000.0,8500000.0,balance.read|history.read|transfer.execute|payment.execute,normal_user,DAILY_NORMAL,0,0,0,0
E0002296,U005-normal-078,U005,2026-07-18T19:31:50,1784370710.0,PAYMENT,payment.execute,139000.0,U005-R014,MERCHANT,SIMPLE_PAY,SUCCESS,NOT_EVALUATED,2791824.8440072592,2200000.0,8500000.0,balance.read|history.read|transfer.execute|payment.execute,normal_user,DAILY_NORMAL,0,0,0,0
E0002297,U005-normal-078,U005,2026-07-18T19:59:25,1784372365.0,PAYMENT,payment.execute,74200.0,U005-R019,MERCHANT,SHOPPING,SUCCESS,NOT_EVALUATED,2791824.8440072592,2200000.0,8500000.0,balance.read|history.read|transfer.execute|payment.execute,normal_user,DAILY_NORMAL,0,0,0,0
E0002298,U005-normal-079,U005,2026-07-19T07:39:49,1784414389.0,TRANSFER,transfer.execute,54700.0,U005-R025,PERSON,P2P,SUCCESS,NOT_EVALUATED,2791824.8440072592,2200000.0,8500000.0,balance.read|history.read|transfer.execute|payment.execute,normal_user,DAILY_NORMAL,0,0,0,0
E0002299,U005-normal-079,U005,2026-07-19T16:57:20,1784447840.0,PAYMENT,payment.execute,73400.0,U005-R020,MERCHANT,SHOPPING,SUCCESS,NOT_EVALUATED,2791824.8440072592,2200000.0,8500000.0,balance.read|history.read|transfer.execute|payment.execute,normal_user,DAILY_NORMAL,0,0,0,0
E0002300,U005-normal-079,U005,2026-07-19T18:02:39,1784451759.0,PAYMENT,payment.execute,165400.0,U005-R011,MERCHANT,SIMPLE_PAY,SUCCESS,NOT_EVALUATED,2791824.8440072592,2200000.0,8500000.0,balance.read|history.read|transfer.execute|payment.execute,normal_user,DAILY_NORMAL,0,0,0,0
E0002301,U005-normal-079,U005,2026-07-19T18:36:28,1784453788.0,TRANSFER,transfer.execute,195500.0,U005-R000,PERSON,P2P,SUCCESS,NOT_EVALUATED,2791824.8440072592,2200000.0,8500000.0,balance.read|history.read|transfer.execute|payment.execute,normal_user,DAILY_NORMAL,0,0,0,0
E0002302,U005-normal-079,U005,2026-07-19T22:03:03,1784466183.0,TRANSFER,transfer.execute,63200.0,U005-R025,PERSON,P2P,SUCCESS,NOT_EVALUATED,2791824.8440072592,2200000.0,8500000.0,balance.read|history.read|transfer.execute|payment.execute,normal_user,DAILY_NORMAL,0,0,0,0
E0002303,U005-normal-079,U005,2026-07-19T23:28:25,1784471305.0,PAYMENT,payment.execute,48700.0,U005-R011,MERCHANT,SIMPLE_PAY,SUCCESS,NOT_EVALUATED,2791824.8440072592,2200000.0,8500000.0,balance.read|history.read|transfer.execute|payment.execute,normal_user,DAILY_NORMAL,0,0,0,0
E0002304,U005-normal-080,U005,2026-07-20T11:18:16,1784513896.0,PAYMENT,payment.execute,29300.0,U005-R020,MERCHANT,SHOPPING,SUCCESS,NOT_EVALUATED,2791824.8440072592,2200000.0,8500000.0,balance.read|history.read|transfer.execute|payment.execute,normal_user,DAILY_NORMAL,0,0,0,0
E0002305,U005-normal-080,U005,2026-07-20T13:13:30,1784520810.0,PAYMENT,payment.execute,216100.0,U005-R009,MERCHANT,FOOD,SUCCESS,NOT_EVALUATED,2791824.8440072592,2200000.0,8500000.0,balance.read|history.read|transfer.execute|payment.execute,normal_user,DAILY_NORMAL,0,0,0,0
E0002306,U005-normal-080,U005,2026-07-20T19:53:16,1784544796.0,PAYMENT,payment.execute,30700.0,U005-R008,MERCHANT,ETC,SUCCESS,NOT_EVALUATED,2791824.8440072592,2200000.0,8500000.0,balance.read|history.read|transfer.execute|payment.execute,normal_user,DAILY_NORMAL,0,0,0,0
E0002307,U005-normal-080,U005,2026-07-20T21:23:25,1784550205.0,PAYMENT,payment.execute,148600.0,U005-R030,MERCHANT,SIMPLE_PAY,SUCCESS,NOT_EVALUATED,2791824.8440072592,2200000.0,8500000.0,balance.read|history.read|transfer.execute|payment.execute,normal_user,DAILY_NORMAL,0,0,0,0
E0002308,U005-normal-080,U005,2026-07-20T22:18:13,1784553493.0,TRANSFER,transfer.execute,319600.0,U005-R000,PERSON,P2P,SUCCESS,NOT_EVALUATED,2791824.8440072592,2200000.0,8500000.0,balance.read|history.read|transfer.execute|payment.execute,normal_user,DAILY_NORMAL,0,0,0,0
E0002309,U005-agent-normal-030,U005,2026-07-21T07:56:52,1784588212.0,BALANCE_READ,balance.read,0.0,U005-R022,MERCHANT,SIMPLE_PAY,SUCCESS,NOT_EVALUATED,2791824.8440072592,2200000.0,8500000.0,balance.read|history.read|transfer.execute|payment.execute,normal_agent,DELEGATED_NORMAL,0,0,0,0
E0002310,U005-normal-081,U005,2026-07-21T19:23:36,1784629416.0,PAYMENT,payment.execute,268200.0,U005-R015,MERCHANT,SHOPPING,SUCCESS,NOT_EVALUATED,2791824.8440072592,2200000.0,8500000.0,balance.read|history.read|transfer.execute|payment.execute,normal_user,DAILY_NORMAL,0,0,0,0
E0002311,U005-normal-081,U005,2026-07-21T19:30:36,1784629836.0,PAYMENT,payment.execute,61200.0,U005-R031,MERCHANT,TRANSPORT,SUCCESS,NOT_EVALUATED,2791824.8440072592,2200000.0,8500000.0,balance.read|history.read|transfer.execute|payment.execute,normal_user,DAILY_NORMAL,0,0,0,0
E0002312,U005-normal-082,U005,2026-07-22T06:31:29,1784669489.0,PAYMENT,payment.execute,206200.0,U005-R016,MERCHANT,CLOUD,SUCCESS,NOT_EVALUATED,2791824.8440072592,2200000.0,8500000.0,balance.read|history.read|transfer.execute|payment.execute,normal_user,DAILY_NORMAL,0,0,0,0
E0002313,U005-normal-082,U005,2026-07-22T07:42:05,1784673725.0,PAYMENT,payment.execute,299700.0,U005-R016,MERCHANT,CLOUD,SUCCESS,NOT_EVALUATED,2791824.8440072592,2200000.0,8500000.0,balance.read|history.read|transfer.execute|payment.execute,normal_user,DAILY_NORMAL,0,0,0,0
E0002314,U005-normal-082,U005,2026-07-22T08:03:31,1784675011.0,TRANSFER,transfer.execute,1650000.0,U005-R018,PERSON,P2P,SUCCESS,NOT_EVALUATED,2791824.8440072592,2200000.0,8500000.0,balance.read|history.read|transfer.execute|payment.execute,normal_user,DAILY_NORMAL,0,0,0,0
E0002315,U005-normal-082,U005,2026-07-22T16:37:38,1784705858.0,TRANSFER,transfer.execute,209200.0,U005-R000,PERSON,P2P,SUCCESS,NOT_EVALUATED,2791824.8440072592,2200000.0,8500000.0,balance.read|history.read|transfer.execute|payment.execute,normal_user,DAILY_NORMAL,0,0,0,0
E0002316,U005-agent-normal-023,U005,2026-07-22T17:14:02,1784708042.0,PAYMENT,payment.execute,50700.0,U005-R007,BILL,UTILITY,SUCCESS,NOT_EVALUATED,2791824.8440072592,2200000.0,8500000.0,balance.read|history.read|transfer.execute|payment.execute,normal_agent,DELEGATED_NORMAL,0,0,0,0
E0002317,U005-normal-082,U005,2026-07-22T18:56:23,1784714183.0,PAYMENT,payment.execute,179700.0,U005-R008,MERCHANT,ETC,SUCCESS,NOT_EVALUATED,2791824.8440072592,2200000.0,8500000.0,balance.read|history.read|transfer.execute|payment.execute,normal_user,DAILY_NORMAL,0,0,0,0
E0002318,U005-normal-082,U005,2026-07-22T19:35:19,1784716519.0,PAYMENT,payment.execute,136800.0,U005-R020,MERCHANT,SHOPPING,SUCCESS,NOT_EVALUATED,2791824.8440072592,2200000.0,8500000.0,balance.read|history.read|transfer.execute|payment.execute,normal_user,DAILY_NORMAL,0,0,0,0
E0002319,U005-normal-083,U005,2026-07-23T20:22:27,1784805747.0,PAYMENT,payment.execute,198200.0,U005-R009,MERCHANT,FOOD,SUCCESS,NOT_EVALUATED,2791824.8440072592,2200000.0,8500000.0,balance.read|history.read|transfer.execute|payment.execute,normal_user,DAILY_NORMAL,0,0,0,0
E0002320,U005-normal-083,U005,2026-07-23T20:33:50,1784806430.0,PAYMENT,payment.execute,122100.0,U005-R016,MERCHANT,CLOUD,SUCCESS,NOT_EVALUATED,2791824.8440072592,2200000.0,8500000.0,balance.read|history.read|transfer.execute|payment.execute,normal_user,DAILY_NORMAL,0,0,0,0
E0002321,U005-normal-084,U005,2026-07-24T17:01:39,1784880099.0,PAYMENT,payment.execute,23300.0,U005-R024,MERCHANT,CLOUD,SUCCESS,NOT_EVALUATED,2791824.8440072592,2200000.0,8500000.0,balance.read|history.read|transfer.execute|payment.execute,normal_user,DAILY_NORMAL,0,0,0,0
E0002322,U005-agent-normal-021,U005,2026-07-24T21:21:09,1784895669.0,BALANCE_READ,balance.read,0.0,U005-R026,MERCHANT,SIMPLE_PAY,SUCCESS,NOT_EVALUATED,2791824.8440072592,2200000.0,8500000.0,balance.read|history.read|transfer.execute|payment.execute,normal_agent,DELEGATED_NORMAL,0,0,0,0
E0002323,U005-normal-085,U005,2026-07-25T07:17:38,1784931458.0,PAYMENT,payment.execute,46800.0,U005-R020,MERCHANT,SHOPPING,SUCCESS,NOT_EVALUATED,2791824.8440072592,2200000.0,8500000.0,balance.read|history.read|transfer.execute|payment.execute,normal_user,DAILY_NORMAL,0,0,0,0
E0002324,U005-agent-normal-018,U005,2026-07-25T11:09:29,1784945369.0,BALANCE_READ,balance.read,0.0,U005-R023,MERCHANT,ETC,SUCCESS,NOT_EVALUATED,2791824.8440072592,2200000.0,8500000.0,balance.read|history.read|transfer.execute|payment.execute,normal_agent,DELEGATED_NORMAL,0,0,0,0
E0002325,U005-normal-085,U005,2026-07-25T15:35:02,1784961302.0,PAYMENT,payment.execute,27900.0,U005-R030,MERCHANT,SIMPLE_PAY,SUCCESS,NOT_EVALUATED,2791824.8440072592,2200000.0,8500000.0,balance.read|history.read|transfer.execute|payment.execute,normal_user,DAILY_NORMAL,0,0,0,0
E0002326,U005-normal-085,U005,2026-07-25T15:52:41,1784962361.0,PAYMENT,payment.execute,96500.0,U005-R027,MERCHANT,SIMPLE_PAY,SUCCESS,NOT_EVALUATED,2791824.8440072592,2200000.0,8500000.0,balance.read|history.read|transfer.execute|payment.execute,normal_user,DAILY_NORMAL,0,0,0,0
E0002327,U005-normal-085,U005,2026-07-25T17:29:50,1784968190.0,TRANSFER,transfer.execute,170100.0,U005-R018,PERSON,P2P,SUCCESS,NOT_EVALUATED,2791824.8440072592,2200000.0,8500000.0,balance.read|history.read|transfer.execute|payment.execute,normal_user,DAILY_NORMAL,0,0,0,0
E0002328,U005-normal-085,U005,2026-07-25T18:32:59,1784971979.0,PAYMENT,payment.execute,420300.0,U005-R013,MERCHANT,SUBSCRIPTION,SUCCESS,NOT_EVALUATED,2791824.8440072592,2200000.0,8500000.0,balance.read|history.read|transfer.execute|payment.execute,normal_user,DAILY_NORMAL,0,0,0,0
E0002329,U005-normal-085,U005,2026-07-25T18:34:00,1784972040.0,TRANSFER,transfer.execute,605000.0,U005-R026,MERCHANT,SIMPLE_PAY,SUCCESS,NOT_EVALUATED,2791824.8440072592,2200000.0,8500000.0,balance.read|history.read|transfer.execute|payment.execute,normal_user,RECURRING_NORMAL,0,0,0,0
E0002330,U005-normal-085,U005,2026-07-25T21:01:53,1784980913.0,PAYMENT,payment.execute,128400.0,U005-R020,MERCHANT,SHOPPING,SUCCESS,NOT_EVALUATED,2791824.8440072592,2200000.0,8500000.0,balance.read|history.read|transfer.execute|payment.execute,normal_user,DAILY_NORMAL,0,0,0,0
E0002331,U005-normal-086,U005,2026-07-26T19:50:14,1785063014.0,PAYMENT,payment.execute,455800.0,U005-R030,MERCHANT,SIMPLE_PAY,SUCCESS,NOT_EVALUATED,2791824.8440072592,2200000.0,8500000.0,balance.read|history.read|transfer.execute|payment.execute,normal_user,DAILY_NORMAL,0,0,0,0
E0002332,U005-normal-087,U005,2026-07-27T09:03:09,1785110589.0,TRANSFER,transfer.execute,75600.0,U005-R017,PERSON,P2P,SUCCESS,NOT_EVALUATED,2791824.8440072592,2200000.0,8500000.0,balance.read|history.read|transfer.execute|payment.execute,normal_user,DAILY_NORMAL,0,0,0,0
E0002333,U005-normal-087,U005,2026-07-27T16:30:44,1785137444.0,TRANSFER,transfer.execute,112500.0,U005-R018,PERSON,P2P,SUCCESS,NOT_EVALUATED,2791824.8440072592,2200000.0,8500000.0,balance.read|history.read|transfer.execute|payment.execute,normal_user,DAILY_NORMAL,0,0,0,0
E0002334,U005-normal-087,U005,2026-07-27T17:22:22,1785140542.0,PAYMENT,payment.execute,22800.0,U005-R007,BILL,UTILITY,SUCCESS,NOT_EVALUATED,2791824.8440072592,2200000.0,8500000.0,balance.read|history.read|transfer.execute|payment.execute,normal_user,DAILY_NORMAL,0,0,0,0
E0002335,U005-normal-087,U005,2026-07-27T18:58:04,1785146284.0,PAYMENT,payment.execute,61100.0,U005-R020,MERCHANT,SHOPPING,SUCCESS,NOT_EVALUATED,2791824.8440072592,2200000.0,8500000.0,balance.read|history.read|transfer.execute|payment.execute,normal_user,DAILY_NORMAL,0,0,0,0
E0002336,U005-normal-088,U005,2026-07-28T05:48:50,1785185330.0,PAYMENT,payment.execute,115800.0,U005-R020,MERCHANT,SHOPPING,SUCCESS,NOT_EVALUATED,2791824.8440072592,2200000.0,8500000.0,balance.read|history.read|transfer.execute|payment.execute,normal_user,DAILY_NORMAL,0,0,0,0
E0002337,U005-normal-088,U005,2026-07-28T07:54:22,1785192862.0,TRANSFER,transfer.execute,423700.0,U005-R010,PERSON,P2P,SUCCESS,NOT_EVALUATED,2791824.8440072592,2200000.0,8500000.0,balance.read|history.read|transfer.execute|payment.execute,normal_user,DAILY_NORMAL,0,0,0,0
E0002338,U005-normal-088,U005,2026-07-28T13:11:28,1785211888.0,PAYMENT,payment.execute,86100.0,U005-R013,MERCHANT,SUBSCRIPTION,SUCCESS,NOT_EVALUATED,2791824.8440072592,2200000.0,8500000.0,balance.read|history.read|transfer.execute|payment.execute,normal_user,DAILY_NORMAL,0,0,0,0
E0002339,U005-normal-088,U005,2026-07-28T16:17:13,1785223033.0,TRANSFER,transfer.execute,83700.0,U005-R018,PERSON,P2P,SUCCESS,NOT_EVALUATED,2791824.8440072592,2200000.0,8500000.0,balance.read|history.read|transfer.execute|payment.execute,normal_user,DAILY_NORMAL,0,0,0,0
E0002340,U005-normal-088,U005,2026-07-28T16:45:08,1785224708.0,PAYMENT,payment.execute,29500.0,U005-R012,BILL,UTILITY,SUCCESS,NOT_EVALUATED,2791824.8440072592,2200000.0,8500000.0,balance.read|history.read|transfer.execute|payment.execute,normal_user,DAILY_NORMAL,0,0,0,0
E0002341,U005-normal-088,U005,2026-07-28T17:48:41,1785228521.0,PAYMENT,payment.execute,105500.0,U005-R027,MERCHANT,SIMPLE_PAY,SUCCESS,NOT_EVALUATED,2791824.8440072592,2200000.0,8500000.0,balance.read|history.read|transfer.execute|payment.execute,normal_user,DAILY_NORMAL,0,0,0,0
E0002342,U005-normal-088,U005,2026-07-28T18:00:47,1785229247.0,TRANSFER,transfer.execute,36100.0,U005-R000,PERSON,P2P,SUCCESS,NOT_EVALUATED,2791824.8440072592,2200000.0,8500000.0,balance.read|history.read|transfer.execute|payment.execute,normal_user,DAILY_NORMAL,0,0,0,0
E0002343,U005-normal-088,U005,2026-07-28T18:18:00,1785230280.0,PAYMENT,payment.execute,14900.0,U005-R003,MERCHANT,SUBSCRIPTION,SUCCESS,NOT_EVALUATED,2791824.8440072592,2200000.0,8500000.0,balance.read|history.read|transfer.execute|payment.execute,normal_user,RECURRING_NORMAL,0,0,0,0
E0002344,U005-normal-088,U005,2026-07-28T19:53:57,1785236037.0,PAYMENT,payment.execute,24200.0,U005-R011,MERCHANT,SIMPLE_PAY,SUCCESS,NOT_EVALUATED,2791824.8440072592,2200000.0,8500000.0,balance.read|history.read|transfer.execute|payment.execute,normal_user,DAILY_NORMAL,0,0,0,0
E0002345,U005-normal-088,U005,2026-07-28T21:58:42,1785243522.0,PAYMENT,payment.execute,224500.0,U005-R008,MERCHANT,ETC,SUCCESS,NOT_EVALUATED,2791824.8440072592,2200000.0,8500000.0,balance.read|history.read|transfer.execute|payment.execute,normal_user,DAILY_NORMAL,0,0,0,0
E0002346,U005-normal-089,U005,2026-07-29T01:49:25,1785257365.0,PAYMENT,payment.execute,75900.0,U005-R003,MERCHANT,SUBSCRIPTION,SUCCESS,NOT_EVALUATED,2791824.8440072592,2200000.0,8500000.0,balance.read|history.read|transfer.execute|payment.execute,normal_user,DAILY_NORMAL,0,0,0,0
E0002347,U005-normal-089,U005,2026-07-29T01:51:39,1785257499.0,PAYMENT,payment.execute,31200.0,U005-R023,MERCHANT,ETC,SUCCESS,NOT_EVALUATED,2791824.8440072592,2200000.0,8500000.0,balance.read|history.read|transfer.execute|payment.execute,normal_user,DAILY_NORMAL,0,0,0,0
E0002348,U005-normal-089,U005,2026-07-29T07:51:41,1785279101.0,TRANSFER,transfer.execute,109100.0,U005-R000,PERSON,P2P,SUCCESS,NOT_EVALUATED,2791824.8440072592,2200000.0,8500000.0,balance.read|history.read|transfer.execute|payment.execute,normal_user,DAILY_NORMAL,0,0,0,0
E0002349,U005-normal-089,U005,2026-07-29T18:17:58,1785316678.0,PAYMENT,payment.execute,205400.0,U005-R009,MERCHANT,FOOD,SUCCESS,NOT_EVALUATED,2791824.8440072592,2200000.0,8500000.0,balance.read|history.read|transfer.execute|payment.execute,normal_user,DAILY_NORMAL,0,0,0,0
E0002350,U005-agent-normal-009,U005,2026-07-29T22:23:36,1785331416.0,PAYMENT,payment.execute,148900.0,U005-R025,PERSON,P2P,SUCCESS,NOT_EVALUATED,2791824.8440072592,2200000.0,8500000.0,balance.read|history.read|transfer.execute|payment.execute,normal_agent,DELEGATED_NORMAL,0,0,0,0
E0002351,U006-normal-000,U006,2026-05-01T05:05:54,1777579554.0,PAYMENT,payment.execute,29400.0,U006-R017,MERCHANT,SHOPPING,SUCCESS,NOT_EVALUATED,8388105.693264895,1600000.0,4500000.0,balance.read|history.read|transfer.execute|payment.execute,normal_user,DAILY_NORMAL,0,0,0,0
E0002352,U006-normal-000,U006,2026-05-01T15:31:12,1777617072.0,PAYMENT,payment.execute,49700.0,U006-R015,MERCHANT,SIMPLE_PAY,SUCCESS,NOT_EVALUATED,8358705.693264895,1600000.0,4500000.0,balance.read|history.read|transfer.execute|payment.execute,normal_user,DAILY_NORMAL,0,0,0,0
E0002353,U006-normal-000,U006,2026-05-01T18:13:14,1777626794.0,PAYMENT,payment.execute,230400.0,U006-R021,MERCHANT,SECURITIES,SUCCESS,NOT_EVALUATED,8309005.693264895,1600000.0,4500000.0,balance.read|history.read|transfer.execute|payment.execute,normal_user,DAILY_NORMAL,0,0,0,0
E0002354,U006-agent-normal-004,U006,2026-05-01T21:04:45,1777637085.0,PAYMENT,payment.execute,204000.0,U006-R021,MERCHANT,SECURITIES,SUCCESS,NOT_EVALUATED,8078605.693264895,1600000.0,4500000.0,balance.read|history.read|transfer.execute|payment.execute,normal_agent,DELEGATED_NORMAL,0,0,0,0
E0002355,U006-normal-000,U006,2026-05-01T23:39:02,1777646342.0,PAYMENT,payment.execute,303300.0,U006-R022,MERCHANT,TRANSPORT,SUCCESS,NOT_EVALUATED,7874605.693264895,1600000.0,4500000.0,balance.read|history.read|transfer.execute|payment.execute,normal_user,DAILY_NORMAL,0,0,0,0
E0002356,U006-normal-001,U006,2026-05-02T12:11:46,1777691506.0,PAYMENT,payment.execute,53600.0,U006-R017,MERCHANT,SHOPPING,SUCCESS,NOT_EVALUATED,7571305.693264895,1600000.0,4500000.0,balance.read|history.read|transfer.execute|payment.execute,normal_user,DAILY_NORMAL,0,0,0,0
E0002357,U006-normal-001,U006,2026-05-02T18:37:44,1777714664.0,PAYMENT,payment.execute,42800.0,U006-R017,MERCHANT,SHOPPING,SUCCESS,NOT_EVALUATED,7517705.693264895,1600000.0,4500000.0,balance.read|history.read|transfer.execute|payment.execute,normal_user,DAILY_NORMAL,0,0,0,0
E0002358,U006-agent-normal-011,U006,2026-05-03T13:02:00,1777780920.0,HISTORY_READ,history.read,0.0,U006-R007,PERSON,P2P,SUCCESS,NOT_EVALUATED,7474905.693264895,1600000.0,4500000.0,balance.read|history.read|transfer.execute|payment.execute,normal_agent,DELEGATED_NORMAL,0,0,0,0
E0002359,U006-normal-002,U006,2026-05-03T14:01:27,1777784487.0,TRANSFER,transfer.execute,11300.0,U006-R002,PERSON,P2P,SUCCESS,NOT_EVALUATED,7474905.693264895,1600000.0,4500000.0,balance.read|history.read|transfer.execute|payment.execute,normal_user,DAILY_NORMAL,0,0,0,0
E0002360,U006-normal-002,U006,2026-05-03T17:45:57,1777797957.0,TRANSFER,transfer.execute,15300.0,U006-R002,PERSON,P2P,SUCCESS,NOT_EVALUATED,7463605.693264895,1600000.0,4500000.0,balance.read|history.read|transfer.execute|payment.execute,normal_user,DAILY_NORMAL,0,0,0,0
E0002361,U006-normal-003,U006,2026-05-04T08:27:05,1777850825.0,PAYMENT,payment.execute,61900.0,U006-R003,MERCHANT,SECURITIES,SUCCESS,NOT_EVALUATED,7448305.693264895,1600000.0,4500000.0,balance.read|history.read|transfer.execute|payment.execute,normal_user,DAILY_NORMAL,0,0,0,0
E0002362,U006-normal-003,U006,2026-05-04T15:47:04,1777877224.0,PAYMENT,payment.execute,153800.0,U006-R010,MERCHANT,FOOD,SUCCESS,NOT_EVALUATED,7386405.693264895,1600000.0,4500000.0,balance.read|history.read|transfer.execute|payment.execute,normal_user,DAILY_NORMAL,0,0,0,0
E0002363,U006-normal-003,U006,2026-05-04T18:44:43,1777887883.0,PAYMENT,payment.execute,512300.0,U006-R011,MERCHANT,SIMPLE_PAY,SUCCESS,NOT_EVALUATED,7232605.693264895,1600000.0,4500000.0,balance.read|history.read|transfer.execute|payment.execute,normal_user,DAILY_NORMAL,0,0,0,0
E0002364,U006-normal-003,U006,2026-05-04T21:50:04,1777899004.0,PAYMENT,payment.execute,46900.0,U006-R021,MERCHANT,SECURITIES,SUCCESS,NOT_EVALUATED,6720305.693264895,1600000.0,4500000.0,balance.read|history.read|transfer.execute|payment.execute,normal_user,DAILY_NORMAL,0,0,0,0
E0002365,U006-normal-004,U006,2026-05-05T12:56:33,1777953393.0,TRANSFER,transfer.execute,20100.0,U006-R004,PERSON,P2P,SUCCESS,NOT_EVALUATED,6673405.693264895,1600000.0,4500000.0,balance.read|history.read|transfer.execute|payment.execute,normal_user,DAILY_NORMAL,0,0,0,0
E0002366,U006-normal-004,U006,2026-05-05T13:30:47,1777955447.0,PAYMENT,payment.execute,3500.0,U006-R015,MERCHANT,SIMPLE_PAY,SUCCESS,NOT_EVALUATED,6653305.693264895,1600000.0,4500000.0,balance.read|history.read|transfer.execute|payment.execute,normal_user,DAILY_NORMAL,0,0,0,0
E0002367,U006-agent-normal-018,U006,2026-05-05T15:40:56,1777963256.0,PAYMENT,payment.execute,11500.0,U006-R006,MERCHANT,SECURITIES,SUCCESS,NOT_EVALUATED,6649805.693264895,1600000.0,4500000.0,balance.read|history.read|transfer.execute|payment.execute,normal_agent,DELEGATED_NORMAL,0,0,0,0
E0002368,U006-normal-004,U006,2026-05-05T20:23:58,1777980238.0,PAYMENT,payment.execute,158900.0,U006-R003,MERCHANT,SECURITIES,SUCCESS,NOT_EVALUATED,6638305.693264895,1600000.0,4500000.0,balance.read|history.read|transfer.execute|payment.execute,normal_user,DAILY_NORMAL,0,0,0,0
E0002369,U006-normal-005,U006,2026-05-06T03:33:34,1778006014.0,TRANSFER,transfer.execute,243900.0,U006-R002,PERSON,P2P,SUCCESS,NOT_EVALUATED,6479405.693264895,1600000.0,4500000.0,balance.read|history.read|transfer.execute|payment.execute,normal_user,DAILY_NORMAL,0,0,0,0
E0002370,U006-normal-005,U006,2026-05-06T17:23:57,1778055837.0,PAYMENT,payment.execute,51100.0,U006-R010,MERCHANT,FOOD,SUCCESS,NOT_EVALUATED,6235505.693264895,1600000.0,4500000.0,balance.read|history.read|transfer.execute|payment.execute,normal_user,DAILY_NORMAL,0,0,0,0
E0002371,U006-normal-006,U006,2026-05-07T08:19:14,1778109554.0,PAYMENT,payment.execute,263900.0,U006-R022,MERCHANT,TRANSPORT,SUCCESS,NOT_EVALUATED,6184405.693264895,1600000.0,4500000.0,balance.read|history.read|transfer.execute|payment.execute,normal_user,DAILY_NORMAL,0,0,0,0
E0002372,U006-normal-007,U006,2026-05-08T08:43:24,1778197404.0,PAYMENT,payment.execute,22900.0,U006-R022,MERCHANT,TRANSPORT,SUCCESS,NOT_EVALUATED,5920505.693264895,1600000.0,4500000.0,balance.read|history.read|transfer.execute|payment.execute,normal_user,DAILY_NORMAL,0,0,0,0
E0002373,U006-normal-007,U006,2026-05-08T17:50:09,1778230209.0,PAYMENT,payment.execute,3800.0,U006-R016,MERCHANT,FOOD,SUCCESS,NOT_EVALUATED,5897605.693264895,1600000.0,4500000.0,balance.read|history.read|transfer.execute|payment.execute,normal_user,DAILY_NORMAL,0,0,0,0
E0002374,U006-misuse-RETRY_PATTERN-004,U006,2026-05-08T18:01:00,1778230860.0,TRANSFER,transfer.execute,2005944.79983474,U006-N454784,PERSON,P2P,FAILED,NOT_EVALUATED,5893805.693264895,1600000.0,4500000.0,balance.read|history.read|transfer.execute|payment.execute,agent_misuse,RETRY_PATTERN,1,0,1,1
E0002375,U006-misuse-RETRY_PATTERN-004,U006,2026-05-08T18:04:00,1778231040.0,TRANSFER,transfer.execute,1592555.182902182,U006-N454784,PERSON,P2P,FAILED,NOT_EVALUATED,3887860.893430155,1600000.0,4500000.0,balance.read|history.read|transfer.execute|payment.execute,agent_misuse,RETRY_PATTERN,1,0,0,0
E0002376,U006-misuse-RETRY_PATTERN-004,U006,2026-05-08T18:07:00,1778231220.0,TRANSFER,transfer.execute,1239268.642947779,U006-N454784,PERSON,P2P,FAILED,NOT_EVALUATED,2295305.710527973,1600000.0,4500000.0,balance.read|history.read|transfer.execute|payment.execute,agent_misuse,RETRY_PATTERN,1,0,1,0
E0002377,U006-misuse-RETRY_PATTERN-004,U006,2026-05-08T18:10:00,1778231400.0,TRANSFER,transfer.execute,919845.2480945165,U006-N454784,PERSON,P2P,SUCCESS,NOT_EVALUATED,1056037.0675801937,1600000.0,4500000.0,balance.read|history.read|transfer.execute|payment.execute,agent_misuse,RETRY_PATTERN,1,0,1,0
E0002378,U006-misuse-RETRY_PATTERN-004,U006,2026-05-08T18:13:00,1778231580.0,TRANSFER,transfer.execute,726172.4557106227,U006-N454784,PERSON,P2P,SUCCESS,NOT_EVALUATED,1048513.2116581119,1600000.0,4500000.0,balance.read|history.read|transfer.execute|payment.execute,agent_misuse,RETRY_PATTERN,1,0,1,0
E0002379,U006-misuse-RETRY_PATTERN-004,U006,2026-05-08T18:16:00,1778231760.0,TRANSFER,transfer.execute,564399.40061122,U006-N454784,PERSON,P2P,SUCCESS,NOT_EVALUATED,1048513.2116581119,1600000.0,4500000.0,balance.read|history.read|transfer.execute|payment.execute,agent_misuse,RETRY_PATTERN,1,0,1,0
E0002380,U006-normal-008,U006,2026-05-09T16:18:26,1778311106.0,PAYMENT,payment.execute,140200.0,U006-R022,MERCHANT,TRANSPORT,SUCCESS,NOT_EVALUATED,1048513.2116581119,1600000.0,4500000.0,balance.read|history.read|transfer.execute|payment.execute,normal_user,DAILY_NORMAL,0,0,0,0
E0002381,U006-normal-008,U006,2026-05-09T18:33:00,1778319180.0,PAYMENT,payment.execute,63000.0,U006-R022,MERCHANT,TRANSPORT,SUCCESS,NOT_EVALUATED,1048513.2116581119,1600000.0,4500000.0,balance.read|history.read|transfer.execute|payment.execute,normal_user,RECURRING_NORMAL,0,0,0,0
E0002382,U006-hard-BUSINESS_BATCH-005,U006,2026-05-10T10:00:00,1778374800.0,TRANSFER,transfer.execute,440000.0,U006-N900254,PERSON,P2P,SUCCESS,NOT_EVALUATED,1048513.2116581119,1600000.0,4500000.0,balance.read|history.read|transfer.execute|payment.execute,hard_negative,BUSINESS_BATCH,0,0,0,1
E0002383,U006-hard-BUSINESS_BATCH-005,U006,2026-05-10T10:08:00,1778375280.0,TRANSFER,transfer.execute,440000.0,U006-N940273,PERSON,P2P,SUCCESS,NOT_EVALUATED,1048513.2116581119,1600000.0,4500000.0,balance.read|history.read|transfer.execute|payment.execute,hard_negative,BUSINESS_BATCH,0,0,0,1
E0002384,U006-hard-BUSINESS_BATCH-005,U006,2026-05-10T10:16:00,1778375760.0,TRANSFER,transfer.execute,440000.0,U006-N656792,PERSON,P2P,SUCCESS,NOT_EVALUATED,1048513.2116581119,1600000.0,4500000.0,balance.read|history.read|transfer.execute|payment.execute,hard_negative,BUSINESS_BATCH,0,0,0,1
E0002385,U006-hard-BUSINESS_BATCH-005,U006,2026-05-10T10:24:00,1778376240.0,TRANSFER,transfer.execute,440000.0,U006-N744516,PERSON,P2P,SUCCESS,NOT_EVALUATED,1048513.2116581119,1600000.0,4500000.0,balance.read|history.read|transfer.execute|payment.execute,hard_negative,BUSINESS_BATCH,0,0,0,1
E0002386,U006-hard-BUSINESS_BATCH-005,U006,2026-05-10T10:32:00,1778376720.0,TRANSFER,transfer.execute,440000.0,U006-N361562,PERSON,P2P,SUCCESS,NOT_EVALUATED,1048513.2116581119,1600000.0,4500000.0,balance.read|history.read|transfer.execute|payment.execute,hard_negative,BUSINESS_BATCH,0,0,0,1
E0002387,U006-hard-BUSINESS_BATCH-005,U006,2026-05-10T10:40:00,1778377200.0,TRANSFER,transfer.execute,440000.0,U006-N416212,PERSON,P2P,SUCCESS,NOT_EVALUATED,1048513.2116581119,1600000.0,4500000.0,balance.read|history.read|transfer.execute|payment.execute,hard_negative,BUSINESS_BATCH,0,0,0,1
E0002388,U006-hard-BUSINESS_BATCH-005,U006,2026-05-10T10:48:00,1778377680.0,TRANSFER,transfer.execute,440000.0,U006-N286609,PERSON,P2P,SUCCESS,NOT_EVALUATED,1048513.2116581119,1600000.0,4500000.0,balance.read|history.read|transfer.execute|payment.execute,hard_negative,BUSINESS_BATCH,0,0,0,1
E0002389,U006-normal-010,U006,2026-05-11T06:16:26,1778447786.0,PAYMENT,payment.execute,9700.0,U006-R022,MERCHANT,TRANSPORT,SUCCESS,NOT_EVALUATED,1048513.2116581119,1600000.0,4500000.0,balance.read|history.read|transfer.execute|payment.execute,normal_user,DAILY_NORMAL,0,0,0,0
E0002390,U006-misuse-LIMIT_RATCHETING-000,U006,2026-05-11T08:29:00,1778455740.0,TRANSFER,transfer.execute,560000.0,U006-R002,PERSON,P2P,SUCCESS,NOT_EVALUATED,1048513.2116581119,1600000.0,4500000.0,balance.read|history.read|transfer.execute|payment.execute,agent_misuse,LIMIT_RATCHETING,1,0,0,0
E0002391,U006-misuse-LIMIT_RATCHETING-000,U006,2026-05-11T08:41:00,1778456460.0,TRANSFER,transfer.execute,672000.0,U006-N833781,PERSON,P2P,SUCCESS,NOT_EVALUATED,1048513.2116581119,1600000.0,4500000.0,balance.read|history.read|transfer.execute|payment.execute,agent_misuse,LIMIT_RATCHETING,1,0,0,1
E0002392,U006-misuse-LIMIT_RATCHETING-000,U006,2026-05-11T08:53:00,1778457180.0,TRANSFER,transfer.execute,1504000.0,U006-N504545,PERSON,P2P,SUCCESS,NOT_EVALUATED,1614000.0,1600000.0,4500000.0,balance.read|history.read|transfer.execute|payment.execute,agent_misuse,LIMIT_RATCHETING,1,0,0,1
E0002393,U006-misuse-LIMIT_RATCHETING-000,U006,2026-05-11T09:05:00,1778457900.0,TRANSFER,transfer.execute,1552000.0,U006-N450436,PERSON,P2P,SUCCESS,NOT_EVALUATED,1662000.0,1600000.0,4500000.0,balance.read|history.read|transfer.execute|payment.execute,agent_misuse,LIMIT_RATCHETING,1,0,0,1
E0002394,U006-normal-010,U006,2026-05-11T11:39:11,1778467151.0,PAYMENT,payment.execute,11000.0,U006-R008,MERCHANT,SECURITIES,SUCCESS,NOT_EVALUATED,1048513.2116581119,1600000.0,4500000.0,balance.read|history.read|transfer.execute|payment.execute,normal_user,DAILY_NORMAL,0,0,0,0
E0002395,U006-normal-010,U006,2026-05-11T14:21:02,1778476862.0,TRANSFER,transfer.execute,53500.0,U006-R002,PERSON,P2P,SUCCESS,NOT_EVALUATED,1048513.2116581119,1600000.0,4500000.0,balance.read|history.read|transfer.execute|payment.execute,normal_user,DAILY_NORMAL,0,0,0,0
E0002396,U006-normal-010,U006,2026-05-11T14:32:13,1778477533.0,PAYMENT,payment.execute,11100.0,U006-R010,MERCHANT,FOOD,SUCCESS,NOT_EVALUATED,1048513.2116581119,1600000.0,4500000.0,balance.read|history.read|transfer.execute|payment.execute,normal_user,DAILY_NORMAL,0,0,0,0
E0002397,U006-normal-010,U006,2026-05-11T15:06:37,1778479597.0,PAYMENT,payment.execute,21000.0,U006-R008,MERCHANT,SECURITIES,SUCCESS,NOT_EVALUATED,1048513.2116581119,1600000.0,4500000.0,balance.read|history.read|transfer.execute|payment.execute,normal_user,DAILY_NORMAL,0,0,0,0
E0002398,U006-normal-011,U006,2026-05-12T08:53:32,1778543612.0,PAYMENT,payment.execute,48400.0,U006-R000,MERCHANT,SIMPLE_PAY,SUCCESS,NOT_EVALUATED,1048513.2116581119,1600000.0,4500000.0,balance.read|history.read|transfer.execute|payment.execute,normal_user,DAILY_NORMAL,0,0,0,0
E0002399,U006-normal-011,U006,2026-05-12T14:01:31,1778562091.0,PAYMENT,payment.execute,18700.0,U006-R008,MERCHANT,SECURITIES,SUCCESS,NOT_EVALUATED,1048513.2116581119,1600000.0,4500000.0,balance.read|history.read|transfer.execute|payment.execute,normal_user,DAILY_NORMAL,0,0,0,0
E0002400,U006-normal-011,U006,2026-05-12T14:55:12,1778565312.0,PAYMENT,payment.execute,75100.0,U006-R005,MERCHANT,FOOD,SUCCESS,NOT_EVALUATED,1048513.2116581119,1600000.0,4500000.0,balance.read|history.read|transfer.execute|payment.execute,normal_user,DAILY_NORMAL,0,0,0,0
E0002401,U006-normal-011,U006,2026-05-12T17:31:42,1778574702.0,PAYMENT,payment.execute,7800.0,U006-R017,MERCHANT,SHOPPING,SUCCESS,NOT_EVALUATED,1048513.2116581119,1600000.0,4500000.0,balance.read|history.read|transfer.execute|payment.execute,normal_user,DAILY_NORMAL,0,0,0,0
E0002402,U006-normal-012,U006,2026-05-13T10:31:48,1778635908.0,PAYMENT,payment.execute,73600.0,U006-R017,MERCHANT,SHOPPING,SUCCESS,NOT_EVALUATED,1048513.2116581119,1600000.0,4500000.0,balance.read|history.read|transfer.execute|payment.execute,normal_user,DAILY_NORMAL,0,0,0,0
E0002403,U006-normal-012,U006,2026-05-13T11:46:01,1778640361.0,PAYMENT,payment.execute,26300.0,U006-R003,MERCHANT,SECURITIES,SUCCESS,NOT_EVALUATED,1048513.2116581119,1600000.0,4500000.0,balance.read|history.read|transfer.execute|payment.execute,normal_user,DAILY_NORMAL,0,0,0,0
E0002404,U006-agent-normal-012,U006,2026-05-13T15:35:28,1778654128.0,PAYMENT,payment.execute,5000.0,U006-R022,MERCHANT,TRANSPORT,SUCCESS,NOT_EVALUATED,1048513.2116581119,1600000.0,4500000.0,balance.read|history.read|transfer.execute|payment.execute,normal_agent,DELEGATED_NORMAL,0,0,0,0
E0002405,U006-normal-013,U006,2026-05-14T12:49:20,1778730560.0,TRANSFER,transfer.execute,16900.0,U006-R001,PERSON,P2P,SUCCESS,NOT_EVALUATED,1048513.2116581119,1600000.0,4500000.0,balance.read|history.read|transfer.execute|payment.execute,normal_user,DAILY_NORMAL,0,0,0,0
E0002406,U006-normal-013,U006,2026-05-14T14:46:24,1778737584.0,PAYMENT,payment.execute,37000.0,U006-R012,MERCHANT,SECURITIES,SUCCESS,NOT_EVALUATED,1048513.2116581119,1600000.0,4500000.0,balance.read|history.read|transfer.execute|payment.execute,normal_user,DAILY_NORMAL,0,0,0,0
E0002407,U006-normal-014,U006,2026-05-15T12:31:53,1778815913.0,PAYMENT,payment.execute,43200.0,U006-R016,MERCHANT,FOOD,SUCCESS,NOT_EVALUATED,1048513.2116581119,1600000.0,4500000.0,balance.read|history.read|transfer.execute|payment.execute,normal_user,DAILY_NORMAL,0,0,0,0
E0002408,U006-agent-normal-000,U006,2026-05-15T21:28:31,1778848111.0,HISTORY_READ,history.read,0.0,U006-R019,MERCHANT,SUBSCRIPTION,SUCCESS,NOT_EVALUATED,1048513.2116581119,1600000.0,4500000.0,balance.read|history.read|transfer.execute|payment.execute,normal_agent,DELEGATED_NORMAL,0,0,0,0
E0002409,U006-normal-015,U006,2026-05-16T18:48:49,1778924929.0,PAYMENT,payment.execute,10100.0,U006-R018,MERCHANT,SHOPPING,SUCCESS,NOT_EVALUATED,1048513.2116581119,1600000.0,4500000.0,balance.read|history.read|transfer.execute|payment.execute,normal_user,DAILY_NORMAL,0,0,0,0
E0002410,U006-normal-016,U006,2026-05-17T06:55:14,1778968514.0,PAYMENT,payment.execute,7700.0,U006-R013,MERCHANT,SHOPPING,SUCCESS,NOT_EVALUATED,1048513.2116581119,1600000.0,4500000.0,balance.read|history.read|transfer.execute|payment.execute,normal_user,DAILY_NORMAL,0,0,0,0
E0002411,U006-agent-normal-002,U006,2026-05-17T18:11:43,1779009103.0,PAYMENT,payment.execute,149100.0,U006-R020,MERCHANT,SUBSCRIPTION,SUCCESS,NOT_EVALUATED,1048513.2116581119,1600000.0,4500000.0,balance.read|history.read|transfer.execute|payment.execute,normal_agent,DELEGATED_NORMAL,0,0,0,0
E0002412,U006-normal-016,U006,2026-05-17T18:24:52,1779009892.0,PAYMENT,payment.execute,16600.0,U006-R022,MERCHANT,TRANSPORT,SUCCESS,NOT_EVALUATED,1048513.2116581119,1600000.0,4500000.0,balance.read|history.read|transfer.execute|payment.execute,normal_user,DAILY_NORMAL,0,0,0,0
E0002413,U006-normal-016,U006,2026-05-17T18:50:45,1779011445.0,PAYMENT,payment.execute,204400.0,U006-R006,MERCHANT,SECURITIES,SUCCESS,NOT_EVALUATED,1048513.2116581119,1600000.0,4500000.0,balance.read|history.read|transfer.execute|payment.execute,normal_user,DAILY_NORMAL,0,0,0,0
E0002414,U006-normal-016,U006,2026-05-17T18:53:04,1779011584.0,TRANSFER,transfer.execute,12700.0,U006-R002,PERSON,P2P,SUCCESS,NOT_EVALUATED,1048513.2116581119,1600000.0,4500000.0,balance.read|history.read|transfer.execute|payment.execute,normal_user,DAILY_NORMAL,0,0,0,0
E0002415,U006-normal-017,U006,2026-05-18T12:40:02,1779075602.0,TRANSFER,transfer.execute,5900.0,U006-R007,PERSON,P2P,SUCCESS,NOT_EVALUATED,1048513.2116581119,1600000.0,4500000.0,balance.read|history.read|transfer.execute|payment.execute,normal_user,DAILY_NORMAL,0,0,0,0
E0002416,U006-normal-017,U006,2026-05-18T14:36:32,1779082592.0,PAYMENT,payment.execute,61300.0,U006-R015,MERCHANT,SIMPLE_PAY,SUCCESS,NOT_EVALUATED,1048513.2116581119,1600000.0,4500000.0,balance.read|history.read|transfer.execute|payment.execute,normal_user,DAILY_NORMAL,0,0,0,0
E0002417,U006-normal-018,U006,2026-05-19T09:09:08,1779149348.0,PAYMENT,payment.execute,41000.0,U006-R018,MERCHANT,SHOPPING,SUCCESS,NOT_EVALUATED,1048513.2116581119,1600000.0,4500000.0,balance.read|history.read|transfer.execute|payment.execute,normal_user,DAILY_NORMAL,0,0,0,0
E0002418,U006-normal-018,U006,2026-05-19T12:17:32,1779160652.0,TRANSFER,transfer.execute,86600.0,U006-R002,PERSON,P2P,SUCCESS,NOT_EVALUATED,1048513.2116581119,1600000.0,4500000.0,balance.read|history.read|transfer.execute|payment.execute,normal_user,DAILY_NORMAL,0,0,0,0
E0002419,U006-agent-normal-024,U006,2026-05-19T20:48:43,1779191323.0,TRANSFER,transfer.execute,5800.0,U006-R012,MERCHANT,SECURITIES,SUCCESS,NOT_EVALUATED,1048513.2116581119,1600000.0,4500000.0,balance.read|history.read|transfer.execute|payment.execute,normal_agent,DELEGATED_NORMAL,0,0,0,0
E0002420,U006-normal-018,U006,2026-05-19T22:20:31,1779196831.0,PAYMENT,payment.execute,30900.0,U006-R006,MERCHANT,SECURITIES,SUCCESS,NOT_EVALUATED,1048513.2116581119,1600000.0,4500000.0,balance.read|history.read|transfer.execute|payment.execute,normal_user,DAILY_NORMAL,0,0,0,0
E0002421,U006-agent-normal-008,U006,2026-05-20T18:47:55,1779270475.0,BALANCE_READ,balance.read,0.0,U006-R001,PERSON,P2P,SUCCESS,NOT_EVALUATED,1048513.2116581119,1600000.0,4500000.0,balance.read|history.read|transfer.execute|payment.execute,normal_agent,DELEGATED_NORMAL,0,0,0,0
E0002422,U006-normal-019,U006,2026-05-20T20:26:32,1779276392.0,PAYMENT,payment.execute,69000.0,U006-R019,MERCHANT,SUBSCRIPTION,SUCCESS,NOT_EVALUATED,1048513.2116581119,1600000.0,4500000.0,balance.read|history.read|transfer.execute|payment.execute,normal_user,DAILY_NORMAL,0,0,0,0
E0002423,U006-normal-020,U006,2026-05-21T07:47:46,1779317266.0,PAYMENT,payment.execute,5400.0,U006-R017,MERCHANT,SHOPPING,SUCCESS,NOT_EVALUATED,1048513.2116581119,1600000.0,4500000.0,balance.read|history.read|transfer.execute|payment.execute,normal_user,DAILY_NORMAL,0,0,0,0
E0002424,U006-normal-020,U006,2026-05-21T11:38:32,1779331112.0,PAYMENT,payment.execute,37100.0,U006-R006,MERCHANT,SECURITIES,SUCCESS,NOT_EVALUATED,1048513.2116581119,1600000.0,4500000.0,balance.read|history.read|transfer.execute|payment.execute,normal_user,DAILY_NORMAL,0,0,0,0
E0002425,U006-normal-020,U006,2026-05-21T13:43:20,1779338600.0,PAYMENT,payment.execute,19900.0,U006-R010,MERCHANT,FOOD,SUCCESS,NOT_EVALUATED,1048513.2116581119,1600000.0,4500000.0,balance.read|history.read|transfer.execute|payment.execute,normal_user,DAILY_NORMAL,0,0,0,0
E0002426,U006-agent-normal-016,U006,2026-05-21T18:04:04,1779354244.0,PAYMENT,payment.execute,19800.0,U006-R015,MERCHANT,SIMPLE_PAY,SUCCESS,NOT_EVALUATED,1048513.2116581119,1600000.0,4500000.0,balance.read|history.read|transfer.execute|payment.execute,normal_agent,DELEGATED_NORMAL,0,0,0,0
E0002427,U006-normal-021,U006,2026-05-22T08:10:52,1779405052.0,PAYMENT,payment.execute,51300.0,U006-R012,MERCHANT,SECURITIES,SUCCESS,NOT_EVALUATED,1048513.2116581119,1600000.0,4500000.0,balance.read|history.read|transfer.execute|payment.execute,normal_user,DAILY_NORMAL,0,0,0,0
E0002428,U006-normal-021,U006,2026-05-22T14:18:52,1779427132.0,TRANSFER,transfer.execute,38900.0,U006-R004,PERSON,P2P,SUCCESS,NOT_EVALUATED,1048513.2116581119,1600000.0,4500000.0,balance.read|history.read|transfer.execute|payment.execute,normal_user,DAILY_NORMAL,0,0,0,0
E0002429,U006-normal-021,U006,2026-05-22T17:30:55,1779438655.0,TRANSFER,transfer.execute,7300.0,U006-R002,PERSON,P2P,SUCCESS,NOT_EVALUATED,1048513.2116581119,1600000.0,4500000.0,balance.read|history.read|transfer.execute|payment.execute,normal_user,DAILY_NORMAL,0,0,0,0
E0002430,U006-agent-normal-028,U006,2026-05-22T19:44:09,1779446649.0,BALANCE_READ,balance.read,0.0,U006-R005,MERCHANT,FOOD,SUCCESS,NOT_EVALUATED,1048513.2116581119,1600000.0,4500000.0,balance.read|history.read|transfer.execute|payment.execute,normal_agent,DELEGATED_NORMAL,0,0,0,0
E0002431,U006-normal-021,U006,2026-05-22T21:41:14,1779453674.0,PAYMENT,payment.execute,6800.0,U006-R005,MERCHANT,FOOD,SUCCESS,NOT_EVALUATED,1048513.2116581119,1600000.0,4500000.0,balance.read|history.read|transfer.execute|payment.execute,normal_user,DAILY_NORMAL,0,0,0,0
E0002432,U006-normal-022,U006,2026-05-23T01:18:50,1779466730.0,PAYMENT,payment.execute,37200.0,U006-R017,MERCHANT,SHOPPING,SUCCESS,NOT_EVALUATED,1048513.2116581119,1600000.0,4500000.0,balance.read|history.read|transfer.execute|payment.execute,normal_user,DAILY_NORMAL,0,0,0,0
E0002433,U006-normal-022,U006,2026-05-23T19:16:15,1779531375.0,PAYMENT,payment.execute,44900.0,U006-R021,MERCHANT,SECURITIES,SUCCESS,NOT_EVALUATED,1048513.2116581119,1600000.0,4500000.0,balance.read|history.read|transfer.execute|payment.execute,normal_user,DAILY_NORMAL,0,0,0,0
E0002434,U006-normal-022,U006,2026-05-23T21:23:16,1779538996.0,PAYMENT,payment.execute,113100.0,U006-R013,MERCHANT,SHOPPING,SUCCESS,NOT_EVALUATED,1048513.2116581119,1600000.0,4500000.0,balance.read|history.read|transfer.execute|payment.execute,normal_user,DAILY_NORMAL,0,0,0,0
E0002435,U006-paysim-fraud-007,U006,2026-05-24T01:22:00,1779553320.0,TRANSFER,transfer.execute,3988704.9306475953,U006-N515009,PERSON,P2P,SUCCESS,NOT_EVALUATED,4098704.9306475953,1600000.0,4500000.0,balance.read|history.read|transfer.execute|payment.execute,paysim_fraud,ACCOUNT_DRAIN_TRANSFER,1,1,1,1
E0002436,U006-paysim-fraud-007,U006,2026-05-24T01:25:00,1779553500.0,TRANSFER,transfer.execute,1097315.1166919959,U006-N515009,PERSON,P2P,SUCCESS,NOT_EVALUATED,1207315.1166919959,1600000.0,4500000.0,balance.read|history.read|transfer.execute|payment.execute,paysim_fraud,FOLLOW_UP_CASHOUT_PROXY,1,1,1,0
E0002437,U006-normal-023,U006,2026-05-24T16:29:32,1779607772.0,TRANSFER,transfer.execute,25500.0,U006-R007,PERSON,P2P,SUCCESS,NOT_EVALUATED,1048513.2116581119,1600000.0,4500000.0,balance.read|history.read|transfer.execute|payment.execute,normal_user,DAILY_NORMAL,0,0,0,0
E0002438,U006-normal-024,U006,2026-05-25T16:49:24,1779695364.0,TRANSFER,transfer.execute,4100.0,U006-R001,PERSON,P2P,SUCCESS,NOT_EVALUATED,1048513.2116581119,1600000.0,4500000.0,balance.read|history.read|transfer.execute|payment.execute,normal_user,DAILY_NORMAL,0,0,0,0
E0002439,U006-normal-024,U006,2026-05-25T17:34:04,1779698044.0,PAYMENT,payment.execute,66500.0,U006-R003,MERCHANT,SECURITIES,SUCCESS,NOT_EVALUATED,1048513.2116581119,1600000.0,4500000.0,balance.read|history.read|transfer.execute|payment.execute,normal_user,DAILY_NORMAL,0,0,0,0
E0002440,U006-normal-024,U006,2026-05-25T17:38:12,1779698292.0,PAYMENT,payment.execute,166200.0,U006-R018,MERCHANT,SHOPPING,SUCCESS,NOT_EVALUATED,1048513.2116581119,1600000.0,4500000.0,balance.read|history.read|transfer.execute|payment.execute,normal_user,DAILY_NORMAL,0,0,0,0
E0002441,U006-normal-024,U006,2026-05-25T18:15:00,1779700500.0,TRANSFER,transfer.execute,605000.0,U006-R012,MERCHANT,SECURITIES,SUCCESS,NOT_EVALUATED,1048513.2116581119,1600000.0,4500000.0,balance.read|history.read|transfer.execute|payment.execute,normal_user,RECURRING_NORMAL,0,0,0,0
E0002442,U006-normal-025,U006,2026-05-26T08:04:00,1779750240.0,PAYMENT,payment.execute,57500.0,U006-R008,MERCHANT,SECURITIES,SUCCESS,NOT_EVALUATED,1048513.2116581119,1600000.0,4500000.0,balance.read|history.read|transfer.execute|payment.execute,normal_user,DAILY_NORMAL,0,0,0,0
E0002443,U006-agent-normal-015,U006,2026-05-26T11:02:48,1779760968.0,HISTORY_READ,history.read,0.0,U006-R015,MERCHANT,SIMPLE_PAY,SUCCESS,NOT_EVALUATED,1048513.2116581119,1600000.0,4500000.0,balance.read|history.read|transfer.execute|payment.execute,normal_agent,DELEGATED_NORMAL,0,0,0,0
E0002444,U006-normal-025,U006,2026-05-26T11:30:05,1779762605.0,PAYMENT,payment.execute,13700.0,U006-R016,MERCHANT,FOOD,SUCCESS,NOT_EVALUATED,1048513.2116581119,1600000.0,4500000.0,balance.read|history.read|transfer.execute|payment.execute,normal_user,DAILY_NORMAL,0,0,0,0
E0002445,U006-agent-normal-034,U006,2026-05-26T19:26:42,1779791202.0,HISTORY_READ,history.read,0.0,U006-R014,MERCHANT,SUBSCRIPTION,SUCCESS,NOT_EVALUATED,1048513.2116581119,1600000.0,4500000.0,balance.read|history.read|transfer.execute|payment.execute,normal_agent,DELEGATED_NORMAL,0,0,0,0
E0002446,U006-agent-normal-007,U006,2026-05-26T20:12:41,1779793961.0,HISTORY_READ,history.read,0.0,U006-R003,MERCHANT,SECURITIES,SUCCESS,NOT_EVALUATED,1048513.2116581119,1600000.0,4500000.0,balance.read|history.read|transfer.execute|payment.execute,normal_agent,DELEGATED_NORMAL,0,0,0,0
E0002447,U006-agent-normal-020,U006,2026-05-26T23:17:13,1779805033.0,BALANCE_READ,balance.read,0.0,U006-R014,MERCHANT,SUBSCRIPTION,SUCCESS,NOT_EVALUATED,1048513.2116581119,1600000.0,4500000.0,balance.read|history.read|transfer.execute|payment.execute,normal_agent,DELEGATED_NORMAL,0,0,0,0
E0002448,U006-normal-025,U006,2026-05-26T23:32:40,1779805960.0,PAYMENT,payment.execute,93600.0,U006-R022,MERCHANT,TRANSPORT,SUCCESS,NOT_EVALUATED,1048513.2116581119,1600000.0,4500000.0,balance.read|history.read|transfer.execute|payment.execute,normal_user,DAILY_NORMAL,0,0,0,0
E0002449,U006-misuse-LOW_AND_SLOW_ATTACK-008,U006,2026-05-27T10:25:00,1779845100.0,TRANSFER,transfer.execute,549568.0868648923,U006-N461365,PERSON,P2P,SUCCESS,NOT_EVALUATED,1048513.2116581119,1600000.0,4500000.0,balance.read|history.read|transfer.execute|payment.execute,agent_misuse,LOW_AND_SLOW_ATTACK,1,0,0,1
E0002450,U006-normal-026,U006,2026-05-27T10:33:39,1779845619.0,PAYMENT,payment.execute,220400.0,U006-R022,MERCHANT,TRANSPORT,SUCCESS,NOT_EVALUATED,1048513.2116581119,1600000.0,4500000.0,balance.read|history.read|transfer.execute|payment.execute,normal_user,DAILY_NORMAL,0,0,0,0
E0002451,U006-misuse-LOW_AND_SLOW_ATTACK-008,U006,2026-05-27T12:25:00,1779852300.0,TRANSFER,transfer.execute,642481.3773221233,U006-R002,PERSON,P2P,SUCCESS,NOT_EVALUATED,1048513.2116581119,1600000.0,4500000.0,balance.read|history.read|transfer.execute|payment.execute,agent_misuse,LOW_AND_SLOW_ATTACK,1,0,0,0
E0002452,U006-misuse-LOW_AND_SLOW_ATTACK-008,U006,2026-05-27T14:25:00,1779859500.0,TRANSFER,transfer.execute,793734.1136299496,U006-R002,PERSON,P2P,SUCCESS,NOT_EVALUATED,1048513.2116581119,1600000.0,4500000.0,balance.read|history.read|transfer.execute|payment.execute,agent_misuse,LOW_AND_SLOW_ATTACK,1,0,0,0
E0002453,U006-misuse-LOW_AND_SLOW_ATTACK-008,U006,2026-05-27T16:25:00,1779866700.0,TRANSFER,transfer.execute,625305.3163128408,U006-N862485,PERSON,P2P,SUCCESS,NOT_EVALUATED,1048513.2116581119,1600000.0,4500000.0,balance.read|history.read|transfer.execute|payment.execute,agent_misuse,LOW_AND_SLOW_ATTACK,1,0,0,1
E0002454,U006-misuse-LOW_AND_SLOW_ATTACK-008,U006,2026-05-27T18:25:00,1779873900.0,TRANSFER,transfer.execute,726734.672282799,U006-R002,PERSON,P2P,SUCCESS,NOT_EVALUATED,1048513.2116581119,1600000.0,4500000.0,balance.read|history.read|transfer.execute|payment.execute,agent_misuse,LOW_AND_SLOW_ATTACK,1,0,0,0
E0002455,U006-misuse-LOW_AND_SLOW_ATTACK-008,U006,2026-05-27T20:25:00,1779881100.0,TRANSFER,transfer.execute,472586.7073647176,U006-R001,PERSON,P2P,SUCCESS,NOT_EVALUATED,1048513.2116581119,1600000.0,4500000.0,balance.read|history.read|transfer.execute|payment.execute,agent_misuse,LOW_AND_SLOW_ATTACK,1,0,0,0
E0002456,U006-misuse-LOW_AND_SLOW_ATTACK-008,U006,2026-05-27T22:25:00,1779888300.0,TRANSFER,transfer.execute,445099.07157361164,U006-N145653,PERSON,P2P,SUCCESS,NOT_EVALUATED,1048513.2116581119,1600000.0,4500000.0,balance.read|history.read|transfer.execute|payment.execute,agent_misuse,LOW_AND_SLOW_ATTACK,1,0,0,1
E0002457,U006-misuse-LOW_AND_SLOW_ATTACK-008,U006,2026-05-28T00:25:00,1779895500.0,TRANSFER,transfer.execute,451783.69307299616,U006-R004,PERSON,P2P,SUCCESS,NOT_EVALUATED,1048513.2116581119,1600000.0,4500000.0,balance.read|history.read|transfer.execute|payment.execute,agent_misuse,LOW_AND_SLOW_ATTACK,1,0,0,0
E0002458,U006-misuse-LOW_AND_SLOW_ATTACK-008,U006,2026-05-28T02:25:00,1779902700.0,TRANSFER,transfer.execute,871163.812614088,U006-R001,PERSON,P2P,SUCCESS,NOT_EVALUATED,1048513.2116581119,1600000.0,4500000.0,balance.read|history.read|transfer.execute|payment.execute,agent_misuse,LOW_AND_SLOW_ATTACK,1,0,0,0
E0002459,U006-misuse-LOW_AND_SLOW_ATTACK-008,U006,2026-05-28T04:25:00,1779909900.0,TRANSFER,transfer.execute,425073.7351084555,U006-N992056,PERSON,P2P,SUCCESS,NOT_EVALUATED,1048513.2116581119,1600000.0,4500000.0,balance.read|history.read|transfer.execute|payment.execute,agent_misuse,LOW_AND_SLOW_ATTACK,1,0,0,1
E0002460,U006-misuse-LOW_AND_SLOW_ATTACK-008,U006,2026-05-28T06:25:00,1779917100.0,TRANSFER,transfer.execute,382832.7212324039,U006-R001,PERSON,P2P,SUCCESS,NOT_EVALUATED,1048513.2116581119,1600000.0,4500000.0,balance.read|history.read|transfer.execute|payment.execute,agent_misuse,LOW_AND_SLOW_ATTACK,1,0,0,0
E0002461,U006-misuse-LOW_AND_SLOW_ATTACK-008,U006,2026-05-28T08:25:00,1779924300.0,TRANSFER,transfer.execute,673357.9429959129,U006-R001,PERSON,P2P,SUCCESS,NOT_EVALUATED,1048513.2116581119,1600000.0,4500000.0,balance.read|history.read|transfer.execute|payment.execute,agent_misuse,LOW_AND_SLOW_ATTACK,1,0,0,0
E0002462,U006-normal-027,U006,2026-05-28T18:25:00,1779960300.0,PAYMENT,payment.execute,14900.0,U006-R019,MERCHANT,SUBSCRIPTION,SUCCESS,NOT_EVALUATED,1048513.2116581119,1600000.0,4500000.0,balance.read|history.read|transfer.execute|payment.execute,normal_user,RECURRING_NORMAL,0,0,0,0
E0002463,U006-normal-027,U006,2026-05-28T20:38:47,1779968327.0,PAYMENT,payment.execute,3700.0,U006-R019,MERCHANT,SUBSCRIPTION,SUCCESS,NOT_EVALUATED,1048513.2116581119,1600000.0,4500000.0,balance.read|history.read|transfer.execute|payment.execute,normal_user,DAILY_NORMAL,0,0,0,0
E0002464,U006-paysim-fraud-000,U006,2026-05-29T03:11:00,1779991860.0,TRANSFER,transfer.execute,3245851.121463771,U006-N737653,PERSON,P2P,SUCCESS,NOT_EVALUATED,3355851.121463771,1600000.0,4500000.0,balance.read|history.read|transfer.execute|payment.execute,paysim_fraud,ACCOUNT_DRAIN_TRANSFER,1,1,1,1
E0002465,U006-paysim-fraud-000,U006,2026-05-29T03:15:00,1779992100.0,TRANSFER,transfer.execute,1216575.0431979364,U006-N737653,PERSON,P2P,SUCCESS,NOT_EVALUATED,1326575.0431979364,1600000.0,4500000.0,balance.read|history.read|transfer.execute|payment.execute,paysim_fraud,FOLLOW_UP_CASHOUT_PROXY,1,1,0,0
E0002466,U006-hard-EMERGENCY_LARGE_TRANSFER-004,U006,2026-05-29T11:40:00,1780022400.0,TRANSFER,transfer.execute,1408000.0,U006-N906965,PERSON,P2P,SUCCESS,NOT_EVALUATED,1518000.0,1600000.0,4500000.0,balance.read|history.read|transfer.execute|payment.execute,hard_negative,EMERGENCY_LARGE_TRANSFER,0,0,0,1
E0002467,U006-normal-028,U006,2026-05-29T22:28:14,1780061294.0,TRANSFER,transfer.execute,891300.0,U006-R001,PERSON,P2P,SUCCESS,NOT_EVALUATED,1048513.2116581119,1600000.0,4500000.0,balance.read|history.read|transfer.execute|payment.execute,normal_user,DAILY_NORMAL,0,0,0,0
E0002468,U006-normal-029,U006,2026-05-30T10:42:44,1780105364.0,PAYMENT,payment.execute,321800.0,U006-R003,MERCHANT,SECURITIES,SUCCESS,NOT_EVALUATED,1048513.2116581119,1600000.0,4500000.0,balance.read|history.read|transfer.execute|payment.execute,normal_user,DAILY_NORMAL,0,0,0,0
E0002469,U006-normal-029,U006,2026-05-30T12:29:25,1780111765.0,TRANSFER,transfer.execute,96000.0,U006-R004,PERSON,P2P,SUCCESS,NOT_EVALUATED,1048513.2116581119,1600000.0,4500000.0,balance.read|history.read|transfer.execute|payment.execute,normal_user,DAILY_NORMAL,0,0,0,0
E0002470,U006-agent-normal-032,U006,2026-05-30T16:13:48,1780125228.0,HISTORY_READ,history.read,0.0,U006-R000,MERCHANT,SIMPLE_PAY,SUCCESS,NOT_EVALUATED,1048513.2116581119,1600000.0,4500000.0,balance.read|history.read|transfer.execute|payment.execute,normal_agent,DELEGATED_NORMAL,0,0,0,0
E0002471,U006-agent-normal-019,U006,2026-05-30T20:53:43,1780142023.0,PAYMENT,payment.execute,25400.0,U006-R015,MERCHANT,SIMPLE_PAY,SUCCESS,NOT_EVALUATED,1048513.2116581119,1600000.0,4500000.0,balance.read|history.read|transfer.execute|payment.execute,normal_agent,DELEGATED_NORMAL,0,0,0,0
E0002472,U006-agent-normal-023,U006,2026-05-31T07:02:16,1780178536.0,BALANCE_READ,balance.read,0.0,U006-R017,MERCHANT,SHOPPING,SUCCESS,NOT_EVALUATED,1048513.2116581119,1600000.0,4500000.0,balance.read|history.read|transfer.execute|payment.execute,normal_agent,DELEGATED_NORMAL,0,0,0,0
E0002473,U006-paysim-fraud-002,U006,2026-06-01T02:05:00,1780247100.0,TRANSFER,transfer.execute,1928743.1713720786,U006-N551947,PERSON,P2P,SUCCESS,NOT_EVALUATED,2038743.1713720786,1600000.0,4500000.0,balance.read|history.read|transfer.execute|payment.execute,paysim_fraud,ACCOUNT_DRAIN_TRANSFER,1,1,1,1
E0002474,U006-paysim-fraud-002,U006,2026-06-01T02:08:00,1780247280.0,TRANSFER,transfer.execute,442259.88712715055,U006-N551947,PERSON,P2P,SUCCESS,NOT_EVALUATED,1048513.2116581119,1600000.0,4500000.0,balance.read|history.read|transfer.execute|payment.execute,paysim_fraud,FOLLOW_UP_CASHOUT_PROXY,1,1,0,0
E0002475,U006-normal-031,U006,2026-06-01T07:30:15,1780266615.0,PAYMENT,payment.execute,2000.0,U006-R008,MERCHANT,SECURITIES,SUCCESS,NOT_EVALUATED,1048513.2116581119,1600000.0,4500000.0,balance.read|history.read|transfer.execute|payment.execute,normal_user,DAILY_NORMAL,0,0,0,0
E0002476,U006-normal-031,U006,2026-06-01T07:42:01,1780267321.0,PAYMENT,payment.execute,62300.0,U006-R016,MERCHANT,FOOD,SUCCESS,NOT_EVALUATED,1048513.2116581119,1600000.0,4500000.0,balance.read|history.read|transfer.execute|payment.execute,normal_user,DAILY_NORMAL,0,0,0,0
E0002477,U006-agent-normal-027,U006,2026-06-01T12:12:28,1780283548.0,BALANCE_READ,balance.read,0.0,U006-R014,MERCHANT,SUBSCRIPTION,SUCCESS,NOT_EVALUATED,1048513.2116581119,1600000.0,4500000.0,balance.read|history.read|transfer.execute|payment.execute,normal_agent,DELEGATED_NORMAL,0,0,0,0
E0002478,U006-normal-031,U006,2026-06-01T14:38:34,1780292314.0,PAYMENT,payment.execute,375600.0,U006-R003,MERCHANT,SECURITIES,SUCCESS,NOT_EVALUATED,1048513.2116581119,1600000.0,4500000.0,balance.read|history.read|transfer.execute|payment.execute,normal_user,DAILY_NORMAL,0,0,0,0
E0002479,U006-normal-031,U006,2026-06-01T17:38:21,1780303101.0,TRANSFER,transfer.execute,31700.0,U006-R007,PERSON,P2P,SUCCESS,NOT_EVALUATED,1048513.2116581119,1600000.0,4500000.0,balance.read|history.read|transfer.execute|payment.execute,normal_user,DAILY_NORMAL,0,0,0,0
E0002480,U006-normal-032,U006,2026-06-02T17:59:15,1780390755.0,PAYMENT,payment.execute,63900.0,U006-R021,MERCHANT,SECURITIES,SUCCESS,NOT_EVALUATED,1048513.2116581119,1600000.0,4500000.0,balance.read|history.read|transfer.execute|payment.execute,normal_user,DAILY_NORMAL,0,0,0,0
E0002481,U006-normal-032,U006,2026-06-02T23:28:03,1780410483.0,TRANSFER,transfer.execute,41100.0,U006-R001,PERSON,P2P,SUCCESS,NOT_EVALUATED,1048513.2116581119,1600000.0,4500000.0,balance.read|history.read|transfer.execute|payment.execute,normal_user,DAILY_NORMAL,0,0,0,0
E0002482,U006-normal-033,U006,2026-06-03T16:43:42,1780472622.0,PAYMENT,payment.execute,24400.0,U006-R006,MERCHANT,SECURITIES,SUCCESS,NOT_EVALUATED,1048513.2116581119,1600000.0,4500000.0,balance.read|history.read|transfer.execute|payment.execute,normal_user,DAILY_NORMAL,0,0,0,0
E0002483,U006-agent-normal-005,U006,2026-06-03T21:18:33,1780489113.0,BALANCE_READ,balance.read,0.0,U006-R004,PERSON,P2P,SUCCESS,NOT_EVALUATED,1048513.2116581119,1600000.0,4500000.0,balance.read|history.read|transfer.execute|payment.execute,normal_agent,DELEGATED_NORMAL,0,0,0,0
E0002484,U006-normal-034,U006,2026-06-04T07:33:58,1780526038.0,TRANSFER,transfer.execute,5600.0,U006-R007,PERSON,P2P,SUCCESS,NOT_EVALUATED,1048513.2116581119,1600000.0,4500000.0,balance.read|history.read|transfer.execute|payment.execute,normal_user,DAILY_NORMAL,0,0,0,0
E0002485,U006-normal-034,U006,2026-06-04T15:15:22,1780553722.0,PAYMENT,payment.execute,67300.0,U006-R010,MERCHANT,FOOD,SUCCESS,NOT_EVALUATED,1048513.2116581119,1600000.0,4500000.0,balance.read|history.read|transfer.execute|payment.execute,normal_user,DAILY_NORMAL,0,0,0,0
E0002486,U006-normal-034,U006,2026-06-04T16:57:43,1780559863.0,PAYMENT,payment.execute,15900.0,U006-R022,MERCHANT,TRANSPORT,SUCCESS,NOT_EVALUATED,1048513.2116581119,1600000.0,4500000.0,balance.read|history.read|transfer.execute|payment.execute,normal_user,DAILY_NORMAL,0,0,0,0
E0002487,U006-normal-034,U006,2026-06-04T21:03:54,1780574634.0,PAYMENT,payment.execute,126700.0,U006-R003,MERCHANT,SECURITIES,SUCCESS,NOT_EVALUATED,1048513.2116581119,1600000.0,4500000.0,balance.read|history.read|transfer.execute|payment.execute,normal_user,DAILY_NORMAL,0,0,0,0
E0002488,U006-normal-034,U006,2026-06-04T21:22:34,1780575754.0,PAYMENT,payment.execute,59400.0,U006-R011,MERCHANT,SIMPLE_PAY,SUCCESS,NOT_EVALUATED,1048513.2116581119,1600000.0,4500000.0,balance.read|history.read|transfer.execute|payment.execute,normal_user,DAILY_NORMAL,0,0,0,0
E0002489,U006-normal-034,U006,2026-06-04T22:06:23,1780578383.0,PAYMENT,payment.execute,97600.0,U006-R006,MERCHANT,SECURITIES,SUCCESS,NOT_EVALUATED,1048513.2116581119,1600000.0,4500000.0,balance.read|history.read|transfer.execute|payment.execute,normal_user,DAILY_NORMAL,0,0,0,0
E0002490,U006-normal-035,U006,2026-06-05T19:52:18,1780656738.0,PAYMENT,payment.execute,358200.0,U006-R022,MERCHANT,TRANSPORT,SUCCESS,NOT_EVALUATED,1048513.2116581119,1600000.0,4500000.0,balance.read|history.read|transfer.execute|payment.execute,normal_user,DAILY_NORMAL,0,0,0,0
E0002491,U006-normal-035,U006,2026-06-05T23:33:49,1780670029.0,TRANSFER,transfer.execute,176300.0,U006-R001,PERSON,P2P,SUCCESS,NOT_EVALUATED,1048513.2116581119,1600000.0,4500000.0,balance.read|history.read|transfer.execute|payment.execute,normal_user,DAILY_NORMAL,0,0,0,0
E0002492,U006-normal-036,U006,2026-06-06T03:49:53,1780685393.0,PAYMENT,payment.execute,98100.0,U006-R012,MERCHANT,SECURITIES,SUCCESS,NOT_EVALUATED,1048513.2116581119,1600000.0,4500000.0,balance.read|history.read|transfer.execute|payment.execute,normal_user,DAILY_NORMAL,0,0,0,0
E0002493,U006-misuse-CATEGORY_DRIFT-005,U006,2026-06-06T06:25:00,1780694700.0,PAYMENT,payment.execute,966969.5941274762,U006-N204766,MERCHANT,SECURITIES,SUCCESS,NOT_EVALUATED,1076969.5941274762,1600000.0,4500000.0,balance.read|history.read|transfer.execute|payment.execute,agent_misuse,CATEGORY_DRIFT,1,0,0,1
E0002494,U006-misuse-CATEGORY_DRIFT-005,U006,2026-06-06T06:42:00,1780695720.0,PAYMENT,payment.execute,995850.9524908381,U006-N173307,PERSON,OVERSEAS_REMIT,SUCCESS,NOT_EVALUATED,1105850.9524908382,1600000.0,4500000.0,balance.read|history.read|transfer.execute|payment.execute,agent_misuse,CATEGORY_DRIFT,1,0,0,1
E0002495,U006-misuse-CATEGORY_DRIFT-005,U006,2026-06-06T06:59:00,1780696740.0,PAYMENT,payment.execute,860647.2921868891,U006-N106246,MERCHANT,SECURITIES,SUCCESS,NOT_EVALUATED,1048513.2116581119,1600000.0,4500000.0,balance.read|history.read|transfer.execute|payment.execute,agent_misuse,CATEGORY_DRIFT,1,0,0,1
E0002496,U006-misuse-CATEGORY_DRIFT-005,U006,2026-06-06T07:16:00,1780697760.0,PAYMENT,payment.execute,513092.62647719274,U006-N950955,PERSON,OVERSEAS_REMIT,SUCCESS,NOT_EVALUATED,1048513.2116581119,1600000.0,4500000.0,balance.read|history.read|transfer.execute|payment.execute,agent_misuse,CATEGORY_DRIFT,1,0,0,1
E0002497,U006-misuse-CATEGORY_DRIFT-005,U006,2026-06-06T07:33:00,1780698780.0,PAYMENT,payment.execute,923486.2368986206,U006-N352918,PERSON,OVERSEAS_REMIT,SUCCESS,NOT_EVALUATED,1048513.2116581119,1600000.0,4500000.0,balance.read|history.read|transfer.execute|payment.execute,agent_misuse,CATEGORY_DRIFT,1,0,0,1
E0002498,U006-misuse-CATEGORY_DRIFT-005,U006,2026-06-06T07:50:00,1780699800.0,PAYMENT,payment.execute,630318.3595629246,U006-N320961,MERCHANT,GIFT_CARD,SUCCESS,NOT_EVALUATED,1048513.2116581119,1600000.0,4500000.0,balance.read|history.read|transfer.execute|payment.execute,agent_misuse,CATEGORY_DRIFT,1,0,1,1
E0002499,U006-misuse-CATEGORY_DRIFT-005,U006,2026-06-06T08:07:00,1780700820.0,PAYMENT,payment.execute,615274.6220578572,U006-N459442,MERCHANT,SECURITIES,SUCCESS,NOT_EVALUATED,1048513.2116581119,1600000.0,4500000.0,balance.read|history.read|transfer.execute|payment.execute,agent_misuse,CATEGORY_DRIFT,1,0,1,1
E0002500,U006-normal-036,U006,2026-06-06T09:48:30,1780706910.0,PAYMENT,payment.execute,14500.0,U006-R014,MERCHANT,SUBSCRIPTION,SUCCESS,NOT_EVALUATED,1048513.2116581119,1600000.0,4500000.0,balance.read|history.read|transfer.execute|payment.execute,normal_user,DAILY_NORMAL,0,0,0,0
E0002501,U006-normal-036,U006,2026-06-06T21:03:34,1780747414.0,PAYMENT,payment.execute,67100.0,U006-R020,MERCHANT,SUBSCRIPTION,SUCCESS,NOT_EVALUATED,1048513.2116581119,1600000.0,4500000.0,balance.read|history.read|transfer.execute|payment.execute,normal_user,DAILY_NORMAL,0,0,0,0
E0002502,U006-normal-036,U006,2026-06-06T21:22:32,1780748552.0,PAYMENT,payment.execute,49000.0,U006-R006,MERCHANT,SECURITIES,SUCCESS,NOT_EVALUATED,1048513.2116581119,1600000.0,4500000.0,balance.read|history.read|transfer.execute|payment.execute,normal_user,DAILY_NORMAL,0,0,0,0
E0002503,U006-normal-037,U006,2026-06-07T14:57:54,1780811874.0,PAYMENT,payment.execute,620100.0,U006-R003,MERCHANT,SECURITIES,SUCCESS,NOT_EVALUATED,1048513.2116581119,1600000.0,4500000.0,balance.read|history.read|transfer.execute|payment.execute,normal_user,DAILY_NORMAL,0,0,0,0
E0002504,U006-misuse-VELOCITY_ATTACK-001,U006,2026-06-07T17:21:25,1780820485.0,TRANSFER,transfer.execute,757622.3784322584,U006-R001,PERSON,P2P,SUCCESS,NOT_EVALUATED,1048513.2116581119,1600000.0,4500000.0,balance.read|history.read|transfer.execute|payment.execute,agent_misuse,VELOCITY_ATTACK,1,0,0,0
E0002505,U006-misuse-VELOCITY_ATTACK-001,U006,2026-06-07T17:22:56,1780820576.0,TRANSFER,transfer.execute,319187.7625337284,U006-N363651,PERSON,P2P,SUCCESS,NOT_EVALUATED,1048513.2116581119,1600000.0,4500000.0,balance.read|history.read|transfer.execute|payment.execute,agent_misuse,VELOCITY_ATTACK,1,0,0,1
E0002506,U006-misuse-VELOCITY_ATTACK-001,U006,2026-06-07T17:24:01,1780820641.0,TRANSFER,transfer.execute,506339.69580237876,U006-N936619,PERSON,P2P,SUCCESS,NOT_EVALUATED,1048513.2116581119,1600000.0,4500000.0,balance.read|history.read|transfer.execute|payment.execute,agent_misuse,VELOCITY_ATTACK,1,0,0,1
E0002507,U006-misuse-VELOCITY_ATTACK-001,U006,2026-06-07T17:24:17,1780820657.0,TRANSFER,transfer.execute,538822.3218705707,U006-R001,PERSON,P2P,SUCCESS,NOT_EVALUATED,1048513.2116581119,1600000.0,4500000.0,balance.read|history.read|transfer.execute|payment.execute,agent_misuse,VELOCITY_ATTACK,1,0,0,0
E0002508,U006-misuse-VELOCITY_ATTACK-001,U006,2026-06-07T17:25:33,1780820733.0,TRANSFER,transfer.execute,562361.1948064624,U006-R002,PERSON,P2P,SUCCESS,NOT_EVALUATED,1048513.2116581119,1600000.0,4500000.0,balance.read|history.read|transfer.execute|payment.execute,agent_misuse,VELOCITY_ATTACK,1,0,0,0
E0002509,U006-misuse-VELOCITY_ATTACK-001,U006,2026-06-07T17:27:01,1780820821.0,TRANSFER,transfer.execute,528930.7933989855,U006-R007,PERSON,P2P,SUCCESS,NOT_EVALUATED,1048513.2116581119,1600000.0,4500000.0,balance.read|history.read|transfer.execute|payment.execute,agent_misuse,VELOCITY_ATTACK,1,0,0,0
E0002510,U006-misuse-VELOCITY_ATTACK-001,U006,2026-06-07T17:27:05,1780820825.0,TRANSFER,transfer.execute,603783.5634151528,U006-R004,PERSON,P2P,SUCCESS,NOT_EVALUATED,1048513.2116581119,1600000.0,4500000.0,balance.read|history.read|transfer.execute|payment.execute,agent_misuse,VELOCITY_ATTACK,1,0,0,0
E0002511,U006-misuse-VELOCITY_ATTACK-001,U006,2026-06-07T17:28:46,1780820926.0,TRANSFER,transfer.execute,701320.508815234,U006-R007,PERSON,P2P,SUCCESS,NOT_EVALUATED,1048513.2116581119,1600000.0,4500000.0,balance.read|history.read|transfer.execute|payment.execute,agent_misuse,VELOCITY_ATTACK,1,0,1,0
E0002512,U006-misuse-VELOCITY_ATTACK-001,U006,2026-06-07T17:28:53,1780820933.0,TRANSFER,transfer.execute,306130.20459970325,U006-N258801,PERSON,P2P,SUCCESS,NOT_EVALUATED,1048513.2116581119,1600000.0,4500000.0,balance.read|history.read|transfer.execute|payment.execute,agent_misuse,VELOCITY_ATTACK,1,0,1,1
E0002513,U006-misuse-VELOCITY_ATTACK-001,U006,2026-06-07T17:29:21,1780820961.0,TRANSFER,transfer.execute,555355.6755520913,U006-R007,PERSON,P2P,SUCCESS,NOT_EVALUATED,1048513.2116581119,1600000.0,4500000.0,balance.read|history.read|transfer.execute|payment.execute,agent_misuse,VELOCITY_ATTACK,1,0,1,0
E0002514,U006-misuse-VELOCITY_ATTACK-001,U006,2026-06-07T17:30:31,1780821031.0,TRANSFER,transfer.execute,573329.4036820725,U006-R002,PERSON,P2P,SUCCESS,NOT_EVALUATED,1048513.2116581119,1600000.0,4500000.0,balance.read|history.read|transfer.execute|payment.execute,agent_misuse,VELOCITY_ATTACK,1,0,1,0
E0002515,U006-misuse-VELOCITY_ATTACK-001,U006,2026-06-07T17:32:14,1780821134.0,TRANSFER,transfer.execute,613369.2692817404,U006-R007,PERSON,P2P,SUCCESS,NOT_EVALUATED,1048513.2116581119,1600000.0,4500000.0,balance.read|history.read|transfer.execute|payment.execute,agent_misuse,VELOCITY_ATTACK,1,0,1,0
E0002516,U006-misuse-VELOCITY_ATTACK-001,U006,2026-06-07T17:34:05,1780821245.0,TRANSFER,transfer.execute,699584.6858893892,U006-R007,PERSON,P2P,SUCCESS,NOT_EVALUATED,1048513.2116581119,1600000.0,4500000.0,balance.read|history.read|transfer.execute|payment.execute,agent_misuse,VELOCITY_ATTACK,1,0,1,0
E0002517,U006-misuse-VELOCITY_ATTACK-001,U006,2026-06-07T17:39:01,1780821541.0,TRANSFER,transfer.execute,310412.905618064,U006-R001,PERSON,P2P,SUCCESS,NOT_EVALUATED,1048513.2116581119,1600000.0,4500000.0,balance.read|history.read|transfer.execute|payment.execute,agent_misuse,VELOCITY_ATTACK,1,0,1,0
E0002518,U006-misuse-UNAUTHORIZED_TOOL-006,U006,2026-06-08T02:01:00,1780851660.0,LIMIT_MODIFY,limit.modify,0.0,U006-N629570,MERCHANT,SECURITIES,SUCCESS,NOT_EVALUATED,1048513.2116581119,1600000.0,4500000.0,balance.read|history.read|transfer.execute|payment.execute,agent_misuse,UNAUTHORIZED_TOOL,1,0,1,1
E0002519,U006-misuse-UNAUTHORIZED_TOOL-006,U006,2026-06-08T02:10:00,1780852200.0,INVEST_ORDER,invest.order,960000.0,U006-N416208,MERCHANT,SECURITIES,SUCCESS,NOT_EVALUATED,1070000.0,1600000.0,4500000.0,balance.read|history.read|transfer.execute|payment.execute,agent_misuse,UNAUTHORIZED_TOOL,1,0,1,1
E0002520,U006-misuse-UNAUTHORIZED_TOOL-006,U006,2026-06-08T02:19:00,1780852740.0,CARD_ISSUE,card.issue,0.0,U006-N938862,MERCHANT,SECURITIES,SUCCESS,NOT_EVALUATED,1048513.2116581119,1600000.0,4500000.0,balance.read|history.read|transfer.execute|payment.execute,agent_misuse,UNAUTHORIZED_TOOL,1,0,1,1
E0002521,U006-normal-038,U006,2026-06-08T08:42:15,1780875735.0,PAYMENT,payment.execute,82200.0,U006-R011,MERCHANT,SIMPLE_PAY,SUCCESS,NOT_EVALUATED,1048513.2116581119,1600000.0,4500000.0,balance.read|history.read|transfer.execute|payment.execute,normal_user,DAILY_NORMAL,0,0,0,0
E0002522,U006-normal-038,U006,2026-06-08T21:38:07,1780922287.0,TRANSFER,transfer.execute,167900.0,U006-R002,PERSON,P2P,SUCCESS,NOT_EVALUATED,1048513.2116581119,1600000.0,4500000.0,balance.read|history.read|transfer.execute|payment.execute,normal_user,DAILY_NORMAL,0,0,0,0
E0002523,U006-normal-039,U006,2026-06-09T08:26:36,1780961196.0,TRANSFER,transfer.execute,40300.0,U006-R002,PERSON,P2P,SUCCESS,NOT_EVALUATED,1048513.2116581119,1600000.0,4500000.0,balance.read|history.read|transfer.execute|payment.execute,normal_user,DAILY_NORMAL,0,0,0,0
E0002524,U006-normal-039,U006,2026-06-09T18:39:00,1780997940.0,PAYMENT,payment.execute,63000.0,U006-R012,MERCHANT,SECURITIES,SUCCESS,NOT_EVALUATED,1048513.2116581119,1600000.0,4500000.0,balance.read|history.read|transfer.execute|payment.execute,normal_user,RECURRING_NORMAL,0,0,0,0
E0002525,U006-normal-039,U006,2026-06-09T19:39:50,1781001590.0,PAYMENT,payment.execute,318700.0,U006-R019,MERCHANT,SUBSCRIPTION,SUCCESS,NOT_EVALUATED,1048513.2116581119,1600000.0,4500000.0,balance.read|history.read|transfer.execute|payment.execute,normal_user,DAILY_NORMAL,0,0,0,0
E0002526,U006-normal-040,U006,2026-06-10T12:09:00,1781060940.0,PAYMENT,payment.execute,39500.0,U006-R022,MERCHANT,TRANSPORT,SUCCESS,NOT_EVALUATED,1048513.2116581119,1600000.0,4500000.0,balance.read|history.read|transfer.execute|payment.execute,normal_user,DAILY_NORMAL,0,0,0,0
E0002527,U006-normal-040,U006,2026-06-10T12:54:02,1781063642.0,PAYMENT,payment.execute,19400.0,U006-R012,MERCHANT,SECURITIES,SUCCESS,NOT_EVALUATED,1048513.2116581119,1600000.0,4500000.0,balance.read|history.read|transfer.execute|payment.execute,normal_user,DAILY_NORMAL,0,0,0,0
E0002528,U006-normal-040,U006,2026-06-10T18:17:46,1781083066.0,PAYMENT,payment.execute,35700.0,U006-R006,MERCHANT,SECURITIES,SUCCESS,NOT_EVALUATED,1048513.2116581119,1600000.0,4500000.0,balance.read|history.read|transfer.execute|payment.execute,normal_user,DAILY_NORMAL,0,0,0,0
E0002529,U006-normal-041,U006,2026-06-11T15:10:41,1781158241.0,TRANSFER,transfer.execute,106300.0,U006-R002,PERSON,P2P,SUCCESS,NOT_EVALUATED,1048513.2116581119,1600000.0,4500000.0,balance.read|history.read|transfer.execute|payment.execute,normal_user,DAILY_NORMAL,0,0,0,0
E0002530,U006-normal-042,U006,2026-06-12T02:35:13,1781199313.0,TRANSFER,transfer.execute,68100.0,U006-R004,PERSON,P2P,SUCCESS,NOT_EVALUATED,1048513.2116581119,1600000.0,4500000.0,balance.read|history.read|transfer.execute|payment.execute,normal_user,DAILY_NORMAL,0,0,0,0
E0002531,U006-normal-042,U006,2026-06-12T22:05:30,1781269530.0,PAYMENT,payment.execute,69800.0,U006-R019,MERCHANT,SUBSCRIPTION,SUCCESS,NOT_EVALUATED,1048513.2116581119,1600000.0,4500000.0,balance.read|history.read|transfer.execute|payment.execute,normal_user,DAILY_NORMAL,0,0,0,0
E0002532,U006-normal-043,U006,2026-06-13T08:57:08,1781308628.0,PAYMENT,payment.execute,23200.0,U006-R011,MERCHANT,SIMPLE_PAY,SUCCESS,NOT_EVALUATED,1048513.2116581119,1600000.0,4500000.0,balance.read|history.read|transfer.execute|payment.execute,normal_user,DAILY_NORMAL,0,0,0,0
E0002533,U006-normal-043,U006,2026-06-13T16:54:29,1781337269.0,PAYMENT,payment.execute,59200.0,U006-R017,MERCHANT,SHOPPING,SUCCESS,NOT_EVALUATED,1048513.2116581119,1600000.0,4500000.0,balance.read|history.read|transfer.execute|payment.execute,normal_user,DAILY_NORMAL,0,0,0,0
E0002534,U006-normal-043,U006,2026-06-13T17:52:29,1781340749.0,PAYMENT,payment.execute,419300.0,U006-R021,MERCHANT,SECURITIES,SUCCESS,NOT_EVALUATED,1048513.2116581119,1600000.0,4500000.0,balance.read|history.read|transfer.execute|payment.execute,normal_user,DAILY_NORMAL,0,0,0,0
E0002535,U006-normal-044,U006,2026-06-14T08:45:53,1781394353.0,PAYMENT,payment.execute,99300.0,U006-R013,MERCHANT,SHOPPING,SUCCESS,NOT_EVALUATED,1048513.2116581119,1600000.0,4500000.0,balance.read|history.read|transfer.execute|payment.execute,normal_user,DAILY_NORMAL,0,0,0,0
E0002536,U006-hard-PAYDAY_BURST-000,U006,2026-06-14T18:00:00,1781427600.0,PAYMENT,payment.execute,2900.0,U006-R018,MERCHANT,SHOPPING,SUCCESS,NOT_EVALUATED,1048513.2116581119,1600000.0,4500000.0,balance.read|history.read|transfer.execute|payment.execute,hard_negative,PAYDAY_BURST,0,0,0,0
E0002537,U006-hard-PAYDAY_BURST-000,U006,2026-06-14T18:07:00,1781428020.0,PAYMENT,payment.execute,91900.0,U006-R001,PERSON,P2P,SUCCESS,NOT_EVALUATED,1048513.2116581119,1600000.0,4500000.0,balance.read|history.read|transfer.execute|payment.execute,hard_negative,PAYDAY_BURST,0,0,0,0
E0002538,U006-hard-PAYDAY_BURST-000,U006,2026-06-14T18:14:00,1781428440.0,PAYMENT,payment.execute,523500.0,U006-R002,PERSON,P2P,SUCCESS,NOT_EVALUATED,1048513.2116581119,1600000.0,4500000.0,balance.read|history.read|transfer.execute|payment.execute,hard_negative,PAYDAY_BURST,0,0,0,0
E0002539,U006-hard-PAYDAY_BURST-000,U006,2026-06-14T18:21:00,1781428860.0,PAYMENT,payment.execute,5800.0,U006-R006,MERCHANT,SECURITIES,SUCCESS,NOT_EVALUATED,1048513.2116581119,1600000.0,4500000.0,balance.read|history.read|transfer.execute|payment.execute,hard_negative,PAYDAY_BURST,0,0,0,0
E0002540,U006-hard-PAYDAY_BURST-000,U006,2026-06-14T18:28:00,1781429280.0,PAYMENT,payment.execute,344900.0,U006-R015,MERCHANT,SIMPLE_PAY,SUCCESS,NOT_EVALUATED,1048513.2116581119,1600000.0,4500000.0,balance.read|history.read|transfer.execute|payment.execute,hard_negative,PAYDAY_BURST,0,0,0,0
E0002541,U006-hard-PAYDAY_BURST-000,U006,2026-06-14T18:35:00,1781429700.0,PAYMENT,payment.execute,570400.0,U006-R007,PERSON,P2P,SUCCESS,NOT_EVALUATED,1048513.2116581119,1600000.0,4500000.0,balance.read|history.read|transfer.execute|payment.execute,hard_negative,PAYDAY_BURST,0,0,0,0
E0002542,U006-normal-044,U006,2026-06-14T18:41:50,1781430110.0,PAYMENT,payment.execute,20600.0,U006-R011,MERCHANT,SIMPLE_PAY,SUCCESS,NOT_EVALUATED,1048513.2116581119,1600000.0,4500000.0,balance.read|history.read|transfer.execute|payment.execute,normal_user,DAILY_NORMAL,0,0,0,0
E0002543,U006-normal-044,U006,2026-06-14T20:30:18,1781436618.0,PAYMENT,payment.execute,58300.0,U006-R016,MERCHANT,FOOD,SUCCESS,NOT_EVALUATED,1048513.2116581119,1600000.0,4500000.0,balance.read|history.read|transfer.execute|payment.execute,normal_user,DAILY_NORMAL,0,0,0,0
E0002544,U006-agent-normal-001,U006,2026-06-14T21:24:48,1781439888.0,PAYMENT,payment.execute,13000.0,U006-R012,MERCHANT,SECURITIES,SUCCESS,NOT_EVALUATED,1048513.2116581119,1600000.0,4500000.0,balance.read|history.read|transfer.execute|payment.execute,normal_agent,DELEGATED_NORMAL,0,0,0,0
E0002545,U006-normal-046,U006,2026-06-16T01:25:11,1781540711.0,PAYMENT,payment.execute,49100.0,U006-R020,MERCHANT,SUBSCRIPTION,SUCCESS,NOT_EVALUATED,1048513.2116581119,1600000.0,4500000.0,balance.read|history.read|transfer.execute|payment.execute,normal_user,DAILY_NORMAL,0,0,0,0
E0002546,U006-paysim-fraud-001,U006,2026-06-16T02:23:00,1781544180.0,TRANSFER,transfer.execute,2678541.671327934,U006-N947094,PERSON,P2P,SUCCESS,NOT_EVALUATED,2788541.671327934,1600000.0,4500000.0,balance.read|history.read|transfer.execute|payment.execute,paysim_fraud,ACCOUNT_DRAIN_TRANSFER,1,1,1,1
E0002547,U006-paysim-fraud-001,U006,2026-06-16T02:24:00,1781544240.0,TRANSFER,transfer.execute,1769217.839181461,U006-N947094,PERSON,P2P,SUCCESS,NOT_EVALUATED,1879217.839181461,1600000.0,4500000.0,balance.read|history.read|transfer.execute|payment.execute,paysim_fraud,FOLLOW_UP_CASHOUT_PROXY,1,1,1,0
E0002548,U006-paysim-fraud-005,U006,2026-06-16T02:31:00,1781544660.0,TRANSFER,transfer.execute,2625837.8536095135,U006-N109716,PERSON,P2P,SUCCESS,NOT_EVALUATED,2735837.8536095135,1600000.0,4500000.0,balance.read|history.read|transfer.execute|payment.execute,paysim_fraud,ACCOUNT_DRAIN_TRANSFER,1,1,1,1
E0002549,U006-paysim-fraud-005,U006,2026-06-16T02:35:00,1781544900.0,TRANSFER,transfer.execute,1251059.8900057636,U006-N109716,PERSON,P2P,SUCCESS,NOT_EVALUATED,1361059.8900057636,1600000.0,4500000.0,balance.read|history.read|transfer.execute|payment.execute,paysim_fraud,FOLLOW_UP_CASHOUT_PROXY,1,1,1,0
E0002550,U006-agent-normal-033,U006,2026-06-16T10:30:31,1781573431.0,PAYMENT,payment.execute,676400.0,U006-R016,MERCHANT,FOOD,SUCCESS,NOT_EVALUATED,1048513.2116581119,1600000.0,4500000.0,balance.read|history.read|transfer.execute|payment.execute,normal_agent,DELEGATED_NORMAL,0,0,0,0
E0002551,U006-normal-046,U006,2026-06-16T12:05:37,1781579137.0,PAYMENT,payment.execute,9900.0,U006-R017,MERCHANT,SHOPPING,SUCCESS,NOT_EVALUATED,1048513.2116581119,1600000.0,4500000.0,balance.read|history.read|transfer.execute|payment.execute,normal_user,DAILY_NORMAL,0,0,0,0
E0002552,U006-normal-046,U006,2026-06-16T19:51:36,1781607096.0,PAYMENT,payment.execute,134000.0,U006-R000,MERCHANT,SIMPLE_PAY,SUCCESS,NOT_EVALUATED,1048513.2116581119,1600000.0,4500000.0,balance.read|history.read|transfer.execute|payment.execute,normal_user,DAILY_NORMAL,0,0,0,0
E0002553,U006-normal-047,U006,2026-06-17T19:03:28,1781690608.0,PAYMENT,payment.execute,8900.0,U006-R018,MERCHANT,SHOPPING,SUCCESS,NOT_EVALUATED,1048513.2116581119,1600000.0,4500000.0,balance.read|history.read|transfer.execute|payment.execute,normal_user,DAILY_NORMAL,0,0,0,0
E0002554,U006-paysim-fraud-006,U006,2026-06-18T02:12:00,1781716320.0,TRANSFER,transfer.execute,3685258.7023337977,U006-N736038,PERSON,P2P,SUCCESS,NOT_EVALUATED,3795258.7023337977,1600000.0,4500000.0,balance.read|history.read|transfer.execute|payment.execute,paysim_fraud,ACCOUNT_DRAIN_TRANSFER,1,1,1,1
E0002555,U006-paysim-fraud-006,U006,2026-06-18T02:15:00,1781716500.0,TRANSFER,transfer.execute,1175109.1149340635,U006-N736038,PERSON,P2P,SUCCESS,NOT_EVALUATED,1285109.1149340635,1600000.0,4500000.0,balance.read|history.read|transfer.execute|payment.execute,paysim_fraud,FOLLOW_UP_CASHOUT_PROXY,1,1,1,0
E0002556,U006-normal-048,U006,2026-06-18T10:45:31,1781747131.0,PAYMENT,payment.execute,107900.0,U006-R022,MERCHANT,TRANSPORT,SUCCESS,NOT_EVALUATED,1048513.2116581119,1600000.0,4500000.0,balance.read|history.read|transfer.execute|payment.execute,normal_user,DAILY_NORMAL,0,0,0,0
E0002557,U006-hard-TRAVEL_MODE-001,U006,2026-06-18T12:13:00,1781752380.0,PAYMENT,payment.execute,26000.0,U006-N503325,PERSON,OVERSEAS_REMIT,SUCCESS,NOT_EVALUATED,1048513.2116581119,1600000.0,4500000.0,balance.read|history.read|transfer.execute|payment.execute,hard_negative,TRAVEL_MODE,0,0,0,1
E0002558,U006-hard-TRAVEL_MODE-001,U006,2026-06-18T13:13:00,1781755980.0,PAYMENT,payment.execute,12700.0,U006-N582102,PERSON,OVERSEAS_REMIT,SUCCESS,NOT_EVALUATED,1048513.2116581119,1600000.0,4500000.0,balance.read|history.read|transfer.execute|payment.execute,hard_negative,TRAVEL_MODE,0,0,0,1
E0002559,U006-hard-TRAVEL_MODE-001,U006,2026-06-18T14:13:00,1781759580.0,PAYMENT,payment.execute,13600.0,U006-N393555,PERSON,OVERSEAS_REMIT,SUCCESS,NOT_EVALUATED,1048513.2116581119,1600000.0,4500000.0,balance.read|history.read|transfer.execute|payment.execute,hard_negative,TRAVEL_MODE,0,0,0,1
E0002560,U006-hard-NEW_RECIPIENT_NORMAL-002,U006,2026-06-18T14:20:00,1781760000.0,TRANSFER,transfer.execute,880000.0,U006-N366458,PERSON,P2P,SUCCESS,NOT_EVALUATED,1048513.2116581119,1600000.0,4500000.0,balance.read|history.read|transfer.execute|payment.execute,hard_negative,NEW_RECIPIENT_NORMAL,0,0,0,1
E0002561,U006-normal-048,U006,2026-06-18T20:53:25,1781783605.0,PAYMENT,payment.execute,17700.0,U006-R022,MERCHANT,TRANSPORT,SUCCESS,NOT_EVALUATED,1048513.2116581119,1600000.0,4500000.0,balance.read|history.read|transfer.execute|payment.execute,normal_user,DAILY_NORMAL,0,0,0,0
E0002562,U006-normal-049,U006,2026-06-19T13:54:21,1781844861.0,PAYMENT,payment.execute,1500.0,U006-R003,MERCHANT,SECURITIES,SUCCESS,NOT_EVALUATED,1048513.2116581119,1600000.0,4500000.0,balance.read|history.read|transfer.execute|payment.execute,normal_user,DAILY_NORMAL,0,0,0,0
E0002563,U006-normal-049,U006,2026-06-19T14:57:48,1781848668.0,PAYMENT,payment.execute,10000.0,U006-R005,MERCHANT,FOOD,SUCCESS,NOT_EVALUATED,1048513.2116581119,1600000.0,4500000.0,balance.read|history.read|transfer.execute|payment.execute,normal_user,DAILY_NORMAL,0,0,0,0
E0002564,U006-hard-TRAVEL_MODE-001,U006,2026-06-19T15:13:00,1781849580.0,PAYMENT,payment.execute,1700.0,U006-N741877,PERSON,OVERSEAS_REMIT,SUCCESS,NOT_EVALUATED,1048513.2116581119,1600000.0,4500000.0,balance.read|history.read|transfer.execute|payment.execute,hard_negative,TRAVEL_MODE,0,0,0,1
E0002565,U006-hard-TRAVEL_MODE-001,U006,2026-06-19T16:13:00,1781853180.0,PAYMENT,payment.execute,43800.0,U006-N169641,PERSON,OVERSEAS_REMIT,SUCCESS,NOT_EVALUATED,1048513.2116581119,1600000.0,4500000.0,balance.read|history.read|transfer.execute|payment.execute,hard_negative,TRAVEL_MODE,0,0,0,1
E0002566,U006-hard-TRAVEL_MODE-001,U006,2026-06-19T17:13:00,1781856780.0,PAYMENT,payment.execute,50400.0,U006-N278510,PERSON,OVERSEAS_REMIT,SUCCESS,NOT_EVALUATED,1048513.2116581119,1600000.0,4500000.0,balance.read|history.read|transfer.execute|payment.execute,hard_negative,TRAVEL_MODE,0,0,0,1
E0002567,U006-normal-050,U006,2026-06-20T01:16:50,1781885810.0,PAYMENT,payment.execute,82800.0,U006-R014,MERCHANT,SUBSCRIPTION,SUCCESS,NOT_EVALUATED,1048513.2116581119,1600000.0,4500000.0,balance.read|history.read|transfer.execute|payment.execute,normal_user,DAILY_NORMAL,0,0,0,0
E0002568,U006-normal-050,U006,2026-06-20T08:19:01,1781911141.0,PAYMENT,payment.execute,17500.0,U006-R009,MERCHANT,SIMPLE_PAY,SUCCESS,NOT_EVALUATED,1048513.2116581119,1600000.0,4500000.0,balance.read|history.read|transfer.execute|payment.execute,normal_user,DAILY_NORMAL,0,0,0,0
E0002569,U006-hard-TRAVEL_MODE-001,U006,2026-06-20T12:13:00,1781925180.0,PAYMENT,payment.execute,158300.0,U006-N281138,PERSON,OVERSEAS_REMIT,SUCCESS,NOT_EVALUATED,1048513.2116581119,1600000.0,4500000.0,balance.read|history.read|transfer.execute|payment.execute,hard_negative,TRAVEL_MODE,0,0,0,1
E0002570,U006-hard-TRAVEL_MODE-001,U006,2026-06-20T13:13:00,1781928780.0,PAYMENT,payment.execute,134400.0,U006-N607140,PERSON,OVERSEAS_REMIT,SUCCESS,NOT_EVALUATED,1048513.2116581119,1600000.0,4500000.0,balance.read|history.read|transfer.execute|payment.execute,hard_negative,TRAVEL_MODE,0,0,0,1
E0002571,U006-normal-052,U006,2026-06-22T12:42:30,1782099750.0,PAYMENT,payment.execute,53200.0,U006-R019,MERCHANT,SUBSCRIPTION,SUCCESS,NOT_EVALUATED,1048513.2116581119,1600000.0,4500000.0,balance.read|history.read|transfer.execute|payment.execute,normal_user,DAILY_NORMAL,0,0,0,0
E0002572,U006-normal-052,U006,2026-06-22T14:26:44,1782106004.0,PAYMENT,payment.execute,280200.0,U006-R021,MERCHANT,SECURITIES,SUCCESS,NOT_EVALUATED,1048513.2116581119,1600000.0,4500000.0,balance.read|history.read|transfer.execute|payment.execute,normal_user,DAILY_NORMAL,0,0,0,0
E0002573,U006-normal-053,U006,2026-06-23T06:23:56,1782163436.0,PAYMENT,payment.execute,66000.0,U006-R010,MERCHANT,FOOD,SUCCESS,NOT_EVALUATED,1048513.2116581119,1600000.0,4500000.0,balance.read|history.read|transfer.execute|payment.execute,normal_user,DAILY_NORMAL,0,0,0,0
E0002574,U006-normal-053,U006,2026-06-23T20:38:47,1782214727.0,PAYMENT,payment.execute,9300.0,U006-R014,MERCHANT,SUBSCRIPTION,SUCCESS,NOT_EVALUATED,1048513.2116581119,1600000.0,4500000.0,balance.read|history.read|transfer.execute|payment.execute,normal_user,DAILY_NORMAL,0,0,0,0
E0002575,U006-normal-054,U006,2026-06-24T09:01:44,1782259304.0,PAYMENT,payment.execute,36600.0,U006-R010,MERCHANT,FOOD,SUCCESS,NOT_EVALUATED,1048513.2116581119,1600000.0,4500000.0,balance.read|history.read|transfer.execute|payment.execute,normal_user,DAILY_NORMAL,0,0,0,0
E0002576,U006-normal-055,U006,2026-06-25T07:38:02,1782340682.0,PAYMENT,payment.execute,43900.0,U006-R021,MERCHANT,SECURITIES,SUCCESS,NOT_EVALUATED,1048513.2116581119,1600000.0,4500000.0,balance.read|history.read|transfer.execute|payment.execute,normal_user,DAILY_NORMAL,0,0,0,0
E0002577,U006-normal-055,U006,2026-06-25T08:15:33,1782342933.0,PAYMENT,payment.execute,23300.0,U006-R005,MERCHANT,FOOD,SUCCESS,NOT_EVALUATED,1048513.2116581119,1600000.0,4500000.0,balance.read|history.read|transfer.execute|payment.execute,normal_user,DAILY_NORMAL,0,0,0,0
E0002578,U006-normal-055,U006,2026-06-25T13:37:23,1782362243.0,PAYMENT,payment.execute,2900.0,U006-R000,MERCHANT,SIMPLE_PAY,SUCCESS,NOT_EVALUATED,1048513.2116581119,1600000.0,4500000.0,balance.read|history.read|transfer.execute|payment.execute,normal_user,DAILY_NORMAL,0,0,0,0
E0002579,U006-normal-055,U006,2026-06-25T18:26:00,1782379560.0,TRANSFER,transfer.execute,605000.0,U006-R012,MERCHANT,SECURITIES,SUCCESS,NOT_EVALUATED,1048513.2116581119,1600000.0,4500000.0,balance.read|history.read|transfer.execute|payment.execute,normal_user,RECURRING_NORMAL,0,0,0,0
E0002580,U006-normal-055,U006,2026-06-25T23:48:36,1782398916.0,PAYMENT,payment.execute,72900.0,U006-R021,MERCHANT,SECURITIES,SUCCESS,NOT_EVALUATED,1048513.2116581119,1600000.0,4500000.0,balance.read|history.read|transfer.execute|payment.execute,normal_user,DAILY_NORMAL,0,0,0,0
E0002581,U006-normal-056,U006,2026-06-26T17:33:21,1782462801.0,TRANSFER,transfer.execute,6000.0,U006-R001,PERSON,P2P,SUCCESS,NOT_EVALUATED,1048513.2116581119,1600000.0,4500000.0,balance.read|history.read|transfer.execute|payment.execute,normal_user,DAILY_NORMAL,0,0,0,0
E0002582,U006-normal-056,U006,2026-06-26T19:57:52,1782471472.0,PAYMENT,payment.execute,53100.0,U006-R005,MERCHANT,FOOD,SUCCESS,NOT_EVALUATED,1048513.2116581119,1600000.0,4500000.0,balance.read|history.read|transfer.execute|payment.execute,normal_user,DAILY_NORMAL,0,0,0,0
E0002583,U006-normal-056,U006,2026-06-26T21:47:19,1782478039.0,PAYMENT,payment.execute,105300.0,U006-R011,MERCHANT,SIMPLE_PAY,SUCCESS,NOT_EVALUATED,1048513.2116581119,1600000.0,4500000.0,balance.read|history.read|transfer.execute|payment.execute,normal_user,DAILY_NORMAL,0,0,0,0
E0002584,U006-normal-057,U006,2026-06-27T17:12:25,1782547945.0,PAYMENT,payment.execute,138900.0,U006-R020,MERCHANT,SUBSCRIPTION,SUCCESS,NOT_EVALUATED,1048513.2116581119,1600000.0,4500000.0,balance.read|history.read|transfer.execute|payment.execute,normal_user,DAILY_NORMAL,0,0,0,0
E0002585,U006-agent-normal-029,U006,2026-06-27T19:35:10,1782556510.0,BALANCE_READ,balance.read,0.0,U006-R017,MERCHANT,SHOPPING,SUCCESS,NOT_EVALUATED,1048513.2116581119,1600000.0,4500000.0,balance.read|history.read|transfer.execute|payment.execute,normal_agent,DELEGATED_NORMAL,0,0,0,0
E0002586,U006-normal-057,U006,2026-06-27T21:12:45,1782562365.0,TRANSFER,transfer.execute,505400.0,U006-R004,PERSON,P2P,SUCCESS,NOT_EVALUATED,1048513.2116581119,1600000.0,4500000.0,balance.read|history.read|transfer.execute|payment.execute,normal_user,DAILY_NORMAL,0,0,0,0
E0002587,U006-normal-058,U006,2026-06-28T10:43:25,1782611005.0,PAYMENT,payment.execute,730900.0,U006-R003,MERCHANT,SECURITIES,SUCCESS,NOT_EVALUATED,1048513.2116581119,1600000.0,4500000.0,balance.read|history.read|transfer.execute|payment.execute,normal_user,DAILY_NORMAL,0,0,0,0
E0002588,U006-normal-058,U006,2026-06-28T18:26:00,1782638760.0,PAYMENT,payment.execute,14900.0,U006-R019,MERCHANT,SUBSCRIPTION,SUCCESS,NOT_EVALUATED,1048513.2116581119,1600000.0,4500000.0,balance.read|history.read|transfer.execute|payment.execute,normal_user,RECURRING_NORMAL,0,0,0,0
E0002589,U006-normal-059,U006,2026-06-29T06:37:09,1782682629.0,PAYMENT,payment.execute,4000.0,U006-R003,MERCHANT,SECURITIES,SUCCESS,NOT_EVALUATED,1048513.2116581119,1600000.0,4500000.0,balance.read|history.read|transfer.execute|payment.execute,normal_user,DAILY_NORMAL,0,0,0,0
E0002590,U006-normal-059,U006,2026-06-29T20:49:26,1782733766.0,PAYMENT,payment.execute,36500.0,U006-R012,MERCHANT,SECURITIES,SUCCESS,NOT_EVALUATED,1048513.2116581119,1600000.0,4500000.0,balance.read|history.read|transfer.execute|payment.execute,normal_user,DAILY_NORMAL,0,0,0,0
E0002591,U006-normal-060,U006,2026-06-30T11:54:40,1782788080.0,PAYMENT,payment.execute,700.0,U006-R021,MERCHANT,SECURITIES,SUCCESS,NOT_EVALUATED,1048513.2116581119,1600000.0,4500000.0,balance.read|history.read|transfer.execute|payment.execute,normal_user,DAILY_NORMAL,0,0,0,0
E0002592,U006-normal-060,U006,2026-06-30T15:36:21,1782801381.0,TRANSFER,transfer.execute,25400.0,U006-R002,PERSON,P2P,SUCCESS,NOT_EVALUATED,1048513.2116581119,1600000.0,4500000.0,balance.read|history.read|transfer.execute|payment.execute,normal_user,DAILY_NORMAL,0,0,0,0
E0002593,U006-normal-060,U006,2026-06-30T16:38:48,1782805128.0,PAYMENT,payment.execute,63100.0,U006-R003,MERCHANT,SECURITIES,SUCCESS,NOT_EVALUATED,1048513.2116581119,1600000.0,4500000.0,balance.read|history.read|transfer.execute|payment.execute,normal_user,DAILY_NORMAL,0,0,0,0
E0002594,U006-normal-060,U006,2026-06-30T21:13:28,1782821608.0,PAYMENT,payment.execute,118500.0,U006-R008,MERCHANT,SECURITIES,SUCCESS,NOT_EVALUATED,1048513.2116581119,1600000.0,4500000.0,balance.read|history.read|transfer.execute|payment.execute,normal_user,DAILY_NORMAL,0,0,0,0
E0002595,U006-normal-061,U006,2026-07-01T15:04:09,1782885849.0,PAYMENT,payment.execute,176800.0,U006-R000,MERCHANT,SIMPLE_PAY,SUCCESS,NOT_EVALUATED,1048513.2116581119,1600000.0,4500000.0,balance.read|history.read|transfer.execute|payment.execute,normal_user,DAILY_NORMAL,0,0,0,0
E0002596,U006-agent-normal-022,U006,2026-07-01T21:08:56,1782907736.0,PAYMENT,payment.execute,22600.0,U006-R003,MERCHANT,SECURITIES,SUCCESS,NOT_EVALUATED,1048513.2116581119,1600000.0,4500000.0,balance.read|history.read|transfer.execute|payment.execute,normal_agent,DELEGATED_NORMAL,0,0,0,0
E0002597,U006-normal-062,U006,2026-07-02T01:17:56,1782922676.0,TRANSFER,transfer.execute,85600.0,U006-R007,PERSON,P2P,SUCCESS,NOT_EVALUATED,1048513.2116581119,1600000.0,4500000.0,balance.read|history.read|transfer.execute|payment.execute,normal_user,DAILY_NORMAL,0,0,0,0
E0002598,U006-normal-062,U006,2026-07-02T11:16:02,1782958562.0,TRANSFER,transfer.execute,11700.0,U006-R004,PERSON,P2P,SUCCESS,NOT_EVALUATED,1048513.2116581119,1600000.0,4500000.0,balance.read|history.read|transfer.execute|payment.execute,normal_user,DAILY_NORMAL,0,0,0,0
E0002599,U006-agent-normal-003,U006,2026-07-02T19:30:33,1782988233.0,PAYMENT,payment.execute,67700.0,U006-R010,MERCHANT,FOOD,SUCCESS,NOT_EVALUATED,1048513.2116581119,1600000.0,4500000.0,balance.read|history.read|transfer.execute|payment.execute,normal_agent,DELEGATED_NORMAL,0,0,0,0
E0002600,U006-normal-063,U006,2026-07-03T12:14:02,1783048442.0,PAYMENT,payment.execute,187300.0,U006-R009,MERCHANT,SIMPLE_PAY,SUCCESS,NOT_EVALUATED,1048513.2116581119,1600000.0,4500000.0,balance.read|history.read|transfer.execute|payment.execute,normal_user,DAILY_NORMAL,0,0,0,0
E0002601,U006-misuse-RECIPIENT_BURST-002,U006,2026-07-03T14:28:00,1783056480.0,TRANSFER,transfer.execute,482486.71529843775,U006-N777462,PERSON,P2P,SUCCESS,NOT_EVALUATED,1048513.2116581119,1600000.0,4500000.0,balance.read|history.read|transfer.execute|payment.execute,agent_misuse,RECIPIENT_BURST,1,0,0,1
E0002602,U006-misuse-RECIPIENT_BURST-002,U006,2026-07-03T14:33:00,1783056780.0,TRANSFER,transfer.execute,661194.412353802,U006-N743699,PERSON,P2P,SUCCESS,NOT_EVALUATED,1048513.2116581119,1600000.0,4500000.0,balance.read|history.read|transfer.execute|payment.execute,agent_misuse,RECIPIENT_BURST,1,0,0,1
E0002603,U006-misuse-RECIPIENT_BURST-002,U006,2026-07-03T14:38:00,1783057080.0,TRANSFER,transfer.execute,525305.7827300564,U006-N733989,PERSON,P2P,SUCCESS,NOT_EVALUATED,1048513.2116581119,1600000.0,4500000.0,balance.read|history.read|transfer.execute|payment.execute,agent_misuse,RECIPIENT_BURST,1,0,0,1
E0002604,U006-misuse-RECIPIENT_BURST-002,U006,2026-07-03T14:43:00,1783057380.0,TRANSFER,transfer.execute,816316.0063144687,U006-N362230,PERSON,P2P,SUCCESS,NOT_EVALUATED,1048513.2116581119,1600000.0,4500000.0,balance.read|history.read|transfer.execute|payment.execute,agent_misuse,RECIPIENT_BURST,1,0,0,1
E0002605,U006-misuse-RECIPIENT_BURST-002,U006,2026-07-03T14:48:00,1783057680.0,TRANSFER,transfer.execute,625334.3045318453,U006-N752890,PERSON,P2P,SUCCESS,NOT_EVALUATED,1048513.2116581119,1600000.0,4500000.0,balance.read|history.read|transfer.execute|payment.execute,agent_misuse,RECIPIENT_BURST,1,0,0,1
E0002606,U006-misuse-RECIPIENT_BURST-002,U006,2026-07-03T14:53:00,1783057980.0,TRANSFER,transfer.execute,421591.4230355551,U006-N380617,PERSON,P2P,SUCCESS,NOT_EVALUATED,1048513.2116581119,1600000.0,4500000.0,balance.read|history.read|transfer.execute|payment.execute,agent_misuse,RECIPIENT_BURST,1,0,0,1
E0002607,U006-normal-064,U006,2026-07-04T18:50:39,1783158639.0,TRANSFER,transfer.execute,15800.0,U006-R007,PERSON,P2P,SUCCESS,NOT_EVALUATED,1048513.2116581119,1600000.0,4500000.0,balance.read|history.read|transfer.execute|payment.execute,normal_user,DAILY_NORMAL,0,0,0,0
E0002608,U006-normal-065,U006,2026-07-05T15:08:15,1783231695.0,PAYMENT,payment.execute,111500.0,U006-R012,MERCHANT,SECURITIES,SUCCESS,NOT_EVALUATED,1048513.2116581119,1600000.0,4500000.0,balance.read|history.read|transfer.execute|payment.execute,normal_user,DAILY_NORMAL,0,0,0,0
E0002609,U006-normal-065,U006,2026-07-05T17:59:01,1783241941.0,TRANSFER,transfer.execute,12500.0,U006-R007,PERSON,P2P,SUCCESS,NOT_EVALUATED,1048513.2116581119,1600000.0,4500000.0,balance.read|history.read|transfer.execute|payment.execute,normal_user,DAILY_NORMAL,0,0,0,0
E0002610,U006-agent-normal-010,U006,2026-07-06T08:43:19,1783294999.0,PAYMENT,payment.execute,17000.0,U006-R006,MERCHANT,SECURITIES,SUCCESS,NOT_EVALUATED,1048513.2116581119,1600000.0,4500000.0,balance.read|history.read|transfer.execute|payment.execute,normal_agent,DELEGATED_NORMAL,0,0,0,0
E0002611,U006-normal-066,U006,2026-07-06T21:42:41,1783341761.0,PAYMENT,payment.execute,20800.0,U006-R000,MERCHANT,SIMPLE_PAY,SUCCESS,NOT_EVALUATED,1048513.2116581119,1600000.0,4500000.0,balance.read|history.read|transfer.execute|payment.execute,normal_user,DAILY_NORMAL,0,0,0,0
E0002612,U006-normal-066,U006,2026-07-06T21:57:45,1783342665.0,PAYMENT,payment.execute,242900.0,U006-R008,MERCHANT,SECURITIES,SUCCESS,NOT_EVALUATED,1048513.2116581119,1600000.0,4500000.0,balance.read|history.read|transfer.execute|payment.execute,normal_user,DAILY_NORMAL,0,0,0,0
E0002613,U006-normal-067,U006,2026-07-07T10:13:47,1783386827.0,PAYMENT,payment.execute,84200.0,U006-R015,MERCHANT,SIMPLE_PAY,SUCCESS,NOT_EVALUATED,1048513.2116581119,1600000.0,4500000.0,balance.read|history.read|transfer.execute|payment.execute,normal_user,DAILY_NORMAL,0,0,0,0
E0002614,U006-normal-067,U006,2026-07-07T17:08:11,1783411691.0,PAYMENT,payment.execute,9700.0,U006-R018,MERCHANT,SHOPPING,SUCCESS,NOT_EVALUATED,1048513.2116581119,1600000.0,4500000.0,balance.read|history.read|transfer.execute|payment.execute,normal_user,DAILY_NORMAL,0,0,0,0
E0002615,U006-normal-067,U006,2026-07-07T18:17:55,1783415875.0,PAYMENT,payment.execute,25800.0,U006-R014,MERCHANT,SUBSCRIPTION,SUCCESS,NOT_EVALUATED,1048513.2116581119,1600000.0,4500000.0,balance.read|history.read|transfer.execute|payment.execute,normal_user,DAILY_NORMAL,0,0,0,0
E0002616,U006-normal-069,U006,2026-07-09T07:38:21,1783550301.0,PAYMENT,payment.execute,33500.0,U006-R019,MERCHANT,SUBSCRIPTION,SUCCESS,NOT_EVALUATED,1048513.2116581119,1600000.0,4500000.0,balance.read|history.read|transfer.execute|payment.execute,normal_user,DAILY_NORMAL,0,0,0,0
E0002617,U006-normal-069,U006,2026-07-09T18:30:00,1783589400.0,PAYMENT,payment.execute,63000.0,U006-R001,PERSON,P2P,SUCCESS,NOT_EVALUATED,1048513.2116581119,1600000.0,4500000.0,balance.read|history.read|transfer.execute|payment.execute,normal_user,RECURRING_NORMAL,0,0,0,0
E0002618,U006-normal-069,U006,2026-07-09T20:42:45,1783597365.0,PAYMENT,payment.execute,60400.0,U006-R014,MERCHANT,SUBSCRIPTION,SUCCESS,NOT_EVALUATED,1048513.2116581119,1600000.0,4500000.0,balance.read|history.read|transfer.execute|payment.execute,normal_user,DAILY_NORMAL,0,0,0,0
E0002619,U006-agent-normal-021,U006,2026-07-10T09:15:24,1783642524.0,HISTORY_READ,history.read,0.0,U006-R009,MERCHANT,SIMPLE_PAY,SUCCESS,NOT_EVALUATED,1048513.2116581119,1600000.0,4500000.0,balance.read|history.read|transfer.execute|payment.execute,normal_agent,DELEGATED_NORMAL,0,0,0,0
E0002620,U006-normal-070,U006,2026-07-10T18:02:15,1783674135.0,TRANSFER,transfer.execute,123800.0,U006-R002,PERSON,P2P,SUCCESS,NOT_EVALUATED,1048513.2116581119,1600000.0,4500000.0,balance.read|history.read|transfer.execute|payment.execute,normal_user,DAILY_NORMAL,0,0,0,0
E0002621,U006-paysim-fraud-003,U006,2026-07-11T01:17:00,1783700220.0,TRANSFER,transfer.execute,2258964.008827779,U006-N484799,PERSON,P2P,SUCCESS,NOT_EVALUATED,2368964.008827779,1600000.0,4500000.0,balance.read|history.read|transfer.execute|payment.execute,paysim_fraud,ACCOUNT_DRAIN_TRANSFER,1,1,1,1
E0002622,U006-paysim-fraud-003,U006,2026-07-11T01:19:00,1783700340.0,TRANSFER,transfer.execute,287707.1048375978,U006-N484799,PERSON,P2P,SUCCESS,NOT_EVALUATED,1048513.2116581119,1600000.0,4500000.0,balance.read|history.read|transfer.execute|payment.execute,paysim_fraud,FOLLOW_UP_CASHOUT_PROXY,1,1,0,0
E0002623,U006-normal-071,U006,2026-07-11T08:13:31,1783725211.0,PAYMENT,payment.execute,1400.0,U006-R014,MERCHANT,SUBSCRIPTION,SUCCESS,NOT_EVALUATED,1048513.2116581119,1600000.0,4500000.0,balance.read|history.read|transfer.execute|payment.execute,normal_user,DAILY_NORMAL,0,0,0,0
E0002624,U006-normal-071,U006,2026-07-11T20:41:31,1783770091.0,PAYMENT,payment.execute,176400.0,U006-R012,MERCHANT,SECURITIES,SUCCESS,NOT_EVALUATED,1048513.2116581119,1600000.0,4500000.0,balance.read|history.read|transfer.execute|payment.execute,normal_user,DAILY_NORMAL,0,0,0,0
E0002625,U006-normal-072,U006,2026-07-12T14:35:47,1783834547.0,PAYMENT,payment.execute,45200.0,U006-R008,MERCHANT,SECURITIES,SUCCESS,NOT_EVALUATED,1048513.2116581119,1600000.0,4500000.0,balance.read|history.read|transfer.execute|payment.execute,normal_user,DAILY_NORMAL,0,0,0,0
E0002626,U006-normal-072,U006,2026-07-12T16:22:51,1783840971.0,PAYMENT,payment.execute,124300.0,U006-R003,MERCHANT,SECURITIES,SUCCESS,NOT_EVALUATED,1048513.2116581119,1600000.0,4500000.0,balance.read|history.read|transfer.execute|payment.execute,normal_user,DAILY_NORMAL,0,0,0,0
E0002627,U006-normal-072,U006,2026-07-12T19:23:07,1783851787.0,PAYMENT,payment.execute,197900.0,U006-R013,MERCHANT,SHOPPING,SUCCESS,NOT_EVALUATED,1048513.2116581119,1600000.0,4500000.0,balance.read|history.read|transfer.execute|payment.execute,normal_user,DAILY_NORMAL,0,0,0,0
E0002628,U006-normal-074,U006,2026-07-14T11:21:56,1783995716.0,PAYMENT,payment.execute,251900.0,U006-R014,MERCHANT,SUBSCRIPTION,SUCCESS,NOT_EVALUATED,1048513.2116581119,1600000.0,4500000.0,balance.read|history.read|transfer.execute|payment.execute,normal_user,DAILY_NORMAL,0,0,0,0
E0002629,U006-normal-074,U006,2026-07-14T14:55:46,1784008546.0,PAYMENT,payment.execute,1100.0,U006-R021,MERCHANT,SECURITIES,SUCCESS,NOT_EVALUATED,1048513.2116581119,1600000.0,4500000.0,balance.read|history.read|transfer.execute|payment.execute,normal_user,DAILY_NORMAL,0,0,0,0
E0002630,U006-normal-074,U006,2026-07-14T19:20:39,1784024439.0,PAYMENT,payment.execute,35800.0,U006-R017,MERCHANT,SHOPPING,SUCCESS,NOT_EVALUATED,1048513.2116581119,1600000.0,4500000.0,balance.read|history.read|transfer.execute|payment.execute,normal_user,DAILY_NORMAL,0,0,0,0
E0002631,U006-normal-075,U006,2026-07-15T08:14:42,1784070882.0,PAYMENT,payment.execute,22000.0,U006-R012,MERCHANT,SECURITIES,SUCCESS,NOT_EVALUATED,1048513.2116581119,1600000.0,4500000.0,balance.read|history.read|transfer.execute|payment.execute,normal_user,DAILY_NORMAL,0,0,0,0
E0002632,U006-normal-075,U006,2026-07-15T20:09:28,1784113768.0,PAYMENT,payment.execute,38800.0,U006-R018,MERCHANT,SHOPPING,SUCCESS,NOT_EVALUATED,1048513.2116581119,1600000.0,4500000.0,balance.read|history.read|transfer.execute|payment.execute,normal_user,DAILY_NORMAL,0,0,0,0
E0002633,U006-normal-075,U006,2026-07-15T23:03:36,1784124216.0,PAYMENT,payment.execute,7800.0,U006-R015,MERCHANT,SIMPLE_PAY,SUCCESS,NOT_EVALUATED,1048513.2116581119,1600000.0,4500000.0,balance.read|history.read|transfer.execute|payment.execute,normal_user,DAILY_NORMAL,0,0,0,0
E0002634,U006-normal-076,U006,2026-07-16T11:04:21,1784167461.0,PAYMENT,payment.execute,7500.0,U006-R000,MERCHANT,SIMPLE_PAY,SUCCESS,NOT_EVALUATED,1048513.2116581119,1600000.0,4500000.0,balance.read|history.read|transfer.execute|payment.execute,normal_user,DAILY_NORMAL,0,0,0,0
E0002635,U006-normal-076,U006,2026-07-16T17:24:29,1784190269.0,PAYMENT,payment.execute,7400.0,U006-R005,MERCHANT,FOOD,SUCCESS,NOT_EVALUATED,1048513.2116581119,1600000.0,4500000.0,balance.read|history.read|transfer.execute|payment.execute,normal_user,DAILY_NORMAL,0,0,0,0
E0002636,U006-agent-normal-026,U006,2026-07-16T21:30:35,1784205035.0,PAYMENT,payment.execute,89000.0,U006-R018,MERCHANT,SHOPPING,SUCCESS,NOT_EVALUATED,1048513.2116581119,1600000.0,4500000.0,balance.read|history.read|transfer.execute|payment.execute,normal_agent,DELEGATED_NORMAL,0,0,0,0
E0002637,U006-normal-076,U006,2026-07-16T22:06:44,1784207204.0,TRANSFER,transfer.execute,30400.0,U006-R004,PERSON,P2P,SUCCESS,NOT_EVALUATED,1048513.2116581119,1600000.0,4500000.0,balance.read|history.read|transfer.execute|payment.execute,normal_user,DAILY_NORMAL,0,0,0,0
E0002638,U006-normal-077,U006,2026-07-17T14:44:25,1784267065.0,PAYMENT,payment.execute,1070400.0,U006-R022,MERCHANT,TRANSPORT,SUCCESS,NOT_EVALUATED,1180400.0,1600000.0,4500000.0,balance.read|history.read|transfer.execute|payment.execute,normal_user,DAILY_NORMAL,0,0,0,0
E0002639,U006-normal-078,U006,2026-07-18T12:13:46,1784344426.0,TRANSFER,transfer.execute,371600.0,U006-R002,PERSON,P2P,SUCCESS,NOT_EVALUATED,1048513.2116581119,1600000.0,4500000.0,balance.read|history.read|transfer.execute|payment.execute,normal_user,DAILY_NORMAL,0,0,0,0
E0002640,U006-normal-078,U006,2026-07-18T17:33:38,1784363618.0,TRANSFER,transfer.execute,81700.0,U006-R001,PERSON,P2P,SUCCESS,NOT_EVALUATED,1048513.2116581119,1600000.0,4500000.0,balance.read|history.read|transfer.execute|payment.execute,normal_user,DAILY_NORMAL,0,0,0,0
E0002641,U006-normal-078,U006,2026-07-18T17:36:33,1784363793.0,PAYMENT,payment.execute,1200000.0,U006-R017,MERCHANT,SHOPPING,SUCCESS,NOT_EVALUATED,1310000.0,1600000.0,4500000.0,balance.read|history.read|transfer.execute|payment.execute,normal_user,DAILY_NORMAL,0,0,0,0
E0002642,U006-paysim-fraud-004,U006,2026-07-19T00:26:00,1784388360.0,TRANSFER,transfer.execute,3135454.0874735597,U006-N473665,PERSON,P2P,SUCCESS,NOT_EVALUATED,3245454.0874735597,1600000.0,4500000.0,balance.read|history.read|transfer.execute|payment.execute,paysim_fraud,ACCOUNT_DRAIN_TRANSFER,1,1,1,1
E0002643,U006-paysim-fraud-004,U006,2026-07-19T00:28:00,1784388480.0,TRANSFER,transfer.execute,638839.9053665148,U006-N473665,PERSON,P2P,SUCCESS,NOT_EVALUATED,1048513.2116581119,1600000.0,4500000.0,balance.read|history.read|transfer.execute|payment.execute,paysim_fraud,FOLLOW_UP_CASHOUT_PROXY,1,1,0,0
E0002644,U006-normal-079,U006,2026-07-19T08:53:10,1784418790.0,TRANSFER,transfer.execute,16900.0,U006-R004,PERSON,P2P,SUCCESS,NOT_EVALUATED,1048513.2116581119,1600000.0,4500000.0,balance.read|history.read|transfer.execute|payment.execute,normal_user,DAILY_NORMAL,0,0,0,0
E0002645,U006-normal-079,U006,2026-07-19T10:30:07,1784424607.0,PAYMENT,payment.execute,34200.0,U006-R019,MERCHANT,SUBSCRIPTION,SUCCESS,NOT_EVALUATED,1048513.2116581119,1600000.0,4500000.0,balance.read|history.read|transfer.execute|payment.execute,normal_user,DAILY_NORMAL,0,0,0,0
E0002646,U006-normal-079,U006,2026-07-19T12:49:54,1784432994.0,PAYMENT,payment.execute,69200.0,U006-R016,MERCHANT,FOOD,SUCCESS,NOT_EVALUATED,1048513.2116581119,1600000.0,4500000.0,balance.read|history.read|transfer.execute|payment.execute,normal_user,DAILY_NORMAL,0,0,0,0
E0002647,U006-normal-079,U006,2026-07-19T18:07:56,1784452076.0,PAYMENT,payment.execute,83200.0,U006-R003,MERCHANT,SECURITIES,SUCCESS,NOT_EVALUATED,1048513.2116581119,1600000.0,4500000.0,balance.read|history.read|transfer.execute|payment.execute,normal_user,DAILY_NORMAL,0,0,0,0
E0002648,U006-normal-080,U006,2026-07-20T07:37:47,1784500667.0,PAYMENT,payment.execute,382200.0,U006-R000,MERCHANT,SIMPLE_PAY,SUCCESS,NOT_EVALUATED,1048513.2116581119,1600000.0,4500000.0,balance.read|history.read|transfer.execute|payment.execute,normal_user,DAILY_NORMAL,0,0,0,0
E0002649,U006-agent-normal-013,U006,2026-07-20T14:06:03,1784523963.0,HISTORY_READ,history.read,0.0,U006-R016,MERCHANT,FOOD,SUCCESS,NOT_EVALUATED,1048513.2116581119,1600000.0,4500000.0,balance.read|history.read|transfer.execute|payment.execute,normal_agent,DELEGATED_NORMAL,0,0,0,0
E0002650,U006-normal-080,U006,2026-07-20T18:08:39,1784538519.0,PAYMENT,payment.execute,211500.0,U006-R022,MERCHANT,TRANSPORT,SUCCESS,NOT_EVALUATED,1048513.2116581119,1600000.0,4500000.0,balance.read|history.read|transfer.execute|payment.execute,normal_user,DAILY_NORMAL,0,0,0,0
E0002651,U006-misuse-CUMULATIVE_BYPASS-003,U006,2026-07-21T08:20:00,1784589600.0,TRANSFER,transfer.execute,1064788.0240422313,U006-R007,PERSON,P2P,SUCCESS,NOT_EVALUATED,1174788.0240422313,1600000.0,4500000.0,balance.read|history.read|transfer.execute|payment.execute,agent_misuse,CUMULATIVE_BYPASS,1,0,0,0
E0002652,U006-normal-081,U006,2026-07-21T08:32:24,1784590344.0,TRANSFER,transfer.execute,4700.0,U006-R007,PERSON,P2P,SUCCESS,NOT_EVALUATED,1048513.2116581119,1600000.0,4500000.0,balance.read|history.read|transfer.execute|payment.execute,normal_user,DAILY_NORMAL,0,0,0,0
E0002653,U006-misuse-CUMULATIVE_BYPASS-003,U006,2026-07-21T08:48:00,1784591280.0,TRANSFER,transfer.execute,1152000.0,U006-R004,PERSON,P2P,SUCCESS,NOT_EVALUATED,1262000.0,1600000.0,4500000.0,balance.read|history.read|transfer.execute|payment.execute,agent_misuse,CUMULATIVE_BYPASS,1,0,0,0
E0002654,U006-misuse-CUMULATIVE_BYPASS-003,U006,2026-07-21T09:16:00,1784592960.0,TRANSFER,transfer.execute,1003585.912536388,U006-R001,PERSON,P2P,SUCCESS,NOT_EVALUATED,1113585.912536388,1600000.0,4500000.0,balance.read|history.read|transfer.execute|payment.execute,agent_misuse,CUMULATIVE_BYPASS,1,0,0,0
E0002655,U006-misuse-CUMULATIVE_BYPASS-003,U006,2026-07-21T09:44:00,1784594640.0,TRANSFER,transfer.execute,1063442.2235412463,U006-R004,PERSON,P2P,SUCCESS,NOT_EVALUATED,1173442.2235412463,1600000.0,4500000.0,balance.read|history.read|transfer.execute|payment.execute,agent_misuse,CUMULATIVE_BYPASS,1,0,0,0
E0002656,U006-misuse-CUMULATIVE_BYPASS-003,U006,2026-07-21T10:12:00,1784596320.0,TRANSFER,transfer.execute,996708.7921065614,U006-R007,PERSON,P2P,SUCCESS,NOT_EVALUATED,1106708.7921065614,1600000.0,4500000.0,balance.read|history.read|transfer.execute|payment.execute,agent_misuse,CUMULATIVE_BYPASS,1,0,1,0
E0002657,U006-agent-normal-017,U006,2026-07-21T18:02:35,1784624555.0,TRANSFER,transfer.execute,5500.0,U006-R019,MERCHANT,SUBSCRIPTION,SUCCESS,NOT_EVALUATED,1048513.2116581119,1600000.0,4500000.0,balance.read|history.read|transfer.execute|payment.execute,normal_agent,DELEGATED_NORMAL,0,0,0,0
E0002658,U006-agent-normal-009,U006,2026-07-21T18:35:34,1784626534.0,PAYMENT,payment.execute,9600.0,U006-R000,MERCHANT,SIMPLE_PAY,SUCCESS,NOT_EVALUATED,1048513.2116581119,1600000.0,4500000.0,balance.read|history.read|transfer.execute|payment.execute,normal_agent,DELEGATED_NORMAL,0,0,0,0
E0002659,U006-normal-081,U006,2026-07-21T19:49:21,1784630961.0,PAYMENT,payment.execute,33700.0,U006-R000,MERCHANT,SIMPLE_PAY,SUCCESS,NOT_EVALUATED,1048513.2116581119,1600000.0,4500000.0,balance.read|history.read|transfer.execute|payment.execute,normal_user,DAILY_NORMAL,0,0,0,0
E0002660,U006-agent-normal-030,U006,2026-07-21T21:19:11,1784636351.0,HISTORY_READ,history.read,0.0,U006-R007,PERSON,P2P,SUCCESS,NOT_EVALUATED,1048513.2116581119,1600000.0,4500000.0,balance.read|history.read|transfer.execute|payment.execute,normal_agent,DELEGATED_NORMAL,0,0,0,0
E0002661,U006-normal-082,U006,2026-07-22T18:01:54,1784710914.0,PAYMENT,payment.execute,8400.0,U006-R022,MERCHANT,TRANSPORT,SUCCESS,NOT_EVALUATED,1048513.2116581119,1600000.0,4500000.0,balance.read|history.read|transfer.execute|payment.execute,normal_user,DAILY_NORMAL,0,0,0,0
E0002662,U006-agent-normal-025,U006,2026-07-23T07:30:57,1784759457.0,PAYMENT,payment.execute,43200.0,U006-R005,MERCHANT,FOOD,SUCCESS,NOT_EVALUATED,1048513.2116581119,1600000.0,4500000.0,balance.read|history.read|transfer.execute|payment.execute,normal_agent,DELEGATED_NORMAL,0,0,0,0
E0002663,U006-normal-084,U006,2026-07-24T04:39:22,1784835562.0,PAYMENT,payment.execute,38000.0,U006-R013,MERCHANT,SHOPPING,SUCCESS,NOT_EVALUATED,1048513.2116581119,1600000.0,4500000.0,balance.read|history.read|transfer.execute|payment.execute,normal_user,DAILY_NORMAL,0,0,0,0
E0002664,U006-hard-SUBSCRIPTION_BURST-003,U006,2026-07-24T09:00:00,1784851200.0,PAYMENT,payment.execute,9900.0,U006-R014,MERCHANT,SUBSCRIPTION,SUCCESS,NOT_EVALUATED,1048513.2116581119,1600000.0,4500000.0,balance.read|history.read|transfer.execute|payment.execute,hard_negative,SUBSCRIPTION_BURST,0,0,0,0
E0002665,U006-hard-SUBSCRIPTION_BURST-003,U006,2026-07-24T09:11:00,1784851860.0,PAYMENT,payment.execute,29000.0,U006-R020,MERCHANT,SUBSCRIPTION,SUCCESS,NOT_EVALUATED,1048513.2116581119,1600000.0,4500000.0,balance.read|history.read|transfer.execute|payment.execute,hard_negative,SUBSCRIPTION_BURST,0,0,0,0
E0002666,U006-hard-SUBSCRIPTION_BURST-003,U006,2026-07-24T09:22:00,1784852520.0,PAYMENT,payment.execute,9900.0,U006-R020,MERCHANT,SUBSCRIPTION,SUCCESS,NOT_EVALUATED,1048513.2116581119,1600000.0,4500000.0,balance.read|history.read|transfer.execute|payment.execute,hard_negative,SUBSCRIPTION_BURST,0,0,0,0
E0002667,U006-hard-SUBSCRIPTION_BURST-003,U006,2026-07-24T09:33:00,1784853180.0,PAYMENT,payment.execute,9900.0,U006-R019,MERCHANT,SUBSCRIPTION,SUCCESS,NOT_EVALUATED,1048513.2116581119,1600000.0,4500000.0,balance.read|history.read|transfer.execute|payment.execute,hard_negative,SUBSCRIPTION_BURST,0,0,0,0
E0002668,U006-hard-SUBSCRIPTION_BURST-003,U006,2026-07-24T09:44:00,1784853840.0,PAYMENT,payment.execute,49000.0,U006-R020,MERCHANT,SUBSCRIPTION,SUCCESS,NOT_EVALUATED,1048513.2116581119,1600000.0,4500000.0,balance.read|history.read|transfer.execute|payment.execute,hard_negative,SUBSCRIPTION_BURST,0,0,0,0
E0002669,U006-normal-084,U006,2026-07-24T18:01:20,1784883680.0,TRANSFER,transfer.execute,57800.0,U006-R004,PERSON,P2P,SUCCESS,NOT_EVALUATED,1048513.2116581119,1600000.0,4500000.0,balance.read|history.read|transfer.execute|payment.execute,normal_user,DAILY_NORMAL,0,0,0,0
E0002670,U006-agent-normal-014,U006,2026-07-25T11:17:49,1784945869.0,PAYMENT,payment.execute,70700.0,U006-R007,PERSON,P2P,SUCCESS,NOT_EVALUATED,1048513.2116581119,1600000.0,4500000.0,balance.read|history.read|transfer.execute|payment.execute,normal_agent,DELEGATED_NORMAL,0,0,0,0
E0002671,U006-misuse-POLICY_CONFLICT-007,U006,2026-07-25T15:11:00,1784959860.0,TRANSFER,transfer.execute,1888000.0,U006-N504269,PERSON,P2P,SUCCESS,NOT_EVALUATED,1998000.0,1600000.0,4500000.0,balance.read|history.read|transfer.execute|payment.execute,agent_misuse,POLICY_CONFLICT,1,0,1,1
E0002672,U006-normal-085,U006,2026-07-25T18:17:00,1784971020.0,TRANSFER,transfer.execute,605000.0,U006-R002,PERSON,P2P,SUCCESS,NOT_EVALUATED,1048513.2116581119,1600000.0,4500000.0,balance.read|history.read|transfer.execute|payment.execute,normal_user,RECURRING_NORMAL,0,0,0,0
E0002673,U006-normal-085,U006,2026-07-25T22:44:20,1784987060.0,PAYMENT,payment.execute,85700.0,U006-R011,MERCHANT,SIMPLE_PAY,SUCCESS,NOT_EVALUATED,1048513.2116581119,1600000.0,4500000.0,balance.read|history.read|transfer.execute|payment.execute,normal_user,DAILY_NORMAL,0,0,0,0
E0002674,U006-normal-087,U006,2026-07-27T15:37:02,1785134222.0,PAYMENT,payment.execute,73300.0,U006-R022,MERCHANT,TRANSPORT,SUCCESS,NOT_EVALUATED,1048513.2116581119,1600000.0,4500000.0,balance.read|history.read|transfer.execute|payment.execute,normal_user,DAILY_NORMAL,0,0,0,0
E0002675,U006-agent-normal-031,U006,2026-07-27T22:58:49,1785160729.0,PAYMENT,payment.execute,6100.0,U006-R016,MERCHANT,FOOD,SUCCESS,NOT_EVALUATED,1048513.2116581119,1600000.0,4500000.0,balance.read|history.read|transfer.execute|payment.execute,normal_agent,DELEGATED_NORMAL,0,0,0,0
E0002676,U006-normal-088,U006,2026-07-28T00:01:16,1785164476.0,PAYMENT,payment.execute,81200.0,U006-R019,MERCHANT,SUBSCRIPTION,SUCCESS,NOT_EVALUATED,1048513.2116581119,1600000.0,4500000.0,balance.read|history.read|transfer.execute|payment.execute,normal_user,DAILY_NORMAL,0,0,0,0
E0002677,U006-normal-088,U006,2026-07-28T07:56:29,1785192989.0,PAYMENT,payment.execute,59100.0,U006-R011,MERCHANT,SIMPLE_PAY,SUCCESS,NOT_EVALUATED,1048513.2116581119,1600000.0,4500000.0,balance.read|history.read|transfer.execute|payment.execute,normal_user,DAILY_NORMAL,0,0,0,0
E0002678,U006-normal-088,U006,2026-07-28T13:59:02,1785214742.0,PAYMENT,payment.execute,7600.0,U006-R018,MERCHANT,SHOPPING,SUCCESS,NOT_EVALUATED,1048513.2116581119,1600000.0,4500000.0,balance.read|history.read|transfer.execute|payment.execute,normal_user,DAILY_NORMAL,0,0,0,0
E0002679,U006-normal-088,U006,2026-07-28T16:47:50,1785224870.0,PAYMENT,payment.execute,241600.0,U006-R022,MERCHANT,TRANSPORT,SUCCESS,NOT_EVALUATED,1048513.2116581119,1600000.0,4500000.0,balance.read|history.read|transfer.execute|payment.execute,normal_user,DAILY_NORMAL,0,0,0,0
E0002680,U006-agent-normal-006,U006,2026-07-28T17:59:24,1785229164.0,PAYMENT,payment.execute,8100.0,U006-R012,MERCHANT,SECURITIES,SUCCESS,NOT_EVALUATED,1048513.2116581119,1600000.0,4500000.0,balance.read|history.read|transfer.execute|payment.execute,normal_agent,DELEGATED_NORMAL,0,0,0,0
E0002681,U006-normal-088,U006,2026-07-28T18:30:18,1785231018.0,TRANSFER,transfer.execute,21100.0,U006-R001,PERSON,P2P,SUCCESS,NOT_EVALUATED,1048513.2116581119,1600000.0,4500000.0,balance.read|history.read|transfer.execute|payment.execute,normal_user,DAILY_NORMAL,0,0,0,0
E0002682,U006-normal-088,U006,2026-07-28T18:35:00,1785231300.0,PAYMENT,payment.execute,14900.0,U006-R020,MERCHANT,SUBSCRIPTION,SUCCESS,NOT_EVALUATED,1048513.2116581119,1600000.0,4500000.0,balance.read|history.read|transfer.execute|payment.execute,normal_user,RECURRING_NORMAL,0,0,0,0
E0002683,U006-normal-089,U006,2026-07-29T14:18:14,1785302294.0,PAYMENT,payment.execute,83100.0,U006-R014,MERCHANT,SUBSCRIPTION,SUCCESS,NOT_EVALUATED,1048513.2116581119,1600000.0,4500000.0,balance.read|history.read|transfer.execute|payment.execute,normal_user,DAILY_NORMAL,0,0,0,0
