amount_to_mean,amt_to_auto_limit,is_new_recipient,is_transfer,is_night,amt_to_balance,is_balance_drain,tx_cnt_1h,tx_cnt_24h,new_recipient_cnt_1h,distinct_recipient_24h,cum1_to_daily_limit,cum24_to_baseline,cum_to_daily_limit,sec_since_prev_log,mean_interval_5_log,near_limit_repeat,fail_cnt_1h,retry_cnt_1h,amount_z_vs_baseline,tx_rate_vs_baseline,unknown_category,unauthorized_tool,event_id,session_id,user_id,source,scenario,risk_label,fraud_label,policy_violation_label
0.3357142857142857,0.02073529411764706,0.0,0.0,0.0,0.0023998649897646104,0.0,1.0,1.0,0.0,1.0,0.007833333333333333,0.13988095238095238,0.007833333333333333,11.366754528799243,11.366754528799243,0.0,0.0,0.0,-0.6642857142857143,0.4166666666666667,0.0,0.0,E0000001,U001-normal-000,U001,normal_user,DAILY_NORMAL,0,0,0
0.0,0.0,1.0,0.0,0.0,0.0,0.0,1.0,2.0,1.0,2.0,0.0,30.0,0.007833333333333333,9.529084969879781,9.529084969879781,0.0,0.0,0.0,-0.3357142857142857,6.666666666666667,1.0,0.0,E0000002,U001-agent-normal-015,U001,normal_agent,DELEGATED_NORMAL,0,0,0
0.8297872340425532,0.017205882352941175,1.0,0.0,0.0,0.001996167865305977,0.0,1.0,3.0,1.0,3.0,0.0065,54.8936170212766,0.014333333333333333,8.950273466557375,9.280985211545515,0.0,0.0,0.0,-0.05714285714285714,10.0,1.0,0.0,E0000003,U001-normal-000,U001,normal_user,DAILY_NORMAL,0,0,0
9.875968992248062,0.18735294117647058,1.0,0.0,0.0,0.021779525678167672,0.0,1.0,4.0,1.0,4.0,0.07077777777777777,178.13953488372093,0.08511111111111111,9.08805973726735,9.220719653721051,0.0,0.0,0.0,60.0,13.333333333333334,1.0,0.0,E0000004,U001-normal-000,U001,normal_user,DAILY_NORMAL,0,0,0
0.3035248041775457,0.022794117647058822,1.0,0.0,0.0,0.0027087812776056446,0.0,1.0,3.0,1.0,3.0,0.008611111111111111,30.274151436031328,0.08588888888888889,11.201210229110327,10.161341661525732,0.0,0.0,0.0,-0.6588285241983709,10.0,0.0,0.0,E0000005,U001-normal-001,U001,normal_user,DAILY_NORMAL,0,0,0
1.95850622406639,0.12147058823529412,1.0,0.0,0.0,0.014474390767116405,0.0,1.0,2.0,1.0,2.0,0.04588888888888889,17.445168938944875,0.0545,11.27224147567903,10.503098478954838,0.0,0.0,0.0,0.8212551057337025,6.666666666666667,0.0,0.0,E0000006,U001-normal-002,U001,normal_user,DAILY_NORMAL,0,0,0
0.20095503382411462,0.014852941176470588,1.0,0.0,0.0,0.0017958650789206534,0.0,1.0,2.0,1.0,2.0,0.005611111111111111,11.066454436927975,0.0515,10.520023630724232,10.623456784139274,0.0,0.0,0.0,-0.856247860420731,6.666666666666667,1.0,0.0,E0000007,U001-normal-002,U001,normal_user,DAILY_NORMAL,0,0,0
0.38102524866105586,0.02441176470588235,1.0,1.0,0.0,0.0029569300801532273,0.0,1.0,3.0,1.0,3.0,0.009222222222222222,12.54399387911247,0.06072222222222222,10.471609913908228,10.749467401871094,0.0,0.0,0.0,-0.5945519804063424,10.0,1.0,0.0,E0000008,U001-normal-003,U001,normal_user,DAILY_NORMAL,0,0,0
0.38525179856115105,0.0225,1.0,0.0,0.0,0.0027334458749774435,0.0,1.0,4.0,1.0,4.0,0.0085,13.446043165467627,0.06922222222222223,8.273846932784508,10.728088343625629,0.0,0.0,0.0,-0.5672600342528856,13.333333333333334,0.0,0.0,E0000009,U001-agent-normal-026,U001,normal_agent,DELEGATED_NORMAL,0,0,0
0.39004432321854754,0.021029411764705883,1.0,0.0,0.0,0.0025617918010728564,0.0,1.0,4.0,1.0,4.0,0.007944444444444445,5.758608932833277,0.03127777777777778,10.30865261563529,10.517964832691291,0.0,0.0,0.0,-0.5446170915777674,13.333333333333334,0.0,0.0,E0000010,U001-normal-003,U001,normal_user,DAILY_NORMAL,0,0,0
0.31892067620286085,0.016029411764705882,1.0,0.0,0.0,0.001957709694412848,0.0,2.0,5.0,1.0,5.0,0.014,6.553966189856957,0.037333333333333336,7.528331766707247,9.981559087956283,0.0,0.0,0.0,-0.5916266007833507,15.0,0.0,0.0,E0000011,U001-normal-003,U001,normal_user,DAILY_NORMAL,0,0,0
1.7802197802197801,0.08338235294117648,1.0,0.0,0.0,0.010203658339676529,0.0,1.0,6.0,1.0,6.0,0.0315,11.670329670329672,0.06883333333333333,8.60813018640834,9.63620923385734,0.0,0.0,0.0,0.6543960599880625,16.363636363636363,0.0,0.0,E0000012,U001-agent-normal-017,U001,normal_agent,DELEGATED_NORMAL,0,0,0
0.061567164179104475,0.003088235294117647,0.0,1.0,0.0,0.00038180912166834726,0.0,1.0,6.0,0.0,5.0,0.0011666666666666668,9.267057569296377,0.06438888888888888,9.521421537856195,9.30375785266413,0.0,0.0,0.0,-0.8673427285119815,15.0,0.0,0.0,E0000013,U001-normal-003,U001,normal_user,DAILY_NORMAL,0,0,0
0.8078452160084812,0.03735294117647059,1.0,0.0,0.0,0.004619836129087089,0.0,1.0,5.0,1.0,5.0,0.01411111111111111,8.698648290485025,0.06077777777777778,10.707460288184958,9.859159418686586,0.0,0.0,0.0,-0.1658689471369918,11.538461538461538,0.0,0.0,E0000014,U001-normal-004,U001,normal_user,DAILY_NORMAL,0,0,0
0.1710951080208592,0.007794117647058824,1.0,0.0,0.0,0.0009684556609464092,0.0,2.0,6.0,1.0,6.0,0.017055555555555556,8.544822448472809,0.06372222222222222,8.104401307921613,9.532162967547695,0.0,0.0,0.0,-0.7329482079807085,12.857142857142858,0.0,0.0,E0000015,U001-normal-004,U001,normal_user,DAILY_NORMAL,0,0,0
0.8372549019607843,0.03588235294117647,1.0,0.0,0.0,0.004462872684332656,0.0,1.0,6.0,1.0,6.0,0.013555555555555555,9.176470588235293,0.06933333333333333,9.773321917959331,9.737208621908884,0.0,0.0,0.0,-0.13787519272218923,12.0,1.0,0.0,E0000016,U001-normal-004,U001,normal_user,DAILY_NORMAL,0,0,0
0.8915356151711378,0.037794117647058825,1.0,0.0,0.0,0.004721721128252431,0.0,2.0,7.0,1.0,7.0,0.027833333333333335,10.441720629047179,0.08361111111111111,3.9318256327243257,9.671000486218766,0.0,0.0,0.0,-0.09402303519236874,13.125,0.0,0.0,E0000017,U001-normal-004,U001,normal_user,DAILY_NORMAL,0,0,0
0.49246889325474785,0.02073529411764706,1.0,0.0,0.0,0.0026028059850379485,0.0,3.0,8.0,1.0,8.0,0.035666666666666666,10.779305828421743,0.09144444444444444,6.744059186311348,9.494857441084807,0.0,0.0,0.0,-0.4511802434009805,14.117647058823529,1.0,0.0,E0000018,U001-agent-normal-031,U001,normal_agent,DELEGATED_NORMAL,0,0,0
7.131935620499788,0.2913235294117647,1.0,0.0,0.0,0.03666393020591238,0.0,1.0,8.0,1.0,8.0,0.11005555555555556,22.350698856416773,0.19544444444444445,8.384118837190895,8.56197533418813,0.0,0.0,0.0,5.418779370318673,13.333333333333334,1.0,0.0,E0000019,U001-normal-004,U001,normal_user,DAILY_NORMAL,0,0,0
0.0,0.0,0.0,0.0,0.0,0.0,0.0,2.0,9.0,0.0,9.0,0.11005555555555556,15.745188721468,0.19544444444444445,6.947937068614969,8.47123301903986,0.0,0.0,0.0,-0.7515384404939305,14.210526315789474,0.0,0.0,E0000020,U001-agent-normal-023,U001,normal_agent,DELEGATED_NORMAL,0,0,0
0.24168282858421603,0.013235294117647059,1.0,0.0,0.0,0.0017290964920498482,0.0,1.0,8.0,1.0,8.0,0.005,13.51633596896912,0.16777777777777778,10.708265549267258,9.23096618976984,0.0,0.0,0.0,-0.5699045044055868,12.0,0.0,0.0,E0000021,U001-normal-005,U001,normal_user,DAILY_NORMAL,0,0,0
0.19858678050934786,0.010441176470588235,0.0,0.0,0.0,0.001366427695730207,0.0,1.0,9.0,0.0,9.0,0.003944444444444445,13.650817017518033,0.17172222222222222,8.935903526274423,9.368898467718084,0.0,0.0,0.0,-0.5890863294883946,12.857142857142858,0.0,0.0,E0000022,U001-normal-005,U001,normal_user,DAILY_NORMAL,0,0,0
0.7022144522144522,0.03544117647058823,0.0,0.0,0.0,0.0046445023579361755,0.0,1.0,5.0,0.0,5.0,0.01338888888888889,10.41520979020979,0.1323888888888889,10.32025521214842,9.776596918327938,0.0,0.0,0.0,-0.21373127919973658,6.818181818181818,0.0,0.0,E0000023,U001-normal-005,U001,normal_user,DAILY_NORMAL,0,0,0
1.386206896551724,0.06897058823529412,1.0,0.0,0.0,0.009080646477636995,0.0,1.0,2.0,1.0,2.0,0.026055555555555554,2.9978888106966926,0.03944444444444444,11.343867555809261,10.423185698805716,0.0,0.0,0.0,0.27970794736832655,2.608695652173913,0.0,0.0,E0000024,U001-normal-006,U001,normal_user,DAILY_NORMAL,0,0,0
0.34856086612094006,0.01764705882352941,0.0,0.0,0.0,0.002344697719308649,0.0,1.0,2.0,0.0,2.0,0.006666666666666667,2.332981251650383,0.03272222222222222,8.51919119407891,10.446515084401629,0.0,0.0,0.0,-0.49050936187765726,2.5,0.0,0.0,E0000025,U001-normal-006,U001,normal_user,DAILY_NORMAL,0,0,0
5.841174941512867,0.2873529411764706,0.0,0.0,0.0,0.0382692242923271,0.0,1.0,3.0,0.0,3.0,0.10855555555555556,9.9155185859111,0.14127777777777778,9.539931847505173,10.249209733354311,0.0,0.0,0.0,3.6027887000637757,3.5999999999999996,0.0,0.0,E0000026,U001-normal-006,U001,normal_user,DAILY_NORMAL,0,0,0
5.86318407960199,0.34661764705882353,1.0,0.0,0.0,0.04799888716807774,0.0,1.0,4.0,1.0,4.0,0.13094444444444445,15.2363184079602,0.2722222222222222,10.62667885444445,10.462651809975569,0.0,0.0,0.0,3.5790996798903,4.615384615384615,0.0,0.0,E0000027,U001-normal-007,U001,normal_user,DAILY_NORMAL,0,0,0
1.2661391087047065,0.08941176470588236,0.0,0.0,0.0,0.013005819106971342,0.0,1.0,5.0,0.0,5.0,0.033777777777777775,13.764264889629322,0.306,9.673948594133059,10.376474228071839,0.0,0.0,0.0,0.1941731590570889,5.555555555555555,0.0,0.0,E0000028,U001-normal-007,U001,normal_user,DAILY_NORMAL,0,0,0
0.5400776976135733,0.03852941176470588,0.0,0.0,0.0,0.005678332626886492,0.0,1.0,5.0,0.0,5.0,0.014555555555555556,12.608419884246413,0.2945,9.398478314091577,9.776812600708093,0.0,0.0,0.0,-0.34545371496379856,5.357142857142857,0.0,0.0,E0000029,U001-normal-007,U001,normal_user,DAILY_NORMAL,0,0,0
0.6144466019417476,0.04308823529411765,1.0,0.0,0.0,0.006386460860055737,0.0,2.0,6.0,1.0,6.0,0.030833333333333334,13.034563106796117,0.31077777777777776,7.38770923908104,9.737527414749373,0.0,0.0,0.0,-0.2894449019243924,6.206896551724138,0.0,0.0,E0000030,U001-normal-007,U001,normal_user,DAILY_NORMAL,0,0,0
0.44441069258809235,0.03073529411764706,0.0,0.0,0.0,0.004584810816370978,0.0,1.0,4.0,0.0,4.0,0.01161111111111111,3.125759416767922,0.07622222222222222,11.10701525782018,10.221512100659725,0.0,0.0,0.0,-0.4182750331493657,4.0,0.0,0.0,E0000031,U001-normal-008,U001,normal_user,DAILY_NORMAL,0,0,0
1.3657770800627944,0.09264705882352942,0.0,0.0,0.0,0.013883898177223965,0.0,1.0,3.0,0.0,3.0,0.035,2.5386858039919264,0.06288888888888888,9.891263137913406,10.05171788449517,0.0,0.0,0.0,0.27405478352231893,2.9032258064516125,0.0,0.0,E0000032,U001-normal-008,U001,normal_user,RECURRING_NORMAL,0,0,0
1.2786463910901693,0.08779411764705883,0.0,0.0,0.0,0.013341883723043908,0.0,1.0,3.0,0.0,3.0,0.033166666666666664,3.0756050546155493,0.07977777777777778,9.531698970787348,10.03337481337055,0.0,0.0,0.0,0.2146624777280217,2.8125,0.0,0.0,E0000033,U001-normal-008,U001,normal_user,DAILY_NORMAL,0,0,0
0.0,0.0,0.0,0.0,1.0,0.0,0.0,1.0,4.0,0.0,4.0,0.0,2.94987674609696,0.07977777777777778,8.932872621931374,9.99311799677292,0.0,0.0,0.0,-0.7895627522760711,3.6363636363636362,0.0,0.0,E0000034,U001-agent-normal-005,U001,normal_agent,DELEGATED_NORMAL,0,0,0
0.10188989317995069,0.007058823529411765,1.0,0.0,0.0,0.0010872198297392282,0.0,1.0,5.0,1.0,5.0,0.0026666666666666666,3.0484798685291703,0.08244444444444445,10.508786642522878,10.270883817167677,0.0,0.0,0.0,-0.7091142877877943,4.411764705882353,0.0,0.0,E0000035,U001-normal-009,U001,normal_user,DAILY_NORMAL,0,0,0
0.5831285831285832,0.039264705882352945,0.0,0.0,0.0,0.0060542425955283675,0.0,1.0,6.0,0.0,6.0,0.014833333333333334,3.585176085176085,0.09727777777777778,8.851949671253948,9.737999513710081,0.0,0.0,0.0,-0.32250319964545604,5.142857142857142,0.0,0.0,E0000036,U001-normal-009,U001,normal_user,DAILY_NORMAL,0,0,0
0.7542730746028554,0.05014705882352941,0.0,0.0,0.0,0.007779295212631162,0.0,1.0,6.0,0.0,6.0,0.018944444444444444,3.786446812789061,0.10461111111111111,9.90028242158718,9.740109430508728,0.0,0.0,0.0,-0.19031024044307696,5.0,0.0,0.0,E0000037,U001-normal-009,U001,normal_user,DAILY_NORMAL,0,0,0
0.20943643512450852,0.013823529411764707,0.0,0.0,0.0,0.002161252168168078,0.0,1.0,4.0,0.0,4.0,0.005222222222222222,1.474442988204456,0.041666666666666664,10.820478039524556,10.095528390390992,0.0,0.0,0.0,-0.6166622278177543,3.243243243243243,0.0,0.0,E0000038,U001-normal-010,U001,normal_user,DAILY_NORMAL,0,0,0
0.14589032174026312,0.009411764705882352,0.0,0.0,0.0,0.0014746779889025358,0.0,1.0,2.0,0.0,2.0,0.0035555555555555557,0.30871434153966393,0.008777777777777778,10.554405498878337,10.3218096541468,0.0,0.0,0.0,-0.6571281491959621,1.5789473684210527,0.0,0.0,E0000039,U001-normal-010,U001,normal_user,DAILY_NORMAL,0,0,0
0.119081592943313,0.0075,0.0,0.0,0.0,0.0011768695259924994,0.0,1.0,1.0,0.0,1.0,0.0028333333333333335,0.09923466078609416,0.0028333333333333335,11.491007000869207,10.66025251798609,0.0,0.0,0.0,-0.6670712477527024,0.7692307692307692,0.0,0.0,E0000040,U001-normal-011,U001,normal_user,DAILY_NORMAL,0,0,0
1.155278298532549,0.07102941176470588,0.0,0.0,0.0,0.011158779114427782,0.0,1.0,2.0,0.0,2.0,0.026833333333333334,1.035619626349473,0.029666666666666668,10.554170766276814,10.797475414109861,0.0,0.0,0.0,0.1156740454499215,1.5,0.0,0.0,E0000041,U001-normal-012,U001,normal_user,DAILY_NORMAL,0,0,0
0.34779338014042127,0.021470588235294116,1.0,0.0,0.0,0.003411110936385856,0.0,1.0,3.0,1.0,3.0,0.00811111111111111,1.2788365095285856,0.03777777777777778,9.954323242238624,10.801993060786181,0.0,0.0,0.0,-0.49430599827441835,2.1951219512195124,0.0,0.0,E0000042,U001-agent-normal-014,U001,normal_agent,DELEGATED_NORMAL,0,0,0
0.0,0.0,1.0,0.0,0.0,0.0,0.0,1.0,4.0,1.0,4.0,0.0,1.26723816623183,0.03777777777777778,8.987821625430815,10.614292905829553,0.0,0.0,0.0,-0.7526113305097569,2.857142857142857,0.0,0.0,E0000043,U001-agent-normal-012,U001,normal_agent,DELEGATED_NORMAL,0,0,0
0.4045844204248975,0.024558823529411765,1.0,0.0,0.0,0.003915105038273689,0.0,1.0,5.0,1.0,5.0,0.009277777777777777,1.578456951174059,0.04705555555555556,9.356343666096025,10.47327429762144,0.0,0.0,0.0,-0.44811651155025595,3.488372093023256,0.0,0.0,E0000044,U001-normal-012,U001,normal_user,DAILY_NORMAL,0,0,0
0.44512757454657237,0.02661764705882353,1.0,0.0,0.0,0.0042599957675845375,0.0,2.0,6.0,1.0,6.0,0.019333333333333334,1.896095911466339,0.05711111111111111,7.668093709082406,9.693951004628135,0.0,0.0,0.0,-0.4155860394208882,4.090909090909091,0.0,0.0,E0000045,U001-normal-012,U001,normal_user,DAILY_NORMAL,0,0,0
2.5677976407637115,0.1514705882352941,0.0,1.0,0.0,0.02434567734772034,0.0,1.0,5.0,0.0,5.0,0.05722222222222222,2.780007296607078,0.08466666666666667,10.776244282386555,9.80509161667986,0.0,0.0,0.0,1.1702786761558719,3.3333333333333335,0.0,0.0,E0000046,U001-normal-013,U001,normal_user,DAILY_NORMAL,0,0,0
0.3893339436942092,0.023823529411764705,1.0,0.0,0.0,0.003924674818605875,0.0,1.0,5.0,1.0,5.0,0.009,2.643625543602655,0.08555555555555555,9.954465797300758,9.805124718119224,0.0,0.0,0.0,-0.4709602737979094,3.260869565217391,0.0,0.0,E0000047,U001-normal-013,U001,normal_user,DAILY_NORMAL,0,0,0
0.6557999773216917,0.039558823529411764,0.0,0.0,0.0,0.006542575792368415,0.0,1.0,5.0,0.0,5.0,0.014944444444444444,3.076879464791926,0.1005,9.036701015565063,9.809539444690488,0.0,0.0,0.0,-0.26410212408239053,3.1914893617021276,0.0,0.0,E0000048,U001-normal-013,U001,normal_user,DAILY_NORMAL,0,0,0
0.9214273747696432,0.05514705882352941,0.0,0.0,0.0,0.009180756958597831,0.0,1.0,6.0,0.0,6.0,0.020833333333333332,3.658904339085274,0.12133333333333333,8.323122887587735,9.7241096589114,0.0,0.0,0.0,-0.06046021585589758,3.75,0.0,0.0,E0000049,U001-normal-013,U001,normal_user,DAILY_NORMAL,0,0,0
0.3249097472924188,0.019411764705882354,1.0,0.0,0.0,0.0032615701321127856,0.0,2.0,7.0,1.0,7.0,0.028166666666666666,3.8004594683295045,0.12866666666666668,5.739792912179234,9.701995408666486,0.0,0.0,0.0,-0.5244010840395695,4.285714285714286,0.0,0.0,E0000050,U001-normal-013,U001,normal_user,DAILY_NORMAL,0,0,0
0.0,0.0,0.0,0.0,0.0,0.0,0.0,3.0,7.0,0.0,7.0,0.028166666666666666,3.5011404366243077,0.11938888888888889,7.867105500316739,8.89538302138932,0.0,0.0,0.0,-0.7715414042421871,4.2,0.0,0.0,E0000051,U001-agent-normal-028,U001,normal_agent,DELEGATED_NORMAL,0,0,0
0.40219398283914415,0.023676470588235295,1.0,0.0,0.0,0.003991144604627506,0.0,1.0,7.0,1.0,7.0,0.008944444444444444,3.468556533072662,0.11827777777777777,10.659116452967368,9.359174084609148,0.0,0.0,0.0,-0.46123209394471576,4.11764705882353,0.0,0.0,E0000052,U001-normal-014,U001,normal_user,DAILY_NORMAL,0,0,0
0.28086137281292056,0.016323529411764705,0.0,0.0,0.0,0.002762684977812757,0.0,1.0,6.0,0.0,6.0,0.006166666666666667,1.6925975773889637,0.058222222222222224,10.367315903941208,9.697950591542043,0.0,0.0,0.0,-0.5524613156459762,3.4615384615384612,0.0,0.0,E0000053,U001-normal-014,U001,normal_user,DAILY_NORMAL,0,0,0
0.7475115059402762,0.04279411764705882,1.0,0.0,0.0,0.007262779443228148,0.0,2.0,7.0,1.0,7.0,0.022333333333333334,2.1497377715937067,0.0743888888888889,4.605170185988092,9.647342906082503,0.0,0.0,0.0,-0.1924732132498734,3.9622641509433962,0.0,0.0,E0000054,U001-normal-014,U001,normal_user,DAILY_NORMAL,0,0,0
44.76887802041123,2.5497568973389675,1.0,1.0,1.0,0.43589636714275126,0.0,1.0,4.0,1.0,4.0,0.9632414945502765,28.29954192217681,0.9945192723280544,10.273118207635076,9.962096025642898,0.0,0.0,0.0,33.524615112738125,2.2222222222222223,0.0,0.0,E0000055,U001-paysim-fraud-002,U001,paysim_fraud,ACCOUNT_DRAIN_TRANSFER,1,1,1
0.842029696965517,0.08993706043237847,0.0,1.0,1.0,0.027256134666409314,0.0,2.0,5.0,1.0,4.0,0.9972177173802862,15.293467218847379,1.028495495158064,4.110873864173311,9.937763367499901,0.0,0.0,0.0,-0.04730630196206135,2.7272727272727275,0.0,0.0,E0000056,U001-paysim-fraud-002,U001,paysim_fraud,FOLLOW_UP_CASHOUT_PROXY,1,1,0
0.8576670064120389,0.0913235294117647,1.0,0.0,0.0,0.02845180113614784,0.0,1.0,1.0,1.0,1.0,0.0345,0.5045100037717876,0.0345,11.897003491196745,10.634575781673934,0.0,0.0,0.0,-0.04291334750929435,0.5357142857142857,0.0,0.0,E0000057,U001-normal-016,U001,normal_user,DAILY_NORMAL,0,0,0
0.1578782572147302,0.016764705882352942,0.0,0.0,0.0,0.0053759926305955745,0.0,1.0,2.0,0.0,2.0,0.006333333333333333,0.5872495903483133,0.04083333333333333,9.6634521335517,10.554055988059506,0.0,0.0,0.0,-0.2556702612495834,1.0526315789473684,0.0,0.0,E0000058,U001-normal-016,U001,normal_user,DAILY_NORMAL,0,0,0
0.2504917506150329,0.026176470588235294,0.0,0.0,0.0,0.008439464254180616,0.0,1.0,3.0,0.0,2.0,0.009888888888888888,0.727259810191409,0.050722222222222224,10.874948055543754,10.797119502184078,0.0,0.0,0.0,-0.2259406683682322,1.5517241379310345,0.0,0.0,E0000059,U001-normal-017,U001,normal_user,DAILY_NORMAL,0,0,0
0.16411240241563918,0.016911764705882352,0.0,1.0,0.0,0.005498870380864708,0.0,1.0,3.0,0.0,2.0,0.006388888888888889,0.3226751100635998,0.02261111111111111,9.925591451443054,10.761733831094443,0.0,0.0,0.0,-0.2506972078626061,1.5254237288135595,0.0,0.0,E0000060,U001-normal-017,U001,normal_user,DAILY_NORMAL,0,0,0
0.12751970333842527,0.012941176470588235,0.0,0.0,0.0,0.004231097504713256,0.0,1.0,3.0,0.0,3.0,0.004888888888888889,0.3011467374293803,0.021166666666666667,10.903052687603003,10.968829124992777,0.0,0.0,0.0,-0.2599217694006711,1.5,0.0,0.0,E0000061,U001-normal-018,U001,normal_user,DAILY_NORMAL,0,0,0
0.10156949336228048,0.010147058823529412,0.0,0.0,0.0,0.0033316616743196566,0.0,2.0,4.0,0.0,4.0,0.008722222222222221,0.3548623603495824,0.025,7.691656822810547,10.27881642505353,0.0,0.0,0.0,-0.2657068799322267,1.9672131147540985,0.0,0.0,E0000062,U001-normal-018,U001,normal_user,DAILY_NORMAL,0,0,0
0.13909034630668682,0.013676470588235293,1.0,0.0,0.0,0.004505511357072848,0.0,1.0,4.0,1.0,4.0,0.005166666666666667,0.28731169440826654,0.020277777777777777,9.455949668006056,10.258353861880924,0.0,0.0,0.0,-0.2526682458200957,1.9354838709677418,0.0,0.0,E0000063,U001-normal-018,U001,normal_user,DAILY_NORMAL,0,0,0
0.31880711559120395,0.030882352941176472,0.0,0.0,0.0,0.010219780660254129,0.0,1.0,4.0,0.0,3.0,0.011666666666666667,0.361210032443236,0.025555555555555557,10.258255679654631,10.071372061532314,0.0,0.0,0.0,-0.19856660149480398,1.9047619047619047,0.0,0.0,E0000064,U001-normal-018,U001,normal_user,DAILY_NORMAL,0,0,0
0.34249714361887074,0.03279411764705882,0.0,0.0,0.0,0.01096448841540337,0.0,1.0,5.0,0.0,4.0,0.012388888888888889,0.5333865222125607,0.03794444444444445,8.569406062863171,9.934026456844961,0.0,0.0,0.0,-0.1910105284494267,2.34375,0.0,0.0,E0000065,U001-normal-018,U001,normal_user,DAILY_NORMAL,0,0,0
0.739170245282161,0.07,0.0,0.0,0.0,0.023663478046296926,0.0,2.0,6.0,0.0,5.0,0.03883333333333333,0.8998931872710343,0.06438888888888888,6.373319789577012,9.197153810172008,0.0,0.0,0.0,-0.07555252412097763,2.7692307692307696,0.0,0.0,E0000066,U001-normal-018,U001,normal_user,DAILY_NORMAL,0,0,0
1.0339797474683206,0.0975,0.0,0.0,0.0,0.03375869250048477,0.0,1.0,5.0,0.0,5.0,0.036833333333333336,1.2770390026962049,0.0925,10.805375054099539,9.867238419861007,0.0,0.0,0.0,0.009881434249553572,2.2727272727272725,0.0,0.0,E0000067,U001-normal-019,U001,normal_user,DAILY_NORMAL,0,0,0
0.0,0.0,1.0,0.0,0.0,0.0,0.0,1.0,5.0,1.0,5.0,0.0,1.1856121914151232,0.08733333333333333,8.200562797008564,9.767656374574264,0.0,0.0,0.0,-0.2933380346907892,2.2388059701492535,0.0,0.0,E0000068,U001-agent-normal-034,U001,normal_agent,DELEGATED_NORMAL,0,0,0
0.8027268293444632,0.07573529411764705,0.0,0.0,0.0,0.027138992338687804,0.0,1.0,6.0,0.0,6.0,0.02861111111111111,1.5740283991624442,0.11594444444444445,8.352082671352637,9.44178537072969,0.0,0.0,0.0,-0.057867724177315824,2.6470588235294117,0.0,0.0,E0000069,U001-normal-019,U001,normal_user,DAILY_NORMAL,0,0,0
0.39089724254803027,0.03676470588235294,0.0,0.0,0.0,0.013541778344315181,0.0,1.0,7.0,0.0,7.0,0.013888888888888888,1.7400511539709462,0.12983333333333333,9.61780348274702,9.585799777997941,0.0,0.0,0.0,-0.17953940558707235,3.0434782608695654,0.0,0.0,E0000070,U001-agent-normal-032,U001,normal_agent,DELEGATED_NORMAL,0,0,0
0.09155955365555979,0.008529411764705883,0.0,0.0,0.0,0.0031848207120298137,0.0,1.0,5.0,0.0,5.0,0.0032222222222222222,1.0996026136758772,0.08255555555555555,10.832733995570498,10.109273325473955,0.0,0.0,0.0,-0.26725323764699593,2.142857142857143,0.0,0.0,E0000071,U001-normal-020,U001,normal_user,DAILY_NORMAL,0,0,0
0.2129314597538485,0.019558823529411764,0.0,0.0,0.0,0.007326456808284769,0.0,1.0,2.0,0.0,2.0,0.007388888888888889,0.14113328680041087,0.010611111111111111,10.883410144655057,10.14131476923549,0.0,0.0,0.0,-0.2299613041636797,0.8450704225352113,0.0,0.0,E0000072,U001-normal-020,U001,normal_user,DAILY_NORMAL,0,0,0
0.14582799756407386,0.013235294117647059,0.0,0.0,0.0,0.004994343569861068,0.0,1.0,2.0,0.0,2.0,0.005,0.16424062351913365,0.012388888888888889,10.421656150557377,10.353192806623015,0.0,0.0,0.0,-0.2483811880278597,0.8333333333333334,0.0,0.0,E0000073,U001-normal-021,U001,normal_user,DAILY_NORMAL,0,0,0
0.09190915544305708,0.00823529411764706,0.0,0.0,0.0,0.0031231898376634097,0.0,1.0,3.0,0.0,3.0,0.003111111111111111,0.2050318846104445,0.0155,10.29177259143444,10.502516342828386,0.0,0.0,0.0,-0.26254025155266536,1.2328767123287672,0.0,0.0,E0000074,U001-normal-021,U001,normal_user,DAILY_NORMAL,0,0,0
0.1364028244457288,0.012058823529411764,0.0,0.0,0.0,0.004587570114654507,0.0,1.0,4.0,0.0,4.0,0.004555555555555556,0.26492872825452707,0.020055555555555556,9.17118365677499,10.472323560445613,0.0,0.0,0.0,-0.24804821638028854,1.6216216216216215,0.0,0.0,E0000075,U001-normal-021,U001,normal_user,DAILY_NORMAL,0,0,0
0.3722816871478434,0.0325,0.0,0.0,0.0,0.01242104332591879,0.0,1.0,5.0,0.0,5.0,0.012277777777777778,0.4262599683652269,0.03233333333333333,8.429235912657095,10.170058341774983,0.0,0.0,0.0,-0.1792653479001817,2.0,0.0,0.0,E0000076,U001-normal-021,U001,normal_user,DAILY_NORMAL,0,0,0
0.10708583078251038,0.00926470588235294,0.0,0.0,1.0,0.0035853744970942227,0.0,1.0,5.0,0.0,5.0,0.0035,0.3729792201404443,0.028444444444444446,9.493487175626202,9.804064928211677,0.0,0.0,0.0,-0.2544802080170777,1.973684210526316,0.0,0.0,E0000077,U001-normal-022,U001,normal_user,DAILY_NORMAL,0,0,0
0.14976390214398652,0.012794117647058824,0.0,0.0,0.0,0.004969047343990209,0.0,1.0,5.0,0.0,5.0,0.004833333333333334,0.37022742200723235,0.028277777777777777,10.306783643359452,9.76298333474272,0.0,0.0,0.0,-0.24086271845509555,1.9480519480519478,0.0,0.0,E0000078,U001-normal-022,U001,normal_user,DAILY_NORMAL,0,0,0
0.5644064106771998,0.04764705882352941,0.0,0.0,0.0,0.018597831198581376,0.0,1.0,6.0,0.0,6.0,0.018,0.6046174641127924,0.04627777777777778,9.488047863280759,9.555404166666069,0.0,0.0,0.0,-0.12274806817914158,2.3076923076923075,0.0,0.0,E0000079,U001-normal-022,U001,normal_user,DAILY_NORMAL,0,0,0
5.246969474971991,0.4403048650032372,1.0,1.0,1.0,0.17511876055486741,0.0,1.0,3.0,1.0,3.0,0.16633739344566736,2.452285176432884,0.1891707267790007,10.937205701286247,10.06235281551594,0.0,0.0,0.0,1.1977425558258186,1.139240506329114,0.0,0.0,E0000080,U001-misuse-LOW_AND_SLOW_ATTACK-008,U001,agent_misuse,LOW_AND_SLOW_ATTACK,1,0,0
3.634490097614621,0.3224959335530938,0.0,1.0,0.0,0.155493416907408,0.0,1.0,4.0,0.0,4.0,0.12183179712005766,3.761285397874149,0.31100252389905836,8.881975184248867,10.084474886316945,0.0,0.0,0.0,0.7834327966060425,1.5,0.0,0.0,E0000081,U001-misuse-LOW_AND_SLOW_ATTACK-008,U001,agent_misuse,LOW_AND_SLOW_ATTACK,1,0,0
4.75355219199586,0.4366087761419326,0.0,1.0,0.0,0.24927411669975763,0.0,1.0,5.0,0.0,4.0,0.16494109320917455,5.4866201753667925,0.47594361710823296,8.881975184248867,10.032478653618432,0.0,0.0,0.0,1.1584733422367006,1.8518518518518516,0.0,0.0,E0000082,U001-misuse-LOW_AND_SLOW_ATTACK-008,U001,agent_misuse,LOW_AND_SLOW_ATTACK,1,0,0
2.4498040331114264,0.23612500651528415,1.0,1.0,0.0,0.17957476974514505,0.0,1.0,5.0,1.0,4.0,0.08920278023910734,6.074231863155846,0.5603130640140069,8.881975184248867,9.80955042965756,0.0,0.0,0.0,0.4685591508640126,1.829268292682927,0.0,0.0,E0000083,U001-misuse-LOW_AND_SLOW_ATTACK-008,U001,agent_misuse,LOW_AND_SLOW_ATTACK,1,0,0
4.093175845088381,0.40195013428720805,0.0,1.0,0.0,0.37216778288612595,0.0,1.0,6.0,0.0,4.0,0.15184782850850082,7.479291634045302,0.7121608925225079,8.881975184248867,9.74136854305968,0.0,0.0,0.0,1.023719959296173,2.1686746987951806,0.0,0.0,E0000084,U001-misuse-LOW_AND_SLOW_ATTACK-008,U001,agent_misuse,LOW_AND_SLOW_ATTACK,1,0,0
1.3093431747699056,0.13367647058823529,0.0,0.0,0.0,0.12377176032317906,0.0,1.0,6.0,0.0,4.0,0.0505,7.425869437489808,0.7446608925225079,8.279697133877628,8.787128721380046,0.0,0.0,0.0,0.10641689798900862,2.142857142857143,0.0,0.0,E0000085,U001-normal-023,U001,normal_user,DAILY_NORMAL,0,0,0
1.188017068815778,0.12176470588235294,0.0,0.0,0.0,0.11274259356170765,0.0,2.0,7.0,0.0,5.0,0.0965,7.754419119112742,0.7906608925225078,7.271008538280992,8.593561464307387,0.0,0.0,0.0,0.06534309712142393,2.4705882352941173,0.0,0.0,E0000086,U001-normal-023,U001,normal_user,DAILY_NORMAL,0,0,0
4.85447270425315,0.49872402998578386,0.0,1.0,0.0,0.46177125140408226,0.0,3.0,8.0,0.0,5.0,0.28490685577240726,9.459961608536773,0.979067748294915,7.507690077819904,8.371242135931933,0.0,0.0,0.0,1.351159931698189,2.7906976744186047,0.0,0.0,E0000087,U001-misuse-LOW_AND_SLOW_ATTACK-008,U001,agent_misuse,LOW_AND_SLOW_ATTACK,1,0,0
3.7739798177868926,0.4061697020153306,1.0,1.0,0.0,0.3760747032529969,0.0,1.0,9.0,1.0,6.0,0.1534418874280138,10.316533269223331,1.132509635722929,8.881975184248867,8.371242135931933,0.0,0.0,0.0,1.0136603138923064,3.103448275862069,0.0,0.0,E0000088,U001-misuse-LOW_AND_SLOW_ATTACK-008,U001,agent_misuse,LOW_AND_SLOW_ATTACK,1,0,1
2.4584323503218193,0.2735362777922251,0.0,1.0,0.0,0.25326870514767647,0.0,1.0,10.0,0.0,6.0,0.1033359271659517,10.756686876693657,1.2358455628888805,8.881975184248867,8.371242135931933,0.0,0.0,0.0,0.5509148751370097,3.409090909090909,0.0,0.0,E0000089,U001-misuse-LOW_AND_SLOW_ATTACK-008,U001,agent_misuse,LOW_AND_SLOW_ATTACK,1,0,1
2.7318173009910014,0.3092952466260439,0.0,1.0,0.0,0.2863781259786374,0.0,1.0,11.0,0.0,6.0,0.11684487094761659,11.430983002651736,1.3526904338364971,8.881975184248867,8.511698121134257,0.0,0.0,0.0,0.6685051087886027,3.7078651685393256,0.0,0.0,E0000090,U001-misuse-LOW_AND_SLOW_ATTACK-008,U001,agent_misuse,LOW_AND_SLOW_ATTACK,1,0,1
4.753207577808619,0.54925133229491,1.0,1.0,0.0,0.5085547513249155,0.0,1.0,12.0,1.0,7.0,0.20749494775585486,12.76431247186793,1.560185381592352,8.881975184248867,8.720166687941052,0.0,0.0,0.0,1.4835984512682625,4.0,0.0,0.0,E0000091,U001-misuse-LOW_AND_SLOW_ATTACK-008,U001,agent_misuse,LOW_AND_SLOW_ATTACK,1,0,1
2.982225588173407,0.35982386348059137,0.0,1.0,1.0,0.33316284304411925,0.0,1.0,13.0,0.0,7.0,0.1359334595371123,13.133265675782818,1.6961188411294643,8.881975184248867,8.881975184248867,0.0,0.0,0.0,0.8125505459866327,4.285714285714286,0.0,0.0,E0000092,U001-misuse-LOW_AND_SLOW_ATTACK-008,U001,agent_misuse,LOW_AND_SLOW_ATTACK,1,0,0
4.292463860103288,0.5298495988313504,0.0,1.0,1.0,0.490590582361307,0.0,1.0,14.0,0.0,7.0,0.2001654040029546,14.185474591467324,1.8962842451324189,8.881975184248867,8.881975184248867,0.0,0.0,0.0,1.383546837859849,4.565217391304348,0.0,0.0,E0000093,U001-misuse-LOW_AND_SLOW_ATTACK-008,U001,agent_misuse,LOW_AND_SLOW_ATTACK,1,0,0
6.9449360021711275,0.8897058823529411,0.0,1.0,0.0,0.8237834432950861,0.0,1.0,5.0,0.0,3.0,0.33611111111111114,7.100458346015858,0.9965497933546495,10.984970637125501,9.773208009769208,0.0,0.0,0.0,2.579507200267594,1.6129032258064515,0.0,0.0,E0000094,U001-normal-024,U001,normal_user,RECURRING_NORMAL,0,0,0
28.238308280041153,3.861958403835204,1.0,1.0,1.0,0.9842586481881493,0.0,1.0,3.0,1.0,3.0,1.458962063671077,13.165219118997065,1.9952385787851428,9.980494888896912,9.925102262508537,0.0,0.0,0.0,12.235290397023862,0.9574468085106383,0.0,0.0,E0000095,U001-paysim-fraud-001,U001,paysim_fraud,ACCOUNT_DRAIN_TRANSFER,1,1,1
3.6512514950706403,0.6521836972546708,0.0,1.0,1.0,0.6038603795273612,0.0,2.0,4.0,1.0,3.0,1.7053425715228416,11.19769065605233,2.2416190866369075,4.110873864173311,9.852667830206153,0.0,0.0,0.0,0.9551348502194299,1.2631578947368423,0.0,0.0,E0000096,U001-paysim-fraud-001,U001,paysim_fraud,FOLLOW_UP_CASHOUT_PROXY,1,1,1
3.538892669076348,0.6507352941176471,0.0,0.0,0.0,0.6025192953026043,0.0,1.0,1.0,0.0,1.0,0.24583333333333332,1.179630889692116,0.24583333333333332,11.575083028877385,10.567499391182547,0.0,0.0,0.0,0.9421132512435525,0.3125,0.0,0.0,E0000097,U001-normal-026,U001,normal_user,DAILY_NORMAL,0,0,0
0.06846773423426263,0.012941176470588235,0.0,0.0,0.0,0.011982304629746707,0.0,1.0,2.0,0.0,2.0,0.004888888888888889,1.157573244003099,0.25072222222222224,9.548810611260068,10.602040097754625,0.0,0.0,0.0,-0.3555488202634151,0.6185567010309279,0.0,0.0,E0000098,U001-normal-026,U001,normal_user,DAILY_NORMAL,0,0,0
0.0,0.0,0.0,0.0,0.0,0.0,0.0,1.0,3.0,0.0,3.0,0.0,1.1567029491667085,0.25072222222222224,9.563599488613745,10.35035048934022,0.0,0.0,0.0,-0.3796265580563537,0.9183673469387755,0.0,0.0,E0000099,U001-agent-normal-033,U001,normal_agent,DELEGATED_NORMAL,0,0,0
0.040086049468130554,0.0075,0.0,0.0,0.0,0.00694429018314866,0.0,1.0,4.0,0.0,4.0,0.0028333333333333335,1.169774487036751,0.25355555555555553,9.774005094757891,10.32423528417545,0.0,0.0,0.0,-0.3644088290706906,1.2121212121212122,0.0,0.0,E0000100,U001-normal-026,U001,normal_user,DAILY_NORMAL,0,0,0
0.18901922212261116,0.035,0.0,0.0,0.0,0.03240668752136042,0.0,1.0,4.0,0.0,3.0,0.013222222222222222,0.09658477465468203,0.020944444444444446,10.65495080991891,10.569525578017455,0.0,0.0,0.0,-0.3061250962645213,1.2,0.0,0.0,E0000101,U001-normal-027,U001,normal_user,DAILY_NORMAL,0,0,0
0.22751522648486477,0.04176470588235294,0.0,0.0,0.0,0.03867016494145528,0.0,1.0,4.0,0.0,3.0,0.01577777777777778,0.14650085193567672,0.03183333333333333,9.49137540170617,9.918208663317522,0.0,0.0,0.0,-0.29048336469743863,1.188118811881188,0.0,0.0,E0000102,U001-normal-027,U001,normal_user,DAILY_NORMAL,0,0,0
0.1679969234209604,0.03058823529411765,0.0,0.0,0.0,0.02832181094303767,0.0,1.0,4.0,0.0,3.0,0.011555555555555555,0.1991987811615942,0.04338888888888889,10.1360268254907,10.022966926374776,0.0,0.0,0.0,-0.31182827493929033,1.1764705882352942,0.0,0.0,E0000103,U001-normal-027,U001,normal_user,DAILY_NORMAL,0,0,0
0.4155166913627626,0.075,0.0,0.0,0.0,0.0694429018314866,0.0,2.0,5.0,0.0,4.0,0.03988888888888889,0.3286961081797343,0.07172222222222223,7.351158226430694,9.903607545336705,0.0,0.0,0.0,-0.21819075691974,1.4563106796116505,0.0,0.0,E0000104,U001-normal-027,U001,normal_user,DAILY_NORMAL,0,0,0
0.12213197151108943,0.021911764705882353,0.0,0.0,0.0,0.020288220339002946,0.0,2.0,6.0,0.0,4.0,0.03661111111111111,0.3650523191917985,0.08,7.870547844507712,9.741674256373525,0.0,0.0,0.0,-0.3273500175817176,1.7307692307692306,0.0,0.0,E0000105,U001-normal-027,U001,normal_user,RECURRING_NORMAL,0,0,0
2.9824741635904948,0.5302941176470588,0.0,0.0,0.0,0.4910021647143935,0.0,1.0,6.0,0.0,5.0,0.20033333333333334,1.2646828794810114,0.2775,9.289521169850625,9.277662515240339,0.0,0.0,0.0,0.7359912728552819,1.7142857142857142,0.0,0.0,E0000106,U001-normal-027,U001,normal_user,DAILY_NORMAL,0,0,0
0.7265209881254253,0.13176470588235295,0.0,0.0,0.0,0.12200164713923921,0.0,1.0,5.0,0.0,4.0,0.049777777777777775,1.3192272677372185,0.29827777777777775,10.985462200051215,9.895929058958249,0.0,0.0,0.0,-0.10380531958563081,1.4150943396226416,0.0,0.0,E0000107,U001-normal-028,U001,normal_user,DAILY_NORMAL,0,0,0
0.0,0.0,1.0,0.0,0.0,0.0,0.0,1.0,6.0,1.0,5.0,0.0,1.3096165213818678,0.29827777777777775,9.388402871849754,9.752199438322346,0.0,0.0,0.0,-0.38042169973027296,1.6822429906542056,1.0,1.0,E0000108,U001-misuse-UNAUTHORIZED_TOOL-006,U001,agent_misuse,UNAUTHORIZED_TOOL,1,0,1
3.3173374354243625,0.6,1.0,0.0,0.0,0.5555432146518928,0.0,2.0,6.0,2.0,6.0,0.22666666666666666,2.254082002996804,0.5133888888888889,6.293419278846481,9.740297809858198,0.0,0.0,0.0,0.8815654460327278,1.6666666666666665,0.0,1.0,E0000109,U001-misuse-UNAUTHORIZED_TOOL-006,U001,agent_misuse,UNAUTHORIZED_TOOL,1,0,1
0.0,0.0,1.0,0.0,0.0,0.0,0.0,3.0,7.0,3.0,7.0,0.22666666666666666,2.1817074064705313,0.5133888888888889,6.293419278846481,9.715530144123544,0.0,0.0,0.0,-0.3895949584118435,1.926605504587156,0.0,1.0,E0000110,U001-misuse-UNAUTHORIZED_TOOL-006,U001,agent_misuse,UNAUTHORIZED_TOOL,1,0,1
0.18599167782896703,0.03441176470588235,0.0,0.0,0.0,0.031862037310917385,0.0,1.0,5.0,0.0,5.0,0.013,1.2300287401484111,0.28944444444444445,10.003423381148728,9.843132269444762,0.0,0.0,0.0,-0.3171335384231181,1.3636363636363638,0.0,0.0,E0000111,U001-normal-028,U001,normal_user,DAILY_NORMAL,0,0,0
0.43667058349848326,0.08014705882352942,1.0,0.0,0.0,0.07420859117286313,0.0,1.0,6.0,1.0,6.0,0.03027777777777778,1.356200328134793,0.31972222222222224,10.318143627345878,9.478992518521158,0.0,0.0,0.0,-0.2186861973113249,1.6216216216216215,0.0,0.0,E0000112,U001-normal-029,U001,normal_user,DAILY_NORMAL,0,0,0
0.26988827121927567,0.04926470588235294,0.0,0.0,0.0,0.04561445512460394,0.0,1.0,7.0,0.0,7.0,0.01861111111111111,1.429027304789499,0.3383333333333333,8.92052268739398,9.408289184655837,0.0,0.0,0.0,-0.28319411512535275,1.875,0.0,0.0,E0000113,U001-normal-029,U001,normal_user,DAILY_NORMAL,0,0,0
2.809713337715224,0.5092772355138737,0.0,1.0,0.0,0.4715425209440109,0.0,1.0,8.0,0.0,8.0,0.1923936223052412,2.2357868788767354,0.5307269556385745,8.94910546953925,9.519367998447342,0.0,0.0,0.0,0.7001252235970332,2.1238938053097347,0.0,0.0,E0000114,U001-misuse-CUMULATIVE_BYPASS-003,U001,agent_misuse,CUMULATIVE_BYPASS,1,0,0
2.645717813065174,0.4878173274031581,0.0,1.0,0.0,0.4516726770474089,0.0,2.0,9.0,0.0,8.0,0.3766801682131009,2.9328921254579203,0.7150135015464343,7.427144133408616,9.535968306842717,0.0,0.0,0.0,0.6492461453793502,2.368421052631579,0.0,0.0,E0000115,U001-misuse-CUMULATIVE_BYPASS-003,U001,agent_misuse,CUMULATIVE_BYPASS,1,0,0
2.374888271269365,0.44468018398314263,0.0,1.0,0.0,0.4117317648366503,0.0,3.0,10.0,0.0,8.0,0.5446704599400659,3.532945655708179,0.8830037932733992,7.427144133408616,9.18653936179023,0.0,0.0,0.0,0.5523429253509744,2.608695652173913,0.0,0.0,E0000116,U001-misuse-CUMULATIVE_BYPASS-003,U001,agent_misuse,CUMULATIVE_BYPASS,1,0,0
2.18966689087789,0.4152671054302826,0.0,1.0,0.0,0.3844980378165428,0.0,3.0,11.0,0.0,8.0,0.509155521908487,4.069451253477562,1.0398824775470614,7.427144133408616,8.305385149765772,0.0,0.0,0.0,0.48566001281793175,2.8448275862068964,0.0,0.0,E0000117,U001-misuse-CUMULATIVE_BYPASS-003,U001,agent_misuse,CUMULATIVE_BYPASS,1,0,0
2.203473594253591,0.4224887169283242,0.0,1.0,0.0,0.3911845665941913,0.0,3.0,11.0,0.0,7.0,0.4844758246179943,4.40902661728601,1.1497115483866507,7.427144133408616,7.9672801789422,0.0,0.0,0.0,0.49847983262371837,2.8205128205128207,0.0,0.0,E0000118,U001-misuse-CUMULATIVE_BYPASS-003,U001,agent_misuse,CUMULATIVE_BYPASS,1,0,0
2.5651360812731063,0.49726335963903084,0.0,1.0,0.0,0.46041880890411246,0.0,3.0,12.0,0.0,7.0,0.5043405798657742,5.026870681158959,1.3375665953613958,7.427144133408616,7.427144133408616,0.0,0.0,0.0,0.6577166408772706,3.050847457627119,0.0,0.0,E0000119,U001-misuse-CUMULATIVE_BYPASS-003,U001,agent_misuse,CUMULATIVE_BYPASS,1,0,1
2.1569822792216407,0.4240904002391463,0.0,1.0,0.0,0.3926675737531053,0.0,3.0,13.0,0.0,7.0,0.5076738245713449,5.499559391769888,1.4977785243406287,7.427144133408616,7.427144133408616,0.0,0.0,0.0,0.4944018112455066,3.277310924369748,0.0,0.0,E0000120,U001-misuse-CUMULATIVE_BYPASS-003,U001,agent_misuse,CUMULATIVE_BYPASS,1,0,1
0.1858016675105576,0.03691176470588235,0.0,0.0,0.0,0.03417680070530027,0.0,1.0,1.0,0.0,1.0,0.013944444444444445,0.050216666894745306,0.013944444444444445,11.455349316832633,9.914714296150594,0.0,0.0,0.0,-0.35275597923478497,0.25,0.0,0.0,E0000121,U001-normal-030,U001,normal_user,DAILY_NORMAL,0,0,0
0.038774653041464185,0.007647058823529412,0.0,0.0,0.0,0.007080452735759418,0.0,2.0,2.0,0.0,2.0,0.016833333333333332,0.06051881801973033,0.016833333333333332,7.703459047867175,9.919990624635142,0.0,0.0,0.0,-0.41505638068918066,0.49586776859504134,0.0,0.0,E0000122,U001-normal-030,U001,normal_user,DAILY_NORMAL,0,0,0
0.20155309149136622,0.039411764705882354,0.0,0.0,0.0,0.036491564099683155,0.0,1.0,3.0,0.0,3.0,0.014888888888888889,0.11400754382667755,0.03172222222222222,10.929493305433144,10.346768541328517,0.0,0.0,0.0,-0.34309725709681205,0.7377049180327869,0.0,0.0,E0000123,U001-normal-031,U001,normal_user,DAILY_NORMAL,0,0,0
0.03786841607727772,0.007352941176470588,0.0,1.0,0.0,0.006808127630537902,0.0,1.0,4.0,0.0,4.0,0.002777777777777778,0.12376992833678666,0.0345,9.664849580263269,10.433256611068673,0.0,0.0,0.0,-0.4121376614288592,0.9756097560975611,0.0,0.0,E0000124,U001-agent-normal-001,U001,normal_agent,DELEGATED_NORMAL,0,0,0
0.14893284876819587,0.028676470588235293,0.0,0.0,0.0,0.02655169775909782,0.0,1.0,3.0,0.0,3.0,0.010833333333333334,0.10221077112787222,0.0285,9.897720957641791,10.535067792436662,0.0,0.0,0.0,-0.36282642523413094,0.7258064516129031,0.0,0.0,E0000125,U001-normal-031,U001,normal_user,DAILY_NORMAL,0,0,0
1.1725703927797566,0.22411764705882353,0.0,0.0,0.0,0.20751173017879526,0.0,1.0,4.0,0.0,4.0,0.08466666666666667,0.40532953605966,0.11316666666666667,8.777555453213056,9.904886573449835,0.0,0.0,0.0,0.0733055879305466,0.96,0.0,0.0,E0000126,U001-normal-031,U001,normal_user,DAILY_NORMAL,0,0,0
0.500143754965525,0.09573529411764706,1.0,0.0,1.0,0.08864182174960349,0.0,1.0,5.0,1.0,5.0,0.036166666666666666,0.5295153071595302,0.14933333333333335,9.574010790427302,10.019580271522981,0.0,0.0,0.0,-0.21355511329787102,1.1904761904761905,0.0,0.0,E0000127,U001-normal-032,U001,normal_user,DAILY_NORMAL,0,0,0
0.18439764579245638,0.03514705882352941,0.0,0.0,0.0,0.032542850073971175,0.0,1.0,6.0,0.0,6.0,0.013277777777777777,0.5741421628620522,0.16261111111111112,10.220886181775843,9.728931763957181,0.0,0.0,0.0,-0.34838855322017687,1.4173228346456692,0.0,0.0,E0000128,U001-normal-032,U001,normal_user,DAILY_NORMAL,0,0,0
0.30841450368992784,0.05838235294117647,0.0,1.0,0.0,0.05405653338647094,0.0,1.0,4.0,0.0,4.0,0.022055555555555554,0.550528016768021,0.15616666666666668,10.547995807489514,9.964864832211031,0.0,0.0,0.0,-0.29447984622546974,0.9375,0.0,0.0,E0000129,U001-normal-032,U001,normal_user,DAILY_NORMAL,0,0,0
0.05078878398349257,0.009558823529411765,0.0,0.0,0.0,0.008850565919699273,0.0,1.0,2.0,0.0,2.0,0.003611111111111111,0.0902477623091291,0.025666666666666667,11.303709473353432,10.419700637834485,0.0,0.0,0.0,-0.4033877144956721,0.46511627906976744,0.0,0.0,E0000130,U001-normal-033,U001,normal_user,DAILY_NORMAL,0,0,0
0.30320442844830087,0.05661764705882353,0.0,0.0,0.0,0.05242258275514185,0.0,1.0,2.0,0.0,2.0,0.021388888888888888,0.08786647599124314,0.025,9.58891378461603,10.466992909139556,0.0,0.0,0.0,-0.2948187311011579,0.46153846153846156,0.0,0.0,E0000131,U001-normal-033,U001,normal_user,DAILY_NORMAL,0,0,0
0.36276706023401056,0.06735294117647059,1.0,0.0,0.0,0.062362449095727183,0.0,1.0,1.0,1.0,1.0,0.025444444444444443,0.08920501481164195,0.025444444444444443,11.786047046090621,10.977472393157278,0.0,0.0,0.0,-0.26908713276148266,0.22900763358778628,0.0,0.0,E0000132,U001-normal-035,U001,normal_user,DAILY_NORMAL,0,0,0
0.0,0.0,0.0,0.0,0.0,0.0,0.0,2.0,2.0,0.0,2.0,0.025444444444444443,0.08894055004217967,0.025444444444444443,7.202661196523238,10.883969245155738,0.0,0.0,0.0,-0.4216807145897794,0.45454545454545453,0.0,0.0,E0000133,U001-agent-normal-011,U001,normal_agent,DELEGATED_NORMAL,0,0,0
0.3391780888726441,0.06264705882352942,0.0,0.0,0.0,0.05800524741218292,0.0,3.0,3.0,0.0,3.0,0.04911111111111111,0.17166691318184896,0.04911111111111111,7.188412736496954,10.735513677047189,0.0,0.0,0.0,-0.2786558557007671,0.6766917293233082,0.0,0.0,E0000134,U001-normal-035,U001,normal_user,DAILY_NORMAL,0,0,0
0.08164676776858731,0.015,0.0,0.0,0.0,0.01388858036629732,0.0,4.0,4.0,0.0,4.0,0.05477777777777778,0.1909480859104058,0.05477777777777778,6.598509028614515,10.305004878396195,0.0,0.0,0.0,-0.38662970156893334,0.8955223880597015,0.0,0.0,E0000135,U001-normal-035,U001,normal_user,DAILY_NORMAL,0,0,0
0.22739996708315893,0.04147058823529412,0.0,0.0,0.0,0.038397839836233766,0.0,1.0,5.0,0.0,5.0,0.015666666666666666,0.24539843256293237,0.07044444444444445,10.229765142747272,10.389136896763745,0.0,0.0,0.0,-0.323983098534224,1.1111111111111112,0.0,0.0,E0000136,U001-normal-035,U001,normal_user,DAILY_NORMAL,0,0,0
0.49006017329715584,0.0888235294117647,0.0,0.0,0.0,0.08224218177689786,0.0,1.0,6.0,0.0,6.0,0.033555555555555554,0.3616338081095379,0.104,10.789463396407925,9.675632921491799,0.0,0.0,0.0,-0.21328721744246493,1.3235294117647058,0.0,0.0,E0000137,U001-normal-036,U001,normal_user,DAILY_NORMAL,0,0,0
0.019551092665908345,0.0035294117647058825,0.0,0.0,0.0,0.003267901262658193,0.0,1.0,3.0,0.0,3.0,0.0013333333333333333,0.1751131331296909,0.050555555555555555,9.646270020888167,9.83889569664295,0.0,0.0,0.0,-0.4099797073740572,0.6569343065693432,0.0,0.0,E0000138,U001-normal-036,U001,normal_user,DAILY_NORMAL,0,0,0
0.004104584425042836,0.0007352941176470588,0.0,0.0,0.0,0.0006808127630537902,0.0,1.0,4.0,0.0,4.0,0.0002777777777777778,0.17604819135535288,0.050833333333333335,8.583542571957771,9.880873777664542,0.0,0.0,0.0,-0.41460057070539447,0.8695652173913044,0.0,0.0,E0000139,U001-normal-036,U001,normal_user,DAILY_NORMAL,0,0,0
0.03722866960357275,0.006617647058823529,0.0,0.0,0.0,0.0061273148674841115,0.0,2.0,5.0,0.0,5.0,0.002777777777777778,0.1847003763278028,0.05333333333333334,5.713732805509369,9.87645545548481,0.0,0.0,0.0,-0.39900120721139476,1.079136690647482,0.0,0.0,E0000140,U001-normal-036,U001,normal_user,DAILY_NORMAL,0,0,0
0.07251245027114725,0.012794117647058824,0.0,0.0,0.0,0.01184614207713595,0.0,1.0,1.0,0.0,1.0,0.004833333333333334,0.01673364237026475,0.004833333333333334,11.489994549679507,10.418404794205372,0.0,0.0,0.0,-0.3827735167863593,0.21428571428571427,0.0,0.0,E0000141,U001-normal-037,U001,normal_user,DAILY_NORMAL,0,0,0
0.04616807683916104,0.008088235294117648,0.0,1.0,0.0,0.007488940393591693,0.0,1.0,2.0,0.0,2.0,0.0030555555555555557,0.027297155771662186,0.00788888888888889,8.884887201837403,10.135115013498648,0.0,0.0,0.0,-0.3921399796926638,0.425531914893617,0.0,0.0,E0000142,U001-agent-normal-006,U001,normal_agent,DELEGATED_NORMAL,0,0,0
0.5944071496799416,0.10338235294117647,0.0,0.0,0.0,0.0957222744853629,0.0,2.0,3.0,0.0,3.0,0.04211111111111111,0.16238007289523815,0.04694444444444444,6.668228248417403,10.011336968310825,0.0,0.0,0.0,-0.16607660303451302,0.6338028169014085,0.0,0.0,E0000143,U001-normal-037,U001,normal_user,DAILY_NORMAL,0,0,0
0.08990027080359038,0.015588235294117648,0.0,0.0,0.0,0.014433230576740352,0.0,1.0,4.0,0.0,3.0,0.005888888888888889,0.18193039622829008,0.052833333333333336,8.846640813100485,10.025669786403757,0.0,0.0,0.0,-0.37288467947597326,0.8391608391608392,0.0,0.0,E0000144,U001-normal-037,U001,normal_user,DAILY_NORMAL,0,0,0
0.04781926102081926,0.00823529411764706,0.0,0.0,1.0,0.0076251029462024505,0.0,1.0,5.0,0.0,4.0,0.003111111111111111,0.19251330962672572,0.05594444444444444,10.041334619228254,10.208388033712794,0.0,0.0,0.0,-0.3887287166010107,1.0416666666666667,0.0,0.0,E0000145,U001-normal-038,U001,normal_user,DAILY_NORMAL,0,0,0
0.24251463783310048,0.04147058823529412,0.0,0.0,0.0,0.038397839836233766,0.0,1.0,6.0,0.0,5.0,0.015666666666666666,0.24633677554520608,0.07161111111111111,9.470008697972764,9.227806939474815,0.0,0.0,0.0,-0.30803426041772497,1.2413793103448276,0.0,0.0,E0000146,U001-normal-038,U001,normal_user,DAILY_NORMAL,0,0,0
0.4073197110909312,0.06926470588235294,0.0,0.0,0.0,0.06413256227966704,0.0,1.0,7.0,0.0,6.0,0.026166666666666668,0.3357449847883284,0.09777777777777778,9.057655284310535,9.254223277126137,0.0,0.0,0.0,-0.24047543169007937,1.4383561643835618,0.0,0.0,E0000147,U001-normal-038,U001,normal_user,DAILY_NORMAL,0,0,0
6.9692867139375885,1.18,1.0,1.0,0.0,0.9502605400284225,0.0,1.0,8.0,1.0,7.0,0.4457777777777778,1.8608636101503528,0.5435555555555556,9.377802065863113,9.44587088710128,0.0,0.0,0.0,2.419852899201934,1.6326530612244896,0.0,0.0,E0000148,U001-misuse-POLICY_CONFLICT-007,U001,agent_misuse,POLICY_CONFLICT,1,0,1
0.0,0.0,0.0,0.0,0.0,0.0,0.0,2.0,9.0,1.0,8.0,0.4457777777777778,1.770782646837396,0.5435555555555556,7.891330757661889,9.375888708184306,0.0,0.0,0.0,-0.4157311601866237,1.8243243243243243,0.0,0.0,E0000149,U001-agent-normal-010,U001,normal_agent,DELEGATED_NORMAL,0,0,0
0.24560016882239843,0.04338235294117647,0.0,0.0,0.0,0.04016795302017362,0.0,1.0,10.0,0.0,9.0,0.01638888888888889,1.8241739878857435,0.5599444444444445,9.0595174822416,9.097082084191216,0.0,0.0,0.0,-0.31362751706005737,2.013422818791946,0.0,0.0,E0000150,U001-normal-038,U001,normal_user,DAILY_NORMAL,0,0,0
0.5533139077482804,0.09720588235294117,0.0,0.0,0.0,0.09000344727571107,0.0,1.0,6.0,0.0,6.0,0.036722222222222226,1.7584227943645487,0.5407222222222222,10.864617797882975,9.728824593669446,0.0,0.0,0.0,-0.18529588504093691,1.2,0.0,0.0,E0000151,U001-normal-039,U001,normal_user,DAILY_NORMAL,0,0,0
1.4108059755693136,0.24705882352941178,1.0,1.0,0.0,0.2287530883860735,0.0,1.0,6.0,1.0,6.0,0.09333333333333334,2.0030205757732182,0.6183888888888889,9.262648151599528,9.751815465125938,0.0,0.0,0.0,0.17045729177616392,1.1920529801324504,0.0,0.0,E0000152,U001-hard-BUSINESS_BATCH-005,U001,hard_negative,BUSINESS_BATCH,0,0,0
1.406707508545281,0.24705882352941178,1.0,1.0,0.0,0.2287530883860735,0.0,2.0,6.0,2.0,6.0,0.18666666666666668,2.198425868217929,0.6855555555555556,6.175867270105761,9.61025678115393,0.0,0.0,0.0,0.16983425988022754,1.1842105263157896,0.0,0.0,E0000153,U001-hard-BUSINESS_BATCH-005,U001,hard_negative,BUSINESS_BATCH,0,0,0
1.4026900116445955,0.24705882352941178,1.0,1.0,0.0,0.2287530883860735,0.0,3.0,7.0,3.0,7.0,0.28,2.4730525607717846,0.7788888888888889,6.175867270105761,9.58041316259687,0.0,0.0,0.0,0.1692180100811322,1.3725490196078431,0.0,0.0,E0000154,U001-hard-BUSINESS_BATCH-005,U001,hard_negative,BUSINESS_BATCH,0,0,0
1.3987511088452333,0.24705882352941178,1.0,1.0,0.0,0.2287530883860735,0.0,4.0,8.0,4.0,8.0,0.37333333333333335,2.7423067443644067,0.8722222222222222,6.175867270105761,9.461457002918706,0.0,0.0,0.0,0.1686084202194334,1.5584415584415583,0.0,0.0,E0000155,U001-hard-BUSINESS_BATCH-005,U001,hard_negative,BUSINESS_BATCH,0,0,0
1.394888516188666,0.24705882352941178,1.0,1.0,0.0,0.2287530883860735,0.0,5.0,9.0,5.0,9.0,0.4666666666666667,3.006344545059402,0.9655555555555555,6.175867270105761,7.820921133508767,0.0,0.0,0.0,0.16800537119413606,1.7419354838709677,0.0,0.0,E0000156,U001-hard-BUSINESS_BATCH-005,U001,hard_negative,BUSINESS_BATCH,0,0,0
1.391100037363669,0.24705882352941178,1.0,1.0,0.0,0.2287530883860735,0.0,6.0,10.0,6.0,10.0,0.56,3.265316097555608,1.058888888888889,6.175867270105761,6.175867270105761,0.0,0.0,0.0,0.16740874686494223,1.923076923076923,0.0,0.0,E0000157,U001-hard-BUSINESS_BATCH-005,U001,hard_negative,BUSINESS_BATCH,0,0,0
1.3873835595419255,0.24705882352941178,1.0,1.0,0.0,0.2287530883860735,0.0,7.0,11.0,7.0,11.0,0.6533333333333333,3.5193658298556185,1.1522222222222223,6.175867270105761,6.175867270105761,0.0,0.0,0.0,0.16681843395829105,2.1019108280254777,0.0,0.0,E0000158,U001-hard-BUSINESS_BATCH-005,U001,hard_negative,BUSINESS_BATCH,0,0,0
0.51890139354331,0.09264705882352942,0.0,0.0,0.0,0.08578240814477757,0.0,1.0,9.0,0.0,9.0,0.035,2.193774566612808,0.7250555555555556,10.21027347878698,8.669227347271736,0.0,0.0,0.0,-0.2084112043996964,1.7088607594936709,0.0,0.0,E0000159,U001-normal-039,U001,normal_user,RECURRING_NORMAL,0,0,0
0.06775981099255955,0.012058823529411764,0.0,0.0,0.0,0.01116532931408216,0.0,1.0,2.0,0.0,2.0,0.004555555555555556,0.11926084070542782,0.03955555555555555,11.331823164581003,10.017342884854532,0.0,0.0,0.0,-0.40383988633828843,0.37735849056603776,0.0,0.0,E0000160,U001-normal-040,U001,normal_user,DAILY_NORMAL,0,0,0
0.6619072894289532,0.11705882352941177,0.0,0.0,0.0,0.1083853918781634,0.0,1.0,2.0,0.0,2.0,0.044222222222222225,0.1469987353171784,0.04877777777777778,8.548691858475609,10.058249474088525,0.0,0.0,0.0,-0.1459540545449053,0.375,0.0,0.0,E0000161,U001-normal-040,U001,normal_user,DAILY_NORMAL,0,0,0
0.07834150911817386,0.013823529411764707,0.0,0.0,0.0,0.012799279945411256,0.0,1.0,3.0,0.0,3.0,0.005222222222222222,0.1620169082188617,0.054,10.975704529844705,10.461353238507531,0.0,0.0,0.0,-0.3982832666976603,0.5590062111801243,0.0,0.0,E0000162,U001-normal-041,U001,normal_user,DAILY_NORMAL,0,0,0
0.6741849508038674,0.11823529411764706,1.0,0.0,0.0,0.10947469229904946,0.0,1.0,4.0,1.0,4.0,0.04466666666666667,0.29587636469004364,0.09866666666666667,8.213923595622743,10.479567066502216,0.0,0.0,0.0,-0.1403295367784123,0.7407407407407407,1.0,0.0,E0000163,U001-hard-TRAVEL_MODE-001,U001,hard_negative,TRAVEL_MODE,0,0,0
0.11512655002485994,0.02014705882352941,1.0,0.0,0.0,0.01865426970767385,0.0,2.0,5.0,2.0,5.0,0.05227777777777778,0.31728355291618865,0.10627777777777778,8.188966863648876,10.337378134827997,0.0,0.0,0.0,-0.38153324605927086,0.920245398773006,0.0,0.0,E0000164,U001-hard-TRAVEL_MODE-001,U001,hard_negative,TRAVEL_MODE,0,0,0
0.7209796092764124,0.12544117647058822,1.0,0.0,0.0,0.1161466573769766,0.0,2.0,6.0,2.0,6.0,0.055,0.4584119714177313,0.15366666666666667,8.188966863648876,9.608995679266867,0.0,0.0,0.0,-0.11994594175105112,1.0975609756097562,0.0,0.0,E0000165,U001-hard-TRAVEL_MODE-001,U001,hard_negative,TRAVEL_MODE,0,0,0
0.05080573970377854,0.008823529411764706,0.0,0.0,0.0,0.008169753156645483,0.0,2.0,7.0,1.0,6.0,0.050722222222222224,0.46615915715220185,0.157,7.025538314638521,9.553305768051196,0.0,0.0,0.0,-0.4086123621658352,1.2727272727272727,0.0,0.0,E0000166,U001-normal-041,U001,normal_user,DAILY_NORMAL,0,0,0
0.04771086379709639,0.00823529411764706,0.0,0.0,0.0,0.0076251029462024505,0.0,1.0,6.0,0.0,6.0,0.003111111111111111,0.3304581948711331,0.11133333333333334,9.732699231555847,8.661432053934385,0.0,0.0,0.0,-0.40853494456219847,1.0843373493975903,0.0,0.0,E0000167,U001-normal-041,U001,normal_user,DAILY_NORMAL,0,0,0
0.0,0.0,0.0,0.0,0.0,0.0,0.0,1.0,7.0,0.0,7.0,0.0,0.33035650716585646,0.11133333333333334,10.877443236604682,9.65701140089547,0.0,0.0,0.0,-0.4275288181725825,1.25748502994012,0.0,0.0,E0000168,U001-agent-normal-019,U001,normal_agent,DELEGATED_NORMAL,0,0,0
0.0660053620105833,0.011323529411764706,1.0,0.0,0.0,0.01048451655102837,0.0,1.0,3.0,1.0,3.0,0.004277777777777778,0.021924858010508436,0.007388888888888889,9.854874872615435,9.837401167408268,0.0,0.0,0.0,-0.39930962375914436,0.5357142857142857,0.0,0.0,E0000169,U001-hard-TRAVEL_MODE-001,U001,hard_negative,TRAVEL_MODE,0,0,0
2.5346555361761256,0.4322452241541077,0.0,1.0,0.0,0.40021816890750167,0.0,2.0,4.0,1.0,4.0,0.16757041801377404,0.5062446686245983,0.17068152912488516,7.974532844130228,9.829948649201258,0.0,0.0,0.0,0.6539613358379917,0.7100591715976331,0.0,0.0,E0000170,U001-misuse-VELOCITY_ATTACK-001,U001,agent_misuse,VELOCITY_ATTACK,1,0,0
2.4308255970760575,0.4185650961842671,0.0,1.0,0.0,0.38755166512547745,0.0,3.0,5.0,1.0,4.0,0.3256950099056083,0.959750715927527,0.3288061210167194,4.127134385045092,9.81844151572693,0.0,0.0,0.0,0.6167619378352727,0.8823529411764706,0.0,0.0,E0000171,U001-misuse-VELOCITY_ATTACK-001,U001,agent_misuse,VELOCITY_ATTACK,1,0,0
1.1875570750947861,0.20632620711824445,1.0,1.0,0.0,0.19103854061566963,0.0,4.0,6.0,2.0,5.0,0.4036404659280562,1.1692760789799388,0.4067515770391673,3.828641396489095,9.616245383312732,0.0,0.0,0.0,0.08173463732669403,1.0526315789473684,0.0,0.0,E0000172,U001-misuse-VELOCITY_ATTACK-001,U001,agent_misuse,VELOCITY_ATTACK,1,0,0
1.7831518497154437,0.3101680268571309,0.0,1.0,0.0,0.2871862378707419,0.0,5.0,7.0,2.0,5.0,0.5208150538518612,1.4949485742626685,0.5239261649629723,2.70805020110221,8.392989587956931,0.0,0.0,0.0,0.34275186363866045,1.2209302325581395,0.0,0.0,E0000173,U001-misuse-VELOCITY_ATTACK-001,U001,agent_misuse,VELOCITY_ATTACK,1,0,0
2.1588700325999097,0.37734848682000216,0.0,1.0,0.0,0.3493889856866857,0.0,6.0,8.0,2.0,5.0,0.6633689266505286,1.8807453739467306,0.6664800377616398,4.574710978503383,6.438071598547322,0.0,0.0,0.0,0.5110584240169931,1.3872832369942196,0.0,0.0,E0000174,U001-misuse-VELOCITY_ATTACK-001,U001,agent_misuse,VELOCITY_ATTACK,1,0,0
2.0995614373539686,0.3696071608547443,1.0,1.0,0.0,0.3422212504993398,0.0,7.0,9.0,3.0,6.0,0.8029982985289876,2.244667579606479,0.8061094096400987,4.3694478524670215,4.091005660956586,0.0,0.0,0.0,0.48949217563746306,1.5517241379310345,0.0,0.0,E0000175,U001-misuse-VELOCITY_ATTACK-001,U001,agent_misuse,VELOCITY_ATTACK,1,0,0
2.150843200309342,0.3811889968362534,1.0,1.0,0.0,0.35294493448723735,0.0,8.0,10.0,4.0,7.0,0.9470030306671278,2.6118090342509106,0.9501141417782389,3.7612001156935624,4.02535169073515,0.0,0.0,0.0,0.5169869238095232,1.7142857142857144,0.0,0.0,E0000176,U001-misuse-VELOCITY_ATTACK-001,U001,agent_misuse,VELOCITY_ATTACK,1,0,0
0.875615345108378,0.15627226849049172,1.0,1.0,0.0,0.14469333066358578,0.0,9.0,11.0,5.0,8.0,1.006039220985758,2.737967659151682,1.009150332096869,3.4011973816621555,3.966511190712216,0.0,0.0,0.0,-0.05639513936561039,1.8750000000000002,0.0,0.0,E0000177,U001-misuse-VELOCITY_ATTACK-001,U001,agent_misuse,VELOCITY_ATTACK,1,0,1
2.119607226910174,0.37800402947667877,0.0,1.0,0.0,0.3499959561447383,0.0,10.0,12.0,5.0,8.0,1.1488407432325034,3.108810093520556,1.1519518543436145,5.529429087511423,4.607168188650764,0.0,0.0,0.0,0.5087786862719217,2.0338983050847457,0.0,0.0,E0000178,U001-misuse-VELOCITY_ATTACK-001,U001,agent_misuse,VELOCITY_ATTACK,1,0,1
2.5181745890634852,0.4521121654171737,0.0,1.0,0.0,0.41861307626514166,0.0,11.0,13.0,5.0,8.0,1.3196386723901024,3.524472304220035,1.3227497835012134,3.1780538303479458,4.449685283147696,0.0,0.0,0.0,0.6961101640479331,2.191011235955056,0.0,0.0,E0000179,U001-misuse-VELOCITY_ATTACK-001,U001,agent_misuse,VELOCITY_ATTACK,1,0,1
0.1834462741034051,0.03323529411764706,1.0,0.0,0.0,0.030772736890031318,0.0,12.0,14.0,6.0,9.0,1.332194227945658,3.5047603780877568,1.335305339056769,4.04305126783455,4.396915247167632,0.0,0.0,0.0,-0.37839581410772405,2.346368715083799,0.0,0.0,E0000180,U001-hard-TRAVEL_MODE-001,U001,hard_negative,TRAVEL_MODE,0,0,0
0.7553138551187928,0.1361764705882353,1.0,0.0,0.0,0.12608652371756193,0.0,2.0,15.0,2.0,10.0,0.064,3.63579216505441,1.3867497835012135,8.188966863648876,6.675570983015779,0.0,0.0,0.0,-0.1131270187655417,2.5,0.0,0.0,E0000181,U001-hard-TRAVEL_MODE-001,U001,hard_negative,TRAVEL_MODE,0,0,0
0.09067105959172535,0.016323529411764705,0.0,0.0,0.0,0.015114043339794143,0.0,1.0,15.0,0.0,10.0,0.006166666666666667,3.627494337011448,1.389805339056769,9.352620879232953,8.03676744004133,0.0,0.0,0.0,-0.42103771273051804,2.4861878453038675,0.0,0.0,E0000182,U001-normal-042,U001,normal_user,DAILY_NORMAL,0,0,0
3.2312219190506197,0.5786059397587553,1.0,1.0,1.0,0.5357343396504306,0.0,1.0,16.0,1.0,11.0,0.21858446613108531,4.195764807741914,1.6083898051878542,9.73228396147602,8.766051272010436,0.0,0.0,0.0,1.0300736266038886,2.6373626373626373,0.0,0.0,E0000183,U001-misuse-RECIPIENT_BURST-002,U001,agent_misuse,RECIPIENT_BURST,1,0,0
3.715539322393189,0.6740126099240913,1.0,1.0,1.0,0.6240718867219033,0.0,2.0,17.0,2.0,12.0,0.4732114521024087,4.7693516654836845,1.8630167911591777,5.707110264748875,8.774653141678431,0.0,0.0,0.0,1.269819575097867,2.7868852459016393,0.0,0.0,E0000184,U001-misuse-RECIPIENT_BURST-002,U001,agent_misuse,RECIPIENT_BURST,1,0,0
2.5694374978292314,0.47346437178794964,1.0,1.0,1.0,0.4383831985436941,0.0,3.0,18.0,3.0,13.0,0.6520757703334119,5.116083280655561,2.041881109390181,5.707110264748875,8.78216942633238,0.0,0.0,0.0,0.7441714457316948,2.934782608695652,0.0,0.0,E0000185,U001-misuse-RECIPIENT_BURST-002,U001,agent_misuse,RECIPIENT_BURST,1,0,0
2.9669469520775484,0.5516722474755535,1.0,1.0,1.0,0.5107962896613393,0.0,4.0,19.0,4.0,14.0,0.8604852860463987,5.555280589193985,2.2502906251031676,5.707110264748875,8.675392806089782,0.0,0.0,0.0,0.9423420282708606,3.081081081081081,0.0,0.0,E0000186,U001-misuse-RECIPIENT_BURST-002,U001,agent_misuse,RECIPIENT_BURST,1,0,0
2.8909808086777566,0.5436237410201545,1.0,1.0,1.0,0.5033441344123745,0.0,5.0,20.0,5.0,15.0,1.065854254876235,5.9600589722407245,2.455659593933004,5.707110264748875,8.19185078778178,0.0,0.0,0.0,0.9164970391814727,3.225806451612903,0.0,0.0,E0000187,U001-misuse-RECIPIENT_BURST-002,U001,agent_misuse,RECIPIENT_BURST,1,0,1
2.4790861939550846,0.47120780375716104,1.0,1.0,1.0,0.43629383011385253,0.0,6.0,21.0,6.0,16.0,1.2438660918511626,6.287638197611119,2.633671430907931,5.707110264748875,5.707110264748875,0.0,0.0,0.0,0.7249527432429316,3.3689839572192515,0.0,0.0,E0000188,U001-misuse-RECIPIENT_BURST-002,U001,agent_misuse,RECIPIENT_BURST,1,0,1
1.3117112067813408,0.25141639372229363,1.0,1.0,1.0,0.23278778597444827,0.0,7.0,22.0,7.0,17.0,1.3388456183684736,6.4233975387262605,2.728650957425242,5.707110264748875,5.707110264748875,0.0,0.0,0.0,0.15427409085328217,3.5106382978723403,0.0,0.0,E0000189,U001-misuse-RECIPIENT_BURST-002,U001,agent_misuse,RECIPIENT_BURST,1,0,1
1.8399951626865358,0.353293949398215,1.0,1.0,1.0,0.32711676060957917,0.0,8.0,23.0,8.0,18.0,1.472312221474466,6.687742309860966,2.862117560531235,5.707110264748875,5.707110264748875,0.0,0.0,0.0,0.41762128121743275,3.6507936507936507,0.0,0.0,E0000190,U001-misuse-RECIPIENT_BURST-002,U001,agent_misuse,RECIPIENT_BURST,1,0,1
2.5588614623971155,0.4936406769632778,1.0,1.0,1.0,0.45706454760519316,0.0,9.0,24.0,9.0,19.0,1.658798699438371,7.0502042636727795,3.0486040384951396,5.707110264748875,5.707110264748875,0.0,0.0,0.0,0.7804924595428681,3.7894736842105265,0.0,0.0,E0000191,U001-misuse-RECIPIENT_BURST-002,U001,agent_misuse,RECIPIENT_BURST,1,0,1
0.36501295268267725,0.07102941176470588,1.0,0.0,0.0,0.06576651291099614,0.0,1.0,24.0,1.0,19.0,0.026833333333333334,7.0114648550857925,3.075437371828473,10.535317684107266,8.957381735582787,0.0,0.0,0.0,-0.3210484760202179,3.7696335078534036,0.0,0.0,E0000192,U001-hard-TRAVEL_MODE-001,U001,hard_negative,TRAVEL_MODE,0,0,0
1.3340182055014411,0.2586764705882353,0.0,1.0,0.0,0.2395099300423234,0.0,2.0,25.0,1.0,19.0,0.12455555555555556,7.219532690321529,3.173159594050695,7.711996507047669,9.005994040744879,0.0,0.0,0.0,0.16870445141136964,3.90625,0.0,0.0,E0000193,U001-normal-043,U001,normal_user,DAILY_NORMAL,0,0,0
0.024980961297180426,0.0048529411764705885,1.0,0.0,0.0,0.004493364236155015,0.0,3.0,26.0,2.0,20.0,0.12638888888888888,7.170561315321124,3.1749929273840283,7.220373836723949,9.031811613420924,0.0,0.0,0.0,-0.49469680142787664,4.041450777202073,0.0,0.0,E0000194,U001-hard-TRAVEL_MODE-001,U001,hard_negative,TRAVEL_MODE,0,0,0
0.14993199173861935,0.028970588235294116,0.0,0.0,0.0,0.026824022864319334,0.0,1.0,13.0,0.0,13.0,0.010944444444444444,4.055913780148889,1.7961320327717043,10.42715042510361,9.619638126104524,0.0,0.0,0.0,-0.42988413555144495,2.0103092783505154,0.0,0.0,E0000195,U001-normal-043,U001,normal_user,DAILY_NORMAL,0,0,0
0.8158580065081692,0.15691176470588236,0.0,0.0,1.0,0.14528544363567883,0.0,1.0,12.0,0.0,12.0,0.059277777777777776,3.1186253402041686,1.3821983584470732,9.16272451803452,9.735329222054261,0.0,0.0,0.0,-0.09289646503349694,1.8461538461538463,0.0,0.0,E0000196,U001-normal-044,U001,normal_user,DAILY_NORMAL,0,0,0
1.4221019023354526,0.2732352941176471,0.0,0.0,0.0,0.2529900227507884,0.0,1.0,4.0,0.0,4.0,0.10322222222222223,0.393720296064172,0.17527777777777778,10.656694489523737,9.791180744934211,0.0,0.0,0.0,0.21330546990833124,0.6122448979591837,0.0,0.0,E0000197,U001-normal-044,U001,normal_user,DAILY_NORMAL,0,0,0
0.17105794668779697,0.03294117647058824,0.0,0.0,0.0,0.030500411784809802,0.0,1.0,4.0,0.0,3.0,0.012444444444444444,0.4143532019430758,0.18588888888888888,9.984145455553582,9.988030886411378,0.0,0.0,0.0,-0.4209419229128459,0.6091370558375635,0.0,0.0,E0000198,U001-normal-044,U001,normal_user,DAILY_NORMAL,0,0,0
0.037586436471425004,0.0072058823529411765,0.0,0.0,0.0,0.006671965077927144,0.0,2.0,5.0,0.0,4.0,0.015166666666666667,0.42003275780279103,0.18861111111111112,3.044522437723423,9.975584933376512,0.0,0.0,0.0,-0.4876225134743688,0.7575757575757576,0.0,0.0,E0000199,U001-normal-044,U001,normal_user,DAILY_NORMAL,0,0,0
0.0763327971891279,0.014558823529411765,0.0,0.0,0.0,0.013480092708465046,0.0,1.0,4.0,0.0,3.0,0.0055,0.27584206406053347,0.1238888888888889,10.828837128898629,10.119944800259697,0.0,0.0,0.0,-0.4665358530455312,0.6030150753768844,0.0,0.0,E0000200,U001-normal-045,U001,normal_user,DAILY_NORMAL,0,0,0
0.17976410168131396,0.03411764705882353,0.0,0.0,0.0,0.03158971220569586,0.0,1.0,5.0,0.0,4.0,0.012888888888888889,0.3044152730690996,0.13677777777777778,9.510296805303351,10.151362740069521,0.0,0.0,0.0,-0.4131199223249222,0.75,0.0,0.0,E0000201,U001-normal-045,U001,normal_user,DAILY_NORMAL,0,0,0
0.06303603488821216,0.011911764705882353,0.0,0.0,0.0,0.011029166761471402,0.0,1.0,5.0,0.0,5.0,0.0045,0.08461627258166829,0.03805555555555556,8.94715577112479,9.834566107069707,0.0,0.0,0.0,-0.4708985479140425,0.7462686567164178,0.0,0.0,E0000202,U001-normal-045,U001,normal_user,DAILY_NORMAL,0,0,0
0.07977209786904808,0.015,0.0,0.0,1.0,0.01388858036629732,0.0,1.0,4.0,0.0,3.0,0.005666666666666667,0.06347191688032618,0.028555555555555556,10.853387126584051,10.113497230900252,0.0,0.0,0.0,-0.4611534949198489,0.594059405940594,0.0,0.0,E0000203,U001-normal-046,U001,normal_user,DAILY_NORMAL,0,0,0
0.2884126935600461,0.05397058823529412,0.0,0.0,0.0,0.049971656808148204,0.0,1.0,3.0,0.0,2.0,0.02038888888888889,0.0678889174107417,0.030555555555555555,10.246722584108158,10.319153785128616,0.0,0.0,0.0,-0.3556141857968734,0.4433497536945813,0.0,0.0,E0000204,U001-normal-046,U001,normal_user,DAILY_NORMAL,0,0,0
6.937686025932827,1.2934357398869971,1.0,1.0,0.0,0.9544239333191121,0.0,1.0,3.0,1.0,3.0,0.4886312795128656,1.1418168889233744,0.5146868350684212,9.294405747093851,10.01645903119529,0.0,0.0,0.0,2.963101317667235,0.4411764705882353,0.0,0.0,E0000205,U001-misuse-RETRY_PATTERN-004,U001,agent_misuse,RETRY_PATTERN,1,0,1
4.9563955379746085,0.9524801335486154,0.0,1.0,0.0,0.8819064588061033,0.0,2.0,4.0,1.0,3.0,0.8484571077423425,1.8724217272393182,0.874512663297898,5.198497031265826,9.889824638566944,1.0,1.0,1.0,1.9955214372318668,0.5853658536585367,0.0,0.0,E0000206,U001-misuse-RETRY_PATTERN-004,U001,agent_misuse,RETRY_PATTERN,1,0,0
3.846179320339819,0.7542013487697604,0.0,1.0,0.0,0.6983190696505769,0.0,3.0,5.0,1.0,3.0,1.1333776172775853,2.420310377098396,1.1594331728331408,5.198497031265826,9.810692207881418,1.0,2.0,2.0,1.4537738959500233,0.7281553398058253,0.0,0.0,E0000207,U001-misuse-RETRY_PATTERN-004,U001,agent_misuse,RETRY_PATTERN,1,0,1
3.3234243697675563,0.6612057670892585,0.0,1.0,0.0,0.612213962325229,0.0,4.0,6.0,1.0,3.0,1.3831664626224163,2.884554993552651,1.4092220181779718,5.198497031265826,8.977398978181862,1.0,3.0,3.0,1.2006925379979567,0.8695652173913043,0.0,0.0,E0000208,U001-misuse-RETRY_PATTERN-004,U001,agent_misuse,RETRY_PATTERN,1,0,1
2.874068573822037,0.5785833077209918,0.0,1.0,0.0,0.5357133845254085,0.0,5.0,7.0,1.0,3.0,1.6017423788725689,3.2761252335540956,1.6277979344281244,5.198497031265826,7.7494086678413066,1.0,3.0,3.0,0.978872339666261,1.0096153846153846,0.0,0.0,E0000209,U001-misuse-RETRY_PATTERN-004,U001,agent_misuse,RETRY_PATTERN,1,0,1
2.161789560188355,0.4393332990952752,0.0,1.0,0.0,0.40678105547168447,0.0,6.0,8.0,1.0,3.0,1.7677127363085618,3.5579861832792417,1.7937682918641173,5.198497031265826,5.198497031265826,1.0,3.0,3.0,0.6126767964850691,1.1483253588516746,0.0,0.0,E0000210,U001-misuse-RETRY_PATTERN-004,U001,agent_misuse,RETRY_PATTERN,1,0,1
0.12589474421251867,0.025735294117647058,0.0,0.0,0.0,0.023828446706882656,0.0,1.0,9.0,0.0,4.0,0.009722222222222222,3.5384411993860287,1.8034905140863395,9.258273025731485,7.715569534520208,0.0,0.0,0.0,-0.46440482547292783,1.2857142857142858,0.0,0.0,E0000211,U001-normal-046,U001,normal_user,DAILY_NORMAL,0,0,0
0.0,0.0,1.0,0.0,0.0,0.0,0.0,1.0,2.0,1.0,2.0,0.0,0.019062840479542546,0.009722222222222222,11.34782674007179,9.860736615468495,0.0,0.0,0.0,-0.5300049035613373,0.2843601895734597,0.0,0.0,E0000212,U001-agent-normal-003,U001,normal_agent,DELEGATED_NORMAL,0,0,0
0.028902897184220698,0.0058823529411764705,0.0,0.0,0.0,0.005446502104430322,0.0,1.0,2.0,0.0,2.0,0.0022222222222222222,0.004357220681038296,0.0022222222222222222,11.300289020173915,10.471519255672714,0.0,0.0,0.0,-0.5146862263265712,0.2830188679245283,0.0,0.0,E0000213,U001-agent-normal-016,U001,normal_agent,DELEGATED_NORMAL,0,0,0
0.3768448557031855,0.0763235294117647,0.0,0.0,0.0,0.07066836480498342,0.0,1.0,2.0,0.0,2.0,0.028833333333333332,0.060883316282682294,0.031055555555555555,9.460709909543985,10.540820709276401,0.0,0.0,0.0,-0.32927841454490847,0.28169014084507044,0.0,0.0,E0000214,U001-normal-048,U001,normal_user,DAILY_NORMAL,0,0,0
0.16023834014663088,0.03235294117647059,0.0,0.0,0.0,0.02995576157436677,0.0,2.0,3.0,0.0,3.0,0.041055555555555553,0.08468498437871469,0.043277777777777776,6.0014148779611505,10.541999016929859,0.0,0.0,0.0,-0.4433436826813767,0.4205607476635514,0.0,0.0,E0000215,U001-normal-048,U001,normal_user,DAILY_NORMAL,0,0,0
0.18650615343584676,0.0375,0.0,0.0,0.0,0.0347214509157433,0.0,1.0,4.0,0.0,3.0,0.014166666666666666,0.11231646048495372,0.057444444444444444,11.028368447036963,10.780921025199614,0.0,0.0,0.0,-0.42854456584212974,0.5581395348837209,0.0,0.0,E0000216,U001-normal-049,U001,normal_user,DAILY_NORMAL,0,0,0
0.5492859024676227,0.11,0.0,0.0,0.0,0.10184958935284702,0.0,1.0,5.0,0.0,3.0,0.041555555555555554,0.19338811112667675,0.099,9.149315670138408,10.404862660520585,0.0,0.0,0.0,-0.23695995896154573,0.6944444444444444,0.0,0.0,E0000217,U001-normal-049,U001,normal_user,DAILY_NORMAL,0,0,0
0.038270204506462006,0.007647058823529412,0.0,0.0,0.0,0.007080452735759418,0.0,1.0,3.0,0.0,2.0,0.0028888888888888888,0.11418287826447232,0.058611111111111114,10.943181055288761,10.245806946877835,0.0,0.0,0.0,-0.5056774820892889,0.4147465437788018,0.0,0.0,E0000218,U001-normal-050,U001,normal_user,DAILY_NORMAL,0,0,0
0.3475341811444169,0.06911764705882353,0.0,0.0,0.0,0.06399639972705629,0.0,1.0,4.0,0.0,3.0,0.026111111111111113,0.16502012233894212,0.08472222222222223,8.724369949208368,10.197104478850912,0.0,0.0,0.0,-0.3420796462425147,0.5504587155963303,0.0,0.0,E0000219,U001-normal-050,U001,normal_user,DAILY_NORMAL,0,0,0
0.0,0.0,0.0,0.0,0.0,0.0,0.0,2.0,5.0,0.0,4.0,0.026111111111111113,0.16474083905795162,0.08472222222222223,7.665753431861699,10.20992022851285,0.0,0.0,0.0,-0.523751289574471,0.684931506849315,0.0,0.0,E0000220,U001-agent-normal-021,U001,normal_agent,DELEGATED_NORMAL,0,0,0
0.06824411763554752,0.013529411764705882,0.0,0.0,0.0,0.01252695484018974,0.0,1.0,6.0,0.0,4.0,0.005111111111111111,0.17467930279128377,0.08983333333333333,9.194922119247803,9.730407164308108,0.0,0.0,0.0,-0.48800834495698114,0.8181818181818182,0.0,0.0,E0000221,U001-normal-050,U001,normal_user,DAILY_NORMAL,0,0,0
0.19150044778480327,0.037794117647058825,0.0,1.0,0.0,0.03499377602096482,0.0,1.0,6.0,0.0,5.0,0.014277777777777778,0.1748374358335287,0.08994444444444444,9.042631527550073,9.71902370267014,0.0,0.0,0.0,-0.4223256836438825,0.8144796380090498,0.0,0.0,E0000222,U001-normal-050,U001,normal_user,DAILY_NORMAL,0,0,0
7.94418434113843,1.5617529342046281,1.0,1.0,1.0,0.9619562458963834,0.0,1.0,6.0,1.0,6.0,0.5899955529217484,1.2397690463212692,0.6383844418106372,10.653652859318397,9.531481398171628,0.0,0.0,0.0,3.6204113987634474,0.8108108108108107,0.0,0.0,E0000223,U001-paysim-fraud-000,U001,paysim_fraud,ACCOUNT_DRAIN_TRANSFER,1,1,1
3.771076558076085,0.7659908695170361,0.0,1.0,1.0,0.7092350500758213,0.0,2.0,7.0,1.0,6.0,0.8793698814059621,1.735463107430339,0.927758770294851,4.795790545596741,9.439943018351132,0.0,0.0,0.0,1.4514883636498737,0.9417040358744394,0.0,0.0,E0000224,U001-paysim-fraud-000,U001,paysim_fraud,FOLLOW_UP_CASHOUT_PROXY,1,1,0
0.29154104790283036,0.06,0.0,0.0,0.0,0.05555432146518928,0.0,1.0,4.0,0.0,3.0,0.02266666666666667,1.6836758745806915,0.9163143258504065,10.48885462591948,9.869765295131096,0.0,0.0,0.0,-0.3750091458230124,0.5357142857142857,0.0,0.0,E0000225,U001-normal-051,U001,normal_user,DAILY_NORMAL,0,0,0
0.11614893008464473,0.023823529411764705,0.0,0.0,0.0,0.022058333522942803,0.0,1.0,4.0,0.0,3.0,0.009,1.6716575091096972,0.9110365480726287,9.758635175856648,9.944053514282789,0.0,0.0,0.0,-0.4672319221146592,0.5333333333333333,0.0,0.0,E0000226,U001-normal-051,U001,normal_user,DAILY_NORMAL,0,0,0
0.0813566482975728,0.01661764705882353,0.0,0.0,0.0,0.015386368445015659,0.0,2.0,5.0,0.0,4.0,0.015277777777777777,1.6822505532112946,0.9173143258504065,6.008813185442595,9.86361302569325,0.0,0.0,0.0,-0.48449484139484805,0.6637168141592921,0.0,0.0,E0000227,U001-normal-051,U001,normal_user,DAILY_NORMAL,0,0,0
0.12798674139239397,0.02602941176470588,0.0,0.0,0.0,0.024100771812104172,0.0,1.0,6.0,0.0,5.0,0.009833333333333333,1.699631525736635,0.9271476591837399,8.97790377375038,9.420114955551439,0.0,0.0,0.0,-0.458744526945096,0.7929515418502203,0.0,0.0,E0000228,U001-normal-051,U001,normal_user,DAILY_NORMAL,0,0,0
0.25774684586386987,0.05220588235294118,0.0,0.0,0.0,0.0483377061768191,0.0,2.0,7.0,0.0,6.0,0.029555555555555557,1.7347436054097267,0.9468698814059621,6.814542897259958,9.43284371840297,0.0,0.0,0.0,-0.3896101091985622,0.9210526315789475,0.0,0.0,E0000229,U001-normal-051,U001,normal_user,DAILY_NORMAL,0,0,0
0.4983368864381657,0.10058823529411764,0.0,0.0,0.0,0.0931351859857585,0.0,2.0,8.0,0.0,6.0,0.05772222222222222,1.8021921306483695,0.9848698814059621,8.063692634269517,8.69027216684326,0.0,0.0,0.0,-0.26293445107008784,1.0480349344978166,0.0,0.0,E0000230,U001-normal-051,U001,normal_user,DAILY_NORMAL,0,0,0
0.7609296028198586,0.15323529411764705,0.0,0.0,0.0,0.14188137982040988,0.0,1.0,7.0,0.0,5.0,0.057888888888888886,0.29829040865499096,0.1633888888888889,10.682927101661086,9.324133235250208,0.0,0.0,0.0,-0.1252822238729987,0.9130434782608695,0.0,0.0,E0000231,U001-normal-052,U001,normal_user,DAILY_NORMAL,0,0,0
0.07603067205077152,0.015294117647058824,0.0,1.0,0.0,0.014160905471518836,0.0,1.0,7.0,0.0,5.0,0.0057777777777777775,0.26651836520456107,0.1465,10.170992427549091,9.702019872899779,0.0,0.0,0.0,-0.4847633322310736,0.9090909090909091,0.0,0.0,E0000232,U001-normal-052,U001,normal_user,DAILY_NORMAL,0,0,0
0.45885992442222595,0.09191176470588236,0.0,0.0,0.0,0.08510159538172378,0.0,1.0,6.0,0.0,5.0,0.034722222222222224,0.3017866996511976,0.16594444444444445,8.775085935057266,9.68406208059033,0.0,0.0,0.0,-0.28320551952588435,0.7758620689655172,0.0,0.0,E0000233,U001-normal-052,U001,normal_user,DAILY_NORMAL,0,0,0
0.16927873303847574,0.033823529411764704,0.0,0.0,0.0,0.031317387100474346,0.0,1.0,7.0,0.0,6.0,0.012777777777777779,0.32434168206359526,0.17872222222222223,8.279443487712665,9.721113994390127,0.0,0.0,0.0,-0.4345974667307576,0.9012875536480687,0.0,0.0,E0000234,U001-normal-052,U001,normal_user,DAILY_NORMAL,0,0,0
0.05097610598129521,0.010147058823529412,0.0,0.0,0.0,0.009395216130142305,0.0,1.0,5.0,0.0,5.0,0.003833333333333333,0.20853861537802584,0.115,8.880863609867356,9.76818316050523,0.0,0.0,0.0,-0.4955288488423512,0.6410256410256411,0.0,0.0,E0000235,U001-normal-052,U001,normal_user,DAILY_NORMAL,0,0,0
0.14913603688801017,0.029558823529411766,0.0,1.0,0.0,0.027368673074762366,0.0,1.0,6.0,0.0,5.0,0.011166666666666667,0.22873501706805638,0.12616666666666668,10.547339441371197,9.702790190051749,0.0,0.0,0.0,-0.4431253694425126,0.7659574468085106,0.0,0.0,E0000236,U001-normal-053,U001,normal_user,DAILY_NORMAL,0,0,0
0.32995749228264554,0.0651470588235294,0.0,0.0,0.0,0.060320010806565814,0.0,1.0,6.0,0.0,5.0,0.02461111111111111,0.16829019800396053,0.09288888888888888,8.797850648931053,9.430310894554895,0.0,0.0,0.0,-0.34824868067450065,0.7627118644067797,0.0,0.0,E0000237,U001-normal-053,U001,normal_user,DAILY_NORMAL,0,0,0
0.0,0.0,0.0,0.0,0.0,0.0,0.0,1.0,7.0,0.0,6.0,0.0,0.16804044033596355,0.09288888888888888,10.081842921060204,9.677038544213191,0.0,0.0,0.0,-0.5192041182670275,0.8860759493670886,0.0,0.0,E0000238,U001-agent-normal-008,U001,normal_agent,DELEGATED_NORMAL,0,0,0
1.4844275748266704,0.2922058823529412,0.0,0.0,0.0,0.2705549920375762,0.0,1.0,5.0,0.0,5.0,0.11038888888888888,0.27135717039898416,0.15,9.675771061251782,9.817068727225799,0.0,0.0,0.0,0.25151679185211584,0.6302521008403361,0.0,0.0,E0000239,U001-normal-053,U001,normal_user,DAILY_NORMAL,0,0,0
0.03652742224846775,0.0072058823529411765,0.0,0.0,0.0,0.006671965077927144,0.0,2.0,5.0,0.0,5.0,0.1131111111111111,0.26756603031858667,0.14888888888888888,8.098338846189057,9.773572470314695,0.0,0.0,0.0,-0.502372605257159,0.6276150627615062,0.0,0.0,E0000240,U001-normal-053,U001,normal_user,DAILY_NORMAL,0,0,0
0.08684496007481732,0.017058823529411765,0.0,0.0,0.0,0.01579485610284793,0.0,1.0,4.0,0.0,4.0,0.0064444444444444445,0.21481649894368604,0.11955555555555555,10.712326695092147,9.84847154797997,0.0,0.0,0.0,-0.47488805074095064,0.5,0.0,0.0,E0000241,U001-normal-054,U001,normal_user,DAILY_NORMAL,0,0,0
0.2300204149325259,0.045,0.0,0.0,0.0,0.04166574109889196,0.0,2.0,5.0,0.0,5.0,0.023444444444444445,0.2452672999757716,0.13655555555555557,6.999422467507961,9.788334804638,0.0,0.0,0.0,-0.39949743057483367,0.6224066390041494,0.0,0.0,E0000242,U001-normal-054,U001,normal_user,DAILY_NORMAL,0,0,0
0.03846721587016876,0.0075,0.0,0.0,0.0,0.00694429018314866,0.0,1.0,5.0,0.0,5.0,0.0028333333333333335,0.2501016963416777,0.1393888888888889,10.172674642351664,9.813519080374334,0.0,0.0,0.0,-0.49811468500200545,0.6198347107438017,0.0,0.0,E0000243,U001-normal-054,U001,normal_user,DAILY_NORMAL,0,0,0
22.049575235172302,4.280902488302169,1.0,1.0,1.0,0.9857772416995101,0.0,1.0,4.0,1.0,4.0,1.6172298289141525,2.9484014135441643,1.6435076066919303,10.117832509493988,9.905984432734716,0.0,0.0,0.0,10.876558503348091,0.4938271604938272,0.0,0.0,E0000244,U001-paysim-fraud-004,U001,paysim_fraud,ACCOUNT_DRAIN_TRANSFER,1,1,1
2.503662698878847,0.530764131064111,0.0,1.0,1.0,0.491437352655458,0.0,2.0,5.0,1.0,4.0,1.8177407228717055,3.0163997217015686,1.8440185006494834,4.110873864173311,9.873255123458964,0.0,0.0,0.0,0.6904070112745262,0.6147540983606558,0.0,0.0,E0000245,U001-paysim-fraud-004,U001,paysim_fraud,FOLLOW_UP_CASHOUT_PROXY,1,1,1
0.1026884452615648,0.021911764705882353,0.0,0.0,0.0,0.020288220339002946,0.0,1.0,6.0,0.0,5.0,0.008277777777777778,2.9971721475797524,1.8522962784272612,9.941313062076109,9.58722766318597,0.0,0.0,0.0,-0.4151687674797029,0.7346938775510204,0.0,0.0,E0000246,U001-normal-055,U001,normal_user,DAILY_NORMAL,0,0,0
0.06296032910403662,0.01338235294117647,0.0,0.0,0.0,0.012390792287578981,0.0,1.0,5.0,0.0,4.0,0.005055555555555555,2.966093092978294,1.8339073895383722,10.555213600795284,10.000323839972861,0.0,0.0,0.0,-0.4326425293985032,0.6097560975609757,0.0,0.0,E0000247,U001-agent-normal-029,U001,normal_agent,DELEGATED_NORMAL,0,0,0
0.0,0.0,0.0,0.0,0.0,0.0,0.0,2.0,5.0,0.0,4.0,0.005055555555555555,2.960703609650636,1.831074056205039,7.8636512654486515,9.759513250618738,0.0,0.0,0.0,-0.4606557074718557,0.6072874493927126,0.0,0.0,E0000248,U001-agent-normal-030,U001,normal_agent,DELEGATED_NORMAL,0,0,0
4.2027990322009074,0.8897058823529411,0.0,1.0,0.0,0.8237834432950861,0.0,3.0,6.0,0.0,5.0,0.3411666666666667,3.504169001745581,2.16718516731615,5.1647859739235145,9.425209786838147,0.0,0.0,0.0,1.4753876540686834,0.7258064516129031,0.0,0.0,E0000249,U001-normal-055,U001,normal_user,RECURRING_NORMAL,0,0,0
17.592500461826592,3.775413532761174,1.0,1.0,1.0,0.9839036130090774,0.0,1.0,5.0,1.0,5.0,1.4262673345986658,2.820099584395852,1.7757117790431103,10.122663242288953,9.762211965178174,0.0,0.0,0.0,7.729157062886293,0.6024096385542168,0.0,0.0,E0000250,U001-paysim-fraud-003,U001,paysim_fraud,ACCOUNT_DRAIN_TRANSFER,1,1,1
6.972130491712151,1.602340006743416,0.0,1.0,1.0,0.9628841229679019,0.0,2.0,6.0,1.0,5.0,2.031595781590623,3.51598127078817,2.3810402260350676,5.484796933490655,9.49243184611472,0.0,0.0,0.0,2.664760876518563,0.72,0.0,0.0,E0000251,U001-paysim-fraud-003,U001,paysim_fraud,FOLLOW_UP_CASHOUT_PROXY,1,1,1
12.572527253219175,2.962857129724477,1.0,1.0,1.0,0.9795793625651846,0.0,1.0,7.0,1.0,6.0,1.119301582340358,5.0192556405175175,3.5003418083754254,8.627123250788433,8.809832954187247,0.0,0.0,0.0,5.227786086584749,0.8366533864541832,0.0,0.0,E0000252,U001-paysim-fraud-005,U001,paysim_fraud,ACCOUNT_DRAIN_TRANSFER,1,1,1
3.9767614687453015,0.9831235822762863,0.0,1.0,1.0,0.9102793921630878,0.0,2.0,8.0,1.0,6.0,1.4907038245336217,5.2698822608460345,3.871744050568689,4.795790545596741,8.732917286510517,1.0,0.0,0.0,1.3382960296584903,0.9523809523809523,0.0,0.0,E0000253,U001-paysim-fraud-005,U001,paysim_fraud,FOLLOW_UP_CASHOUT_PROXY,1,1,1
0.5299052365226554,0.13264705882352942,0.0,0.0,0.0,0.12281862245490376,0.0,1.0,8.0,0.0,6.0,0.05011111111111111,5.238549031237712,3.9135773839020223,9.817439347910675,9.194109358865765,0.0,0.0,0.0,-0.2136474649551192,0.9486166007905138,0.0,0.0,E0000254,U001-normal-056,U001,normal_user,DAILY_NORMAL,0,0,0
0.08299834793489758,0.02073529411764706,0.0,1.0,0.0,0.019198919918116883,0.0,1.0,9.0,0.0,7.0,0.007833333333333333,5.237324333886333,3.9214107172353554,9.941986851686737,9.106733872687412,0.0,0.0,0.0,-0.416770000643752,1.0629921259842519,0.0,0.0,E0000255,U001-normal-056,U001,normal_user,DAILY_NORMAL,0,0,0
0.28009038118083407,0.06970588235294117,0.0,0.0,0.0,0.06454104993749932,0.0,2.0,10.0,0.0,8.0,0.034166666666666665,5.270656333538152,3.947744050568689,7.0326242610280065,9.126328129446954,0.0,0.0,0.0,-0.3265032473364747,1.1764705882352942,0.0,0.0,E0000256,U001-normal-056,U001,normal_user,DAILY_NORMAL,0,0,0
0.09127361495721273,0.022647058823529412,0.0,0.0,0.0,0.02096903310205674,0.0,1.0,8.0,0.0,6.0,0.008555555555555556,4.820935499053065,3.615132939457578,9.831346874758445,9.375820911574111,0.0,0.0,0.0,-0.4116690597129983,0.9375,0.0,0.0,E0000257,U001-normal-056,U001,normal_user,DAILY_NORMAL,0,0,0
0.07853063857217735,0.019411764705882354,0.0,0.0,0.0,0.01797345694462006,0.0,2.0,9.0,0.0,7.0,0.01588888888888889,4.828878360007561,3.622466272790911,7.442492722794441,9.402348198359558,0.0,0.0,0.0,-0.41658687012167256,1.0505836575875487,0.0,0.0,E0000258,U001-normal-056,U001,normal_user,DAILY_NORMAL,0,0,0
0.15288398461799058,0.03764705882352941,0.0,0.0,1.0,0.03485761346835406,0.0,1.0,8.0,0.0,7.0,0.014222222222222223,2.1389495681017783,1.6050927134225106,10.099259907054206,9.496391114532614,0.0,0.0,0.0,-0.38216792646896863,0.9302325581395349,0.0,0.0,E0000259,U001-normal-057,U001,normal_user,DAILY_NORMAL,0,0,0
0.03595753452599637,0.008823529411764706,0.0,0.0,0.0,0.008169753156645483,0.0,1.0,6.0,0.0,6.0,0.0033333333333333335,0.09004180970810202,0.06761111111111111,10.469028608490927,9.692531925803888,0.0,0.0,0.0,-0.434166049170178,0.694980694980695,0.0,0.0,E0000260,U001-normal-057,U001,normal_user,DAILY_NORMAL,0,0,0
0.23164273218653506,0.05661764705882353,0.0,0.0,0.0,0.05242258275514185,0.0,1.0,2.0,0.0,2.0,0.021388888888888888,0.0329192088001942,0.024722222222222222,11.30942521453493,10.382419951415045,0.0,0.0,0.0,-0.3452452330546514,0.23076923076923078,0.0,0.0,E0000261,U001-normal-058,U001,normal_user,DAILY_NORMAL,0,0,0
0.11950533489024005,0.02911764705882353,0.0,0.0,0.0,0.026960185416930092,0.0,1.0,2.0,0.0,2.0,0.011,0.04308695747743349,0.03238888888888889,9.770241833388766,10.375564031942794,0.0,0.0,0.0,-0.39510231415082964,0.2298850574712644,0.0,0.0,E0000262,U001-normal-058,U001,normal_user,DAILY_NORMAL,0,0,0
0.09025382300607819,0.021911764705882353,0.0,0.0,0.0,0.020288220339002946,0.0,1.0,3.0,0.0,3.0,0.008277777777777778,0.05407251468362189,0.04066666666666666,8.870803443982124,10.408773862592794,0.0,0.0,0.0,-0.4074671546568946,0.3435114503816794,0.0,0.0,E0000263,U001-normal-058,U001,normal_user,RECURRING_NORMAL,0,0,0
1.9163202392513063,0.46352941176470586,0.0,0.0,0.0,0.42918436582910935,0.0,1.0,4.0,0.0,4.0,0.1751111111111111,0.28680412960290264,0.2157777777777778,8.241703159729818,10.276546541975224,0.0,0.0,0.0,0.409592614087376,0.4562737642585551,0.0,0.0,E0000264,U001-normal-058,U001,normal_user,DAILY_NORMAL,0,0,0
0.2441098098674709,0.05926470588235294,0.0,0.0,0.0,0.05487350870213549,0.0,1.0,5.0,0.0,4.0,0.02238888888888889,0.3141255367711462,0.23816666666666667,8.271548374755515,10.033813814211703,0.0,0.0,0.0,-0.3397001639524857,0.5681818181818181,0.0,0.0,E0000265,U001-normal-058,U001,normal_user,DAILY_NORMAL,0,0,0
0.18956369909640167,0.04588235294117647,0.0,0.0,0.0,0.04248271641455651,0.0,1.0,6.0,0.0,5.0,0.017333333333333333,0.3366556426260238,0.2555,8.329175442077402,8.894971876619456,0.0,0.0,0.0,-0.3637548231593542,0.6792452830188679,0.0,0.0,E0000266,U001-normal-058,U001,normal_user,DAILY_NORMAL,0,0,0
13.281928420505054,3.2043613362344185,1.0,1.0,1.0,0.9810893073059963,0.0,1.0,7.0,1.0,6.0,1.2105365047996692,1.9302309521167884,1.4660365047996693,9.93663215112843,8.978282203272398,0.0,0.0,0.0,5.504295099259423,0.7894736842105263,0.0,0.0,E0000267,U001-paysim-fraud-007,U001,paysim_fraud,ACCOUNT_DRAIN_TRANSFER,1,1,1
1.9398535749728025,0.49090406219412175,0.0,1.0,1.0,0.4545307013283252,0.0,2.0,8.0,1.0,6.0,1.3959891505174487,2.064710537345173,1.6514891505174487,4.110873864173311,8.78216942633238,0.0,0.0,0.0,0.4181803644152376,0.898876404494382,0.0,0.0,E0000268,U001-paysim-fraud-007,U001,paysim_fraud,FOLLOW_UP_CASHOUT_PROXY,1,1,1
0.3091633082953879,0.07852941176470589,0.0,0.0,0.0,0.0727108030941448,0.0,1.0,6.0,0.0,5.0,0.029666666666666668,2.0352289446094103,1.6404891505174486,10.905515516688848,9.720345659358271,0.0,0.0,0.0,-0.3090354705834513,0.6716417910447761,0.0,0.0,E0000269,U001-normal-059,U001,normal_user,DAILY_NORMAL,0,0,0
0.14397459565436074,0.036470588235294116,0.0,0.0,0.0,0.033768313047467996,0.0,1.0,2.0,0.0,2.0,0.013777777777777778,0.053832143536454546,0.043444444444444445,10.743588146052236,10.132104099648679,0.0,0.0,0.0,-0.38256930885812546,0.22304832713754646,0.0,0.0,E0000270,U001-normal-060,U001,normal_user,DAILY_NORMAL,0,0,0
0.1234912451466034,0.031176470588235295,0.0,0.0,0.0,0.028866461153480703,0.0,1.0,3.0,0.0,3.0,0.011777777777777778,0.06838710686138229,0.05522222222222222,9.865370230423,10.2456222982778,0.0,0.0,0.0,-0.3910615514750726,0.3333333333333333,0.0,0.0,E0000271,U001-normal-060,U001,normal_user,DAILY_NORMAL,0,0,0
0.13619199978130028,0.03426470588235294,0.0,0.0,0.0,0.03172587475830663,0.0,2.0,4.0,0.0,3.0,0.024722222222222222,0.08437646237397396,0.06816666666666667,7.1569563646156364,10.09744119355979,0.0,0.0,0.0,-0.3847102506631679,0.44280442804428044,0.0,0.0,E0000272,U001-normal-060,U001,normal_user,DAILY_NORMAL,0,0,0
0.22990564717425016,0.05764705882352941,0.0,0.0,0.0,0.05337572062341715,0.0,1.0,5.0,0.0,4.0,0.021777777777777778,0.1112734901472151,0.08994444444444444,8.289790583181643,10.12923570891971,0.0,0.0,0.0,-0.3423867642844773,0.5514705882352942,0.0,0.0,E0000273,U001-normal-060,U001,normal_user,DAILY_NORMAL,0,0,0
0.11118051535681432,0.027794117647058823,0.0,0.0,1.0,0.02573472244343327,0.0,1.0,1.0,0.0,1.0,0.0105,0.012978270275114513,0.0105,11.81066429825487,10.62391424068888,0.0,0.0,0.0,-0.3946670235903655,0.10989010989010989,0.0,0.0,E0000274,U001-normal-062,U001,normal_user,DAILY_NORMAL,0,0,0
0.10389108693544528,0.02588235294117647,0.0,0.0,0.0,0.023964609259493414,0.0,1.0,1.0,0.0,1.0,0.009777777777777778,0.012080358945982009,0.009777777777777778,11.651878384522485,10.911832259438432,0.0,0.0,0.0,-0.3971838306726113,0.10948905109489052,0.0,0.0,E0000275,U001-agent-normal-024,U001,normal_agent,DELEGATED_NORMAL,0,0,0
0.2570754258560682,0.06382352941176471,0.0,0.0,0.0,0.05909454783306899,0.0,1.0,2.0,0.0,2.0,0.02411111111111111,0.041852572755600656,0.03388888888888889,10.619765150484927,10.987967109627181,0.0,0.0,0.0,-0.3286836350609735,0.2181818181818182,0.0,0.0,E0000276,U001-normal-063,U001,normal_user,DAILY_NORMAL,0,0,0
0.12058953004469875,0.02985294117647059,0.0,0.0,0.0,0.027640998179983882,0.0,1.0,2.0,0.0,2.0,0.011277777777777777,0.04366172639549438,0.035388888888888886,10.980995366872817,11.1655047114739,0.0,0.0,0.0,-0.3886233064464799,0.2173913043478261,0.0,0.0,E0000277,U001-normal-064,U001,normal_user,DAILY_NORMAL,0,0,0
0.16927689431116655,0.04176470588235294,0.0,0.0,0.0,0.03867016494145528,0.0,1.0,3.0,0.0,3.0,0.01577777777777778,0.06309859950646933,0.051166666666666666,8.256866848974312,11.165139468448743,0.0,0.0,0.0,-0.3664676863917042,0.3249097472924188,0.0,0.0,E0000278,U001-normal-064,U001,normal_user,DAILY_NORMAL,0,0,0
0.18356797734833288,0.045147058823529415,0.0,0.0,0.0,0.04180190365150272,0.0,1.0,4.0,0.0,4.0,0.017055555555555556,0.08407693619007613,0.06822222222222223,9.135832319801121,10.726460518430658,0.0,0.0,0.0,-0.35961627250821165,0.4316546762589928,0.0,0.0,E0000279,U001-normal-064,U001,normal_user,DAILY_NORMAL,0,0,0
16.82782073461042,4.125818680094105,1.0,1.0,1.0,0.9852505131983299,0.0,1.0,4.0,1.0,4.0,1.5586426124799952,1.97384766478181,1.6027537235911065,10.076558117215898,10.215359672289107,0.0,0.0,0.0,6.961625010833559,0.4301075268817204,0.0,0.0,E0000280,U001-paysim-fraud-006,U001,paysim_fraud,ACCOUNT_DRAIN_TRANSFER,1,1,1
2.3342889029440292,0.6066299244210022,0.0,1.0,1.0,0.5616818971947972,0.0,2.0,5.0,1.0,4.0,1.7878139172612628,2.1204077947659945,1.8319250283723738,5.198497031265826,9.861028802595557,0.0,0.0,0.0,0.572864941191469,0.5357142857142857,0.0,0.0,E0000281,U001-paysim-fraud-006,U001,paysim_fraud,FOLLOW_UP_CASHOUT_PROXY,1,1,1
0.07882585493745936,0.020588235294117647,0.0,0.0,0.0,0.019062757365506125,0.0,1.0,4.0,0.0,3.0,0.0077777777777777776,2.079705482027042,1.812647250594596,10.986309155297914,9.86428923913197,0.0,0.0,0.0,-0.3979949353792689,0.4270462633451957,0.0,0.0,E0000282,U001-normal-065,U001,normal_user,DAILY_NORMAL,0,0,0
0.1666745412424009,0.04338235294117647,0.0,0.0,0.0,0.04016795302017362,0.0,2.0,5.0,0.0,4.0,0.024166666666666666,2.097884925585041,1.8290361394834849,8.103191752285786,9.858563405682132,0.0,0.0,0.0,-0.3593622621430884,0.5319148936170213,0.0,0.0,E0000283,U001-normal-065,U001,normal_user,DAILY_NORMAL,0,0,0
0.1031516604333796,0.02676470588235294,0.0,0.0,0.0,0.024781584575157962,0.0,1.0,3.0,0.0,3.0,0.01011111111111111,0.039291625192860356,0.034277777777777775,11.21025157469921,10.374796579379552,0.0,0.0,0.0,-0.38617935519597624,0.31802120141342755,0.0,0.0,E0000284,U001-normal-066,U001,normal_user,DAILY_NORMAL,0,0,0
0.09269327381410578,0.02397058823529412,0.0,0.0,0.0,0.02219449607555356,0.0,1.0,2.0,0.0,2.0,0.009055555555555556,0.021961711014925257,0.019166666666666665,9.802451008358355,10.338563241480577,0.0,0.0,0.0,-0.3899952855889421,0.2112676056338028,0.0,0.0,E0000285,U001-normal-066,U001,normal_user,DAILY_NORMAL,0,0,0
0.23451452199544925,0.060441176470588234,0.0,0.0,0.0,0.055962809123021554,0.0,1.0,3.0,0.0,3.0,0.022833333333333334,0.04810815364517397,0.042,10.834272730560736,10.621605355818534,0.0,0.0,0.0,-0.3284436577873702,0.3157894736842105,0.0,0.0,E0000286,U001-normal-067,U001,normal_user,DAILY_NORMAL,0,0,0
0.11730453730278229,0.030147058823529412,0.0,0.0,0.0,0.027913323285205398,0.0,2.0,4.0,0.0,4.0,0.03422222222222222,0.06110008690947087,0.05338888888888889,7.3727463664043285,10.29274875019197,0.0,0.0,0.0,-0.37828645259109905,0.4195804195804196,0.0,0.0,E0000287,U001-normal-067,U001,normal_user,DAILY_NORMAL,0,0,0
1.9289328565184447,0.49411764705882355,1.0,1.0,0.0,0.457506176772147,0.0,1.0,5.0,1.0,5.0,0.18666666666666668,0.274608555384034,0.24005555555555555,9.478686708121222,10.35686625025829,0.0,0.0,0.0,0.397434408918885,0.5226480836236934,0.0,0.0,E0000288,U001-hard-NEW_RECIPIENT_NORMAL-002,U001,hard_negative,NEW_RECIPIENT_NORMAL,0,0,0
0.08238718275461546,0.021176470588235293,0.0,0.0,0.0,0.019607407575949157,0.0,1.0,5.0,0.0,5.0,0.008,0.2702698404856143,0.23794444444444443,8.68929604801586,9.791628187249584,0.0,0.0,0.0,-0.3945436222336061,0.5208333333333334,0.0,0.0,E0000289,U001-normal-067,U001,normal_user,DAILY_NORMAL,0,0,0
0.4730277177897117,0.12117647058823529,0.0,0.0,0.0,0.11219794335126462,0.0,2.0,6.0,0.0,6.0,0.05377777777777778,0.3221690700352152,0.2837222222222222,7.415175109613295,9.588776807696428,0.0,0.0,0.0,-0.22616958473913348,0.6228373702422145,0.0,0.0,E0000290,U001-normal-067,U001,normal_user,DAILY_NORMAL,0,0,0
0.5176520655792626,0.1323529411764706,0.0,0.0,0.0,0.12254629734968224,0.0,1.0,7.0,0.0,7.0,0.05,0.37828904597744895,0.3337222222222222,9.49874718174242,8.871028106287543,0.0,0.0,0.0,-0.20697801130697838,0.7241379310344828,0.0,0.0,E0000291,U001-normal-067,U001,normal_user,DAILY_NORMAL,0,0,0
0.13597838003133225,0.03470588235294118,0.0,1.0,1.0,0.0321343624161389,0.0,1.0,7.0,0.0,7.0,0.013111111111111112,0.38216419904029286,0.3377777777777778,10.059422354156888,9.348291981034198,0.0,0.0,0.0,-0.3707517580278722,0.7216494845360826,0.0,0.0,E0000292,U001-normal-068,U001,normal_user,DAILY_NORMAL,0,0,0
0.28321459945612715,0.07205882352941176,0.0,0.0,0.0,0.06671965077927144,0.0,1.0,8.0,0.0,8.0,0.02722222222222222,0.4127595205028295,0.365,10.038324342758338,9.506065016071148,0.0,0.0,0.0,-0.30709032779519435,0.8219178082191781,0.0,0.0,E0000293,U001-hard-SUBSCRIPTION_BURST-003,U001,hard_negative,SUBSCRIPTION_BURST,0,0,0
0.08634378727447344,0.021911764705882353,0.0,0.0,0.0,0.020288220339002946,0.0,2.0,9.0,0.0,9.0,0.0355,0.4216877183852788,0.37327777777777776,6.493753839851686,9.424273638535547,0.0,0.0,0.0,-0.39106230744320164,0.9215017064846416,0.0,0.0,E0000294,U001-hard-SUBSCRIPTION_BURST-003,U001,hard_negative,SUBSCRIPTION_BURST,0,0,0
0.28488565368868524,0.07205882352941176,0.0,0.0,0.0,0.06671965077927144,0.0,3.0,10.0,0.0,9.0,0.06272222222222222,0.45229937104134454,0.4005,6.493753839851686,9.407993792767119,0.0,0.0,0.0,-0.3055428011057324,1.0204081632653061,0.0,0.0,E0000295,U001-hard-SUBSCRIPTION_BURST-003,U001,hard_negative,SUBSCRIPTION_BURST,0,0,0
0.1690390647904886,0.04264705882352941,0.0,0.0,0.0,0.03948714025711983,0.0,4.0,11.0,0.0,9.0,0.07883333333333334,0.47001258689798814,0.4166111111111111,6.493753839851686,9.174609562020384,0.0,0.0,0.0,-0.3547069063436703,1.11864406779661,0.0,0.0,E0000296,U001-hard-SUBSCRIPTION_BURST-003,U001,hard_negative,SUBSCRIPTION_BURST,0,0,0
0.0578782055302103,0.014558823529411765,0.0,0.0,0.0,0.013480092708465046,0.0,5.0,12.0,0.0,10.0,0.08433333333333333,0.47592922685988953,0.4221111111111111,6.493753839851686,8.538210766638707,0.0,0.0,0.0,-0.40159164576321915,1.2162162162162162,0.0,0.0,E0000297,U001-hard-SUBSCRIPTION_BURST-003,U001,hard_negative,SUBSCRIPTION_BURST,0,0,0
0.13726324011476052,0.03441176470588235,0.0,0.0,0.0,0.031862037310917385,0.0,1.0,11.0,0.0,9.0,0.013,0.4519078112364777,0.4008888888888889,9.590624414887088,8.14734616090982,0.0,0.0,0.0,-0.3670683570001536,1.1111111111111112,0.0,0.0,E0000298,U001-agent-normal-020,U001,normal_agent,DELEGATED_NORMAL,0,0,0
1.0838238663971418,0.27088235294117646,0.0,0.0,0.0,0.2508114219090163,0.0,2.0,12.0,0.0,10.0,0.11533333333333333,0.5669875818274142,0.5032222222222222,6.621405651764134,8.152543677807849,0.0,0.0,0.0,0.035610109132485974,1.2080536912751678,0.0,0.0,E0000299,U001-agent-normal-022,U001,normal_agent,DELEGATED_NORMAL,0,0,0
0.24058235650122012,0.060147058823529415,0.0,1.0,0.0,0.05569048401780004,0.0,1.0,3.0,0.0,3.0,0.022722222222222224,0.15495360291986798,0.13805555555555554,11.21184739884811,9.805896774142662,0.0,0.0,0.0,-0.3232828060315151,0.3010033444816054,0.0,0.0,E0000300,U001-normal-069,U001,normal_user,DAILY_NORMAL,0,0,0
0.1657332503424962,0.0413235294117647,0.0,0.0,0.0,0.03826167728362301,0.0,1.0,2.0,0.0,2.0,0.01561111111111111,0.04298880108878842,0.03833333333333333,9.84108009240751,9.98811358685663,0.0,0.0,0.0,-0.35475624921964355,0.2,0.0,0.0,E0000301,U001-normal-069,U001,normal_user,DAILY_NORMAL,0,0,0
0.3726636479887116,0.09264705882352942,0.0,0.0,0.0,0.08578240814477757,0.0,1.0,3.0,0.0,3.0,0.035,0.08219148126066822,0.07333333333333333,9.249080200292113,10.073778699946109,0.0,0.0,0.0,-0.2663911620045051,0.29900332225913623,0.0,0.0,E0000302,U001-normal-069,U001,normal_user,RECURRING_NORMAL,0,0,0
0.30886441065586384,0.07661764705882353,0.0,0.0,0.0,0.07094068991020494,0.0,1.0,4.0,0.0,4.0,0.028944444444444443,0.11448251345934635,0.10227777777777777,10.951209974200845,10.37947946616377,0.0,0.0,0.0,-0.29331593948545553,0.3973509933774835,0.0,0.0,E0000303,U001-normal-070,U001,normal_user,DAILY_NORMAL,0,0,0
0.04219253280296137,0.010441176470588235,0.0,0.0,0.0,0.00966754123536382,0.0,1.0,2.0,0.0,2.0,0.003944444444444445,0.03677378331356892,0.03288888888888889,10.585194542953518,10.595408982170255,0.0,0.0,0.0,-0.40615927060357415,0.19801980198019803,0.0,0.0,E0000304,U001-normal-070,U001,normal_user,DAILY_NORMAL,0,0,0
0.14846474755857253,0.03661764705882353,0.0,0.0,0.0,0.033904475600078754,0.0,1.0,2.0,0.0,2.0,0.013833333333333333,0.019874798869956162,0.017777777777777778,10.917648820068036,10.496228590903378,0.0,0.0,0.0,-0.36041676539294704,0.19736842105263158,0.0,0.0,E0000305,U001-normal-071,U001,normal_user,DAILY_NORMAL,0,0,0
0.2224582260519593,0.054705882352941174,0.0,0.0,0.0,0.050652469571201994,0.0,2.0,3.0,0.0,3.0,0.0345,0.042957108055574234,0.03844444444444445,7.6255950721324535,10.399122378154882,0.0,0.0,0.0,-0.3286242794350835,0.29508196721311475,0.0,0.0,E0000306,U001-normal-071,U001,normal_user,DAILY_NORMAL,0,0,0
0.28001957701107166,0.0686764705882353,0.0,0.0,0.0,0.06358791206922401,0.0,2.0,4.0,0.0,4.0,0.04661111111111111,0.07189160963357426,0.06438888888888888,8.183676582620658,10.356732791091831,0.0,0.0,0.0,-0.30394838989953243,0.3921568627450981,0.0,0.0,E0000307,U001-normal-071,U001,normal_user,DAILY_NORMAL,0,0,0
0.0697277014683506,0.017058823529411765,0.0,0.0,1.0,0.01579485610284793,0.0,1.0,4.0,0.0,4.0,0.0064444444444444445,0.0746108714609795,0.06688888888888889,10.879216320158896,10.33123586888475,0.0,0.0,0.0,-0.3923665457161453,0.39087947882736157,0.0,0.0,E0000308,U001-normal-072,U001,normal_user,DAILY_NORMAL,0,0,0
0.17306731999729294,0.042205882352941176,0.0,0.0,0.0,0.039078652599287556,0.0,1.0,3.0,0.0,3.0,0.015944444444444445,0.05390025597739184,0.04833333333333333,10.306349274774178,10.266441740692075,0.0,0.0,0.0,-0.34817429143435624,0.2922077922077922,0.0,0.0,E0000309,U001-normal-072,U001,normal_user,DAILY_NORMAL,0,0,0
0.12759776505016743,0.031029411764705882,0.0,0.0,0.0,0.028730298600869945,0.0,1.0,3.0,0.0,3.0,0.011722222222222222,0.03801741798722295,0.03411111111111111,10.183842849601447,10.044014419673037,0.0,0.0,0.0,-0.36683303165861286,0.2912621359223301,0.0,0.0,E0000310,U001-normal-072,U001,normal_user,DAILY_NORMAL,0,0,0
0.09886415030843997,0.02397058823529412,0.0,0.0,0.0,0.02219449607555356,0.0,1.0,4.0,0.0,3.0,0.009055555555555556,0.04808904769604222,0.043166666666666666,9.003316202541857,10.095495378919503,0.0,0.0,0.0,-0.37834831049671364,0.3870967741935484,0.0,0.0,E0000311,U001-normal-072,U001,normal_user,DAILY_NORMAL,0,0,0
0.047454183490670536,0.011470588235294118,0.0,0.0,0.0,0.010620679103639128,0.0,1.0,4.0,0.0,3.0,0.004333333333333333,0.04572182737888596,0.041055555555555553,10.742443573468288,10.397360284649457,0.0,0.0,0.0,-0.3992921161447844,0.3858520900321543,0.0,0.0,E0000312,U001-normal-073,U001,normal_user,DAILY_NORMAL,0,0,0
0.5603023230678615,0.135,0.0,0.0,0.0,0.12499722329667588,0.0,2.0,5.0,0.0,4.0,0.05533333333333333,0.1025018712819562,0.09205555555555556,5.147494476813453,10.007622317268135,0.0,0.0,0.0,-0.1839827518162341,0.4807692307692307,0.0,0.0,E0000313,U001-normal-073,U001,normal_user,DAILY_NORMAL,0,0,0
0.3282445024855369,0.07897058823529411,0.0,0.0,0.0,0.07311929075197707,0.0,3.0,6.0,0.0,5.0,0.08516666666666667,0.13546422106601733,0.1218888888888889,6.802394763324311,9.704463278755444,0.0,0.0,0.0,-0.28112428039919346,0.5750798722044729,0.0,0.0,E0000314,U001-normal-073,U001,normal_user,DAILY_NORMAL,0,0,0
0.42945858695940425,0.10308823529411765,0.0,0.0,0.0,0.09544994938014138,0.0,1.0,5.0,0.0,5.0,0.03894444444444444,0.14783467045280838,0.13316666666666666,10.342580841624276,9.758542702067123,0.0,0.0,0.0,-0.23859785229584038,0.47770700636942676,0.0,0.0,E0000315,U001-agent-normal-000,U001,normal_agent,DELEGATED_NORMAL,0,0,0
0.11171311405435248,0.02676470588235294,0.0,0.0,0.0,0.024781584575157962,0.0,1.0,5.0,0.0,5.0,0.01011111111111111,0.14879206341025888,0.13422222222222221,10.683729439947006,10.102477745836078,0.0,0.0,0.0,-0.37135496232682386,0.47619047619047616,0.0,0.0,E0000316,U001-normal-074,U001,normal_user,DAILY_NORMAL,0,0,0
0.0,0.0,0.0,0.0,0.0,0.0,0.0,1.0,3.0,0.0,3.0,0.0,0.05436023283909006,0.049055555555555554,10.566330152831219,10.039276395201865,0.0,0.0,0.0,-0.41742012531522105,0.2848101265822785,0.0,0.0,E0000317,U001-agent-normal-009,U001,normal_agent,DELEGATED_NORMAL,0,0,0
0.3933883214516258,0.09397058823529411,0.0,0.0,0.0,0.08700787111827439,0.0,1.0,4.0,0.0,4.0,0.0355,0.09369906498425264,0.08455555555555555,8.257904193465674,10.070949246423059,0.0,0.0,0.0,-0.25321192287733896,0.37854889589905366,0.0,0.0,E0000318,U001-normal-074,U001,normal_user,DAILY_NORMAL,0,0,0
0.3744427462215934,0.08926470588235294,0.0,0.0,0.0,0.08265066943473014,0.0,1.0,3.0,0.0,3.0,0.03372222222222222,0.07660718994763836,0.06922222222222223,10.92018454800297,10.449357874336956,0.0,0.0,0.0,-0.2610001116739393,0.2830188679245283,0.0,0.0,E0000319,U001-normal-075,U001,normal_user,DAILY_NORMAL,0,0,0
0.050688694461405066,0.012058823529411764,0.0,0.0,0.0,0.01116532931408216,0.0,2.0,4.0,0.0,4.0,0.03827777777777778,0.081547310101049,0.07377777777777778,6.914730892718563,10.258304771972746,0.0,0.0,0.0,-0.39587037932014835,0.3761755485893417,0.0,0.0,E0000320,U001-normal-075,U001,normal_user,DAILY_NORMAL,0,0,0
0.07317151697392864,0.01735294117647059,0.0,1.0,0.0,0.01606718120806945,0.0,1.0,5.0,0.0,5.0,0.006555555555555556,0.08877832987439235,0.08033333333333334,9.398561160701128,10.00805475360313,0.0,0.0,0.0,-0.38582155756119085,0.46875,0.0,0.0,E0000321,U001-normal-075,U001,normal_user,DAILY_NORMAL,0,0,0
0.6387877587183364,0.15102941176470588,0.0,0.0,0.0,0.1398389415312485,0.0,1.0,1.0,0.0,1.0,0.057055555555555554,0.06303826566299373,0.057055555555555554,11.54851459188946,10.467891857203348,0.0,0.0,0.0,-0.15011796278117948,0.09345794392523366,0.0,0.0,E0000322,U001-normal-076,U001,normal_user,DAILY_NORMAL,0,0,0
0.7348230816687016,0.17352941176470588,0.0,0.0,0.0,0.16067181208069448,0.0,1.0,2.0,0.0,2.0,0.06555555555555556,0.13518376281546188,0.12261111111111112,11.190044447868214,10.797074492803707,0.0,0.0,0.0,-0.11025247940384128,0.1863354037267081,0.0,0.0,E0000323,U001-agent-normal-018,U001,normal_agent,DELEGATED_NORMAL,0,0,0
0.061703883133527704,0.014558823529411765,0.0,0.0,0.0,0.013480092708465046,0.0,2.0,3.0,0.0,3.0,0.07105555555555555,0.14090825362043463,0.12811111111111112,7.806696372521179,10.553539322990488,0.0,0.0,0.0,-0.3904075549812363,0.2786377708978328,0.0,0.0,E0000324,U001-normal-077,U001,normal_user,DAILY_NORMAL,0,0,0
0.29758678240986086,0.07,0.0,0.0,0.0,0.06481337504272083,0.0,2.0,4.0,0.0,4.0,0.03194444444444444,0.16995998727128203,0.15455555555555556,8.13505390861157,10.56601571902854,0.0,0.0,0.0,-0.291771104039538,0.37037037037037035,0.0,0.0,E0000325,U001-normal-077,U001,normal_user,DAILY_NORMAL,0,0,0
1.0044579816273547,0.23573529411764707,0.0,0.0,0.0,0.21826857183504514,0.0,1.0,4.0,0.0,3.0,0.08905555555555555,0.20495073577371103,0.18655555555555556,11.077918254481077,10.80618227614362,0.0,0.0,0.0,0.0018503013720971688,0.3692307692307692,0.0,0.0,E0000326,U001-normal-078,U001,normal_user,DAILY_NORMAL,0,0,0
0.4392482138286241,0.10308823529411765,0.0,0.0,0.0,0.09544994938014138,0.0,2.0,5.0,0.0,4.0,0.128,0.24692997519914484,0.2255,4.736198448394496,10.261965869419956,0.0,0.0,0.0,-0.2331229374928752,0.460122699386503,0.0,0.0,E0000327,U001-normal-078,U001,normal_user,DAILY_NORMAL,0,0,0
0.03264236572915903,0.007647058823529412,0.0,0.0,0.0,0.007080452735759418,0.0,1.0,3.0,0.0,3.0,0.0028888888888888888,0.14312421896631267,0.1308888888888889,10.144353136837955,9.86428923913197,0.0,0.0,0.0,-0.4020486890722912,0.27522935779816515,0.0,0.0,E0000328,U001-normal-078,U001,normal_user,DAILY_NORMAL,0,0,0
0.25187858295536764,0.058823529411764705,0.0,0.0,0.0,0.054465021044303216,0.0,1.0,1.0,0.0,1.0,0.022222222222222223,0.024296969416916493,0.022222222222222223,11.971305551824775,10.827151038739697,0.0,0.0,0.0,-0.3103824961738166,0.09146341463414634,0.0,0.0,E0000329,U001-normal-080,U001,normal_user,DAILY_NORMAL,0,0,0
0.03219170941419411,0.0075,0.0,0.0,0.0,0.00694429018314866,0.0,2.0,2.0,0.0,2.0,0.025055555555555557,0.027372663924965204,0.025055555555555557,6.747586526829315,10.816934243958547,0.0,0.0,0.0,-0.40114549813371486,0.182370820668693,0.0,0.0,E0000330,U001-agent-normal-007,U001,normal_agent,DELEGATED_NORMAL,0,0,0
0.15322659988389076,0.03558823529411765,0.0,0.0,0.0,0.03295133773180345,0.0,1.0,3.0,0.0,3.0,0.013444444444444445,0.04205609552433249,0.0385,9.090880931938855,10.563274414237828,0.0,0.0,0.0,-0.35036290418095706,0.2727272727272727,0.0,0.0,E0000331,U001-hard-PAYDAY_BURST-000,U001,hard_negative,PAYDAY_BURST,0,0,0
0.5021899756402372,0.1163235294117647,0.0,0.0,0.0,0.10770457911510961,0.0,2.0,4.0,0.0,4.0,0.05738888888888889,0.09001545135764355,0.08244444444444445,6.042632833682381,10.564860227996888,0.0,0.0,0.0,-0.2057072375638766,0.36253776435045315,0.0,0.0,E0000332,U001-hard-PAYDAY_BURST-000,U001,hard_negative,PAYDAY_BURST,0,0,0
0.32430124194909143,0.075,0.0,0.0,0.0,0.0694429018314866,0.0,3.0,5.0,0.0,5.0,0.08572222222222223,0.12075754928972704,0.11077777777777778,6.042632833682381,10.426551975721381,0.0,0.0,0.0,-0.27919874357178776,0.45180722891566266,0.0,0.0,E0000333,U001-hard-PAYDAY_BURST-000,U001,hard_negative,PAYDAY_BURST,0,0,0
0.20583091217448193,0.0475,0.0,0.0,0.0,0.04398050449327485,0.0,4.0,6.0,0.0,6.0,0.10366666666666667,0.1401742632876929,0.1287222222222222,6.042632833682381,7.695212139012824,0.0,0.0,0.0,-0.327927910143746,0.5405405405405406,0.0,0.0,E0000334,U001-hard-PAYDAY_BURST-000,U001,hard_negative,PAYDAY_BURST,0,0,0
0.26256648260005544,0.060441176470588234,0.0,0.0,0.0,0.055962809123021554,0.0,5.0,7.0,0.0,6.0,0.1265,0.16493158132421915,0.15155555555555555,6.042632833682381,7.655201232949461,0.0,0.0,0.0,-0.3041664622546976,0.62874251497006,0.0,0.0,E0000335,U001-hard-PAYDAY_BURST-000,U001,hard_negative,PAYDAY_BURST,0,0,0
0.20042416772401517,0.04602941176470588,0.0,0.0,0.0,0.04261887896716727,0.0,6.0,8.0,0.0,7.0,0.1438888888888889,0.18370302430789381,0.16894444444444445,6.042632833682381,6.042632833682381,0.0,0.0,0.0,-0.3295039217003914,0.7164179104477613,0.0,0.0,E0000336,U001-hard-PAYDAY_BURST-000,U001,hard_negative,PAYDAY_BURST,0,0,0
0.17460817942891751,0.04,0.0,0.0,0.0,0.037036214310126186,0.0,7.0,9.0,0.0,8.0,0.159,0.20000814762862013,0.18405555555555556,5.541263545158426,5.9604897428085515,0.0,0.0,0.0,-0.33976532010331956,0.8035714285714286,0.0,0.0,E0000337,U001-normal-080,U001,normal_user,DAILY_NORMAL,0,0,0
0.07658862733311865,0.0175,0.0,0.0,0.0,0.01620334376068021,0.0,1.0,10.0,0.0,8.0,0.006611111111111111,0.20707891465908346,0.19066666666666668,8.824677891164198,7.416739207868757,0.0,0.0,0.0,-0.3796590770467417,0.8902077151335313,0.0,0.0,E0000338,U001-normal-080,U001,normal_user,DAILY_NORMAL,0,0,0
1.0985953154521644,0.2502997309985617,1.0,0.0,0.0,0.23175386197574163,0.0,1.0,11.0,1.0,9.0,0.09455767615501219,0.3097018237507793,0.28522434282167886,10.456452702496211,9.051696278536586,0.0,0.0,0.0,0.04047471211884829,0.9763313609467454,1.0,0.0,E0000339,U001-misuse-CATEGORY_DRIFT-005,U001,agent_misuse,CATEGORY_DRIFT,1,0,0
1.9592826458192227,0.4465321065472426,1.0,0.0,0.0,0.41344646986089445,0.0,2.0,12.0,2.0,10.0,0.2632475830728594,0.4911873720406631,0.4539142497395261,6.928537818164665,9.06566136060674,0.0,0.0,0.0,0.3945311964056345,1.0619469026548671,0.0,0.0,E0000340,U001-misuse-CATEGORY_DRIFT-005,U001,agent_misuse,CATEGORY_DRIFT,1,0,0
2.5962061958585676,0.5934480232106425,1.0,0.0,0.0,0.5494767042387524,0.0,3.0,13.0,3.0,11.0,0.487439058507991,0.7293504082338907,0.6781057251746577,6.928537818164665,9.079434102128383,0.0,0.0,0.0,0.6592958873981583,1.1470588235294117,0.0,0.0,E0000341,U001-misuse-CATEGORY_DRIFT-005,U001,agent_misuse,CATEGORY_DRIFT,1,0,0
2.15260244025952,0.4944719490240424,1.0,0.0,0.0,0.45783422686000563,0.0,4.0,14.0,4.0,12.0,0.6742395725837405,0.9228498282611463,0.8649062392504071,6.928537818164665,9.096746051391253,0.0,0.0,0.0,0.4788344123008744,1.2316715542521994,0.0,0.0,E0000342,U001-misuse-CATEGORY_DRIFT-005,U001,agent_misuse,CATEGORY_DRIFT,1,0,0
2.7420838126894154,0.6321149232017143,1.0,0.0,0.0,0.5852785941081912,0.0,4.0,15.0,4.0,13.0,0.8184808674160424,1.169874461658353,1.1037052102377214,6.928537818164665,8.958076922088122,0.0,0.0,0.0,0.7271573319516641,1.3157894736842104,1.0,0.0,E0000343,U001-misuse-CATEGORY_DRIFT-005,U001,agent_misuse,CATEGORY_DRIFT,1,0,0
2.540874708037605,0.5888615249389951,1.0,0.0,0.0,0.5452300409157085,0.0,4.0,16.0,4.0,14.0,0.8722497588084823,1.393909426966396,1.3261640085480086,6.928537818164665,6.928537818164665,0.0,0.0,0.0,0.6470777712199869,1.3994169096209912,0.0,0.0,E0000344,U001-misuse-CATEGORY_DRIFT-005,U001,agent_misuse,CATEGORY_DRIFT,1,0,1
1.08019986682134,0.2515218419671294,1.0,0.0,0.0,0.23288542106930737,0.0,4.0,17.0,4.0,15.0,0.7430776458942663,1.482230093003883,1.421183371068924,6.928537818164665,6.928537818164665,0.0,0.0,0.0,0.03386816477926329,1.4825581395348837,0.0,0.0,E0000345,U001-misuse-CATEGORY_DRIFT-005,U001,agent_misuse,CATEGORY_DRIFT,1,0,1
4.207734347488641,0.98,0.0,1.0,0.0,0.9073872505980916,0.0,5.0,18.0,4.0,16.0,1.1132998681164885,1.8622036206529204,1.7914055932911461,6.042632833682381,6.803505257608338,1.0,0.0,0.0,1.3570157076980771,1.565217391304348,0.0,0.0,E0000346,U001-misuse-LIMIT_RATCHETING-000,U001,agent_misuse,LIMIT_RATCHETING,1,0,1
4.082062304685659,0.96,1.0,1.0,0.0,0.8888691434430285,0.0,5.0,19.0,4.0,17.0,1.2891660207074058,2.2108415252739335,2.154072259957813,6.580639137284949,6.734591659972948,2.0,0.0,0.0,1.3148939480038377,1.647398843930636,0.0,0.0,E0000347,U001-misuse-LIMIT_RATCHETING-000,U001,agent_misuse,LIMIT_RATCHETING,1,0,1
4.170674393124759,0.99,1.0,1.0,0.0,0.9166463041756231,0.0,5.0,20.0,4.0,18.0,1.4243670497200915,2.5628989398578246,2.528072259957813,6.580639137284949,6.660575149839686,3.0,0.0,0.0,1.3638373170101554,1.729106628242075,0.0,0.0,E0000348,U001-misuse-LIMIT_RATCHETING-000,U001,agent_misuse,LIMIT_RATCHETING,1,0,1
0.4798755136298627,0.115,0.0,1.0,0.0,0.10647911614161279,0.0,1.0,21.0,0.0,19.0,0.043444444444444445,2.5744054892162582,2.5715167044022578,10.03793102908562,8.547217904521933,0.0,0.0,0.0,-0.22557904346034038,1.8103448275862069,0.0,0.0,E0000349,U001-agent-normal-025,U001,normal_agent,DELEGATED_NORMAL,0,0,0
0.19421816036067932,0.04647058823529412,0.0,0.0,0.0,0.04302736662499954,0.0,2.0,22.0,0.0,20.0,0.061,2.588228417528323,2.5890722599578133,6.565264970035361,8.535072401503474,0.0,0.0,0.0,-0.34942162138803523,1.8911174785100286,0.0,0.0,E0000350,U001-normal-081,U001,normal_user,DAILY_NORMAL,0,0,0
0.9974744186027356,0.23808823529411766,0.0,0.0,1.0,0.22044717267681727,0.0,1.0,13.0,0.0,13.0,0.08994444444444444,2.4860846773988654,2.4883500377355907,10.702097743501133,9.539341915186393,0.0,0.0,0.0,-0.0010939940927826195,1.1142857142857143,0.0,0.0,E0000351,U001-normal-082,U001,normal_user,DAILY_NORMAL,0,0,0
0.1626530189946713,0.03882352941176471,0.0,0.0,0.0,0.03594691388924012,0.0,1.0,4.0,0.0,4.0,0.014666666666666666,0.16496619815702068,0.1656111111111111,9.860632242229698,9.774733302602376,0.0,0.0,0.0,-0.363251066189442,0.3418803418803419,0.0,0.0,E0000352,U001-normal-082,U001,normal_user,DAILY_NORMAL,0,0,0
0.12291310077497494,0.029264705882352943,0.0,1.0,0.0,0.02709634796954085,0.0,1.0,5.0,0.0,5.0,0.011055555555555556,0.17589304453510252,0.17666666666666667,9.095939111666207,9.863883565942965,0.0,0.0,0.0,-0.38003257313077954,0.42613636363636365,0.0,0.0,E0000353,U001-normal-082,U001,normal_user,DAILY_NORMAL,0,0,0
0.2879606904815087,0.06838235294117648,0.0,0.0,0.0,0.06331558696400248,0.0,2.0,6.0,0.0,6.0,0.03688888888888889,0.20153930814230014,0.2025,6.261491684321042,9.599174617420466,0.0,0.0,0.0,-0.3081065501265791,0.509915014164306,0.0,0.0,E0000354,U001-normal-082,U001,normal_user,DAILY_NORMAL,0,0,0
0.004964652112619908,0.001176470588235294,0.0,0.0,0.0,0.0010893004208860644,0.0,2.0,7.0,0.0,7.0,0.02627777777777778,0.20180868880638564,0.20294444444444446,8.078067881815437,9.632675707520416,0.0,0.0,0.0,-0.4302303468345651,0.5932203389830508,0.0,0.0,E0000355,U001-normal-082,U001,normal_user,DAILY_NORMAL,0,0,0
0.20477415102677557,0.048382352941176474,0.0,0.0,0.0,0.044797479808939396,0.0,1.0,6.0,0.0,6.0,0.018277777777777778,0.15932320953612905,0.1602222222222222,10.49069071389983,9.514968053154105,0.0,0.0,0.0,-0.34323940070390124,0.5070422535211268,0.0,0.0,E0000356,U001-normal-082,U001,normal_user,DAILY_NORMAL,0,0,0
0.751772175044075,0.17720588235294119,0.0,0.0,0.0,0.16407587589596345,0.0,1.0,2.0,0.0,2.0,0.06694444444444445,0.08469272695021562,0.08522222222222223,10.854701314199513,9.907698673307593,0.0,0.0,0.0,-0.10702942460002203,0.16853932584269662,0.0,0.0,E0000357,U001-normal-083,U001,normal_user,DAILY_NORMAL,0,0,0
0.37897021474960535,0.08926470588235294,0.0,0.0,0.0,0.08265066943473014,0.0,1.0,3.0,0.0,3.0,0.03372222222222222,0.1179438748588388,0.11894444444444445,9.83761480838542,10.000868314477682,0.0,0.0,0.0,-0.2679663530967586,0.25210084033613445,0.0,0.0,E0000358,U001-agent-normal-027,U001,normal_agent,DELEGATED_NORMAL,0,0,0
0.04878683543031067,0.011470588235294118,0.0,0.0,0.0,0.010620679103639128,0.0,1.0,4.0,0.0,4.0,0.004333333333333333,0.12210465578599072,0.12327777777777778,8.217978203150732,10.02933575490099,0.0,0.0,0.0,-0.41024759063461785,0.33519553072625696,0.0,0.0,E0000359,U001-normal-083,U001,normal_user,DAILY_NORMAL,0,0,0
0.4315251190053054,0.1011764705882353,0.0,0.0,0.0,0.09367983619620153,0.0,1.0,4.0,0.0,4.0,0.03822222222222222,0.14183901427933462,0.14322222222222222,10.838128877622877,10.38042955550016,0.0,0.0,0.0,-0.24479294541118377,0.3342618384401114,0.0,0.0,E0000360,U001-normal-084,U001,normal_user,DAILY_NORMAL,0,0,0
0.3084746746328536,0.07220588235294118,0.0,0.0,0.0,0.0668558133318822,0.0,1.0,5.0,0.0,4.0,0.02727777777777778,0.16864056393180357,0.1705,8.871645667501872,10.183102170410146,0.0,0.0,0.0,-0.2976949050804885,0.4166666666666667,0.0,0.0,E0000361,U001-normal-084,U001,normal_user,DAILY_NORMAL,0,0,0
3.7670685731747993,0.88,1.0,1.0,0.0,0.8147967148227762,0.0,2.0,6.0,1.0,5.0,0.3597222222222222,0.4970124565646684,0.5029444444444444,7.940583827104244,9.720693884315109,0.0,0.0,0.0,1.1903797826889195,0.4986149584487535,0.0,0.0,E0000362,U001-hard-EMERGENCY_LARGE_TRANSFER-004,U001,hard_negative,EMERGENCY_LARGE_TRANSFER,0,0,0
0.21420850074464454,0.05044117647058823,0.0,0.0,0.0,0.04670375554549001,0.0,1.0,6.0,0.0,6.0,0.019055555555555555,0.4448172974012887,0.45505555555555555,9.741556685389908,9.69988924245597,0.0,0.0,0.0,-0.34055132879224886,0.4972375690607735,0.0,0.0,E0000363,U001-normal-084,U001,normal_user,DAILY_NORMAL,0,0,0
0.33174614704686756,0.07794117647058824,0.0,0.0,0.0,0.07216615288370176,0.0,1.0,1.0,0.0,1.0,0.029444444444444443,0.028764116795971174,0.029444444444444443,11.441107177179756,10.439641684229164,0.0,0.0,0.0,-0.2893243703820454,0.08264462809917356,0.0,0.0,E0000364,U001-normal-085,U001,normal_user,DAILY_NORMAL,0,0,0
3.7942204888640045,0.8897058823529411,0.0,1.0,0.0,0.8237834432950861,0.0,2.0,2.0,0.0,1.0,0.3655555555555556,0.35676715388179886,0.3655555555555556,5.948034989180646,10.089128593740424,0.0,0.0,0.0,1.2090419132699881,0.16483516483516483,0.0,0.0,E0000365,U001-normal-085,U001,normal_user,RECURRING_NORMAL,0,0,0
0.19162171430184666,0.045294117647058825,0.0,0.0,0.0,0.04193806620411348,0.0,3.0,3.0,0.0,2.0,0.38266666666666665,0.36942744293302726,0.38266666666666665,7.237059026124737,10.040306036750733,0.0,0.0,0.0,-0.35235721709012907,0.24657534246575344,0.0,0.0,E0000366,U001-normal-085,U001,normal_user,DAILY_NORMAL,0,0,0
0.04053353411429816,0.009558823529411765,0.0,1.0,0.0,0.008850565919699273,0.0,1.0,4.0,0.0,3.0,0.003611111111111111,0.3727083923694711,0.3862777777777778,8.916640227198839,10.080025751241015,0.0,0.0,0.0,-0.4177698345604285,0.3278688524590164,0.0,0.0,E0000367,U001-normal-085,U001,normal_user,DAILY_NORMAL,0,0,0
0.06878377078222221,0.016176470588235296,0.0,0.0,1.0,0.014977880787183385,0.0,1.0,5.0,0.0,4.0,0.006111111111111111,0.37856086210506656,0.3923888888888889,10.150269502415737,10.149534800210628,0.0,0.0,0.0,-0.4048355907721611,0.40871934604904636,0.0,0.0,E0000368,U001-normal-086,U001,normal_user,DAILY_NORMAL,0,0,0
0.0,0.0,0.0,0.0,0.0,0.0,0.0,1.0,6.0,0.0,4.0,0.0,0.3784864800271056,0.3923888888888889,10.067729995930177,9.36556476088577,0.0,0.0,0.0,-0.43410279956787234,0.48913043478260865,0.0,0.0,E0000369,U001-agent-normal-004,U001,normal_agent,DELEGATED_NORMAL,0,0,0
0.4376253274514173,0.10264705882352941,0.0,0.0,0.0,0.09504146172230911,0.0,1.0,7.0,0.0,5.0,0.03877777777777778,0.4158903541682524,0.43116666666666664,9.586513975448948,9.583006768332961,0.0,0.0,0.0,-0.24412841975940525,0.5691056910569106,0.0,0.0,E0000370,U001-normal-086,U001,normal_user,DAILY_NORMAL,0,0,0
0.21539496834371905,0.05044117647058823,0.0,0.0,0.0,0.04670375554549001,0.0,2.0,8.0,0.0,6.0,0.057833333333333334,0.4337299952269826,0.45022222222222225,6.950814768442584,9.57822821572898,0.0,0.0,0.0,-0.340510319586663,0.6486486486486486,0.0,0.0,E0000371,U001-normal-086,U001,normal_user,DAILY_NORMAL,0,0,0
0.1548256499188853,0.036176470588235296,0.0,0.0,1.0,0.03349598794224648,0.0,1.0,5.0,0.0,5.0,0.013666666666666667,0.07472239098206412,0.07761111111111112,10.438283576940698,9.89263891832929,0.0,0.0,0.0,-0.36644081030951425,0.40431266846361186,0.0,0.0,E0000372,U001-normal-087,U001,normal_user,DAILY_NORMAL,0,0,0
0.0,0.0,0.0,0.0,0.0,0.0,0.0,1.0,5.0,0.0,5.0,0.0,0.0688085587442201,0.0715,10.133606717586764,9.88835360995141,0.0,0.0,0.0,-0.433063254556903,0.4032258064516129,0.0,0.0,E0000373,U001-agent-normal-002,U001,normal_agent,DELEGATED_NORMAL,0,0,0
0.029651302781308824,0.006911764705882353,0.0,0.0,0.0,0.006399639972705628,0.0,1.0,6.0,0.0,6.0,0.002611111111111111,0.07132138101382253,0.07411111111111111,8.864464055279676,9.705085393110366,0.0,0.0,0.0,-0.42022236487257725,0.48257372654155495,0.0,0.0,E0000374,U001-normal-087,U001,normal_user,DAILY_NORMAL,0,0,0
0.5035559189060201,0.11705882352941177,0.0,0.0,1.0,0.1083853918781634,0.0,1.0,3.0,0.0,3.0,0.044222222222222225,0.04506663312737367,0.04683333333333333,10.952699490909112,10.122984462930141,0.0,0.0,0.0,-0.21465327260094255,0.24064171122994651,0.0,0.0,E0000375,U001-normal-088,U001,normal_user,DAILY_NORMAL,0,0,0
0.25022908155504775,0.05808823529411765,0.0,0.0,0.0,0.05378420828124943,0.0,1.0,2.0,0.0,2.0,0.021944444444444444,0.06358046568028627,0.06616666666666667,10.632170781587089,10.40394763926279,0.0,0.0,0.0,-0.32416971484681084,0.16,0.0,0.0,E0000376,U001-normal-088,U001,normal_user,DAILY_NORMAL,0,0,0
0.09458886591925154,0.021911764705882353,0.0,0.0,0.0,0.020288220339002946,0.0,1.0,3.0,0.0,2.0,0.008277777777777778,0.07148445114872093,0.07444444444444444,9.9349862195955,10.318546492315614,0.0,0.0,0.0,-0.3911306178246914,0.2393617021276596,0.0,0.0,E0000377,U001-normal-088,U001,normal_user,RECURRING_NORMAL,0,0,0
0.42195587285175423,0.0975,0.0,0.0,1.0,0.09027577238093258,0.0,1.0,3.0,0.0,3.0,0.036833333333333336,0.06437229688971755,0.06705555555555555,10.448424705930886,10.378236156562538,0.0,0.0,0.0,-0.24937439024397892,0.2387267904509284,0.0,0.0,E0000378,U001-normal-089,U001,normal_user,DAILY_NORMAL,0,0,0
0.04207239993319884,0.009705882352941177,0.0,0.0,0.0,0.00898672847231003,0.0,1.0,3.0,0.0,3.0,0.0036666666666666666,0.046770786453973895,0.04877777777777778,10.765406572342945,10.601816285636502,0.0,0.0,0.0,-0.41313482031032855,0.2380952380952381,0.0,0.0,E0000379,U001-normal-089,U001,normal_user,DAILY_NORMAL,0,0,0
0.08436929897775625,0.019411764705882354,0.0,0.0,0.0,0.01797345694462006,0.0,1.0,4.0,0.0,4.0,0.007333333333333333,0.05379608078758447,0.05611111111111111,8.228710798793687,10.293351594415642,0.0,0.0,0.0,-0.3942969334559547,0.316622691292876,0.0,0.0,E0000380,U001-agent-normal-013,U001,normal_agent,DELEGATED_NORMAL,0,0,0
0.18769230769230769,0.013555555555555555,0.0,0.0,0.0,0.001668275827141196,0.0,1.0,1.0,0.0,1.0,0.004692307692307693,0.04939271255060729,0.004692307692307693,11.366754528799243,11.366754528799243,0.0,0.0,0.0,-0.7063545150501672,0.2631578947368421,0.0,0.0,E0000381,U002-normal-000,U002,normal_user,DAILY_NORMAL,0,0,0
0.6967213114754098,0.009444444444444445,1.0,0.0,0.0,0.0011642656384094677,0.0,1.0,2.0,1.0,2.0,0.003269230769230769,50.90163934426229,0.007961538461538461,10.12643108384767,10.12643108384767,0.0,0.0,0.0,-0.05692307692307692,6.666666666666667,0.0,0.0,E0000382,U002-normal-000,U002,normal_user,DAILY_NORMAL,0,0,0
3.111111111111111,0.035777777777777776,1.0,1.0,0.0,0.004415653176415594,0.0,2.0,3.0,1.0,3.0,0.015653846153846154,76.66666666666667,0.020346153846153847,7.86940171257709,9.53282234246969,0.0,0.0,0.0,11.81081081081081,10.0,1.0,0.0,E0000383,U002-agent-normal-030,U002,normal_agent,DELEGATED_NORMAL,0,0,0
1.0718336483931947,0.021,1.0,0.0,0.0,0.002603291662734932,0.0,1.0,4.0,1.0,4.0,0.007269230769230769,40.71833648393195,0.027615384615384615,10.22041284345755,9.817729934716446,0.0,0.0,0.0,0.12167368843164306,13.333333333333334,1.0,0.0,E0000384,U002-normal-000,U002,normal_user,DAILY_NORMAL,0,0,0
0.924791086350975,0.018444444444444444,1.0,0.0,0.0,0.0022924569075737063,0.0,1.0,2.0,1.0,2.0,0.006384615384615384,14.832869080779943,0.013653846153846154,11.132279790678577,10.336981166365574,0.0,0.0,0.0,-0.14946353982826474,6.666666666666667,1.0,0.0,E0000385,U002-normal-001,U002,normal_user,DAILY_NORMAL,0,0,0
0.0,0.0,1.0,0.0,0.0,0.0,0.0,1.0,3.0,1.0,3.0,0.0,12.047511312217194,0.013653846153846154,8.872066513408342,10.170004720212974,0.0,0.0,0.0,-2.183588194453242,10.0,0.0,0.0,E0000386,U002-agent-normal-007,U002,normal_agent,DELEGATED_NORMAL,0,0,0
22.194570135746606,0.436,1.0,0.0,0.0,0.054314881424619314,0.0,2.0,4.0,1.0,4.0,0.1509230769230769,145.21493212669685,0.16457692307692307,7.513163545234075,9.97467268592665,0.0,0.0,0.0,46.280213134927536,13.333333333333334,0.0,0.0,E0000387,U002-normal-001,U002,normal_user,DAILY_NORMAL,0,0,0
1.810732113144759,0.1612222222222222,1.0,0.0,0.0,0.021237857110421577,0.0,1.0,4.0,1.0,4.0,0.05580769230769231,34.573627287853576,0.21311538461538462,10.610611600026868,10.277289980135452,0.0,0.0,0.0,0.4645607495885329,13.333333333333334,1.0,0.0,E0000388,U002-normal-002,U002,normal_user,DAILY_NORMAL,0,0,0
0.0,0.0,1.0,0.0,0.0,0.0,0.0,1.0,5.0,1.0,5.0,0.0,26.55855567982106,0.21311538461538462,8.225770799348734,10.09907900682841,0.0,0.0,0.0,-0.6802029479375186,16.666666666666668,1.0,0.0,E0000389,U002-agent-normal-008,U002,normal_agent,DELEGATED_NORMAL,0,0,0
0.16664003834478353,0.016555555555555556,0.0,0.0,0.0,0.002228190854568368,0.0,1.0,6.0,0.0,6.0,0.005730769230769231,27.272727272727273,0.21884615384615386,10.22379411156297,9.690442835899333,0.0,0.0,0.0,-0.5668539026109757,20.0,0.0,0.0,E0000390,U002-normal-002,U002,normal_user,DAILY_NORMAL,0,0,0
1.0262172284644195,0.09133333333333334,0.0,0.0,0.0,0.012319886511172969,0.0,1.0,2.0,0.0,2.0,0.031615384615384615,4.545880149812734,0.03734615384615385,11.040149997728475,10.21103842656511,0.0,0.0,0.0,0.016745405202079826,6.0,0.0,0.0,E0000391,U002-normal-003,U002,normal_user,DAILY_NORMAL,0,0,0
0.7605809128630706,0.06788888888888889,0.0,0.0,0.0,0.009271708954796582,0.0,2.0,3.0,0.0,3.0,0.055115384615384615,6.564315352697095,0.06084615384615385,7.392647520721623,10.209507945415771,0.0,0.0,0.0,-0.16266736078191557,8.181818181818182,0.0,0.0,E0000392,U002-normal-003,U002,normal_user,DAILY_NORMAL,0,0,0
0.5930366024741742,0.051666666666666666,0.0,0.0,0.0,0.007122245971094468,0.0,1.0,4.0,0.0,4.0,0.017884615384615384,7.831909195255707,0.07873076923076923,9.095602694505759,9.944187939662504,0.0,0.0,0.0,-0.28410415428649866,10.0,0.0,0.0,E0000393,U002-normal-003,U002,normal_user,DAILY_NORMAL,0,0,0
0.09137972549963881,0.007666666666666666,0.0,0.0,0.0,0.001064430538275145,0.0,2.0,5.0,0.0,5.0,0.02053846153846154,7.642667950878883,0.08138461538461539,6.803505257608338,9.916591321913105,0.0,0.0,0.0,-0.6383240892334352,11.538461538461538,0.0,0.0,E0000394,U002-normal-003,U002,normal_user,DAILY_NORMAL,0,0,0
1.517373134328358,0.11766666666666667,1.0,1.0,0.0,0.016354102589314592,0.0,1.0,5.0,1.0,5.0,0.04073076923076923,10.839402985074626,0.11638461538461538,9.716736198662788,9.802130124930338,0.0,0.0,0.0,0.34507263108421654,10.714285714285714,0.0,0.0,E0000395,U002-normal-003,U002,normal_user,DAILY_NORMAL,0,0,0
0.3279626881492474,0.026444444444444444,1.0,0.0,0.0,0.003736533925680548,0.0,1.0,6.0,1.0,6.0,0.009153846153846153,10.379478482086071,0.12553846153846154,8.300528606199737,8.765926513729443,0.0,0.0,0.0,-0.4828920968604197,12.0,0.0,0.0,E0000396,U002-normal-003,U002,normal_user,DAILY_NORMAL,0,0,0
1.1116625310173696,0.08533333333333333,1.0,0.0,1.0,0.012102608592986258,0.0,1.0,7.0,1.0,7.0,0.029538461538461538,12.50620347394541,0.15507692307692308,10.361829700245059,9.426499589515949,0.0,0.0,0.0,0.07861496541632836,13.125,0.0,0.0,E0000397,U002-normal-004,U002,normal_user,DAILY_NORMAL,0,0,0
0.11781609195402298,0.009111111111111111,0.0,0.0,0.0,0.0013080362558098048,0.0,1.0,4.0,0.0,4.0,0.0031538461538461538,6.169540229885057,0.08257692307692308,10.520940888726873,9.80071258036702,0.0,0.0,0.0,-0.6475451276777341,7.0588235294117645,0.0,0.0,E0000398,U002-normal-004,U002,normal_user,DAILY_NORMAL,0,0,0
0.0,0.0,0.0,0.0,0.0,0.0,0.0,1.0,5.0,0.0,5.0,0.0,6.1214597985173915,0.08257692307692308,9.18471482433721,9.894234878264003,0.0,0.0,0.0,-0.7070934649286239,8.333333333333334,0.0,0.0,E0000399,U002-agent-normal-002,U002,normal_agent,DELEGATED_NORMAL,0,0,0
1.3031743014636001,0.09522222222222222,1.0,0.0,0.0,0.013688479066283675,0.0,2.0,6.0,1.0,6.0,0.03296153846153846,8.564911613761641,0.11553846153846153,7.828834527588089,9.740945093349767,0.0,0.0,0.0,0.21437256729921217,9.473684210526317,0.0,0.0,E0000400,U002-normal-004,U002,normal_user,DAILY_NORMAL,0,0,0
0.1837595570788294,0.013666666666666667,1.0,0.0,0.0,0.001991890129718593,0.0,1.0,5.0,1.0,5.0,0.004730769230769231,4.824677036646454,0.07038461538461538,9.111403624116159,9.798460314668421,0.0,0.0,0.0,-0.6047140339195325,7.5,0.0,0.0,E0000401,U002-normal-004,U002,normal_user,DAILY_NORMAL,0,0,0
1.538341158059468,0.10922222222222222,0.0,1.0,0.0,0.015950698848650587,0.0,2.0,6.0,0.0,6.0,0.04253846153846154,7.3369848721961395,0.1081923076923077,7.419380582918692,9.393811268026658,0.0,0.0,0.0,0.3878642517352062,8.571428571428571,0.0,0.0,E0000402,U002-normal-004,U002,normal_user,DAILY_NORMAL,0,0,0
0.0791349619543452,0.0057777777777777775,0.0,0.0,1.0,0.0008574576594091792,0.0,1.0,7.0,0.0,6.0,0.002,6.884261113336003,0.11019230769230769,10.057109521191693,9.133588908877043,0.0,0.0,0.0,-0.6982006144827482,9.545454545454547,0.0,0.0,E0000403,U002-normal-005,U002,normal_user,DAILY_NORMAL,0,0,0
1.7117332695222143,0.11922222222222222,1.0,0.0,0.0,0.017708493293712237,0.0,1.0,6.0,1.0,5.0,0.041269230769230766,7.389327590332615,0.11876923076923077,10.697859207113927,9.690541826198364,0.0,0.0,0.0,0.5218420529548746,7.826086956521738,0.0,0.0,E0000404,U002-normal-005,U002,normal_user,DAILY_NORMAL,0,0,0
0.49221160911094786,0.035444444444444445,1.0,0.0,0.0,0.005359597593468903,0.0,1.0,2.0,1.0,2.0,0.012269230769230768,3.068332108743571,0.05353846153846154,11.071299358005243,10.258409961682485,0.0,0.0,0.0,-0.3919012530099805,2.5,0.0,0.0,E0000405,U002-normal-006,U002,normal_user,DAILY_NORMAL,0,0,0
0.44066336420417834,0.031,1.0,0.0,0.0,0.004712806484782803,0.0,1.0,3.0,1.0,3.0,0.010730769230769231,3.598966185655826,0.06426923076923077,8.340217320947035,10.223670696448819,0.0,0.0,0.0,-0.4301466918861764,3.5999999999999996,1.0,0.0,E0000406,U002-normal-006,U002,normal_user,DAILY_NORMAL,0,0,0
0.30433558558558554,0.020888888888888887,0.0,0.0,0.0,0.0031906916612379275,0.0,1.0,3.0,0.0,3.0,0.007230769230769231,1.6596283783783783,0.03023076923076923,10.661321680717888,10.484266386516188,0.0,0.0,0.0,-0.5315739190755837,3.4615384615384612,0.0,0.0,E0000407,U002-normal-006,U002,normal_user,DAILY_NORMAL,0,0,0
0.14670741872742427,0.009777777777777778,1.0,1.0,0.0,0.0014982958457469306,0.0,1.0,2.0,1.0,2.0,0.003384615384615385,0.5751597666018339,0.010615384615384615,10.965971674529177,10.660984173859077,0.0,0.0,0.0,-0.6429649838165672,2.2222222222222223,0.0,0.0,E0000408,U002-agent-normal-025,U002,normal_agent,DELEGATED_NORMAL,0,0,0
1.0252692626346314,0.066,0.0,0.0,0.0,0.010128672707031657,0.0,1.0,3.0,0.0,3.0,0.022846153846153846,1.8019884009942004,0.03346153846153846,9.569342605674006,10.50971971510013,0.0,0.0,0.0,0.018616704278032796,3.2142857142857144,0.0,0.0,E0000409,U002-normal-007,U002,normal_user,DAILY_NORMAL,0,0,0
9.21615043164885,0.5938509239675273,1.0,1.0,0.0,0.09206770004971432,0.0,1.0,3.0,1.0,3.0,0.20556378137337483,11.990963620588431,0.23179455060414406,11.090217550427058,10.516394922665732,0.0,0.0,0.0,6.178944178867356,3.103448275862069,0.0,0.0,E0000410,U002-misuse-CUMULATIVE_BYPASS-003,U002,agent_misuse,CUMULATIVE_BYPASS,1,0,0
7.679474059813822,0.6454126533659205,0.0,1.0,0.0,0.11020818918678921,0.0,2.0,4.0,0.0,4.0,0.42897585369234725,17.385648841166848,0.4552066229231165,7.427144133408616,10.502714087441863,0.0,0.0,0.0,4.297227506777798,4.0,0.0,0.0,E0000411,U002-misuse-CUMULATIVE_BYPASS-003,U002,agent_misuse,CUMULATIVE_BYPASS,1,0,0
6.087028536729472,0.6336155202961519,0.0,1.0,0.0,0.12159446139790264,0.0,3.0,5.0,0.0,4.0,0.6483043030256306,20.057561321180195,0.6745350722563999,7.427144133408616,10.247637383713846,0.0,0.0,0.0,3.2042947786298903,4.838709677419354,0.0,0.0,E0000412,U002-misuse-CUMULATIVE_BYPASS-003,U002,agent_misuse,CUMULATIVE_BYPASS,1,0,0
4.354469098508523,0.5327786684679965,0.0,1.0,0.0,0.11639645387536822,0.0,3.0,6.0,0.0,4.0,0.6271639068911776,20.980442339541224,0.8589584574953216,7.427144133408616,9.739661887278004,0.0,0.0,0.0,2.1721287215452914,5.625,0.0,0.0,E0000413,U002-misuse-CUMULATIVE_BYPASS-003,U002,agent_misuse,CUMULATIVE_BYPASS,1,0,0
4.5706147441204354,0.6217546029894424,0.0,1.0,0.0,0.1537285320801816,0.0,3.0,6.0,0.0,3.0,0.6189745817608583,22.74015522492855,1.0707965892993594,7.427144133408616,9.578463534275246,0.0,0.0,0.0,2.4304212022481324,5.454545454545454,0.0,0.0,E0000414,U002-misuse-CUMULATIVE_BYPASS-003,U002,agent_misuse,CUMULATIVE_BYPASS,1,0,1
3.699828002552368,0.5612693625386354,0.0,1.0,0.0,0.1639823510449121,0.0,3.0,7.0,0.0,4.0,0.5939316809986411,23.314135802057365,1.2650821378704256,7.427144133408616,7.427144133408616,0.0,0.0,0.0,1.909268739229824,6.176470588235294,0.0,0.0,E0000415,U002-misuse-CUMULATIVE_BYPASS-003,U002,agent_misuse,CUMULATIVE_BYPASS,1,0,1
1.4042513003441728,0.231,0.0,0.0,0.0,0.0807276492639454,0.0,1.0,7.0,0.0,4.0,0.07996153846153846,21.768640578474972,1.3221975224858102,9.861988245358098,8.552984955514296,0.0,0.0,0.0,0.2984198341150689,6.0,0.0,0.0,E0000416,U002-normal-008,U002,normal_user,DAILY_NORMAL,0,0,0
0.4203810130986844,0.07,0.0,0.0,0.0,0.02661118220273906,0.0,2.0,8.0,0.0,5.0,0.1041923076923077,21.23569281782137,1.3464282917165793,7.684783943522785,8.571870752706934,0.0,0.0,0.0,-0.4392415722687869,6.666666666666667,0.0,0.0,E0000417,U002-normal-008,U002,normal_user,RECURRING_NORMAL,0,0,0
0.5166003784951239,0.08455555555555555,1.0,0.0,0.0,0.03302341049569557,0.0,1.0,9.0,1.0,6.0,0.02926923076923077,21.424401771375102,1.3756975224858101,8.34212526333359,8.662885341387401,0.0,0.0,0.0,-0.3644629518041673,7.297297297297297,0.0,0.0,E0000418,U002-normal-008,U002,normal_user,DAILY_NORMAL,0,0,0
2.86216441675832,0.462,1.0,0.0,0.0,0.1865974873147559,0.0,1.0,10.0,1.0,7.0,0.15992307692307692,23.557032481756167,1.5356205994088872,8.568076401730806,8.779588224641135,0.0,0.0,0.0,1.4021583888477338,7.894736842105264,0.0,0.0,E0000419,U002-normal-008,U002,normal_user,DAILY_NORMAL,0,0,0
0.030761323344435376,0.005222222222222222,1.0,0.0,0.0,0.0025930665005030953,0.0,1.0,5.0,1.0,5.0,0.0018076923076923077,4.1860488771018,0.2951923076923077,11.147108863114212,9.905315880126157,0.0,0.0,0.0,-0.7580249575332677,3.846153846153846,0.0,0.0,E0000420,U002-normal-009,U002,normal_user,DAILY_NORMAL,0,0,0
0.07594757048330958,0.012555555555555556,0.0,0.0,0.0,0.006250602153794462,0.0,1.0,2.0,0.0,2.0,0.004346153846153846,0.08719166187990578,0.006153846153846154,10.883710371704016,10.198371131778586,0.0,0.0,0.0,-0.7079855222414538,1.5,0.0,0.0,E0000421,U002-normal-010,U002,normal_user,DAILY_NORMAL,0,0,0
0.2342101414818428,0.03777777777777778,0.0,0.0,0.0,0.01892541677555001,0.0,1.0,3.0,0.0,3.0,0.013076923076923076,0.271915798934028,0.019230769230769232,9.470162947548884,10.275664713778118,0.0,0.0,0.0,-0.5763567626462478,2.1951219512195124,0.0,0.0,E0000422,U002-normal-010,U002,normal_user,DAILY_NORMAL,0,0,0
0.24171171857173923,0.03822222222222222,1.0,0.0,0.0,0.01951744450934839,0.0,1.0,4.0,1.0,4.0,0.01323076923076923,0.456182223780295,0.03246153846153846,9.112286431500795,10.308672621436974,0.0,0.0,0.0,-0.5644200115677134,2.857142857142857,0.0,0.0,E0000423,U002-normal-010,U002,normal_user,DAILY_NORMAL,0,0,0
0.1138802564028694,0.017666666666666667,0.0,0.0,0.0,0.009200718931026593,0.0,1.0,4.0,0.0,4.0,0.006115384615384615,0.5135354958544488,0.03676923076923077,9.431081038674082,10.355626300841964,0.0,0.0,0.0,-0.6527149372969343,2.7906976744186047,0.0,0.0,E0000424,U002-normal-010,U002,normal_user,DAILY_NORMAL,0,0,0
1.8755110202212273,0.2846666666666667,0.0,0.0,0.0,0.149629795410081,0.0,2.0,5.0,0.0,4.0,0.10465384615384615,1.884402744370331,0.1353076923076923,7.690743163541872,9.79803814403856,0.0,0.0,0.0,0.6355075877520525,3.409090909090909,0.0,0.0,E0000425,U002-normal-010,U002,normal_user,DAILY_NORMAL,0,0,0
15.230249556883466,2.359848019272156,1.0,1.0,1.0,0.9703042202523536,0.0,1.0,6.0,1.0,5.0,0.8168704682095924,12.680722667151183,0.9521781605172847,10.062028580664679,9.39477635845399,0.0,0.0,0.0,10.62151028427094,4.0,0.0,0.0,E0000426,U002-paysim-fraud-005,U002,paysim_fraud,ACCOUNT_DRAIN_TRANSFER,1,1,1
6.731598501195523,1.3882011623360588,0.0,1.0,1.0,0.9505470653333407,0.0,2.0,7.0,1.0,5.0,1.2974016397874588,14.00256278839563,1.4327093320951512,4.795790545596741,9.154425890014425,0.0,0.0,0.0,3.0265218726949303,4.565217391304348,0.0,0.0,E0000427,U002-paysim-fraud-005,U002,paysim_fraud,FOLLOW_UP_CASHOUT_PROXY,1,1,1
13.761803175363188,3.2076670510775576,1.0,1.0,1.0,0.977980286465719,0.0,1.0,8.0,1.0,6.0,1.1103462869114622,21.490243407502078,2.5430556190066134,8.268988209506656,9.03874508254255,0.0,0.0,0.0,7.009490944450633,5.1063829787234045,0.0,0.0,E0000428,U002-paysim-fraud-002,U002,paysim_fraud,ACCOUNT_DRAIN_TRANSFER,1,1,1
4.954106903167302,1.4822025065574205,0.0,1.0,1.0,0.9535376522998814,0.0,2.0,9.0,1.0,6.0,1.6234163853351846,19.67291092085818,3.056125717430336,5.484796933490655,8.695740969790618,0.0,0.0,0.0,1.9492447911263417,5.625,0.0,0.0,E0000429,U002-paysim-fraud-002,U002,paysim_fraud,FOLLOW_UP_CASHOUT_PROXY,1,1,1
0.050955166173479435,0.016555555555555556,0.0,0.0,0.0,0.01629987529469103,0.0,1.0,8.0,0.0,6.0,0.005730769230769231,17.65408462677111,3.044433409738028,10.619716292539394,9.527090835175311,0.0,0.0,0.0,-0.4936929380393848,4.8979591836734695,0.0,0.0,E0000430,U002-normal-011,U002,normal_user,DAILY_NORMAL,0,0,0
1.1584263340754373,0.36877777777777776,0.0,0.0,0.0,0.36308245706764786,0.0,1.0,7.0,0.0,5.0,0.12765384615384615,18.261911030384613,3.1527411020457206,9.78357725586357,9.440451592605985,0.0,0.0,0.0,0.08141139251347715,4.2,0.0,0.0,E0000431,U002-normal-011,U002,normal_user,DAILY_NORMAL,0,0,0
0.0,0.0,1.0,0.0,0.0,0.0,0.0,1.0,3.0,1.0,3.0,0.0,0.7540310425729847,0.13338461538461538,11.032176308786706,10.123811131463091,0.0,0.0,0.0,-0.5209914165812148,1.7647058823529411,1.0,0.0,E0000432,U002-agent-normal-001,U002,normal_agent,DELEGATED_NORMAL,0,0,0
0.17080933882506827,0.05455555555555556,0.0,0.0,0.0,0.053713011877136216,0.0,1.0,3.0,0.0,3.0,0.018884615384615385,0.8283905052488674,0.14653846153846153,9.407632639699958,10.188124994801683,0.0,0.0,0.0,-0.4320012171814418,1.7307692307692306,0.0,0.0,E0000433,U002-normal-012,U002,normal_user,DAILY_NORMAL,0,0,0
0.08917493411607691,0.028,0.0,0.0,0.0,0.02756757432390698,0.0,1.0,4.0,0.0,4.0,0.009692307692307693,0.8800500057811087,0.15623076923076923,8.94389780251682,10.242442419165332,0.0,0.0,0.0,-0.4704412057735107,2.2641509433962264,0.0,0.0,E0000434,U002-normal-012,U002,normal_user,DAILY_NORMAL,0,0,0
0.4451367857705481,0.13722222222222222,0.0,0.0,0.0,0.13510299321438538,0.0,2.0,5.0,0.0,5.0,0.057192307692307695,1.1455333866687902,0.20373076923076924,6.411818267709897,9.903717526090183,0.0,0.0,0.0,-0.28359591240885407,2.7777777777777777,0.0,0.0,E0000435,U002-normal-012,U002,normal_user,DAILY_NORMAL,0,0,0
0.19823315804010105,0.060444444444444446,0.0,0.0,0.0,0.059510954096053156,0.0,3.0,6.0,0.0,5.0,0.07811538461538461,1.2520327380106295,0.22465384615384615,7.38770923908104,9.727931060999033,0.0,0.0,0.0,-0.4090431920931584,3.272727272727273,0.0,0.0,E0000436,U002-normal-012,U002,normal_user,DAILY_NORMAL,0,0,0
0.19023432811451924,0.05711111111111111,0.0,0.0,0.0,0.05622910000987376,0.0,1.0,6.0,0.0,5.0,0.019769230769230768,0.648254362641066,0.11676923076923076,8.997518369733845,8.704502289721232,0.0,0.0,0.0,-0.4100634650832399,3.2142857142857144,0.0,0.0,E0000437,U002-normal-012,U002,normal_user,DAILY_NORMAL,0,0,0
2.5369748709972715,0.75,0.0,1.0,1.0,0.7384171693903655,0.0,1.0,7.0,0.0,6.0,0.25961538461538464,2.0819149758976354,0.3763846153846154,9.818691900831412,8.891318979768576,0.0,0.0,0.0,0.7725387531308295,3.68421052631579,0.0,0.0,E0000438,U002-normal-013,U002,normal_user,DAILY_NORMAL,0,0,0
0.8240820962808942,0.25055555555555553,0.0,0.0,0.0,0.24668603214448506,0.0,1.0,6.0,0.0,6.0,0.08673076923076924,2.344949054457829,0.4442307692307692,10.927340374822949,9.733410722158611,0.0,0.0,0.0,-0.09129020346165514,3.103448275862069,0.0,0.0,E0000439,U002-normal-013,U002,normal_user,DAILY_NORMAL,0,0,0
1.0591629849969946,0.321,0.0,0.0,0.0,0.3160425484990764,0.0,1.0,4.0,0.0,3.0,0.11111538461538462,2.4812790178122737,0.47723076923076924,9.026297334283887,9.82086652384779,0.0,0.0,0.0,0.030883353683094972,2.0338983050847457,0.0,0.0,E0000440,U002-normal-013,U002,normal_user,DAILY_NORMAL,0,0,0
0.09192431292487088,0.02788888888888889,0.0,0.0,0.0,0.027458179187700996,0.0,1.0,4.0,0.0,3.0,0.009653846153846153,2.3827990476790486,0.4671153846153846,8.871926251117628,9.87902066446806,0.0,0.0,0.0,-0.4788108441956937,2.0,0.0,0.0,E0000441,U002-normal-013,U002,normal_user,DAILY_NORMAL,0,0,0
0.09713409420749372,0.029,0.0,0.0,0.0,0.028552130549760798,0.0,1.0,4.0,0.0,3.0,0.010038461538461538,1.1078653697067644,0.21753846153846154,11.066622737219737,10.332011418896087,0.0,0.0,0.0,-0.471696272820768,1.9672131147540985,0.0,0.0,E0000442,U002-normal-014,U002,normal_user,DAILY_NORMAL,0,0,0
0.02343886406677546,0.006888888888888889,0.0,0.0,0.0,0.006782498444770764,0.0,1.0,3.0,0.0,3.0,0.0023846153846153848,0.11224061157671675,0.022076923076923077,9.879246088163093,10.339456000488488,0.0,0.0,0.0,-0.5056733838806401,1.4516129032258063,0.0,0.0,E0000443,U002-normal-014,U002,normal_user,DAILY_NORMAL,0,0,0
0.11801352793466831,0.03411111111111111,0.0,0.0,0.0,0.03358430681523588,0.0,2.0,3.0,0.0,2.0,0.014192307692307692,0.12314115154669193,0.02423076923076923,8.151333337900432,9.927555579869829,0.0,0.0,0.0,-0.45201928417258963,1.4285714285714286,0.0,0.0,E0000444,U002-normal-014,U002,normal_user,DAILY_NORMAL,0,0,0
0.17049289013080132,0.04855555555555555,1.0,1.0,0.0,0.04780567452201329,0.0,2.0,4.0,1.0,3.0,0.028615384615384615,0.208141777768381,0.04103846153846154,7.956476798036782,9.872729331279093,0.0,0.0,0.0,-0.4216917901337669,1.875,0.0,0.0,E0000445,U002-agent-normal-004,U002,normal_agent,DELEGATED_NORMAL,0,0,0
0.07396269177364861,0.020777777777777777,1.0,0.0,0.0,0.020456890470518272,0.0,2.0,5.0,1.0,4.0,0.024,0.2439271030529202,0.04823076923076923,7.822845290279774,9.823783954025247,0.0,0.0,0.0,-0.46753534457108165,2.307692307692308,0.0,0.0,E0000446,U002-agent-normal-009,U002,normal_agent,DELEGATED_NORMAL,0,0,0
0.382246608002335,0.10577777777777778,1.0,0.0,0.0,0.10414416966809302,0.0,2.0,6.0,1.0,5.0,0.043807692307692304,0.4285897349822874,0.08484615384615385,7.562161631225652,8.708276253878765,0.0,0.0,0.0,-0.3091948167081245,2.727272727272727,0.0,0.0,E0000447,U002-normal-014,U002,normal_user,DAILY_NORMAL,0,0,0
0.9744061153296839,0.267,0.0,0.0,0.0,0.2628765123029701,0.0,2.0,7.0,0.0,5.0,0.12903846153846155,0.8899664676207346,0.17726923076923076,7.8383433155571165,7.884501206556227,0.0,0.0,0.0,-0.012776705925356784,3.134328358208955,0.0,0.0,E0000448,U002-normal-014,U002,normal_user,DAILY_NORMAL,0,0,0
0.19674408288500125,0.05388888888888889,0.0,0.0,0.0,0.053056641059900336,0.0,1.0,8.0,0.0,6.0,0.018653846153846153,0.9686350111625609,0.19592307692307692,10.382729625640236,9.038555112937114,0.0,0.0,0.0,-0.40400065678618213,3.5294117647058822,0.0,0.0,E0000449,U002-normal-015,U002,normal_user,DAILY_NORMAL,0,0,0
0.24520799528384668,0.06633333333333333,0.0,0.0,0.0,0.0653088963149701,0.0,2.0,9.0,0.0,7.0,0.04161538461538462,1.0788393514962284,0.21888461538461537,6.349138991379798,8.98283733188452,0.0,0.0,0.0,-0.3773785290467865,3.91304347826087,0.0,0.0,E0000450,U002-normal-015,U002,normal_user,DAILY_NORMAL,0,0,0
0.22851688778615986,0.06111111111111111,0.0,0.0,0.0,0.060167324913289036,0.0,1.0,10.0,0.0,7.0,0.021153846153846155,1.1786561129532427,0.24003846153846153,8.760453046315272,9.075802758995998,0.0,0.0,0.0,-0.3838205638675579,4.285714285714286,0.0,0.0,E0000451,U002-normal-015,U002,normal_user,DAILY_NORMAL,0,0,0
0.0,0.0,0.0,0.0,0.0,0.0,0.0,1.0,10.0,0.0,6.0,0.0,1.1254676602472193,0.23,9.903387547535795,9.421897054038473,0.0,0.0,0.0,-0.49494910251262053,4.225352112676056,0.0,0.0,E0000452,U002-agent-normal-020,U002,normal_agent,DELEGATED_NORMAL,0,0,0
0.008826828305283377,0.0023333333333333335,0.0,0.0,0.0,0.0022972978603255814,0.0,2.0,11.0,0.0,7.0,0.0008076923076923077,1.1294199714286897,0.2308076923076923,8.110427237575024,9.434651241709066,0.0,0.0,0.0,-0.49058027176488755,4.583333333333334,0.0,0.0,E0000453,U002-normal-015,U002,normal_user,DAILY_NORMAL,0,0,0
0.15099603541372747,0.03933333333333333,0.0,0.0,0.0,0.03872587821691694,0.0,2.0,12.0,0.0,8.0,0.014423076923076924,1.1958870950326994,0.2444230769230769,8.014666370464942,8.803904793113572,0.0,0.0,0.0,-0.41643117523719536,4.931506849315069,0.0,0.0,E0000454,U002-normal-015,U002,normal_user,DAILY_NORMAL,0,0,0
0.33598412882183243,0.08644444444444445,0.0,0.0,1.0,0.0851094159682525,0.0,1.0,7.0,0.0,6.0,0.029923076923076924,0.5229215372576301,0.10711538461538461,10.190356794730883,9.382173786655748,0.0,0.0,0.0,-0.32363845498605337,2.8378378378378377,0.0,0.0,E0000455,U002-normal-016,U002,normal_user,DAILY_NORMAL,0,0,0
1.159738722974638,0.29555555555555557,0.0,0.0,0.0,0.290991062307907,0.0,1.0,8.0,0.0,7.0,0.10230769230769231,1.0174184768953123,0.20942307692307693,10.17888193964875,9.672034573350777,0.0,0.0,0.0,0.07761618796815237,3.2,0.0,0.0,E0000456,U002-normal-016,U002,normal_user,DAILY_NORMAL,0,0,0
0.2092413926385498,0.05344444444444445,0.0,0.0,0.0,0.052619060515076414,0.0,1.0,7.0,0.0,7.0,0.0185,0.890368047150422,0.1863076923076923,8.4252971767117,9.455652377261343,0.0,0.0,0.0,-0.38781424318498553,2.763157894736842,0.0,0.0,E0000457,U002-normal-016,U002,normal_user,DAILY_NORMAL,0,0,0
1.3740726266563048,0.3471111111111111,0.0,0.0,0.0,0.34175040550748176,0.0,1.0,7.0,0.0,6.0,0.12015384615384615,1.3594844676345055,0.2853076923076923,8.557374981049069,9.484587599701591,0.0,0.0,0.0,0.18252550982066024,2.727272727272727,0.0,0.0,E0000458,U002-normal-016,U002,normal_user,DAILY_NORMAL,0,0,0
0.14134531563067398,0.03588888888888889,0.0,1.0,0.0,0.03533462899453156,0.0,1.0,8.0,0.0,7.0,0.012423076923076924,1.3921125853052043,0.29773076923076924,8.7509996908987,9.53342337147838,0.0,0.0,0.0,-0.4239377133536684,3.0769230769230766,0.0,0.0,E0000459,U002-normal-016,U002,normal_user,DAILY_NORMAL,0,0,0
0.055342361410572395,0.013888888888888888,0.0,0.0,0.0,0.013674392025747509,0.0,1.0,9.0,0.0,7.0,0.004807692307692308,1.411858426558581,0.30253846153846153,8.729720590267258,9.1821054929614,0.0,0.0,0.0,-0.4635716409362314,3.4177215189873418,0.0,0.0,E0000460,U002-normal-016,U002,normal_user,DAILY_NORMAL,0,0,0
0.6515056056628028,0.16144444444444445,0.0,0.0,0.0,0.15895113290728904,0.0,2.0,10.0,0.0,8.0,0.06069230769230769,1.6714055716921294,0.3584230769230769,6.68586094706836,8.436763742301203,0.0,0.0,0.0,-0.1697566565285649,3.75,0.0,0.0,E0000461,U002-normal-016,U002,normal_user,DAILY_NORMAL,0,0,0
0.3108119083095076,0.07666666666666666,0.0,0.0,0.0,0.07548264398212624,0.0,1.0,7.0,0.0,5.0,0.02653846153846154,1.574685503426201,0.3406153846153846,11.048187945396993,9.69691838412418,0.0,0.0,0.0,-0.3363307746758614,2.5925925925925926,0.0,0.0,E0000462,U002-normal-017,U002,normal_user,DAILY_NORMAL,0,0,0
0.21726066605093014,0.05311111111111111,1.0,0.0,0.0,0.052290875106458475,0.0,1.0,5.0,1.0,4.0,0.018384615384615385,0.5434763224286567,0.11803846153846154,9.397815294010933,9.777856300035943,0.0,0.0,0.0,-0.3807686167885479,1.829268292682927,0.0,0.0,E0000463,U002-normal-017,U002,normal_user,DAILY_NORMAL,0,0,0
0.15243037066920534,0.03688888888888889,0.0,0.0,0.0,0.03631918522038538,0.0,1.0,5.0,0.0,4.0,0.012769230769230769,0.5435364700183203,0.11838461538461538,8.477204183199873,9.760552079836312,0.0,0.0,0.0,-0.41042881818540067,1.8072289156626506,0.0,0.0,E0000464,U002-normal-017,U002,normal_user,DAILY_NORMAL,0,0,0
0.5657463109520365,0.13544444444444445,0.0,0.0,0.0,0.13335267103508971,0.0,1.0,6.0,0.0,5.0,0.046884615384615386,0.7573167147259844,0.16526923076923078,8.564649132572534,9.749636827717868,0.0,0.0,0.0,-0.20913421376745356,2.142857142857143,0.0,0.0,E0000465,U002-normal-017,U002,normal_user,DAILY_NORMAL,0,0,0
0.15352452746520454,0.036555555555555556,0.0,0.0,0.0,0.03599099981176744,0.0,1.0,5.0,0.0,5.0,0.012653846153846154,0.5333694069687804,0.11723076923076924,9.574705669198922,9.896815342768063,0.0,0.0,0.0,-0.4078916985088851,1.7647058823529411,0.0,0.0,E0000466,U002-normal-017,U002,normal_user,DAILY_NORMAL,0,0,0
0.0,0.0,0.0,0.0,0.0,0.0,0.0,2.0,6.0,0.0,6.0,0.012653846153846154,0.5323478014105467,0.11723076923076924,8.087332926473351,8.981128445260365,0.0,0.0,0.0,-0.47931391998767264,2.0930232558139537,0.0,0.0,E0000467,U002-agent-normal-014,U002,normal_agent,DELEGATED_NORMAL,0,0,0
0.3456592958568284,0.08144444444444444,1.0,0.0,0.0,0.08018663483898339,0.0,2.0,7.0,1.0,7.0,0.028192307692307694,0.6603697628390017,0.14542307692307693,6.373319789577012,8.640542926433621,0.0,0.0,0.0,-0.3136346079103575,2.413793103448276,0.0,0.0,E0000468,U002-normal-017,U002,normal_user,DAILY_NORMAL,0,0,0
0.15354166917478496,0.03588888888888889,0.0,0.0,0.0,0.03533462899453156,0.0,1.0,8.0,0.0,8.0,0.012423076923076924,0.713737457856963,0.15784615384615386,9.105646300861517,8.779065026968201,0.0,0.0,0.0,-0.4047158758544033,2.7272727272727275,0.0,0.0,E0000469,U002-normal-017,U002,normal_user,DAILY_NORMAL,0,0,0
0.498028611226515,0.11522222222222223,1.0,0.0,0.0,0.11344275624560134,0.0,1.0,8.0,1.0,8.0,0.039884615384615386,0.7726384084892304,0.1711923076923077,10.5933794403754,9.504665331516122,0.0,0.0,0.0,-0.23876784317108343,2.696629213483146,0.0,0.0,E0000470,U002-normal-018,U002,normal_user,DAILY_NORMAL,0,0,0
0.23480907098408535,0.054,0.0,0.0,0.0,0.05316603619610631,0.0,1.0,8.0,0.0,8.0,0.018692307692307692,0.7694103817739834,0.1715,9.281450999434135,9.448601081094246,0.0,0.0,0.0,-0.3638454028792114,2.6666666666666665,0.0,0.0,E0000471,U002-normal-018,U002,normal_user,DAILY_NORMAL,0,0,0
0.09214414297920534,0.021,0.0,0.0,1.0,0.020675680742930233,0.0,1.0,3.0,0.0,3.0,0.007269230769230769,0.29458594356750617,0.06584615384615385,10.723113187119681,9.95789997737469,0.0,0.0,0.0,-0.4300000788993147,0.989010989010989,0.0,0.0,E0000472,U002-normal-019,U002,normal_user,DAILY_NORMAL,0,0,0
0.009361997396090088,0.002111111111111111,0.0,0.0,0.0,0.0020785075879136213,0.0,1.0,3.0,0.0,3.0,0.0007307692307692308,0.11928811859644778,0.026692307692307692,10.418255395534743,10.228978283969473,0.0,0.0,0.0,-0.4664778565070553,0.9782608695652173,0.0,0.0,E0000473,U002-agent-normal-029,U002,normal_agent,DELEGATED_NORMAL,0,0,0
19.42110372830903,4.329551967989635,1.0,1.0,1.0,0.9835924745111139,0.0,1.0,2.0,1.0,2.0,1.4986910658425656,6.700197777672579,1.4994218350733348,10.950332750382355,10.526416110683304,0.0,0.0,0.0,8.61442168755113,0.6451612903225806,0.0,0.0,E0000474,U002-paysim-fraud-003,U002,paysim_fraud,ACCOUNT_DRAIN_TRANSFER,1,1,1
1.7288550589923626,0.46609315055961564,0.0,1.0,1.0,0.4588949132112918,0.0,2.0,3.0,1.0,2.0,1.6600310025747402,6.066841164520352,1.6607617718055097,4.795790545596741,10.286632065927192,0.0,0.0,0.0,0.305339717955628,0.9574468085106383,0.0,0.0,E0000475,U002-paysim-fraud-003,U002,paysim_fraud,FOLLOW_UP_CASHOUT_PROXY,1,1,1
0.18068558436929472,0.04911111111111111,0.0,0.0,0.0,0.04835265020304319,0.0,1.0,3.0,0.0,2.0,0.017,6.008235162702733,1.6770310025747404,10.555109366267503,10.459238739655111,0.0,0.0,0.0,-0.34782529012318025,0.9473684210526316,0.0,0.0,E0000476,U002-normal-020,U002,normal_user,DAILY_NORMAL,0,0,0
0.07384582878326379,0.01988888888888889,0.0,0.0,0.0,0.01958172938087043,0.0,1.0,4.0,0.0,3.0,0.006884615384615385,6.02067738294516,1.6839156179593557,8.97790377375038,10.217261258491988,0.0,0.0,0.0,-0.3915224697081859,1.25,0.0,0.0,E0000477,U002-normal-020,U002,normal_user,DAILY_NORMAL,0,0,0
0.035010225694263805,0.009333333333333334,0.0,0.0,0.0,0.009189191441302326,0.0,1.0,5.0,0.0,3.0,0.0032307692307692306,6.027283244366129,1.6871463871901249,9.090430075303626,10.019161699382197,0.0,0.0,0.0,-0.4056835456165759,1.5463917525773196,0.0,0.0,E0000478,U002-normal-020,U002,normal_user,DAILY_NORMAL,0,0,0
0.4999720485921472,0.1318888888888889,0.0,0.0,0.0,0.12985202667649834,0.0,1.0,4.0,0.0,3.0,0.045653846153846156,0.2598660623978085,0.07276923076923077,10.893047333337728,9.990499762858743,0.0,0.0,0.0,-0.20896073679628316,1.2244897959183674,0.0,0.0,E0000479,U002-normal-021,U002,normal_user,DAILY_NORMAL,0,0,0
4.497393317047108,1.18,1.0,1.0,0.0,0.9423247559893523,0.0,1.0,5.0,1.0,4.0,0.4084615384615385,1.7092334968377807,0.48123076923076924,8.838551790227402,10.050743086817882,0.0,0.0,0.0,1.4612319822475257,1.5151515151515151,0.0,0.0,E0000480,U002-misuse-POLICY_CONFLICT-007,U002,agent_misuse,POLICY_CONFLICT,1,0,1
0.97010253351178,0.264,1.0,0.0,0.0,0.25992284362540863,0.0,1.0,3.0,1.0,3.0,0.09138461538461538,1.8481308071133644,0.5455,10.240566747777828,9.957113623882504,0.0,0.0,0.0,-0.012880104801480394,0.8999999999999999,0.0,0.0,E0000481,U002-normal-021,U002,normal_user,DAILY_NORMAL,0,0,0
0.10414731580127268,0.028333333333333332,0.0,0.0,0.0,0.02789575973252492,0.0,2.0,4.0,0.0,4.0,0.10119230769230769,1.8621411090263469,0.5553076923076923,7.157735484249907,9.892092879122242,0.0,0.0,0.0,-0.38786662082030265,1.188118811881188,0.0,0.0,E0000482,U002-normal-021,U002,normal_user,DAILY_NORMAL,0,0,0
0.05194577414371109,0.014,1.0,0.0,0.0,0.01378378716195349,0.0,1.0,5.0,1.0,5.0,0.004846153846153846,1.8763349569171832,0.5601538461538461,8.193953023563742,9.837518675593916,0.0,0.0,0.0,-0.40845197462309696,1.4705882352941178,0.0,0.0,E0000483,U002-normal-021,U002,normal_user,DAILY_NORMAL,0,0,0
0.07119366577804909,0.019,0.0,0.0,0.0,0.01870656829122259,0.0,2.0,6.0,0.0,6.0,0.011423076923076923,1.89733887726452,0.5667307692307693,7.81923445385907,9.04317537207124,0.0,0.0,0.0,-0.3979646682550825,1.7475728155339807,0.0,0.0,E0000484,U002-normal-021,U002,normal_user,DAILY_NORMAL,0,0,0
0.06767165948972866,0.017888888888888888,0.0,1.0,0.0,0.01761261692916279,0.0,3.0,7.0,0.0,7.0,0.017615384615384616,1.9166631507649856,0.5729230769230769,6.75110146893676,8.889115304249346,0.0,0.0,0.0,-0.39740109095653686,2.019230769230769,0.0,0.0,E0000485,U002-normal-021,U002,normal_user,DAILY_NORMAL,0,0,0
0.06025299305880682,0.01577777777777778,0.0,0.0,0.0,0.01553410934124917,0.0,1.0,8.0,0.0,8.0,0.005461538461538461,1.9335990388782265,0.5783846153846154,8.303504798872783,7.8066149691266125,0.0,0.0,0.0,-0.3984925678903089,2.2857142857142856,0.0,0.0,E0000486,U002-normal-021,U002,normal_user,DAILY_NORMAL,0,0,0
0.11522404787085434,0.02988888888888889,0.0,0.0,0.0,0.02942729163940864,0.0,1.0,8.0,0.0,8.0,0.010346153846153847,1.8144574973269108,0.5430769230769231,10.722804721951764,9.33041411529061,0.0,0.0,0.0,-0.3732328594840368,2.2641509433962264,0.0,0.0,E0000487,U002-normal-022,U002,normal_user,DAILY_NORMAL,0,0,0
0.08772192152238328,0.022555555555555554,0.0,0.0,0.0,0.022207212649813953,0.0,1.0,8.0,0.0,8.0,0.007807692307692308,0.47529767653131544,0.14242307692307693,8.951828676824181,9.400663166655622,0.0,0.0,0.0,-0.3831015834352632,2.2429906542056073,0.0,0.0,E0000488,U002-normal-022,U002,normal_user,DAILY_NORMAL,0,0,0
3.296367745728048,0.84,0.0,1.0,0.0,0.8270272297172093,0.0,2.0,9.0,0.0,8.0,0.2985769230769231,1.444405147842165,0.4331923076923077,8.034955024502159,9.410518218735634,0.0,0.0,0.0,0.9597399131082258,2.5,0.0,0.0,E0000489,U002-misuse-LIMIT_RATCHETING-000,U002,agent_misuse,LIMIT_RATCHETING,1,0,0
3.5315717308942145,0.92,1.0,1.0,0.0,0.905791727785515,0.0,2.0,10.0,1.0,9.0,0.6092307692307692,2.4278002791918407,0.7516538461538461,6.580639137284949,9.408322000591257,1.0,0.0,0.0,1.0820910148868401,2.7522935779816513,0.0,0.0,E0000490,U002-misuse-LIMIT_RATCHETING-000,U002,agent_misuse,LIMIT_RATCHETING,1,0,0
3.297751156933275,0.88,1.0,1.0,0.0,0.8664094787513621,0.0,3.0,11.0,2.0,10.0,0.9138461538461539,3.2985919297369803,1.0562692307692307,6.580639137284949,9.352360631996612,1.0,0.0,0.0,1.0052832133482443,3.0,0.0,0.0,E0000491,U002-misuse-LIMIT_RATCHETING-000,U002,agent_misuse,LIMIT_RATCHETING,1,0,0
0.6645770508606494,0.18122222222222223,0.0,0.0,0.0,0.17842346715195348,0.0,4.0,12.0,2.0,11.0,0.9765769230769231,3.3870902544871218,1.119,5.783825182329737,7.830107602234888,1.0,0.0,0.0,-0.14996072300050184,3.243243243243243,0.0,0.0,E0000492,U002-normal-022,U002,normal_user,DAILY_NORMAL,0,0,0
3.4948934525443773,0.95,1.0,1.0,0.0,0.9293478260869565,0.0,5.0,13.0,3.0,12.0,1.305423076923077,4.354907948612397,1.4478461538461538,5.983936280687191,6.956735901203759,2.0,0.0,0.0,1.1170497844584728,3.482142857142857,0.0,0.0,E0000493,U002-misuse-LIMIT_RATCHETING-000,U002,agent_misuse,LIMIT_RATCHETING,1,0,1
0.08468248593864157,0.023555555555555555,0.0,0.0,0.0,0.023191768875667776,0.0,1.0,14.0,0.0,13.0,0.008153846153846154,4.239649340098592,1.456,8.46884293047519,7.233888537808171,0.0,0.0,0.0,-0.4189128584577992,3.7168141592920354,0.0,0.0,E0000494,U002-normal-022,U002,normal_user,DAILY_NORMAL,0,0,0
0.16074113686945196,0.044333333333333336,0.0,0.0,0.0,0.043648659346186044,0.0,1.0,15.0,0.0,14.0,0.015346153846153846,4.28094694440329,1.4713461538461539,8.497194544909547,7.70598293599259,0.0,0.0,0.0,-0.3823128435418857,3.947368421052632,0.0,0.0,E0000495,U002-normal-022,U002,normal_user,DAILY_NORMAL,0,0,0
0.1396591601262409,0.03822222222222222,1.0,0.0,0.0,0.037631926854857146,0.0,1.0,10.0,1.0,10.0,0.01323076923076923,3.9519936862691134,1.3603076923076922,11.037981653092004,9.582992990337797,0.0,0.0,0.0,-0.3904334612944194,2.608695652173913,0.0,0.0,E0000496,U002-agent-normal-000,U002,normal_agent,DELEGATED_NORMAL,0,0,0
0.21359524406085273,0.058,0.0,0.0,0.0,0.057104261099521596,0.0,2.0,11.0,0.0,10.0,0.03330769230769231,4.005189816794151,1.3803846153846153,6.656726524178391,9.589215067810816,0.0,0.0,0.0,-0.3554634157541127,2.8448275862068964,0.0,0.0,E0000497,U002-normal-023,U002,normal_user,DAILY_NORMAL,0,0,0
0.35193848101957736,0.09488888888888888,0.0,0.0,0.0,0.09342344631990698,0.0,1.0,11.0,0.0,10.0,0.032846153846153844,4.062585003857549,1.4028846153846153,8.200013648175434,9.632675707520416,0.0,0.0,0.0,-0.2920083744577914,2.8205128205128207,0.0,0.0,E0000498,U002-normal-023,U002,normal_user,DAILY_NORMAL,0,0,0
1.575394966023358,0.42229682730407586,1.0,1.0,0.0,0.41577497048054357,0.0,1.0,12.0,1.0,11.0,0.14617967098987242,4.471725608792331,1.5490642863744877,8.281470857895167,9.62194658484111,0.0,0.0,0.0,0.2588255549273967,3.050847457627119,0.0,0.0,E0000499,U002-misuse-RECIPIENT_BURST-002,U002,agent_misuse,RECIPIENT_BURST,1,0,0
2.581190499507444,0.6954313030600312,1.0,1.0,0.0,0.6846912190813889,0.0,2.0,13.0,2.0,12.0,0.38690589127988323,5.0949704845422215,1.7897905066644983,5.707110264748875,9.559051690255414,0.0,0.0,0.0,0.7178482066951473,3.277310924369748,0.0,0.0,E0000500,U002-misuse-RECIPIENT_BURST-002,U002,agent_misuse,RECIPIENT_BURST,1,0,0
1.1515516479236907,0.3145574031024724,1.0,1.0,0.0,0.3096994496129491,0.0,3.0,14.0,3.0,13.0,0.49579114619996983,5.284228128936388,1.898675761584585,5.707110264748875,7.492314519125183,0.0,0.0,0.0,0.0699077395080207,3.5,0.0,0.0,E0000501,U002-misuse-RECIPIENT_BURST-002,U002,agent_misuse,RECIPIENT_BURST,1,0,0
1.604780904530329,0.438939021955992,1.0,1.0,0.0,0.4321601468369588,0.0,4.0,15.0,4.0,14.0,0.647731576877044,5.650022686433066,2.0506161922616593,5.707110264748875,7.437677398439116,0.0,0.0,0.0,0.2805575026961423,3.71900826446281,0.0,0.0,E0000502,U002-misuse-RECIPIENT_BURST-002,U002,agent_misuse,RECIPIENT_BURST,1,0,0
1.143535319816548,0.3144100319060335,1.0,1.0,0.0,0.3095543543839837,0.0,5.0,15.0,5.0,14.0,0.7565658186906711,5.846789457312914,2.151642741767594,5.707110264748875,6.93809047877821,0.0,0.0,0.0,0.06720069182309824,3.6885245901639347,0.0,0.0,E0000503,U002-misuse-RECIPIENT_BURST-002,U002,agent_misuse,RECIPIENT_BURST,1,0,0
0.2881883535087474,0.07933333333333334,0.0,0.0,0.0,0.07810812725106978,0.0,1.0,10.0,0.0,10.0,0.02746153846153846,2.3289907000417633,0.8655273571522095,9.374073563958785,7.861958175926153,0.0,0.0,0.0,-0.3350950960860872,2.439024390243903,0.0,0.0,E0000504,U002-normal-023,U002,normal_user,DAILY_NORMAL,0,0,0
0.2152195964554969,0.058888888888888886,0.0,0.0,0.0,0.05797942218916944,0.0,1.0,10.0,0.0,10.0,0.020384615384615383,2.3367924986490776,0.8705658186906711,9.196849781793684,8.413963736767366,0.0,0.0,0.0,-0.3686081533988371,2.419354838709677,0.0,0.0,E0000505,U002-normal-023,U002,normal_user,DAILY_NORMAL,0,0,0
0.8719074061825021,0.237,0.0,0.0,0.0,0.2333398255273555,0.0,1.0,11.0,0.0,10.0,0.08203846153846153,2.5523467839610725,0.9526042802291326,8.566173813637858,8.612430641303078,0.0,0.0,0.0,-0.05998627900862725,2.6399999999999997,0.0,0.0,E0000506,U002-normal-023,U002,normal_user,DAILY_NORMAL,0,0,0
0.1497698610173807,0.04066666666666666,0.0,0.0,0.0,0.04003861985138871,0.0,1.0,12.0,0.0,11.0,0.014076923076923077,2.5712243484623087,0.9666812033060557,8.801920904041582,8.820079097610291,0.0,0.0,0.0,-0.39940288703412336,2.857142857142857,0.0,0.0,E0000507,U002-normal-023,U002,normal_user,DAILY_NORMAL,0,0,0
0.02225356160728888,0.006,0.0,0.0,0.0,0.005907337355122924,0.0,1.0,11.0,0.0,10.0,0.002076923076923077,2.4850537212890145,0.9354504340752864,10.700679383382674,9.65411552229243,0.0,0.0,0.0,-0.4576721544921414,2.5984251968503935,0.0,0.0,E0000508,U002-normal-024,U002,normal_user,DAILY_NORMAL,0,0,0
2.513366013114102,0.6722222222222223,0.0,1.0,0.0,0.6618405740461795,0.0,1.0,4.0,0.0,4.0,0.2326923076923077,0.8788438346086146,0.3308846153846154,10.429901051643771,9.903557550086243,0.0,0.0,0.0,0.7050052564896642,0.9375,0.0,0.0,E0000509,U002-normal-024,U002,normal_user,RECURRING_NORMAL,0,0,0
0.18508279231352062,0.05011111111111111,0.0,0.0,0.0,0.04933720642889701,0.0,2.0,4.0,0.0,4.0,0.25003846153846154,0.6927467446876189,0.2661923076923077,8.156223323194624,9.837625489236258,0.0,0.0,0.0,-0.38509658250030854,0.9302325581395349,0.0,0.0,E0000510,U002-normal-024,U002,normal_user,DAILY_NORMAL,0,0,0
0.19828702821905855,0.05333333333333334,0.0,0.0,0.0,0.05250966537887043,0.0,2.0,5.0,0.0,5.0,0.035807692307692304,0.7396785765369215,0.28465384615384615,7.487733761436444,9.799914327611127,0.0,0.0,0.0,-0.3776680651417888,1.153846153846154,0.0,0.0,E0000511,U002-normal-024,U002,normal_user,DAILY_NORMAL,0,0,0
0.0702642116918494,0.01877777777777778,0.0,0.0,0.0,0.01848777801881063,0.0,1.0,4.0,0.0,4.0,0.0065,0.7134519956403169,0.275,10.95978367541029,10.247275818771781,0.0,0.0,0.0,-0.4366696622923502,0.9160305343511451,0.0,0.0,E0000512,U002-normal-025,U002,normal_user,DAILY_NORMAL,0,0,0
0.022618182878383828,0.006,0.0,0.0,0.0,0.005907337355122924,0.0,2.0,5.0,0.0,5.0,0.008576923076923077,0.7184364614456663,0.27707692307692305,7.869019376499023,9.89602981259554,0.0,0.0,0.0,-0.45713360321322977,1.1363636363636362,0.0,0.0,E0000513,U002-normal-025,U002,normal_user,DAILY_NORMAL,0,0,0
0.11818904015341133,0.03111111111111111,0.0,0.0,0.0,0.03063063813767442,0.0,1.0,6.0,0.0,6.0,0.010769230769230769,0.7462261894050595,0.28784615384615386,9.328567753340833,9.637632201310455,0.0,0.0,0.0,-0.41054308291098224,1.3533834586466165,0.0,0.0,E0000514,U002-normal-025,U002,normal_user,DAILY_NORMAL,0,0,0
0.4611595268838742,0.12055555555555555,0.0,0.0,0.0,0.11869372278348837,0.0,1.0,4.0,0.0,4.0,0.04173076923076923,0.15819153125538427,0.06107692307692308,9.800956363888462,9.811602500279726,0.0,0.0,0.0,-0.2499531212668111,0.8955223880597015,0.0,0.0,E0000515,U002-normal-025,U002,normal_user,DAILY_NORMAL,0,0,0
0.08920426217146671,0.02322222222222222,0.0,0.0,0.0,0.022863583467049833,0.0,1.0,5.0,0.0,5.0,0.008038461538461538,0.17836882065441825,0.06911538461538462,10.461416203770762,10.121626602195477,0.0,0.0,0.0,-0.4222660841480988,1.1111111111111112,0.0,0.0,E0000516,U002-normal-026,U002,normal_user,DAILY_NORMAL,0,0,0
1.1192670732189494,0.28933333333333333,0.0,0.0,0.0,0.2848649346803721,0.0,1.0,6.0,0.0,5.0,0.10015384615384615,0.4365379643066817,0.16926923076923078,8.572060092857077,9.576981488226766,0.0,0.0,0.0,0.05508223191456964,1.3235294117647058,0.0,0.0,E0000517,U002-normal-026,U002,normal_user,DAILY_NORMAL,0,0,0
0.03907859336809577,0.01011111111111111,0.0,0.0,0.0,0.009954957394744186,0.0,1.0,7.0,0.0,6.0,0.0035,0.44176086253540686,0.17276923076923076,8.927844826211702,9.64300551556655,0.0,0.0,0.0,-0.4458954036511309,1.5328467153284673,0.0,0.0,E0000518,U002-normal-026,U002,normal_user,DAILY_NORMAL,0,0,0
0.04023032858178323,0.010333333333333333,0.0,0.0,0.0,0.010173747667156147,0.0,1.0,6.0,0.0,5.0,0.003576923076923077,0.4288482240316189,0.16776923076923078,9.285911558823257,9.636888333293145,0.0,0.0,0.0,-0.443469277659141,1.3043478260869565,0.0,0.0,E0000519,U002-normal-026,U002,normal_user,DAILY_NORMAL,0,0,0
0.580390404500103,0.148,0.0,0.0,0.0,0.14571432142636545,0.0,1.0,2.0,0.0,2.0,0.05123076923076923,0.14005559954153066,0.05480769230769231,11.318794450216776,10.24638197981609,0.0,0.0,0.0,-0.1930698945408192,0.4316546762589928,0.0,0.0,E0000520,U002-normal-027,U002,normal_user,DAILY_NORMAL,0,0,0
0.0769291186032357,0.019555555555555555,0.0,0.0,0.0,0.019253543972252492,0.0,2.0,3.0,0.0,3.0,0.058,0.15667001214863513,0.06157692307692308,4.1588830833596715,9.96199228190869,0.0,0.0,0.0,-0.424921094026599,0.6428571428571428,0.0,0.0,E0000521,U002-normal-027,U002,normal_user,DAILY_NORMAL,0,0,0
1.4448697066322167,0.36477777777777776,0.0,0.0,0.0,0.3591442321642326,0.0,3.0,4.0,0.0,4.0,0.18426923076923077,0.4776622768600363,0.18784615384615386,8.058010800802085,9.941765513746105,0.0,0.0,0.0,0.20400960320740466,0.851063829787234,0.0,0.0,E0000522,U002-normal-027,U002,normal_user,DAILY_NORMAL,0,0,0
0.06536206564264556,0.016555555555555556,0.0,0.0,0.0,0.01629987529469103,0.0,1.0,4.0,0.0,4.0,0.005730769230769231,0.47802300277536874,0.19,9.892578262028092,10.053165386945015,0.0,0.0,0.0,-0.43153458821983964,0.8450704225352113,0.0,0.0,E0000523,U002-normal-027,U002,normal_user,RECURRING_NORMAL,0,0,0
0.7084624714679149,0.17822222222222223,0.0,0.0,0.0,0.17546979847439204,0.0,2.0,5.0,0.0,5.0,0.06742307692307692,0.6329311411188318,0.2516923076923077,6.673297967767654,9.963189395782171,0.0,0.0,0.0,-0.13408788915145853,1.048951048951049,0.0,0.0,E0000524,U002-normal-027,U002,normal_user,DAILY_NORMAL,0,0,0
0.1987363383885211,0.04988888888888889,0.0,0.0,1.0,0.04911841615648505,0.0,1.0,6.0,0.0,6.0,0.01726923076923077,0.6728784808516162,0.2689615384615385,10.614646542147758,9.465354614163578,0.0,0.0,0.0,-0.3690651576284251,1.25,0.0,0.0,E0000525,U002-normal-028,U002,normal_user,DAILY_NORMAL,0,0,0
0.35392301083771294,0.08833333333333333,0.0,0.0,0.0,0.08696913328375415,0.0,1.0,7.0,0.0,7.0,0.030576923076923078,0.7482971110096671,0.29953846153846153,9.932512231576744,9.74154492753125,0.0,0.0,0.0,-0.2967948209342216,1.4482758620689655,0.0,0.0,E0000526,U002-normal-028,U002,normal_user,DAILY_NORMAL,0,0,0
0.15609030693789774,0.03877777777777778,0.0,0.0,0.0,0.038178902535887044,0.0,1.0,5.0,0.0,5.0,0.013423076923076923,0.32067836697556645,0.1286923076923077,10.037012695141119,9.949865285322023,0.0,0.0,0.0,-0.3871499580282051,1.0273972602739727,0.0,0.0,E0000527,U002-normal-028,U002,normal_user,DAILY_NORMAL,0,0,0
0.4544425832235564,0.11222222222222222,1.0,0.0,0.0,0.11048908756803986,0.0,1.0,4.0,1.0,4.0,0.03884615384615384,0.2491919199770207,0.10011538461538462,9.575608290332934,9.897197813533843,0.0,0.0,0.0,-0.24953495910722504,0.8163265306122448,0.0,0.0,E0000528,U002-normal-028,U002,normal_user,DAILY_NORMAL,0,0,0
0.0,0.0,0.0,0.0,0.0,0.0,0.0,1.0,4.0,0.0,4.0,0.0,0.2055455165090856,0.08284615384615385,10.559244343877515,10.219130063147245,0.0,0.0,0.0,-0.4571498663637046,0.8108108108108107,0.0,0.0,E0000529,U002-agent-normal-019,U002,normal_agent,DELEGATED_NORMAL,0,0,0
0.10027262244556506,0.024666666666666667,0.0,0.0,0.0,0.024285720237727574,0.0,1.0,4.0,0.0,4.0,0.008538461538461538,0.15086697381655725,0.060807692307692306,10.14753116795808,10.101641447146731,0.0,0.0,0.0,-0.4113102504127763,0.8053691275167785,0.0,0.0,E0000530,U002-normal-029,U002,normal_user,DAILY_NORMAL,0,0,0
0.04590837272021242,0.011222222222222222,0.0,0.0,0.0,0.011048908756803987,0.0,2.0,5.0,0.0,5.0,0.012423076923076924,0.16039164214234705,0.06469230769230769,8.046229101075378,9.947006706449624,0.0,0.0,0.0,-0.4346850039480974,1.0,0.0,0.0,E0000531,U002-normal-029,U002,normal_user,DAILY_NORMAL,0,0,0
0.024708781966018417,0.006,0.0,1.0,1.0,0.005907337355122924,0.0,1.0,4.0,0.0,4.0,0.002076923076923077,0.03593831327619191,0.0145,10.339772802984179,10.021537219309943,0.0,0.0,0.0,-0.44264984535672114,0.794701986754967,0.0,0.0,E0000532,U002-agent-normal-003,U002,normal_agent,DELEGATED_NORMAL,0,0,0
0.19486280111530002,0.047,0.0,0.0,0.0,0.04627414261512957,0.0,1.0,4.0,0.0,4.0,0.01626923076923077,0.07624858933345074,0.03076923076923077,10.635470756881272,10.237850423151144,0.0,0.0,0.0,-0.36397740182648536,0.7894736842105263,0.0,0.0,E0000533,U002-normal-030,U002,normal_user,DAILY_NORMAL,0,0,0
0.8885660739706841,0.21313611203993646,1.0,1.0,0.0,0.2098444860631969,0.0,2.0,5.0,1.0,5.0,0.09004711570613184,0.2587283277888865,0.10454711570613184,7.757051142032013,9.937995253799357,0.0,0.0,0.0,-0.050247658974321846,0.9803921568627452,0.0,0.0,E0000534,U002-misuse-VELOCITY_ATTACK-001,U002,agent_misuse,VELOCITY_ATTACK,1,0,0
1.2147082876496138,0.29114542010362626,1.0,1.0,0.0,0.2866490359918513,0.0,3.0,6.0,2.0,6.0,0.19082822266507937,0.5050628652606285,0.20532822266507939,4.276666119016055,9.655731072956666,0.0,0.0,0.0,0.09707253604073357,1.1688311688311688,0.0,0.0,E0000535,U002-misuse-VELOCITY_ATTACK-001,U002,agent_misuse,VELOCITY_ATTACK,1,0,0
1.8482234356631715,0.44363114618444155,0.0,1.0,0.0,0.43677980695855834,0.0,4.0,7.0,2.0,7.0,0.344392850190463,0.8755634582478554,0.358892850190463,3.828641396489095,9.615525440877029,0.0,0.0,0.0,0.38534150410791795,1.3548387096774193,0.0,0.0,E0000536,U002-misuse-VELOCITY_ATTACK-001,U002,agent_misuse,VELOCITY_ATTACK,1,0,0
1.010787576272514,0.24400166042131285,0.0,1.0,0.0,0.24023335388647332,0.0,5.0,8.0,2.0,7.0,0.42885496341322515,1.0682785622541429,0.4433549634132251,4.174387269895637,9.084890521258767,0.0,0.0,0.0,0.004942773541429702,1.5384615384615383,0.0,0.0,E0000537,U002-misuse-VELOCITY_ATTACK-001,U002,agent_misuse,VELOCITY_ATTACK,1,0,0
1.2026111976552762,0.2903282937692872,0.0,1.0,0.0,0.2858445291720687,0.0,6.0,9.0,2.0,8.0,0.5293532189487477,1.3016026347988692,0.5438532189487476,3.5263605246161616,6.236369590203704,0.0,0.0,0.0,0.09315238305721488,1.7197452229299364,0.0,0.0,E0000538,U002-misuse-VELOCITY_ATTACK-001,U002,agent_misuse,VELOCITY_ATTACK,1,0,0
0.6260647256494675,0.15134417055096053,0.0,1.0,0.0,0.14900684536263065,0.0,7.0,10.0,2.0,9.0,0.5817415856779263,1.4156338758201163,0.5962415856779263,2.0794415416798357,3.8066624897703196,0.0,0.0,0.0,-0.17271882351470536,1.89873417721519,0.0,0.0,E0000539,U002-misuse-VELOCITY_ATTACK-001,U002,agent_misuse,VELOCITY_ATTACK,1,0,0
1.6260819591822573,0.39212015855562377,1.0,1.0,0.0,0.38606434338872664,0.0,8.0,11.0,3.0,10.0,0.7174754867164115,1.7307259457563278,0.7319754867164114,5.442417710521793,4.341204640153626,0.0,0.0,0.0,0.2893979216082466,2.0754716981132075,0.0,0.0,E0000540,U002-misuse-VELOCITY_ATTACK-001,U002,agent_misuse,VELOCITY_ATTACK,1,0,0
1.0485621204398983,0.2538893165383095,0.0,1.0,0.0,0.24996830727556402,0.0,9.0,12.0,3.0,10.0,0.8053602501335185,1.9180071920181045,0.8198602501335187,3.4339872044851463,4.301358731606427,0.0,0.0,0.0,0.022606871862739974,2.25,0.0,0.0,E0000541,U002-misuse-VELOCITY_ATTACK-001,U002,agent_misuse,VELOCITY_ATTACK,1,0,0
0.7886246089609107,0.1910106203475745,0.0,1.0,0.0,0.18806069546740492,0.0,10.0,13.0,3.0,11.0,0.8714793110230636,2.0585800658715963,0.8859793110230637,4.919980925828125,4.4796069630127455,0.0,0.0,0.0,-0.09875250195552666,2.4223602484472053,0.0,0.0,E0000542,U002-misuse-VELOCITY_ATTACK-001,U002,agent_misuse,VELOCITY_ATTACK,1,0,0
1.4297391031952773,0.34582097296086867,1.0,1.0,0.0,0.340480191959449,0.0,11.0,14.0,4.0,12.0,0.9911865708941335,2.3248156094766768,1.0056865708941336,4.948759890378168,4.696837374513915,0.0,0.0,0.0,0.20113966699165364,2.5925925925925926,0.0,0.0,E0000543,U002-misuse-VELOCITY_ATTACK-001,U002,agent_misuse,VELOCITY_ATTACK,1,0,0
0.10582303544090925,0.025666666666666667,0.0,0.0,0.0,0.025270276463581397,0.0,1.0,13.0,0.0,11.0,0.008884615384615385,2.2954622271295557,1.0021481093556721,10.214825114586255,8.624970783589669,0.0,0.0,0.0,-0.42097004713946395,2.392638036809816,0.0,0.0,E0000544,U002-normal-030,U002,normal_user,DAILY_NORMAL,0,0,0
0.0930679511773741,0.022444444444444444,0.0,1.0,0.0,0.022097817513607974,0.0,1.0,13.0,0.0,10.0,0.00776923076923077,2.306935780038988,1.0078404170479798,10.84608909920008,9.667094107794343,0.0,0.0,0.0,-0.42566160280286797,2.3780487804878048,0.0,0.0,E0000545,U002-normal-031,U002,normal_user,DAILY_NORMAL,0,0,0
0.06626510446758861,0.01588888888888889,0.0,1.0,0.0,0.01564350447745515,0.0,2.0,14.0,0.0,10.0,0.01326923076923077,2.3181510447726414,1.0133404170479798,2.833213344056216,9.666916757907888,0.0,0.0,0.0,-0.43686081878634797,2.5454545454545454,0.0,0.0,E0000546,U002-normal-031,U002,normal_user,DAILY_NORMAL,0,0,0
0.01817905858553541,0.004333333333333333,0.0,0.0,0.0,0.004266410312033223,0.0,1.0,14.0,0.0,10.0,0.0015,2.283406804677858,0.998571186278749,8.60135049942296,9.731927878386204,0.0,0.0,0.0,-0.45782910463834303,2.5301204819277108,0.0,0.0,E0000547,U002-normal-031,U002,normal_user,DAILY_NORMAL,0,0,0
7.313506277211739,1.732619269541717,1.0,1.0,0.0,0.9599841744819171,0.0,1.0,5.0,1.0,5.0,0.5997528240721328,1.4253648793797769,0.623406670225979,8.431635303054591,9.783396856278,0.0,0.0,0.0,2.9332268985744085,0.8982035928143713,0.0,0.0,E0000548,U002-misuse-RETRY_PATTERN-004,U002,agent_misuse,RETRY_PATTERN,1,0,1
6.109933622959524,1.5042468763986498,0.0,1.0,0.0,0.9541873530629914,0.0,2.0,6.0,1.0,5.0,1.1204536659024347,2.501557144623203,1.144107512056281,5.198497031265826,9.418329675518715,0.0,1.0,1.0,2.4112569666777817,1.0714285714285714,0.0,0.0,E0000549,U002-misuse-RETRY_PATTERN-004,U002,agent_misuse,RETRY_PATTERN,1,0,1
4.768361373536913,1.2109857692277426,0.0,1.0,0.0,0.9437174466622402,0.0,3.0,7.0,1.0,5.0,1.5396410475581919,3.2931241946774636,1.563294893712038,5.198497031265826,7.640892107758241,0.0,2.0,2.0,1.807822582018059,1.242603550295858,0.0,0.0,E0000550,U002-misuse-RETRY_PATTERN-004,U002,agent_misuse,RETRY_PATTERN,1,0,1
3.571790382907925,0.9280724890293842,0.0,1.0,0.0,0.9137395471175318,0.0,4.0,8.0,1.0,5.0,1.8608969091452863,3.8563495435448845,1.8845507552991323,5.198497031265826,7.656526363290079,1.0,3.0,3.0,1.2536905684830846,1.4117647058823528,0.0,0.0,E0000551,U002-misuse-RETRY_PATTERN-004,U002,agent_misuse,RETRY_PATTERN,1,0,1
2.8448851897113534,0.7507896646318554,0.0,1.0,0.0,0.7391946386199952,0.0,5.0,9.0,1.0,5.0,2.120785639210159,4.294063864877761,2.144439485364005,5.198497031265826,6.968662213885659,1.0,3.0,3.0,0.9118820780452942,1.5789473684210527,0.0,0.0,E0000552,U002-misuse-RETRY_PATTERN-004,U002,agent_misuse,RETRY_PATTERN,1,0,1
2.233099401820598,0.5959235515528469,0.0,1.0,0.0,0.5867202428142757,0.0,6.0,10.0,1.0,5.0,2.327066868593837,4.6268635190497,2.350720714747683,5.198497031265826,5.198497031265826,1.0,3.0,3.0,0.6166302752334678,1.744186046511628,0.0,0.0,E0000553,U002-misuse-RETRY_PATTERN-004,U002,agent_misuse,RETRY_PATTERN,1,0,1
10.736179966040394,2.886332954186756,1.0,1.0,1.0,0.975588685045285,0.0,1.0,10.0,1.0,5.0,0.9991152533723388,6.488099658163592,3.3409513527354067,10.740756721857226,9.14686794902061,0.0,0.0,0.0,4.914108627549649,1.7341040462427746,0.0,0.0,E0000554,U002-paysim-fraud-006,U002,paysim_fraud,ACCOUNT_DRAIN_TRANSFER,1,1,1
3.6106173451310806,1.027275905253999,0.0,1.0,1.0,0.9343134650097127,0.0,2.0,11.0,1.0,5.0,1.3547107590371845,6.742581430931592,3.6965468584002528,4.795790545596741,9.145588494746486,0.0,0.0,0.0,1.3073304977540188,1.896551724137931,0.0,0.0,E0000555,U002-paysim-fraud-006,U002,paysim_fraud,FOLLOW_UP_CASHOUT_PROXY,1,1,1
0.0969071052760548,0.028,0.0,0.0,0.0,0.02756757432390698,0.0,1.0,10.0,0.0,4.0,0.009692307692307693,6.593502468746998,3.6929699353233296,10.35685354062884,9.657024195900302,0.0,0.0,0.0,-0.45832108344599976,1.7142857142857144,0.0,0.0,E0000556,U002-agent-normal-023,U002,normal_agent,DELEGATED_NORMAL,0,0,0
0.0742306546573908,0.021333333333333333,0.0,0.0,0.0,0.021003866151548173,0.0,1.0,2.0,0.0,2.0,0.0073846153846153844,0.03047190335418039,0.017076923076923076,11.309560030847907,10.370818864320059,0.0,0.0,0.0,-0.46841651753313884,0.34090909090909094,0.0,0.0,E0000557,U002-normal-033,U002,normal_user,DAILY_NORMAL,0,0,0
0.07930192522879223,0.02266666666666667,0.0,0.0,0.0,0.022316607786019935,0.0,1.0,2.0,0.0,2.0,0.007846153846153846,0.027165711410555123,0.01523076923076923,9.48668339975797,10.449149291137577,0.0,0.0,0.0,-0.46438283868871355,0.3389830508474576,0.0,0.0,E0000558,U002-normal-033,U002,normal_user,DAILY_NORMAL,0,0,0
0.0777770175517753,0.022111111111111113,0.0,0.0,0.0,0.021769632104990035,0.0,1.0,3.0,0.0,3.0,0.0076538461538461534,0.040798135804730934,0.022884615384615385,8.884887201837403,10.193137687082608,0.0,0.0,0.0,-0.4637139281536705,0.5056179775280899,0.0,0.0,E0000559,U002-normal-033,U002,normal_user,DAILY_NORMAL,0,0,0
0.12377804286460715,0.035,0.0,0.0,0.0,0.034459467904883724,0.0,1.0,4.0,0.0,4.0,0.012115384615384615,0.06236878128836795,0.035,9.341193180394946,10.274174863108348,0.0,0.0,0.0,-0.43922631139629525,0.6703910614525139,0.0,0.0,E0000560,U002-normal-033,U002,normal_user,DAILY_NORMAL,0,0,0
14.270559567123628,4.0147656759516,1.0,1.0,1.0,0.9823287408669614,0.0,1.0,5.0,1.0,5.0,1.3897265801370924,2.536987439258235,1.4247265801370923,10.345381017257845,10.271693755220545,0.0,0.0,0.0,6.633993348668541,0.8333333333333334,0.0,0.0,E0000561,U002-paysim-fraud-000,U002,paysim_fraud,ACCOUNT_DRAIN_TRANSFER,1,1,1
4.046665004057642,1.2252838613081924,0.0,1.0,1.0,0.9443376619663231,0.0,2.0,6.0,1.0,5.0,1.813863301359159,3.0413625040120644,1.8488633013591589,5.198497031265826,9.442990591383357,0.0,0.0,0.0,1.4686519319052027,0.994475138121547,0.0,0.0,E0000562,U002-paysim-fraud-000,U002,paysim_fraud,FOLLOW_UP_CASHOUT_PROXY,1,1,1
1.1725711531260534,0.3612222222222222,0.0,0.0,0.0,0.3556435878056412,0.0,1.0,6.0,0.0,5.0,0.12503846153846154,3.1613787368372908,1.966517147513005,10.132573413305968,9.61664512748179,0.0,0.0,0.0,0.08436115437787471,0.989010989010989,0.0,0.0,E0000563,U002-normal-034,U002,normal_user,DAILY_NORMAL,0,0,0
0.0208989566394831,0.0064444444444444445,0.0,0.0,0.0,0.006344917899946844,0.0,2.0,7.0,0.0,6.0,0.12726923076923077,3.143899522919147,1.9687479167437743,6.298949246855942,9.523470868881551,0.0,0.0,0.0,-0.48045860960323006,1.1475409836065575,0.0,0.0,E0000564,U002-normal-034,U002,normal_user,DAILY_NORMAL,0,0,0
0.11920694029660944,0.036555555555555556,0.0,0.0,0.0,0.03599099981176744,0.0,1.0,8.0,0.0,7.0,0.012653846153846154,3.163730813964591,1.9814017628976204,8.401108712395436,9.41636217921333,0.0,0.0,0.0,-0.43076519206502417,1.3043478260869565,0.0,0.0,E0000565,U002-normal-034,U002,normal_user,DAILY_NORMAL,0,0,0
0.3907146615172077,0.11922222222222222,0.0,0.0,0.0,0.11738098114901661,0.0,2.0,9.0,0.0,8.0,0.05392307692307692,3.2274523067109433,2.022670993666851,7.88570539124302,8.794370279222871,0.0,0.0,0.0,-0.2971872825989599,1.4594594594594594,0.0,0.0,E0000566,U002-normal-034,U002,normal_user,DAILY_NORMAL,0,0,0
0.05042197566137309,0.015333333333333332,0.0,0.0,0.0,0.01509652879642525,0.0,1.0,8.0,0.0,7.0,0.0053076923076923075,3.2041558591258847,2.0124786859745436,9.758866322925,9.212557911417138,0.0,0.0,0.0,-0.4627737978545007,1.2903225806451613,0.0,0.0,E0000567,U002-agent-normal-012,U002,normal_agent,DELEGATED_NORMAL,0,0,0
0.03452755151220457,0.010444444444444444,0.0,0.0,0.0,0.010283142803362127,0.0,2.0,9.0,0.0,8.0,0.008923076923076922,3.2090081361158553,2.016094070589928,7.307202314764738,8.573686939970703,0.0,0.0,0.0,-0.46906428734943684,1.4438502673796791,0.0,0.0,E0000568,U002-normal-034,U002,normal_user,DAILY_NORMAL,0,0,0
0.012924946203056087,0.0038888888888888888,0.0,0.0,0.0,0.0038288297672093023,0.0,3.0,10.0,0.0,9.0,0.01026923076923077,3.210534959368564,2.017440224436082,4.812184355372417,8.557643917024718,0.0,0.0,0.0,-0.4780343693559438,1.5957446808510638,0.0,0.0,E0000569,U002-normal-034,U002,normal_user,DAILY_NORMAL,0,0,0
0.08762630616075873,0.026222222222222223,0.0,0.0,0.0,0.025817252144611297,0.0,4.0,11.0,0.0,10.0,0.019346153846153846,3.224749612736115,2.026517147513005,6.873163834212518,8.413875033170376,0.0,0.0,0.0,-0.4403964702381646,1.746031746031746,0.0,0.0,E0000570,U002-normal-034,U002,normal_user,DAILY_NORMAL,0,0,0
0.09142379423968369,0.02722222222222222,0.0,0.0,0.0,0.026801808370465117,0.0,1.0,9.0,0.0,8.0,0.009423076923076923,0.3339461309832273,0.20996153846153845,10.736548837807,9.486364756870493,0.0,0.0,0.0,-0.4373424280968118,1.4210526315789473,0.0,0.0,E0000571,U002-normal-035,U002,normal_user,DAILY_NORMAL,0,0,0
0.28050756345899136,0.08311111111111111,0.0,0.0,0.0,0.08182756188207309,0.0,1.0,8.0,0.0,7.0,0.02876923076923077,0.17719227771975057,0.11146153846153846,9.637044983076766,9.455777563084213,0.0,0.0,0.0,-0.34537780363768056,1.256544502617801,0.0,0.0,E0000572,U002-normal-035,U002,normal_user,DAILY_NORMAL,0,0,0
0.07341248379431793,0.021666666666666667,0.0,1.0,0.0,0.021332051560166113,0.0,1.0,7.0,0.0,6.0,0.0075,0.10323535143134437,0.06503846153846154,9.160414563206457,9.57402469273578,0.0,0.0,0.0,-0.444118935673368,1.09375,0.0,0.0,E0000573,U002-normal-035,U002,normal_user,DAILY_NORMAL,0,0,0
1.1653461200339366,0.3422222222222222,0.0,0.0,0.0,0.3369370195144186,0.0,1.0,4.0,0.0,4.0,0.11846153846153847,0.2604575429568936,0.16415384615384615,10.114234583513786,9.867860374892977,0.0,0.0,0.0,0.07902752868896057,0.6217616580310881,0.0,0.0,E0000574,U002-normal-035,U002,normal_user,DAILY_NORMAL,0,0,0
0.06464225427954069,0.019,0.0,0.0,0.0,0.01870656829122259,0.0,1.0,4.0,0.0,4.0,0.0065769230769230766,0.2543480762251559,0.16130769230769232,10.52752578344374,10.18763588868977,0.0,0.0,0.0,-0.44864522932242235,0.6185567010309279,0.0,0.0,E0000575,U002-normal-036,U002,normal_user,DAILY_NORMAL,0,0,0
0.08890012708432479,0.026,0.0,0.0,0.0,0.025598461872199336,0.0,1.0,5.0,0.0,5.0,0.009,0.2684463739289349,0.1703076923076923,9.545669097895317,9.911852468867755,0.0,0.0,0.0,-0.4357635579212311,0.7692307692307693,0.0,0.0,E0000576,U002-normal-036,U002,normal_user,DAILY_NORMAL,0,0,0
0.23516131164690393,0.06844444444444445,0.0,0.0,0.0,0.06738740390288372,0.0,2.0,5.0,0.0,5.0,0.032692307692307694,0.26032080881135317,0.16523076923076924,7.275172319452771,9.763788608176553,0.0,0.0,0.0,-0.3648295858638039,0.7653061224489796,0.0,0.0,E0000577,U002-normal-036,U002,normal_user,DAILY_NORMAL,0,0,0
0.13568760908469715,0.03933333333333333,0.0,0.0,0.0,0.03872587821691694,0.0,1.0,5.0,0.0,5.0,0.013615384615384616,0.26962011528649676,0.17134615384615384,10.098190476218488,9.920816534657902,0.0,0.0,0.0,-0.41155985797721195,0.7614213197969544,0.0,0.0,E0000578,U002-normal-036,U002,normal_user,DAILY_NORMAL,0,0,0
0.43432592692815264,0.12533333333333332,0.0,0.0,0.0,0.12339771364034552,0.0,1.0,6.0,0.0,6.0,0.04338461538461538,0.33764643673274425,0.21473076923076923,8.489616423646003,9.704060527839234,0.0,0.0,0.0,-0.26872385123844567,0.9090909090909092,0.0,0.0,E0000579,U002-normal-036,U002,normal_user,DAILY_NORMAL,0,0,0
0.16567056868907448,0.04766666666666667,0.0,1.0,0.0,0.04693051343236545,0.0,1.0,3.0,0.0,3.0,0.0165,0.11531048104779332,0.0735,11.072853384021574,9.989573501449257,0.0,0.0,0.0,-0.396139697051279,0.4522613065326633,0.0,0.0,E0000580,U002-normal-037,U002,normal_user,DAILY_NORMAL,0,0,0
0.3339432931232245,0.09566666666666666,0.0,0.0,1.0,0.09418921227334884,0.0,1.0,2.0,0.0,2.0,0.033115384615384616,0.07777199330738922,0.04961538461538462,10.814886338329856,10.2734083811194,0.0,0.0,0.0,-0.31556734445378065,0.3,0.0,0.0,E0000581,U002-normal-038,U002,normal_user,DAILY_NORMAL,0,0,0
0.27593667716435183,0.07877777777777778,0.0,0.0,0.0,0.07756115157003987,0.0,1.0,3.0,0.0,3.0,0.027269230769230768,0.12030827889975847,0.07688461538461538,9.972780379032077,10.402764749173059,0.0,0.0,0.0,-0.3426687907789734,0.44776119402985076,0.0,0.0,E0000582,U002-normal-038,U002,normal_user,DAILY_NORMAL,0,0,0
1.1363772118796749,0.32322222222222224,0.0,0.0,0.0,0.31823045122319604,0.0,1.0,4.0,0.0,4.0,0.11188461538461539,0.29496466435229896,0.18876923076923077,8.46674164792014,10.276484563839713,0.0,0.0,0.0,0.06444807241187074,0.594059405940594,0.0,0.0,E0000583,U002-normal-038,U002,normal_user,DAILY_NORMAL,0,0,0
0.24476214906949034,0.06966666666666667,0.0,0.0,0.0,0.06859075040114951,0.0,1.0,5.0,0.0,5.0,0.024115384615384615,0.33071928891212504,0.2128846153846154,9.216223035134337,10.311635724673351,0.0,0.0,0.0,-0.35806352196381536,0.7389162561576355,0.0,0.0,E0000584,U002-normal-038,U002,normal_user,DAILY_NORMAL,0,0,0
0.1112918108733054,0.03155555555555556,0.0,0.0,0.0,0.03106821868249834,0.0,1.0,5.0,0.0,5.0,0.010923076923076923,0.3216537824089062,0.2073076923076923,8.815815203906352,9.828160375916138,0.0,0.0,0.0,-0.42065994741980983,0.7352941176470589,0.0,0.0,E0000585,U002-normal-038,U002,normal_user,DAILY_NORMAL,0,0,0
0.12557096683736083,0.035444444444444445,0.0,0.0,0.0,0.03489704844970764,0.0,2.0,6.0,0.0,6.0,0.023192307692307693,0.3404980762204298,0.2195769230769231,7.805474625270857,9.114754154076849,0.0,0.0,0.0,-0.4129033112870198,0.8780487804878049,0.0,0.0,E0000586,U002-normal-038,U002,normal_user,DAILY_NORMAL,0,0,0
0.2807174751542261,0.07888888888888888,0.0,0.0,0.0,0.07767054670624585,0.0,3.0,7.0,0.0,6.0,0.0505,0.3826014876526953,0.2468846153846154,6.739336627357174,8.511255598749484,0.0,0.0,0.0,-0.3388587832462374,1.0194174757281553,0.0,0.0,E0000587,U002-normal-038,U002,normal_user,DAILY_NORMAL,0,0,0
0.020633797378984856,0.0057777777777777775,0.0,0.0,0.0,0.0056885470827109635,0.0,3.0,8.0,0.0,7.0,0.041576923076923074,0.38515760434445484,0.24888461538461537,7.839131648274333,8.417858925828314,0.0,0.0,0.0,-0.4607479997936966,1.1594202898550725,0.0,0.0,E0000588,U002-normal-038,U002,normal_user,DAILY_NORMAL,0,0,0
0.0,0.0,0.0,0.0,0.0,0.0,0.0,1.0,9.0,0.0,7.0,0.0,0.38511787212375265,0.24888461538461537,9.225721474014485,8.422090989982912,0.0,0.0,0.0,-0.469084298904117,1.2980769230769231,0.0,0.0,E0000589,U002-agent-normal-010,U002,normal_agent,DELEGATED_NORMAL,0,0,0
0.2763314467714103,0.077,0.0,0.0,0.0,0.07581082939074418,0.0,2.0,10.0,0.0,8.0,0.026653846153846153,0.4263613716418736,0.27553846153846157,6.796823718274855,8.124861461698035,0.0,0.0,0.0,-0.3394615559301897,1.4354066985645932,0.0,0.0,E0000590,U002-normal-038,U002,normal_user,DAILY_NORMAL,0,0,0
0.22370080419472074,0.06211111111111111,0.0,1.0,0.0,0.061151881139142855,0.0,3.0,11.0,0.0,9.0,0.04815384615384615,0.4589989135821999,0.29703846153846153,7.384610383176974,8.073652314455844,0.0,0.0,0.0,-0.36364296299486254,1.5714285714285714,0.0,0.0,E0000591,U002-normal-038,U002,normal_user,DAILY_NORMAL,0,0,0
0.0188806777279211,0.005222222222222222,0.0,0.0,0.0,0.005141571401681064,0.0,1.0,10.0,0.0,8.0,0.0018076923076923077,0.3680752601816712,0.23846153846153847,10.753082771972014,9.425016172871521,0.0,0.0,0.0,-0.4588120598866331,1.4218009478672986,0.0,0.0,E0000592,U002-normal-039,U002,normal_user,DAILY_NORMAL,0,0,0
0.09243765981671846,0.025444444444444443,0.0,0.0,0.0,0.025051486191169436,0.0,1.0,10.0,0.0,8.0,0.008807692307692308,0.20895232632600114,0.13538461538461538,8.758726607842037,9.484952402332215,0.0,0.0,0.0,-0.42319334444762935,1.4150943396226416,0.0,0.0,E0000593,U002-normal-039,U002,normal_user,DAILY_NORMAL,0,0,0
0.08230693812744315,0.022555555555555554,0.0,0.0,0.0,0.022207212649813953,0.0,1.0,7.0,0.0,6.0,0.007807692307692308,0.10579353887869601,0.06857692307692308,9.85450737031441,9.611663580917012,0.0,0.0,0.0,-0.42687929207201697,0.9859154929577465,0.0,0.0,E0000594,U002-normal-039,U002,normal_user,DAILY_NORMAL,0,0,0
0.25657833570125405,0.07,0.0,0.0,0.0,0.06891893580976745,0.0,1.0,7.0,0.0,6.0,0.02423076923076923,0.14003269777870106,0.09080769230769231,8.70334075304372,9.67806640947786,0.0,0.0,0.0,-0.3449598131062071,0.9813084112149533,0.0,0.0,E0000595,U002-normal-039,U002,normal_user,RECURRING_NORMAL,0,0,0
0.2468760212798408,0.06711111111111111,0.0,0.0,0.0,0.06607466226841197,0.0,2.0,8.0,0.0,7.0,0.047461538461538465,0.17563763391273823,0.11403846153846153,7.9215356321335495,9.692309626736629,0.0,0.0,0.0,-0.3489506386606715,1.1162790697674418,0.0,0.0,E0000596,U002-normal-039,U002,normal_user,DAILY_NORMAL,0,0,0
0.06768637524349022,0.018333333333333333,0.0,0.0,0.0,0.01805019747398671,0.0,1.0,7.0,0.0,6.0,0.006346153846153846,0.14418854586397348,0.09373076923076923,8.33302993974291,8.945019741762787,0.0,0.0,0.0,-0.4313239974598859,0.9722222222222222,0.0,0.0,E0000597,U002-normal-039,U002,normal_user,DAILY_NORMAL,0,0,0
12.191386081420958,3.287392910994581,1.0,1.0,1.0,0.9785028286400561,0.0,1.0,7.0,1.0,6.0,1.1379436999596626,1.8610380996042455,1.210174469190432,10.124548937646013,9.340139809511028,0.0,0.0,0.0,5.164545283199111,0.967741935483871,0.0,0.0,E0000598,U002-paysim-fraud-007,U002,paysim_fraud,ACCOUNT_DRAIN_TRANSFER,1,1,1
4.028394009403289,1.1441405719818032,0.0,1.0,1.0,0.9406244398740562,0.0,2.0,8.0,1.0,6.0,1.5339923594918252,2.3339482856022453,1.6062231287225945,4.110873864173311,8.93450781588155,0.0,0.0,0.0,1.38989416607676,1.1009174311926606,0.0,0.0,E0000599,U002-paysim-fraud-007,U002,paysim_fraud,FOLLOW_UP_CASHOUT_PROXY,1,1,1
0.8018176237311105,0.231,0.0,0.0,0.0,0.22743248817223255,0.0,1.0,9.0,0.0,7.0,0.07996153846153846,2.404021744756214,1.686184667184133,9.842941052668094,9.225209279842302,0.0,0.0,0.0,-0.09206103682934175,1.2328767123287672,0.0,0.0,E0000600,U002-normal-040,U002,normal_user,DAILY_NORMAL,0,0,0
0.5624537780018674,0.1618888888888889,0.0,0.0,0.0,0.15938871345211297,0.0,1.0,7.0,0.0,6.0,0.05603846153846154,2.4483467071472576,1.7238000517995176,10.434351070038627,9.705048808859882,0.0,0.0,0.0,-0.2035385200805285,0.9545454545454546,0.0,0.0,E0000601,U002-normal-040,U002,normal_user,DAILY_NORMAL,0,0,0
0.1450613125805381,0.041666666666666664,0.0,0.0,0.0,0.041023176077242526,0.0,1.0,5.0,0.0,4.0,0.014423076923076924,2.3860775089460677,1.6844154364149022,9.461721464701633,9.805874723669127,0.0,0.0,0.0,-0.39778118433908455,0.6787330316742082,0.0,0.0,E0000602,U002-normal-040,U002,normal_user,DAILY_NORMAL,0,0,0
0.0,0.0,0.0,0.0,0.0,0.0,0.0,2.0,6.0,0.0,4.0,0.014423076923076924,2.3844536029862717,1.6844154364149022,7.24422751560335,9.505276073139271,0.0,0.0,0.0,-0.4643306529048639,0.8108108108108107,0.0,0.0,E0000603,U002-agent-normal-013,U002,normal_agent,DELEGATED_NORMAL,0,0,0
2.019585192613859,0.5777777777777777,1.0,1.0,0.0,0.5688547082710964,0.0,1.0,4.0,1.0,3.0,0.2,0.38286456886576176,0.2704615384615385,10.969473338377144,10.127950233416236,0.0,0.0,0.0,0.4734246581785245,0.5381165919282511,0.0,0.0,E0000604,U002-hard-NEW_RECIPIENT_NORMAL-002,U002,hard_negative,NEW_RECIPIENT_NORMAL,0,0,0
0.0,0.0,0.0,0.0,0.0,0.0,0.0,1.0,5.0,0.0,4.0,0.0,0.37928513594828656,0.2704615384615385,8.585972706811063,10.014098261776082,0.0,0.0,0.0,-0.46737783705701014,0.6696428571428571,0.0,0.0,E0000605,U002-agent-normal-015,U002,normal_agent,DELEGATED_NORMAL,0,0,0
0.011596459645745395,0.0033333333333333335,0.0,0.0,0.0,0.003281854086179402,0.0,1.0,5.0,0.0,5.0,0.001153846153846154,0.302317006113502,0.21557692307692308,9.911554923613886,9.881753060390121,0.0,0.0,0.0,-0.4619579088302628,0.6666666666666666,0.0,0.0,E0000606,U002-normal-041,U002,normal_user,DAILY_NORMAL,0,0,0
0.05397725985277358,0.015444444444444445,0.0,0.0,0.0,0.015205923932631229,0.0,1.0,4.0,0.0,4.0,0.005346153846153846,0.28957225034926193,0.2065,8.966994113344454,9.82910877448703,0.0,0.0,0.0,-0.4409314088281909,0.5309734513274337,0.0,0.0,E0000607,U002-normal-041,U002,normal_user,DAILY_NORMAL,0,0,0
0.45672038601884574,0.13011111111111112,0.0,0.0,0.0,0.12810170449720265,0.0,1.0,5.0,0.0,5.0,0.04503846153846154,0.3526409730424488,0.25153846153846154,10.530655174162098,10.157183586984738,0.0,0.0,0.0,-0.252582889155144,0.6607929515418502,0.0,0.0,E0000608,U002-normal-042,U002,normal_user,DAILY_NORMAL,0,0,0
0.08602008008848673,0.024444444444444446,0.0,0.0,0.0,0.024066929965315616,0.0,1.0,6.0,0.0,6.0,0.008461538461538461,0.3637379533349689,0.26,9.175334762777368,9.686077533069678,0.0,0.0,0.0,-0.42478419839840936,0.7894736842105263,0.0,0.0,E0000609,U002-normal-042,U002,normal_user,DAILY_NORMAL,0,0,0
0.05104307172046286,0.014444444444444444,0.0,0.0,0.0,0.01422136770677741,0.0,1.0,5.0,0.0,5.0,0.005,0.09089862087205715,0.065,9.80730699406216,9.833815879286808,0.0,0.0,0.0,-0.44002452303922857,0.6550218340611353,0.0,0.0,E0000610,U002-normal-042,U002,normal_user,DAILY_NORMAL,0,0,0
0.2105775468034011,0.059333333333333335,0.0,0.0,0.0,0.058417002733993355,0.0,1.0,6.0,0.0,6.0,0.02053846153846154,0.11959255977802966,0.08553846153846154,8.744806737401898,9.672639396836365,0.0,0.0,0.0,-0.3651411302344357,0.7826086956521738,0.0,0.0,E0000611,U002-normal-042,U002,normal_user,DAILY_NORMAL,0,0,0
0.10922800076444991,0.030666666666666665,0.0,0.0,0.0,0.0301930575928505,0.0,1.0,5.0,0.0,4.0,0.010615384615384615,0.12522647539933737,0.08965384615384615,10.609328821154959,10.017325036954336,0.0,0.0,0.0,-0.4113557498533911,0.6493506493506493,0.0,0.0,E0000612,U002-normal-043,U002,normal_user,DAILY_NORMAL,0,0,0
0.3476794819350788,0.09722222222222222,0.0,0.0,0.0,0.09572074418023256,0.0,1.0,4.0,0.0,4.0,0.03365384615384615,0.09745764628759351,0.0698076923076923,10.128349626344303,9.900021552892953,0.0,0.0,0.0,-0.3005943732692376,0.5172413793103449,0.0,0.0,E0000613,U002-agent-normal-034,U002,normal_agent,DELEGATED_NORMAL,0,0,0
0.10321505174707818,0.028777777777777777,0.0,0.0,0.0,0.028333340277348837,0.0,1.0,5.0,0.0,5.0,0.009961538461538461,0.11119068718429288,0.07976923076923077,8.845201135339584,9.87239928125289,0.0,0.0,0.0,-0.4128799877412205,0.6437768240343348,0.0,0.0,E0000614,U002-normal-043,U002,normal_user,DAILY_NORMAL,0,0,0
0.0856247336317324,0.023777777777777776,0.0,0.0,0.0,0.023410559148079733,0.0,1.0,4.0,0.0,4.0,0.00823076923076923,0.08702513815374673,0.062461538461538464,9.558176367247711,9.83019616995929,0.0,0.0,0.0,-0.420072439551315,0.5128205128205129,0.0,0.0,E0000615,U002-normal-043,U002,normal_user,DAILY_NORMAL,0,0,0
0.7074786478155985,0.19566666666666666,0.0,0.0,0.0,0.1926448348587309,0.0,1.0,4.0,0.0,4.0,0.06773076923076923,0.16653803642314563,0.11957692307692308,10.819618271608917,10.215718324784307,0.0,0.0,0.0,-0.1340867253739489,0.5106382978723405,0.0,0.0,E0000616,U002-normal-044,U002,normal_user,DAILY_NORMAL,0,0,0
0.10338311039721634,0.028555555555555556,0.0,0.0,0.0,0.02811455000493688,0.0,2.0,5.0,0.0,5.0,0.07761538461538461,0.17973944574757938,0.12946153846153846,7.305188215393037,9.879440731377574,0.0,0.0,0.0,-0.4113564622114016,0.6355932203389831,0.0,0.0,E0000617,U002-normal-044,U002,normal_user,DAILY_NORMAL,0,0,0
0.3497463248052432,0.09622222222222222,0.0,0.0,0.0,0.09473618795437874,0.0,1.0,5.0,0.0,4.0,0.03330769230769231,0.17917689499107772,0.1291153846153846,9.865837605084222,9.818387075885662,0.0,0.0,0.0,-0.2976955395220791,0.6329113924050632,0.0,0.0,E0000618,U002-normal-044,U002,normal_user,DAILY_NORMAL,0,0,0
0.021060999809679144,0.0057777777777777775,0.0,0.0,0.0,0.0056885470827109635,0.0,1.0,5.0,0.0,4.0,0.002,0.16786981123605593,0.12115384615384615,8.671629544720656,9.80627155781971,0.0,0.0,0.0,-0.44779050126661274,0.6302521008403361,0.0,0.0,E0000619,U002-normal-044,U002,normal_user,DAILY_NORMAL,0,0,0
0.3319145719377185,0.09066666666666667,0.0,0.0,0.0,0.08926643114407974,0.0,1.0,6.0,0.0,5.0,0.031384615384615386,0.21133656439522724,0.15253846153846154,8.863332833439587,9.72488706397259,0.0,0.0,0.0,-0.3048252847329556,0.7531380753138075,0.0,0.0,E0000620,U002-normal-044,U002,normal_user,DAILY_NORMAL,0,0,0
2.7536153429559027,0.75,0.0,0.0,0.0,0.7384171693903655,0.0,1.0,6.0,0.0,4.0,0.25961538461538464,0.5588109822555148,0.40392307692307694,10.731733646517688,9.673294209734392,0.0,0.0,0.0,0.7993711217126014,0.75,0.0,0.0,E0000621,U002-normal-045,U002,normal_user,DAILY_NORMAL,0,0,0
0.14858710068810746,0.04077777777777778,0.0,0.0,0.0,0.04014801498759468,0.0,1.0,5.0,0.0,4.0,0.014115384615384615,0.4653895849783925,0.34042307692307694,9.79823814181703,9.86216543297419,0.0,0.0,0.0,-0.3913641369562296,0.6224066390041494,0.0,0.0,E0000622,U002-normal-045,U002,normal_user,DAILY_NORMAL,0,0,0
0.19830406101128242,0.05422222222222222,0.0,0.0,0.0,0.053384826468518276,0.0,1.0,6.0,0.0,5.0,0.01876923076923077,0.49073318942138033,0.3591923076923077,8.408716715080153,9.694949322360936,0.0,0.0,0.0,-0.3678310882867712,0.7438016528925621,0.0,0.0,E0000623,U002-normal-045,U002,normal_user,DAILY_NORMAL,0,0,0
0.6458978530590473,0.176,0.0,0.0,0.0,0.17328189575027242,0.0,2.0,7.0,0.0,6.0,0.07969230769230769,0.5734769027965254,0.4201153846153846,7.669961995473577,9.648401735787335,0.0,0.0,0.0,-0.16221026773544314,0.8641975308641976,0.0,0.0,E0000624,U002-normal-045,U002,normal_user,DAILY_NORMAL,0,0,0
0.1506928778274175,0.041,0.0,0.0,0.0,0.04036680526000665,0.0,1.0,6.0,0.0,6.0,0.014192307692307692,0.5431477710310713,0.399,9.11085147347544,9.673696958500125,0.0,0.0,0.0,-0.3892802788673243,0.7377049180327869,0.0,0.0,E0000625,U002-normal-045,U002,normal_user,DAILY_NORMAL,0,0,0
0.4258477169329958,0.11544444444444445,0.0,0.0,1.0,0.11366154651801329,0.0,1.0,6.0,0.0,6.0,0.039961538461538465,0.5544662326302652,0.40757692307692306,10.303202828663686,9.44954623097085,0.0,0.0,0.0,-0.2626868534770652,0.7346938775510204,0.0,0.0,E0000626,U002-normal-046,U002,normal_user,DAILY_NORMAL,0,0,0
0.12531310040144447,0.03388888888888889,0.0,0.0,0.0,0.03336551654282392,0.0,1.0,6.0,0.0,6.0,0.01173076923076923,0.21685190033348042,0.1596923076923077,10.42972382000155,9.672324430251717,0.0,0.0,0.0,-0.40000423736502033,0.7317073170731708,0.0,0.0,E0000627,U002-normal-046,U002,normal_user,DAILY_NORMAL,0,0,0
0.07051776599059449,0.019,0.0,0.0,0.0,0.01870656829122259,0.0,1.0,6.0,0.0,6.0,0.0065769230769230766,0.20650550170907678,0.15215384615384617,9.032289682032873,9.720093420739202,0.0,0.0,0.0,-0.42424710207764166,0.7287449392712552,0.0,0.0,E0000628,U002-agent-normal-031,U002,normal_agent,DELEGATED_NORMAL,0,0,0
0.0,0.0,0.0,0.0,0.0,0.0,0.0,1.0,4.0,0.0,3.0,0.0,0.07906035758747235,0.05826923076923077,10.050829390434055,9.945358596611435,0.0,0.0,0.0,-0.455437234998768,0.48387096774193544,0.0,0.0,E0000629,U002-agent-normal-026,U002,normal_agent,DELEGATED_NORMAL,0,0,0
0.06085821057327409,0.01633333333333333,0.0,0.0,0.0,0.01608108502227907,0.0,1.0,5.0,0.0,4.0,0.005653846153846154,0.08673156060091025,0.06392307692307693,9.201804040953895,9.953591139502374,0.0,0.0,0.0,-0.42772013984830326,0.6024096385542168,0.0,0.0,E0000630,U002-normal-046,U002,normal_user,DAILY_NORMAL,0,0,0
0.019950463377348543,0.005333333333333333,0.0,0.0,0.0,0.005250966537887043,0.0,1.0,5.0,0.0,4.0,0.0018461538461538461,0.03500721999529517,0.02580769230769231,10.646448183053785,10.063503853068791,0.0,0.0,0.0,-0.4453597599121632,0.6,0.0,0.0,E0000631,U002-normal-047,U002,normal_user,DAILY_NORMAL,0,0,0
0.08430245246080163,0.022444444444444444,0.0,0.0,0.0,0.022097817513607974,0.0,1.0,4.0,0.0,4.0,0.00776923076923077,0.020710441600828123,0.01526923076923077,10.158633519975831,9.992550989276888,0.0,0.0,0.0,-0.41511190957385075,0.4780876494023904,0.0,0.0,E0000632,U002-normal-047,U002,normal_user,DAILY_NORMAL,0,0,0
0.1675722527504803,0.044444444444444446,0.0,0.0,0.0,0.04375805448239203,0.0,1.0,4.0,0.0,4.0,0.015384615384615385,0.04156278592597494,0.030653846153846153,9.48189306249808,10.035094594785582,0.0,0.0,0.0,-0.3765772731046879,0.47619047619047616,0.0,0.0,E0000633,U002-normal-047,U002,normal_user,DAILY_NORMAL,0,0,0
0.09374398999272263,0.024777777777777777,0.0,0.0,0.0,0.024395115373933556,0.0,2.0,5.0,0.0,5.0,0.02396153846153846,0.05315506233141815,0.03923076923076923,8.01862546504575,9.840845897875948,0.0,0.0,0.0,-0.409292659204809,0.5928853754940712,0.0,0.0,E0000634,U002-normal-047,U002,normal_user,DAILY_NORMAL,0,0,0
0.14599479640074717,0.03844444444444445,0.0,0.0,0.0,0.037850717127269104,0.0,2.0,6.0,0.0,5.0,0.021884615384615384,0.07115852846764456,0.05253846153846154,6.472346294500901,9.736960601640813,0.0,0.0,0.0,-0.3849166287382725,0.7086614173228346,0.0,0.0,E0000635,U002-normal-047,U002,normal_user,DAILY_NORMAL,0,0,0
0.29301515208269124,0.0768888888888889,0.0,0.0,1.0,0.07570143425453821,0.0,1.0,6.0,0.0,5.0,0.026615384615384614,0.09948923688110424,0.0735,9.76399557371753,9.392878571967971,0.0,0.0,0.0,-0.3180925644008289,0.7058823529411765,0.0,0.0,E0000636,U002-normal-048,U002,normal_user,DAILY_NORMAL,0,0,0
1.7567342867261584,0.4596471263945808,1.0,0.0,0.0,0.45254843998760247,0.0,1.0,6.0,1.0,5.0,0.1591086206750472,0.3119842788090745,0.23076246682889334,10.223612613477277,9.421346562630047,0.0,0.0,0.0,0.3401185007303061,0.703125,1.0,0.0,E0000637,U002-misuse-CATEGORY_DRIFT-005,U002,agent_misuse,CATEGORY_DRIFT,1,0,0
0.733734763593851,0.1925712611090461,1.0,0.0,0.0,0.18959723404543305,0.0,2.0,7.0,2.0,6.0,0.22576790336664004,0.39924301952967284,0.2974217495204862,6.928537818164665,9.203255332252953,0.0,0.0,0.0,-0.12025901499998211,0.8171206225680934,1.0,0.0,E0000638,U002-misuse-CATEGORY_DRIFT-005,U002,agent_misuse,CATEGORY_DRIFT,1,0,0
0.7283792727329549,0.19095961772987946,1.0,0.0,0.0,0.18801048052261846,0.0,3.0,8.0,3.0,7.0,0.291869309503906,0.48652287204738304,0.3635231556577522,6.928537818164665,9.16180117631152,0.0,0.0,0.0,-0.12279081161405288,0.9302325581395349,1.0,0.0,E0000639,U002-misuse-CATEGORY_DRIFT-005,U002,agent_misuse,CATEGORY_DRIFT,1,0,0
2.4424175776197687,0.6396287192244036,1.0,0.0,0.0,0.6297504377472919,0.0,4.0,9.0,4.0,8.0,0.5132792507738919,0.7805461204422328,0.5849330969277381,6.928537818164665,9.169622538697624,0.0,0.0,0.0,0.652652808578694,1.0424710424710426,1.0,0.0,E0000640,U002-misuse-CATEGORY_DRIFT-005,U002,agent_misuse,CATEGORY_DRIFT,1,0,0
0.7196948286093225,0.1895679706232593,1.0,0.0,0.0,0.18664032569960412,0.0,4.0,10.0,4.0,9.0,0.4197903122376652,0.8596441335947765,0.6505527790665586,6.928537818164665,8.752423403865594,0.0,0.0,0.0,-0.12771253926445708,1.153846153846154,1.0,0.0,E0000641,U002-misuse-CATEGORY_DRIFT-005,U002,agent_misuse,CATEGORY_DRIFT,1,0,0
1.727434148080314,0.45449683806618396,1.0,0.0,0.0,0.4474776915489372,0.0,4.0,11.0,4.0,10.0,0.5104568581074437,1.064458727786584,0.80787860762793,6.928537818164665,6.928537818164665,0.0,0.0,0.0,0.33171496525596655,1.264367816091954,1.0,0.0,E0000642,U002-misuse-CATEGORY_DRIFT-005,U002,agent_misuse,CATEGORY_DRIFT,1,0,0
1.6656376435561473,0.4395079352790128,1.0,0.0,0.0,0.43272027399111007,0.0,4.0,12.0,4.0,11.0,0.5964928141821437,1.2562342680552037,0.9600159698398959,6.928537818164665,6.928537818164665,0.0,0.0,0.0,0.304956409571498,1.3740458015267176,0.0,0.0,E0000643,U002-misuse-CATEGORY_DRIFT-005,U002,agent_misuse,CATEGORY_DRIFT,1,0,0
0.0,0.0,0.0,0.0,0.0,0.0,0.0,1.0,13.0,0.0,11.0,0.0,1.2479528448054389,0.9600159698398959,8.516593011344206,7.504501685255728,0.0,0.0,0.0,-0.4601811455228964,1.482889733840304,0.0,0.0,E0000644,U002-agent-normal-005,U002,normal_agent,DELEGATED_NORMAL,0,0,0
0.39099872109996364,0.10344444444444445,0.0,0.0,0.0,0.10184687180776744,0.0,1.0,13.0,0.0,11.0,0.035807692307692304,1.2844008612345057,0.9880544313783575,9.718662865524054,8.504513138258863,0.0,0.0,0.0,-0.2802509061491276,1.477272727272727,0.0,0.0,E0000645,U002-normal-048,U002,normal_user,DAILY_NORMAL,0,0,0
0.0959858382409855,0.025333333333333333,0.0,0.0,0.0,0.024942091054963457,0.0,1.0,10.0,0.0,10.0,0.008769230769230769,1.2108759866931234,0.9329390467629729,10.786056027005252,9.575066815425396,0.0,0.0,0.0,-0.4157669713387237,1.1320754716981132,0.0,0.0,E0000646,U002-normal-049,U002,normal_user,DAILY_NORMAL,0,0,0
1.3025496876021632,0.34255555555555556,0.0,0.0,0.0,0.3372652049230366,0.0,2.0,11.0,0.0,11.0,0.12734615384615386,1.3642612171630055,1.051515969839896,8.019612794400267,9.602720240535692,0.0,0.0,0.0,0.13887749287326592,1.2406015037593985,0.0,0.0,E0000647,U002-normal-049,U002,normal_user,DAILY_NORMAL,0,0,0
0.06667497931603009,0.017555555555555557,0.0,0.0,0.0,0.01728443152054485,0.0,2.0,12.0,0.0,12.0,0.12465384615384616,1.3651448925988403,1.057592892916819,7.3427791893318455,9.609773993852587,0.0,0.0,0.0,-0.4297539208614916,1.348314606741573,0.0,0.0,E0000648,U002-normal-049,U002,normal_user,DAILY_NORMAL,0,0,0
0.11223748360783299,0.029444444444444443,0.0,0.0,0.0,0.02898971109458472,0.0,3.0,13.0,0.0,13.0,0.13484615384615384,1.3779408708879974,1.0677852006091266,7.523481312573497,9.566657251817617,0.0,0.0,0.0,-0.40793483137427283,1.4552238805970148,0.0,0.0,E0000649,U002-normal-049,U002,normal_user,DAILY_NORMAL,0,0,0
0.1202766367970638,0.03144444444444444,0.0,0.0,0.0,0.03095882354629236,0.0,1.0,6.0,0.0,6.0,0.010884615384615385,0.24547804878464685,0.19030769230769232,10.332083078033147,9.746599796998984,0.0,0.0,0.0,-0.4034998119365676,0.6691449814126395,0.0,0.0,E0000650,U002-normal-049,U002,normal_user,DAILY_NORMAL,0,0,0
0.032410953801405976,0.008444444444444444,0.0,0.0,0.0,0.008314030351654485,0.0,1.0,6.0,0.0,6.0,0.002923076923076923,0.20296516815966137,0.15742307692307692,8.27715777243181,9.013619642893078,0.0,0.0,0.0,-0.44300749863260896,0.6666666666666666,0.0,0.0,E0000651,U002-normal-049,U002,normal_user,DAILY_NORMAL,0,0,0
0.5252285027283858,0.13633333333333333,0.0,0.0,1.0,0.13422783212473754,0.0,1.0,7.0,0.0,7.0,0.04719230769230769,0.2637769524043965,0.20461538461538462,10.069806751852576,9.41979059615839,0.0,0.0,0.0,-0.21689763579857438,0.7749077490774908,0.0,0.0,E0000652,U002-normal-050,U002,normal_user,DAILY_NORMAL,0,0,0
0.0,0.0,0.0,0.0,0.0,0.0,0.0,1.0,5.0,0.0,5.0,0.0,0.09159079205163805,0.0711923076923077,10.238244032373839,9.776301698614201,0.0,0.0,0.0,-0.45685030446911107,0.5514705882352942,0.0,0.0,E0000653,U002-agent-normal-033,U002,normal_agent,DELEGATED_NORMAL,0,0,0
0.3452179502324481,0.08944444444444444,0.0,0.0,0.0,0.08806308464581396,0.0,1.0,5.0,0.0,5.0,0.03096153846153846,0.11831095829036552,0.09196153846153846,8.846784666945227,9.832614342892336,0.0,0.0,0.0,-0.29913737879721475,0.5494505494505495,0.0,0.0,E0000654,U002-normal-050,U002,normal_user,DAILY_NORMAL,0,0,0
0.07179676275255018,0.018555555555555554,0.0,0.0,0.0,0.018268987746398672,0.0,1.0,6.0,0.0,6.0,0.006423076923076923,0.12640657933858032,0.09838461538461539,8.483429561263428,9.507329003748263,0.0,0.0,0.0,-0.4237261227248805,0.6569343065693432,0.0,0.0,E0000655,U002-normal-050,U002,normal_user,DAILY_NORMAL,0,0,0
0.07981811243509387,0.020555555555555556,0.0,0.0,0.0,0.02023810019810631,0.0,2.0,7.0,0.0,7.0,0.01353846153846154,0.13551129507497164,0.1055,8.133293861222633,9.499466401420108,0.0,0.0,0.0,-0.4192336590262247,0.7636363636363637,0.0,0.0,E0000656,U002-normal-050,U002,normal_user,DAILY_NORMAL,0,0,0
1.4681812871343622,0.37677777777777777,0.0,0.0,0.0,0.3709589068744784,0.0,1.0,6.0,0.0,5.0,0.13042307692307692,0.28521304772981965,0.2221153846153846,10.12077398436594,9.517795659526904,0.0,0.0,0.0,0.2128906103223599,0.6521739130434783,0.0,0.0,E0000657,U002-normal-050,U002,normal_user,DAILY_NORMAL,0,0,0
0.27358110722999895,0.07033333333333333,0.0,0.0,0.0,0.06924712121838539,0.0,1.0,3.0,0.0,2.0,0.024346153846153847,0.2067181675159891,0.16188461538461538,11.01552597264265,9.912021038554368,0.0,0.0,0.0,-0.3315018083412411,0.3249097472924188,0.0,0.0,E0000658,U002-normal-051,U002,normal_user,DAILY_NORMAL,0,0,0
0.30553687615049496,0.07833333333333334,0.0,0.0,0.0,0.07712357102521594,0.0,1.0,3.0,0.0,3.0,0.027115384615384614,0.23201668202580342,0.1818846153846154,9.104868739033948,9.932113881324451,0.0,0.0,0.0,-0.31658240885398725,0.3237410071942446,0.0,0.0,E0000659,U002-normal-051,U002,normal_user,DAILY_NORMAL,0,0,0
0.08342785327102399,0.021333333333333333,0.0,0.0,0.0,0.021003866151548173,0.0,1.0,4.0,0.0,4.0,0.0073846153846153844,0.24115863836155374,0.18926923076923077,9.604205122018026,10.02479326516283,0.0,0.0,0.0,-0.4174505154339943,0.4301075268817204,0.0,0.0,E0000660,U002-normal-051,U002,normal_user,DAILY_NORMAL,0,0,0
0.45650964354453055,0.11633333333333333,0.0,0.0,0.0,0.11453670760766113,0.0,2.0,5.0,0.0,4.0,0.04765384615384615,0.2923762438077502,0.22953846153846155,5.905361848054571,9.997505989308632,0.0,0.0,0.0,-0.24706423721750745,0.5357142857142857,0.0,0.0,E0000661,U002-normal-051,U002,normal_user,DAILY_NORMAL,0,0,0
1.1359474575739716,0.28888888888888886,1.0,1.0,0.0,0.2844273541355482,0.0,1.0,5.0,1.0,4.0,0.1,0.2531917331168392,0.1991153846153846,10.852497136973009,10.215864676599697,0.0,0.0,0.0,0.06178311846404105,0.5338078291814946,0.0,0.0,E0000662,U002-hard-BUSINESS_BATCH-005,U002,hard_negative,BUSINESS_BATCH,0,0,0
1.135373661430225,0.28888888888888886,1.0,1.0,0.0,0.2844273541355482,0.0,2.0,6.0,2.0,5.0,0.2,0.37874467965153813,0.2991153846153846,6.175867270105761,9.633475115215024,0.0,0.0,0.0,0.06166773549176172,0.6382978723404255,0.0,0.0,E0000663,U002-hard-BUSINESS_BATCH-005,U002,hard_negative,BUSINESS_BATCH,0,0,0
1.134804688594287,0.28888888888888886,1.0,1.0,0.0,0.2844273541355482,0.0,3.0,7.0,3.0,6.0,0.3,0.5032422330573896,0.3991153846153846,6.175867270105761,9.515159758223817,0.0,0.0,0.0,0.06155299656418783,0.7420494699646643,0.0,0.0,E0000664,U002-hard-BUSINESS_BATCH-005,U002,hard_negative,BUSINESS_BATCH,0,0,0
1.1342404785038969,0.28888888888888886,1.0,1.0,0.0,0.2844273541355482,0.0,4.0,8.0,4.0,7.0,0.4,0.6266976450274654,0.4991153846153846,6.175867270105761,9.277494220162573,0.0,0.0,0.0,0.06143889571198097,0.8450704225352113,0.0,0.0,E0000665,U002-hard-BUSINESS_BATCH-005,U002,hard_negative,BUSINESS_BATCH,0,0,0
1.1336809716064733,0.28888888888888886,1.0,1.0,0.0,0.2844273541355482,0.0,5.0,9.0,5.0,8.0,0.5,0.7491239463255388,0.5991153846153846,6.175867270105761,9.27962386789443,0.0,0.0,0.0,0.06132542704297415,0.9473684210526315,0.0,0.0,E0000666,U002-hard-BUSINESS_BATCH-005,U002,hard_negative,BUSINESS_BATCH,0,0,0
1.133126109338162,0.28888888888888886,1.0,1.0,0.0,0.2844273541355482,0.0,6.0,10.0,6.0,9.0,0.6,0.8705339513710807,0.6991153846153846,6.175867270105761,6.175867270105761,0.0,0.0,0.0,0.06121258474089413,1.048951048951049,0.0,0.0,E0000667,U002-hard-BUSINESS_BATCH-005,U002,hard_negative,BUSINESS_BATCH,0,0,0
1.1325758341034007,0.28888888888888886,1.0,1.0,0.0,0.2844273541355482,0.0,7.0,11.0,7.0,10.0,0.7,0.9909402627105427,0.7991153846153846,6.175867270105761,6.175867270105761,0.0,0.0,0.0,0.06110036306410895,1.1498257839721255,0.0,0.0,E0000668,U002-hard-BUSINESS_BATCH-005,U002,hard_negative,BUSINESS_BATCH,0,0,0
0.10754285847922397,0.027444444444444445,0.0,0.0,0.0,0.027020598642877078,0.0,1.0,8.0,0.0,8.0,0.0095,0.8761912890833616,0.7095,10.451984613023129,8.89664281232112,0.0,0.0,0.0,-0.4122533845062474,0.8333333333333334,0.0,0.0,E0000669,U002-normal-052,U002,normal_user,DAILY_NORMAL,0,0,0
0.6661331554152532,0.16944444444444445,0.0,0.0,0.0,0.1668275827141196,0.0,1.0,2.0,0.0,2.0,0.058653846153846154,0.08413313980013033,0.06815384615384615,11.26072635976378,10.032452283817127,0.0,0.0,0.0,-0.15395652196482545,0.20761245674740486,0.0,0.0,E0000670,U002-hard-PAYDAY_BURST-000,U002,hard_negative,PAYDAY_BURST,0,0,0
0.3332498379136631,0.08466666666666667,0.0,0.0,0.0,0.08335909378895681,0.0,2.0,3.0,0.0,3.0,0.08796153846153847,0.12002261139788259,0.09746153846153846,6.042632833682381,10.03192474171143,0.0,0.0,0.0,-0.3076315849893061,0.3103448275862069,0.0,0.0,E0000671,U002-hard-PAYDAY_BURST-000,U002,hard_negative,PAYDAY_BURST,0,0,0
0.021919358256295526,0.005555555555555556,0.0,0.0,0.0,0.005469756810299003,0.0,3.0,4.0,0.0,4.0,0.08988461538461538,0.12224378791568558,0.09938461538461539,6.042632833682381,10.031396921158159,0.0,0.0,0.0,-0.45092904093986835,0.4123711340206186,0.0,0.0,E0000672,U002-hard-PAYDAY_BURST-000,U002,hard_negative,PAYDAY_BURST,0,0,0
0.07522792918367413,0.019,0.0,0.0,0.0,0.01870656829122259,0.0,4.0,5.0,0.0,4.0,0.09646153846153846,0.13032317481042713,0.10596153846153847,6.042632833682381,10.030868821863221,0.0,0.0,0.0,-0.4254657297807842,0.5136986301369864,0.0,0.0,E0000673,U002-hard-PAYDAY_BURST-000,U002,hard_negative,PAYDAY_BURST,0,0,0
0.3019088484166539,0.076,0.0,0.0,0.0,0.07482627316489036,0.0,5.0,6.0,0.0,5.0,0.12276923076923077,0.16263542131968553,0.13226923076923078,6.042632833682381,9.67272756970563,0.0,0.0,0.0,-0.3205839992074857,0.614334470989761,0.0,0.0,E0000674,U002-hard-PAYDAY_BURST-000,U002,hard_negative,PAYDAY_BURST,0,0,0
0.033628972399248135,0.008444444444444444,0.0,0.0,0.0,0.008314030351654485,0.0,6.0,7.0,0.0,6.0,0.1256923076923077,0.16605053097493516,0.1351923076923077,6.042632833682381,6.042632833682381,0.0,0.0,0.0,-0.44339223580181075,0.7142857142857142,0.0,0.0,E0000675,U002-hard-PAYDAY_BURST-000,U002,hard_negative,PAYDAY_BURST,0,0,0
0.1589548735891641,0.03977777777777778,0.0,0.0,0.0,0.03916345876174086,0.0,6.0,8.0,0.0,6.0,0.0808076923076923,0.18294075401486767,0.14896153846153845,7.3777589082278725,6.487379558138218,0.0,0.0,0.0,-0.3851170329841795,0.8135593220338982,0.0,0.0,E0000676,U002-normal-053,U002,normal_user,DAILY_NORMAL,0,0,0
0.1785779328756688,0.04455555555555556,0.0,0.0,0.0,0.04386744961859801,0.0,1.0,8.0,0.0,7.0,0.015423076923076923,0.19010777006872878,0.1548846153846154,8.667507952075105,7.458647411961211,0.0,0.0,0.0,-0.37557967975347056,0.8108108108108107,0.0,0.0,E0000677,U002-normal-053,U002,normal_user,DAILY_NORMAL,0,0,0
0.03126363001335076,0.0077777777777777776,0.0,0.0,0.0,0.007657659534418605,0.0,1.0,9.0,0.0,8.0,0.002692307692307692,0.19329038053022848,0.1575769230769231,10.56004854652803,9.14454239138575,0.0,0.0,0.0,-0.44232502129548085,0.9090909090909091,0.0,0.0,E0000678,U002-normal-054,U002,normal_user,DAILY_NORMAL,0,0,0
0.046607243248646665,0.011555555555555555,0.0,0.0,0.0,0.011377094165421927,0.0,1.0,2.0,0.0,2.0,0.004,0.008208158223951944,0.006692307692307693,10.926010420096983,9.92328037586268,0.0,0.0,0.0,-0.4344534761286819,0.20134228187919462,0.0,0.0,E0000679,U002-normal-054,U002,normal_user,DAILY_NORMAL,0,0,0
0.5215887584176966,0.1288888888888889,0.0,1.0,0.0,0.12689835799893687,0.0,2.0,3.0,0.0,3.0,0.048615384615384616,0.0629189236552816,0.05130769230769231,4.532599493153256,9.920059476529826,0.0,0.0,0.0,-0.21759052086568417,0.3010033444816054,0.0,0.0,E0000680,U002-agent-normal-006,U002,normal_agent,DELEGATED_NORMAL,0,0,0
0.35311067105290206,0.08711111111111111,0.0,0.0,0.0,0.08576578678548838,0.0,3.0,4.0,0.0,4.0,0.07876923076923077,0.09971490808638536,0.08146153846153846,7.496652438168283,9.922044306014515,0.0,0.0,0.0,-0.29421590689177196,0.4,0.0,0.0,E0000681,U002-normal-054,U002,normal_user,DAILY_NORMAL,0,0,0
0.08305947609666954,0.020444444444444446,0.0,0.0,0.0,0.020128705061900332,0.0,1.0,4.0,0.0,4.0,0.007076923076923077,0.10495287061128081,0.08584615384615385,11.017464530831475,10.354505845412449,0.0,0.0,0.0,-0.416764560986363,0.39867109634551495,0.0,0.0,E0000682,U002-normal-055,U002,normal_user,DAILY_NORMAL,0,0,0
2.739724296673297,0.6722222222222223,0.0,1.0,0.0,0.6618405740461795,0.0,1.0,5.0,0.0,4.0,0.2326923076923077,0.3893230568511809,0.31853846153846155,9.04381342108087,10.141669458826705,0.0,0.0,0.0,0.7893545754200597,0.49668874172185434,0.0,0.0,E0000683,U002-normal-055,U002,normal_user,RECURRING_NORMAL,0,0,0
0.1827594951998405,0.04511111111111111,0.0,0.0,0.0,0.044414425299627906,0.0,1.0,6.0,0.0,5.0,0.015615384615384616,0.40457308330971997,0.33415384615384613,8.760453046315272,9.650747823281911,0.0,0.0,0.0,-0.37327008105476606,0.594059405940594,0.0,0.0,E0000684,U002-normal-055,U002,normal_user,DAILY_NORMAL,0,0,0
0.45863691431053716,0.11288888888888889,0.0,0.0,0.0,0.11114545838527574,0.0,1.0,4.0,0.0,4.0,0.03907692307692308,0.3562915228469714,0.29446153846153844,9.456262510179732,9.802141191590366,0.0,0.0,0.0,-0.24693582684679205,0.39473684210526316,0.0,0.0,E0000685,U002-normal-055,U002,normal_user,DAILY_NORMAL,0,0,0
0.26954264182185644,0.06622222222222222,0.0,0.0,0.0,0.06519950117876412,0.0,1.0,5.0,0.0,5.0,0.022923076923076924,0.3834236026099728,0.3173846153846154,10.552160242994244,10.141086124819923,0.0,0.0,0.0,-0.33310718600797334,0.49180327868852464,0.0,0.0,E0000686,U002-normal-056,U002,normal_user,DAILY_NORMAL,0,0,0
0.03627064412925074,0.008888888888888889,0.0,0.0,0.0,0.008751610896478405,0.0,1.0,5.0,0.0,5.0,0.003076923076923077,0.3782421608768793,0.3133846153846154,9.937840668907791,9.759501702007746,0.0,0.0,0.0,-0.43905641456835387,0.4901960784313726,0.0,0.0,E0000687,U002-normal-056,U002,normal_user,DAILY_NORMAL,0,0,0
0.13191349622277007,0.03222222222222222,0.0,1.0,0.0,0.03172458949973422,0.0,2.0,6.0,0.0,6.0,0.01423076923076923,0.3916559046895616,0.32453846153846155,7.1252830915107115,9.672400031279926,0.0,0.0,0.0,-0.39472970770082827,0.5863192182410424,0.0,0.0,E0000688,U002-normal-056,U002,normal_user,DAILY_NORMAL,0,0,0
0.07025735918570995,0.01711111111111111,0.0,0.0,0.0,0.01684685097572093,0.0,1.0,7.0,0.0,7.0,0.005923076923076923,0.3986250694190755,0.3304615384615385,8.351374706721296,9.645053554443333,0.0,0.0,0.0,-0.422126261890888,0.6818181818181818,0.0,0.0,E0000689,U002-normal-056,U002,normal_user,DAILY_NORMAL,0,0,0
0.10342983110809757,0.025111111111111112,0.0,0.0,0.0,0.024723300782551496,0.0,1.0,7.0,0.0,7.0,0.008692307692307692,0.12839053419063057,0.10646153846153845,8.27614021955846,9.52320761861678,0.0,0.0,0.0,-0.40635143412890035,0.6796116504854368,0.0,0.0,E0000690,U002-normal-056,U002,normal_user,DAILY_NORMAL,0,0,0
0.13266251626955208,0.03211111111111111,0.0,1.0,0.0,0.03161519436352824,0.0,2.0,8.0,0.0,8.0,0.019807692307692307,0.1417459411541088,0.11757692307692308,7.173958319756794,8.745507352060665,0.0,0.0,0.0,-0.392468036835534,0.7741935483870968,0.0,0.0,E0000691,U002-agent-normal-022,U002,normal_agent,DELEGATED_NORMAL,0,0,0
0.08056646450821427,0.019444444444444445,0.0,0.0,1.0,0.019144148836046513,0.0,1.0,7.0,0.0,7.0,0.006730769230769231,0.08388799660203328,0.06961538461538462,10.208174223803733,8.931604826404863,0.0,0.0,0.0,-0.41542090217403194,0.67524115755627,0.0,0.0,E0000692,U002-normal-057,U002,normal_user,DAILY_NORMAL,0,0,0
0.10205776572196205,0.024555555555555556,0.0,0.0,0.0,0.024176325101521595,0.0,1.0,7.0,0.0,6.0,0.0085,0.0664899107784692,0.05519230769230769,10.779560274121492,9.736523463823204,0.0,0.0,0.0,-0.40502426697158106,0.673076923076923,0.0,0.0,E0000693,U002-normal-057,U002,normal_user,DAILY_NORMAL,0,0,0
0.6197431710294304,0.14866666666666667,0.0,0.0,0.0,0.14637069224360133,0.0,1.0,6.0,0.0,6.0,0.05146153846153846,0.11130365022299862,0.09242307692307693,8.282988692742602,9.733209184544489,0.0,0.0,0.0,-0.17124351762822004,0.5750798722044729,0.0,0.0,E0000694,U002-normal-057,U002,normal_user,DAILY_NORMAL,0,0,0
0.46980115272788964,0.11255555555555556,0.0,0.0,0.0,0.1108172729766578,0.0,1.0,4.0,0.0,4.0,0.038961538461538464,0.1269749502195885,0.10565384615384615,9.222367752188902,9.804053882820643,0.0,0.0,0.0,-0.23885171695848287,0.38216560509554137,0.0,0.0,E0000695,U002-normal-057,U002,normal_user,DAILY_NORMAL,0,0,0
0.08037368200613268,0.019222222222222224,0.0,0.0,0.0,0.018925358563634552,0.0,1.0,4.0,0.0,4.0,0.006653846153846153,0.12668477420673402,0.10557692307692308,10.93793458372845,10.2785003259882,0.0,0.0,0.0,-0.41420664138834057,0.38095238095238093,0.0,0.0,E0000696,U002-normal-058,U002,normal_user,DAILY_NORMAL,0,0,0
0.13747062139984903,0.03277777777777778,0.0,0.0,0.0,0.03227156518076412,0.0,1.0,5.0,0.0,5.0,0.011346153846153846,0.14026202015624806,0.11692307692307692,9.557257866458935,10.18508112764735,0.0,0.0,0.0,-0.3878415797732602,0.4746835443037975,0.0,0.0,E0000697,U002-agent-normal-028,U002,normal_agent,DELEGATED_NORMAL,0,0,0
0.06963187813781163,0.016555555555555556,0.0,0.0,0.0,0.01629987529469103,0.0,1.0,4.0,0.0,4.0,0.005730769230769231,0.07517217504722247,0.06269230769230769,9.246672301223573,9.850772194864133,0.0,0.0,0.0,-0.4177432000016453,0.37854889589905366,0.0,0.0,E0000698,U002-normal-058,U002,normal_user,RECURRING_NORMAL,0,0,0
0.03140678160722656,0.0074444444444444445,0.0,0.0,1.0,0.007329474125800665,0.0,1.0,4.0,0.0,4.0,0.002576923076923077,0.03153741906436452,0.026307692307692306,10.130901970700984,10.052045479177274,0.0,0.0,0.0,-0.4341683098493835,0.37735849056603776,0.0,0.0,E0000699,U002-normal-059,U002,normal_user,DAILY_NORMAL,0,0,0
0.046554395875628346,0.011,0.0,0.0,0.0,0.010830118484392026,0.0,1.0,5.0,0.0,5.0,0.0038076923076923075,0.03609832835275994,0.030115384615384617,10.207104488000214,10.188591303973109,0.0,0.0,0.0,-0.4265921078837249,0.4702194357366771,0.0,0.0,E0000700,U002-hard-SUBSCRIPTION_BURST-003,U002,hard_negative,SUBSCRIPTION_BURST,0,0,0
0.07028500016644888,0.016555555555555556,0.0,0.0,0.0,0.01629987529469103,0.0,2.0,6.0,0.0,5.0,0.009538461538461539,0.04296107829949742,0.03584615384615385,6.493753839851686,9.647045715820404,0.0,0.0,0.0,-0.41523661928527233,0.5625,0.0,0.0,E0000701,U002-hard-SUBSCRIPTION_BURST-003,U002,hard_negative,SUBSCRIPTION_BURST,0,0,0
0.07049780167186975,0.016555555555555556,0.0,0.0,0.0,0.01629987529469103,0.0,3.0,7.0,0.0,6.0,0.01526923076923077,0.04981791397670043,0.041576923076923074,6.493753839851686,9.455542826809339,0.0,0.0,0.0,-0.41444599657129394,0.6542056074766356,0.0,0.0,E0000702,U002-hard-SUBSCRIPTION_BURST-003,U002,hard_negative,SUBSCRIPTION_BURST,0,0,0
0.23253790492642504,0.05444444444444444,0.0,0.0,0.0,0.053603616740930234,0.0,4.0,8.0,0.0,6.0,0.03411538461538462,0.0723830094391547,0.06042307692307692,6.493753839851686,9.290721483922995,0.0,0.0,0.0,-0.3416247301073571,0.7453416149068324,0.0,0.0,E0000703,U002-hard-SUBSCRIPTION_BURST-003,U002,hard_negative,SUBSCRIPTION_BURST,0,0,0
0.04709874976778359,0.011,0.0,0.0,0.0,0.010830118484392026,0.0,5.0,9.0,0.0,7.0,0.03792307692307692,0.07688652210381094,0.06423076923076923,6.493753839851686,8.690776682266907,0.0,0.0,0.0,-0.42372454920602987,0.8359133126934983,0.0,0.0,E0000704,U002-hard-SUBSCRIPTION_BURST-003,U002,hard_negative,SUBSCRIPTION_BURST,0,0,0
1.8529951906614095,0.43144444444444446,0.0,0.0,0.0,0.4247813138878206,0.0,1.0,10.0,0.0,8.0,0.14934615384615385,0.25562035918152937,0.21357692307692308,8.307705966549513,7.200275628074167,0.0,0.0,0.0,0.3786374948095894,0.9259259259259258,0.0,0.0,E0000705,U002-normal-059,U002,normal_user,DAILY_NORMAL,0,0,0
0.0661509337277286,0.015444444444444445,0.0,0.0,0.0,0.015205923932631229,0.0,1.0,9.0,0.0,7.0,0.005346153846153846,0.23905124363147076,0.20092307692307693,9.919852906622392,8.570468520275098,0.0,0.0,0.0,-0.4162332711855152,0.8307692307692307,0.0,0.0,E0000706,U002-normal-059,U002,normal_user,DAILY_NORMAL,0,0,0
0.1474950111533462,0.034333333333333334,0.0,0.0,0.0,0.033803097087647845,0.0,1.0,9.0,0.0,7.0,0.011884615384615384,0.24632064891889202,0.20707692307692308,8.979920411691197,8.814300704515174,0.0,0.0,0.0,-0.3793447430701664,0.8282208588957055,0.0,0.0,E0000707,U002-normal-059,U002,normal_user,DAILY_NORMAL,0,0,0
0.6002015245712096,0.13933333333333334,0.0,0.0,0.0,0.13718150080229902,0.0,2.0,10.0,0.0,7.0,0.06011538461538461,0.30354872459876336,0.2553076923076923,7.821242083523558,8.867314708485127,0.0,0.0,0.0,-0.17766043883104404,0.9174311926605504,0.0,0.0,E0000708,U002-normal-059,U002,normal_user,DAILY_NORMAL,0,0,0
0.02060722773615762,0.0047777777777777775,0.0,1.0,0.0,0.004703990856857143,0.0,1.0,11.0,0.0,8.0,0.0016538461538461537,0.30493220045463804,0.25696153846153846,9.03013657115323,9.063486340081559,0.0,0.0,0.0,-0.43533504505086845,1.0060975609756098,0.0,0.0,E0000709,U002-normal-059,U002,normal_user,DAILY_NORMAL,0,0,0
0.02692075653349092,0.006222222222222222,0.0,0.0,0.0,0.006126127627534884,0.0,1.0,11.0,0.0,9.0,0.0021538461538461538,0.30441022730286693,0.25653846153846155,10.520913922555932,9.631665705794946,0.0,0.0,0.0,-0.43174259555012057,1.0030395136778116,0.0,0.0,E0000710,U002-normal-060,U002,normal_user,DAILY_NORMAL,0,0,0
0.015430656170841318,0.0035555555555555557,0.0,0.0,0.0,0.003500644358591362,0.0,2.0,12.0,0.0,10.0,0.003384615384615385,0.3058446105786037,0.25776923076923075,6.727431724850855,9.336162121530652,0.0,0.0,0.0,-0.43606000624550134,1.0909090909090908,0.0,0.0,E0000711,U002-normal-060,U002,normal_user,DAILY_NORMAL,0,0,0
0.0,0.0,1.0,0.0,0.0,0.0,0.0,1.0,8.0,1.0,8.0,0.0,0.26083597440144457,0.21984615384615386,8.754476306284166,9.307485231362545,0.0,0.0,0.0,-0.4420866025199887,0.7250755287009063,0.0,1.0,E0000712,U002-misuse-UNAUTHORIZED_TOOL-006,U002,agent_misuse,UNAUTHORIZED_TOOL,1,0,1
2.6120103524735283,0.6,1.0,0.0,0.0,0.5907337355122924,0.0,2.0,9.0,2.0,9.0,0.2076923076923077,0.5072520453895133,0.42753846153846153,6.293419278846481,9.271416656483549,0.0,0.0,0.0,0.7126481799520716,0.8132530120481928,0.0,1.0,E0000713,U002-misuse-UNAUTHORIZED_TOOL-006,U002,agent_misuse,UNAUTHORIZED_TOOL,1,0,1
0.0,0.0,1.0,0.0,0.0,0.0,0.0,3.0,10.0,3.0,10.0,0.2076923076923077,0.5031194878087347,0.42753846153846153,6.293419278846481,9.11248495580413,0.0,0.0,0.0,-0.4446648523071703,0.9009009009009009,0.0,1.0,E0000714,U002-misuse-UNAUTHORIZED_TOOL-006,U002,agent_misuse,UNAUTHORIZED_TOOL,1,0,1
0.16122665246695583,0.03722222222222222,0.0,0.0,0.0,0.03664737062900332,0.0,1.0,10.0,0.0,10.0,0.012884615384615385,0.3425340305628377,0.29107692307692307,9.0441677169216,8.11522197256233,0.0,0.0,0.0,-0.3729730266999719,0.8982035928143713,0.0,0.0,E0000715,U002-normal-060,U002,normal_user,DAILY_NORMAL,0,0,0
0.022679304943466535,0.005222222222222222,0.0,0.0,0.0,0.005141571401681064,0.0,1.0,8.0,0.0,8.0,0.0018076923076923077,0.2674921478671229,0.22742307692307692,10.284933154800072,9.10892760923312,0.0,0.0,0.0,-0.4340255700556601,0.7164179104477613,0.0,0.0,E0000716,U002-normal-060,U002,normal_user,DAILY_NORMAL,0,0,0
0.3102517126790005,0.07122222222222223,0.0,0.0,0.0,0.07012228230803322,0.0,1.0,2.0,0.0,2.0,0.024653846153846155,0.031121521326658453,0.02646153846153846,11.051572312231935,9.922132647404968,0.0,0.0,0.0,-0.30576988384209025,0.17857142857142858,0.0,0.0,E0000717,U002-normal-061,U002,normal_user,DAILY_NORMAL,0,0,0
0.2725986890835904,0.06244444444444444,0.0,0.0,0.0,0.0614800665477608,0.0,1.0,3.0,0.0,3.0,0.021615384615384616,0.05648886430800955,0.04807692307692308,8.234564993267135,9.9533247873833,0.0,0.0,0.0,-0.3222250100781671,0.26706231454005935,0.0,0.0,E0000718,U002-normal-061,U002,normal_user,DAILY_NORMAL,0,0,0
1.9995179084181633,0.457,0.0,1.0,0.0,0.449942195215196,0.0,1.0,4.0,0.0,4.0,0.1581923076923077,0.24215482005285538,0.20626923076923076,9.319463798994537,10.049508129603751,0.0,0.0,0.0,0.44238474164467506,0.35502958579881655,0.0,0.0,E0000719,U002-normal-061,U002,normal_user,DAILY_NORMAL,0,0,0
0.02859439378743265,0.006555555555555556,0.0,0.0,0.0,0.006454313036152824,0.0,1.0,5.0,0.0,4.0,0.002269230769230769,0.24331262259174488,0.20853846153846153,8.430981494597171,10.015386645033537,0.0,0.0,0.0,-0.4318053239020828,0.44247787610619466,0.0,0.0,E0000720,U002-normal-061,U002,normal_user,DAILY_NORMAL,0,0,0
1.1496351962071667,0.2627777777777778,0.0,0.0,0.0,0.2587194971271429,0.0,2.0,6.0,0.0,5.0,0.09323076923076923,0.34941132305865175,0.2995,7.638198244285779,9.736582547669107,0.0,0.0,0.0,0.06639964415032495,0.5294117647058824,0.0,0.0,E0000721,U002-normal-061,U002,normal_user,DAILY_NORMAL,0,0,0
0.12244192532188158,0.028,0.0,0.0,0.0,0.02756757432390698,0.0,2.0,6.0,0.0,5.0,0.10065384615384615,0.35734584690785776,0.30738461538461537,8.125630988477065,8.51579221050061,0.0,0.0,0.0,-0.3901856929435074,0.5278592375366569,0.0,0.0,E0000722,U002-normal-061,U002,normal_user,DAILY_NORMAL,0,0,0
0.10913013555108203,0.024888888888888887,0.0,0.0,0.0,0.024504510510139535,0.0,1.0,7.0,0.0,5.0,0.008615384615384615,0.36722362126789393,0.316,10.689783487794095,9.474257276627684,0.0,0.0,0.0,-0.3955548152399267,0.6140350877192983,0.0,0.0,E0000723,U002-normal-062,U002,normal_user,DAILY_NORMAL,0,0,0
0.11773210157432754,0.02677777777777778,0.0,0.0,0.0,0.0263642278256412,0.0,2.0,8.0,0.0,6.0,0.017884615384615384,0.3778692881593796,0.32526923076923075,7.995643604287271,9.339893863231481,0.0,0.0,0.0,-0.39117509204032896,0.6997084548104956,0.0,0.0,E0000724,U002-normal-062,U002,normal_user,DAILY_NORMAL,0,0,0
0.1954415716620858,0.044333333333333336,0.0,0.0,0.0,0.043648659346186044,0.0,1.0,9.0,0.0,7.0,0.015346153846153846,0.39555512458336534,0.3406153846153846,9.22631214148588,9.433323910489028,0.0,0.0,0.0,-0.35622316922677927,0.7848837209302325,0.0,0.0,E0000725,U002-normal-062,U002,normal_user,DAILY_NORMAL,0,0,0
0.2592615423327552,0.058666666666666666,0.0,0.0,0.0,0.057760631916757475,0.0,1.0,4.0,0.0,4.0,0.020307692307692308,0.062137063864875226,0.05353846153846154,11.171420585820941,10.177202537759293,0.0,0.0,0.0,-0.32760074266863165,0.34782608695652173,0.0,0.0,E0000726,U002-normal-063,U002,normal_user,DAILY_NORMAL,0,0,0
0.1786420900100487,0.04033333333333333,0.0,0.0,0.0,0.03971043444277077,0.0,2.0,5.0,0.0,4.0,0.03426923076923077,0.07827941074321126,0.0675,7.242797922793756,10.162013691583816,0.0,0.0,0.0,-0.3629326766230143,0.43352601156069365,0.0,0.0,E0000727,U002-normal-063,U002,normal_user,DAILY_NORMAL,0,0,0
0.15984458884565916,0.036,0.0,0.0,0.0,0.03544402413073754,0.0,1.0,4.0,0.0,4.0,0.012461538461538461,0.07195146318521137,0.06207692307692308,9.266058860732526,9.864434825272427,0.0,0.0,0.0,-0.37080570169073646,0.345821325648415,0.0,0.0,E0000728,U002-normal-063,U002,normal_user,DAILY_NORMAL,0,0,0
0.20624626311337485,0.04633333333333333,0.0,1.0,0.0,0.04561777179789369,0.0,1.0,4.0,0.0,4.0,0.01603846153846154,0.07271888465466064,0.06276923076923077,8.69349667588463,9.895112580153938,0.0,0.0,0.0,-0.3498959254639544,0.3448275862068966,0.0,0.0,E0000729,U002-agent-normal-032,U002,normal_agent,DELEGATED_NORMAL,0,0,0
0.25086142395475736,0.05622222222222222,0.0,0.0,0.0,0.055353938920225915,0.0,1.0,5.0,0.0,4.0,0.01946153846153846,0.09520633672846877,0.08223076923076923,8.9680140012452,9.871511731656977,0.0,0.0,0.0,-0.32987808665740326,0.42979942693409745,0.0,0.0,E0000730,U002-normal-063,U002,normal_user,DAILY_NORMAL,0,0,0
0.036272584260678364,0.00811111111111111,0.0,0.0,0.0,0.007985844943036545,0.0,1.0,6.0,0.0,5.0,0.0028076923076923075,0.09838317374814132,0.08503846153846153,9.092232283495854,8.844163282448546,0.0,0.0,0.0,-0.42398636701319,0.5142857142857143,0.0,0.0,E0000731,U002-normal-063,U002,normal_user,DAILY_NORMAL,0,0,0
0.19484077330648444,0.043444444444444445,0.0,0.0,0.0,0.04277349825653821,0.0,1.0,7.0,0.0,6.0,0.015038461538461539,0.11576901994507502,0.10007692307692308,10.744235437161638,9.675745946351109,0.0,0.0,0.0,-0.3536413934856918,0.5982905982905983,0.0,0.0,E0000732,U002-normal-064,U002,normal_user,DAILY_NORMAL,0,0,0
2.9965450102652813,0.6665555555555556,0.0,0.0,0.0,0.6562614220996744,0.0,1.0,6.0,0.0,6.0,0.23073076923076924,0.34283699156306446,0.29653846153846153,9.735837835974042,9.752350660019458,0.0,0.0,0.0,0.8759641057392763,0.5113636363636364,0.0,0.0,E0000733,U002-normal-064,U002,normal_user,DAILY_NORMAL,0,0,0
0.07845872150338654,0.017555555555555557,0.0,0.0,0.0,0.01728443152054485,0.0,2.0,6.0,0.0,6.0,0.2368076923076923,0.3324990234934918,0.29015384615384615,6.111467339502679,9.686077533069678,0.0,0.0,0.0,-0.40684670401157486,0.509915014164306,0.0,0.0,E0000734,U002-normal-064,U002,normal_user,DAILY_NORMAL,0,0,0
0.15585138855236985,0.034777777777777776,0.0,0.0,0.0,0.03424067763247176,0.0,1.0,4.0,0.0,4.0,0.012038461538461538,0.30232587205117745,0.2638846153846154,10.397177190355384,9.95588074181746,0.0,0.0,0.0,-0.37212446101008395,0.3389830508474576,0.0,0.0,E0000735,U002-normal-064,U002,normal_user,DAILY_NORMAL,0,0,0
0.060399217408367185,0.013444444444444445,0.0,0.0,1.0,0.013236811480923589,0.0,1.0,5.0,0.0,5.0,0.004653846153846154,0.307516287757817,0.26853846153846156,9.73613342286396,10.02933575490099,0.0,0.0,0.0,-0.41369880083250316,0.4225352112676056,0.0,0.0,E0000736,U002-normal-065,U002,normal_user,DAILY_NORMAL,0,0,0
0.18620322549016222,0.04133333333333333,0.0,0.0,0.0,0.04069499066862459,0.0,1.0,3.0,0.0,3.0,0.014307692307692308,0.03549328345120394,0.031,10.671463873716723,10.00022398748214,0.0,0.0,0.0,-0.3577563167153654,0.25280898876404495,0.0,0.0,E0000737,U002-normal-065,U002,normal_user,DAILY_NORMAL,0,0,0
0.20169956333869135,0.04466666666666667,0.0,0.0,0.0,0.043976844754803984,0.0,1.0,4.0,0.0,4.0,0.015461538461538462,0.05316685705532408,0.046461538461538464,9.763535592108683,10.004526744710393,0.0,0.0,0.0,-0.35055622383002316,0.3361344537815126,0.0,0.0,E0000738,U002-normal-065,U002,normal_user,DAILY_NORMAL,0,0,0
3.3946471231943014,0.75,0.0,0.0,0.0,0.7384171693903655,0.0,1.0,4.0,0.0,4.0,0.25961538461538464,0.3362757014165266,0.2940384615384615,9.835315772432795,10.157067191067775,0.0,0.0,0.0,1.0504541557214646,0.33519553072625696,0.0,0.0,E0000739,U002-normal-065,U002,normal_user,DAILY_NORMAL,0,0,0
0.02097622938470642,0.004666666666666667,0.0,0.0,0.0,0.004594595720651163,0.0,1.0,4.0,0.0,4.0,0.0016153846153846153,0.32953935117252653,0.291,10.197536811366069,10.109956858061944,0.0,0.0,0.0,-0.4323926218805029,0.3342618384401114,0.0,0.0,E0000740,U002-normal-066,U002,normal_user,DAILY_NORMAL,0,0,0
0.07613001095445357,0.016888888888888887,0.0,1.0,0.0,0.01662806070330897,0.0,1.0,5.0,0.0,5.0,0.005846153846153846,0.3361392588938631,0.29684615384615387,9.837240906717202,10.124492819348628,0.0,0.0,0.0,-0.4073562723758703,0.4166666666666667,0.0,0.0,E0000741,U002-normal-066,U002,normal_user,DAILY_NORMAL,0,0,0
0.08336458112349208,0.018444444444444444,0.0,0.0,0.0,0.01815959261019269,0.0,1.0,2.0,0.0,2.0,0.006384615384615384,0.013846683333068363,0.01223076923076923,11.215556626928903,10.34754497126585,0.0,0.0,0.0,-0.40357419311504183,0.16620498614958448,0.0,0.0,E0000742,U002-normal-067,U002,normal_user,DAILY_NORMAL,0,0,0
0.10271938303999675,0.02266666666666667,0.0,0.0,1.0,0.022316607786019935,0.0,1.0,2.0,0.0,2.0,0.007846153846153846,0.016107040059670622,0.01423076923076923,10.916741642416737,10.564137367503298,0.0,0.0,0.0,-0.3944855298789631,0.16574585635359115,0.0,0.0,E0000743,U002-normal-068,U002,normal_user,DAILY_NORMAL,0,0,0
0.1751753272089162,0.03855555555555556,0.0,1.0,0.0,0.037960112263475086,0.0,1.0,2.0,0.0,2.0,0.013346153846153846,0.023979331534361735,0.02119230769230769,10.765997688725635,10.702367679393,0.0,0.0,0.0,-0.36213542373665025,0.1652892561983471,0.0,0.0,E0000744,U002-normal-068,U002,normal_user,DAILY_NORMAL,0,0,0
0.06426504375192477,0.01411111111111111,0.0,0.0,0.0,0.013893182298159468,0.0,1.0,3.0,0.0,3.0,0.004884615384615385,0.029491482749681875,0.026076923076923077,9.003439196207838,10.614469739620986,0.0,0.0,0.0,-0.410370474003264,0.24725274725274726,0.0,0.0,E0000745,U002-normal-068,U002,normal_user,DAILY_NORMAL,0,0,0
0.06545207968193315,0.014333333333333333,0.0,0.0,0.0,0.014111972570571429,0.0,1.0,4.0,0.0,3.0,0.004961538461538462,0.03509623143077744,0.03103846153846154,9.899278707762074,10.6203366111686,0.0,0.0,0.0,-0.4092408957374193,0.32876712328767127,0.0,0.0,E0000746,U002-normal-068,U002,normal_user,DAILY_NORMAL,0,0,0
0.038155123848776555,0.008333333333333333,0.0,0.0,0.0,0.008204635215448505,0.0,1.0,4.0,0.0,3.0,0.0028846153846153848,0.029480540136148724,0.026076923076923077,10.72515986528436,10.468835451914197,0.0,0.0,0.0,-0.4205722102620815,0.3278688524590164,0.0,0.0,E0000747,U002-normal-069,U002,normal_user,DAILY_NORMAL,0,0,0
0.0862117873089979,0.01877777777777778,0.0,0.0,0.0,0.01848777801881063,0.0,1.0,5.0,0.0,4.0,0.0065,0.036824931339457315,0.03257692307692308,8.857088135314953,10.149870954375656,0.0,0.0,0.0,-0.39893434990963117,0.40871934604904636,0.0,0.0,E0000748,U002-normal-069,U002,normal_user,DAILY_NORMAL,0,0,0
0.004603075955170876,0.001,0.0,0.0,0.0,0.0009845562258538206,0.0,2.0,6.0,0.0,5.0,0.006846153846153846,0.03720711064802899,0.03292307692307692,8.005033344637111,9.72379852758754,0.0,0.0,0.0,-0.4339549341033954,0.48913043478260865,0.0,0.0,E0000749,U002-agent-normal-027,U002,normal_agent,DELEGATED_NORMAL,0,0,0
0.32312389463259034,0.07,0.0,0.0,0.0,0.06891893580976745,0.0,1.0,5.0,0.0,5.0,0.02423076923076923,0.04398727217758695,0.03892307692307692,9.893992617974327,9.85464388693552,0.0,0.0,0.0,-0.29460045924348394,0.4065040650406504,0.0,0.0,E0000750,U002-normal-069,U002,normal_user,RECURRING_NORMAL,0,0,0
0.13566296636604394,0.029333333333333333,0.0,0.0,0.0,0.028880315958378738,0.0,1.0,5.0,0.0,5.0,0.010153846153846154,0.049809674270759406,0.04411538461538462,9.78571701680162,9.831937843696052,0.0,0.0,0.0,-0.37595681806869996,0.4054054054054054,0.0,0.0,E0000751,U002-normal-069,U002,normal_user,DAILY_NORMAL,0,0,0
0.3559517568691767,0.07677777777777778,0.0,0.0,0.0,0.07559203911833223,0.0,1.0,2.0,0.0,2.0,0.026576923076923078,0.04145603113181479,0.036730769230769234,11.203011416743363,10.09377727897926,0.0,0.0,0.0,-0.27979642270900146,0.16172506738544473,0.0,0.0,E0000752,U002-normal-070,U002,normal_user,DAILY_NORMAL,0,0,0
0.1878445834382509,0.04044444444444444,0.0,0.0,0.0,0.03981982957897674,0.0,2.0,3.0,0.0,3.0,0.04057692307692308,0.05719988123442906,0.05073076923076923,5.8916442118257715,10.03712643938294,0.0,0.0,0.0,-0.35264700498601825,0.24193548387096772,0.0,0.0,E0000753,U002-normal-070,U002,normal_user,DAILY_NORMAL,0,0,0
0.255511585834997,0.05488888888888889,0.0,0.0,0.0,0.054041197285754156,0.0,2.0,4.0,0.0,4.0,0.033,0.07858138530277005,0.06973076923076924,8.168202930236053,10.041761431772569,0.0,0.0,0.0,-0.32292720200582237,0.32171581769436997,0.0,0.0,E0000754,U002-normal-070,U002,normal_user,DAILY_NORMAL,0,0,0
0.04872064959689317,0.010444444444444444,0.0,0.0,0.0,0.010283142803362127,0.0,1.0,4.0,0.0,4.0,0.0036153846153846154,0.07116223607630132,0.06319230769230769,10.798738492141016,10.267970931144863,0.0,0.0,0.0,-0.41228338297155076,0.32085561497326204,0.0,0.0,E0000755,U002-normal-071,U002,normal_user,DAILY_NORMAL,0,0,0
0.20371377688510184,0.043555555555555556,0.0,0.0,0.0,0.04288289339274419,0.0,1.0,5.0,0.0,5.0,0.015076923076923076,0.08812872788290439,0.07826923076923077,8.23217423638394,10.165536382644047,0.0,0.0,0.0,-0.34459531465974447,0.4,0.0,0.0,E0000756,U002-normal-071,U002,normal_user,DAILY_NORMAL,0,0,0
4.124948502713054,0.88,1.0,1.0,0.0,0.8664094787513621,0.0,2.0,6.0,1.0,6.0,0.3196923076923077,0.4308723909228202,0.3828846153846154,6.646390514847729,9.347978321143497,0.0,0.0,0.0,1.3509987592498136,0.4787234042553192,0.0,0.0,E0000757,U002-hard-EMERGENCY_LARGE_TRANSFER-004,U002,hard_negative,EMERGENCY_LARGE_TRANSFER,0,0,0
0.08055361028971235,0.017333333333333333,0.0,0.0,0.0,0.017065641248132892,0.0,1.0,7.0,0.0,7.0,0.006,0.4326803833612843,0.3888846153846154,8.823942326585245,9.454242955830335,0.0,0.0,0.0,-0.40047924912496075,0.5570291777188329,0.0,0.0,E0000758,U002-normal-071,U002,normal_user,DAILY_NORMAL,0,0,0
0.07868744132274082,0.016888888888888887,0.0,0.0,0.0,0.01662806070330897,0.0,2.0,8.0,0.0,8.0,0.011846153846153847,0.43908721742893053,0.3947307692307692,7.7501841622578365,9.43517848670646,0.0,0.0,0.0,-0.4007396177667998,0.6349206349206349,0.0,0.0,E0000759,U002-normal-071,U002,normal_user,DAILY_NORMAL,0,0,0
0.13805244388156615,0.029555555555555557,0.0,0.0,0.0,0.0290991062307907,0.0,1.0,6.0,0.0,5.0,0.01023076923076923,0.38411270327288605,0.3453846153846154,10.362430234422439,9.111514017669288,0.0,0.0,0.0,-0.3744010878706058,0.474934036939314,0.0,0.0,E0000760,U002-normal-071,U002,normal_user,DAILY_NORMAL,0,0,0
0.2684348903991904,0.05733333333333333,0.0,0.0,0.0,0.056447890282285716,0.0,2.0,7.0,0.0,5.0,0.030076923076923077,0.40603021969269076,0.36523076923076925,6.269096283706261,9.03748586095514,0.0,0.0,0.0,-0.31739114552892855,0.5526315789473685,0.0,0.0,E0000761,U002-normal-071,U002,normal_user,DAILY_NORMAL,0,0,0
0.0,0.0,0.0,0.0,0.0,0.0,0.0,1.0,7.0,0.0,5.0,0.0,0.4017155283140454,0.3616153846153846,10.699078499172499,9.748096103272736,0.0,0.0,0.0,-0.43351809747611797,0.5511811023622047,0.0,0.0,E0000762,U002-agent-normal-017,U002,normal_agent,DELEGATED_NORMAL,0,0,0
0.17305983576719947,0.03688888888888889,0.0,0.0,0.0,0.03631918522038538,0.0,1.0,4.0,0.0,3.0,0.012769230769230769,0.047597436560502714,0.042846153846153846,10.325219633108164,9.992459506338392,0.0,0.0,0.0,-0.35849352672479223,0.31413612565445026,0.0,0.0,E0000763,U002-normal-072,U002,normal_user,DAILY_NORMAL,0,0,0
0.5391598898850286,0.11466666666666667,0.0,0.0,0.0,0.11289578056457143,0.0,1.0,5.0,0.0,4.0,0.03969230769230769,0.09164795669581073,0.08253846153846153,8.819073983267831,10.032276467369046,0.0,0.0,0.0,-0.1995695554366747,0.39164490861618795,0.0,0.0,E0000764,U002-normal-072,U002,normal_user,DAILY_NORMAL,0,0,0
0.6606712823592954,0.14033333333333334,0.0,0.0,1.0,0.13816605702815282,0.0,1.0,4.0,0.0,4.0,0.04857692307692308,0.1120251638669491,0.10103846153846154,9.86485066892121,9.916788698775257,0.0,0.0,0.0,-0.14695616522263588,0.3125,0.0,0.0,E0000765,U002-normal-073,U002,normal_user,DAILY_NORMAL,0,0,0
0.0,0.0,0.0,0.0,0.0,0.0,0.0,1.0,4.0,0.0,4.0,0.0,0.11182440524409128,0.10103846153846154,10.809606729088786,10.310983929553371,0.0,0.0,0.0,-0.4332556186306751,0.3116883116883117,0.0,0.0,E0000766,U002-agent-normal-016,U002,normal_agent,DELEGATED_NORMAL,0,0,0
0.337708001143509,0.07166666666666667,0.0,0.0,0.0,0.07055986285285715,0.0,1.0,2.0,0.0,2.0,0.02480769230769231,0.027455935052317804,0.02480769230769231,11.131972465357673,10.459158426663867,0.0,0.0,0.0,-0.28694172967871534,0.15544041450777202,0.0,0.0,E0000767,U002-normal-074,U002,normal_user,DAILY_NORMAL,0,0,0
1.2284192138721821,0.26022222222222224,0.0,0.0,0.0,0.2562034089944053,0.0,2.0,3.0,0.0,3.0,0.11488461538461539,0.12703238829723526,0.11488461538461539,6.22455842927536,10.270378138664517,0.0,0.0,0.0,0.09890952691267255,0.23255813953488372,0.0,0.0,E0000768,U002-normal-074,U002,normal_user,DAILY_NORMAL,0,0,0
0.09173402559638155,0.019444444444444445,0.0,0.0,0.0,0.019144148836046513,0.0,1.0,3.0,0.0,3.0,0.006730769230769231,0.13402987551902587,0.12161538461538461,10.071963702508029,10.381161688086083,0.0,0.0,0.0,-0.3940634998389031,0.23195876288659795,0.0,0.0,E0000769,U002-normal-074,U002,normal_user,DAILY_NORMAL,0,0,0
14.183608091984752,2.9990945011239245,1.0,1.0,1.0,0.9764849317970902,0.0,1.0,4.0,1.0,4.0,1.0381480965428969,1.2778361055368366,1.1597634811582815,10.496786773122912,10.481162151284408,0.0,0.0,0.0,5.712414060132204,0.30848329048843187,0.0,0.0,E0000770,U002-paysim-fraud-001,U002,paysim_fraud,ACCOUNT_DRAIN_TRANSFER,1,1,1
1.6582523985356241,0.3630271163763944,0.0,1.0,1.0,0.3574206075821386,0.0,2.0,5.0,1.0,4.0,1.1638113291347258,1.364275722349481,1.2854267137501103,5.484796933490655,10.157633523768453,0.0,0.0,0.0,0.28355302261952703,0.38461538461538464,0.0,0.0,E0000771,U002-paysim-fraud-001,U002,paysim_fraud,FOLLOW_UP_CASHOUT_PROXY,1,1,1
0.11196895671271631,0.024555555555555556,0.0,0.0,0.0,0.024176325101521595,0.0,1.0,6.0,0.0,5.0,0.0085,1.3672188505943383,1.2939267137501105,9.020026965252676,9.53071226225062,0.0,0.0,0.0,-0.3836793163443918,0.46035805626598464,0.0,0.0,E0000772,U002-normal-075,U002,normal_user,DAILY_NORMAL,0,0,0
0.1960299041408109,0.042888888888888886,0.0,0.0,0.0,0.0422265225755083,0.0,1.0,5.0,0.0,4.0,0.014846153846153846,1.261136329644173,1.193888252211649,10.519834679000835,9.956269737975097,0.0,0.0,0.0,-0.3469325723794725,0.3826530612244898,0.0,0.0,E0000773,U002-normal-075,U002,normal_user,DAILY_NORMAL,0,0,0
0.06565296491813458,0.014333333333333333,0.0,0.0,0.0,0.014111972570571429,0.0,1.0,2.0,0.0,2.0,0.004961538461538462,0.020912467177659145,0.019807692307692307,10.926999068694988,10.221279246374518,0.0,0.0,0.0,-0.4028028831521694,0.15267175572519084,0.0,0.0,E0000774,U002-normal-076,U002,normal_user,DAILY_NORMAL,0,0,0
0.5954059492210323,0.12966666666666668,0.0,0.0,0.0,0.12766412395237875,0.0,1.0,3.0,0.0,3.0,0.044884615384615384,0.0682886000688548,0.06469230769230769,9.054504940418054,9.996677304002244,0.0,0.0,0.0,-0.17418449337144484,0.2284263959390863,0.0,0.0,E0000775,U002-normal-076,U002,normal_user,DAILY_NORMAL,0,0,0
0.5291358260438871,0.11511111111111111,0.0,0.0,0.0,0.11333336110939535,0.0,1.0,4.0,0.0,4.0,0.039846153846153844,0.1101758269892815,0.10453846153846154,9.005036738790304,10.066201463023875,0.0,0.0,0.0,-0.20275816089355714,0.3037974683544304,0.0,0.0,E0000776,U002-normal-076,U002,normal_user,DAILY_NORMAL,0,0,0
0.0848897777395819,0.018444444444444444,0.0,0.0,0.0,0.01815959261019269,0.0,2.0,5.0,0.0,5.0,0.04623076923076923,0.11674132259955854,0.11092307692307693,7.00669522683704,10.003396233915709,0.0,0.0,0.0,-0.3940636332248606,0.3787878787878788,0.0,0.0,E0000777,U002-normal-076,U002,normal_user,DAILY_NORMAL,0,0,0
0.01589117919688857,0.0034444444444444444,0.0,0.0,0.0,0.003391249222385382,0.0,2.0,6.0,0.0,6.0,0.007576923076923077,0.1179697470940497,0.11211538461538462,7.8399193600125825,9.629103337028322,0.0,0.0,0.0,-0.42322608498106246,0.45340050377833757,0.0,0.0,E0000778,U002-agent-normal-018,U002,normal_agent,DELEGATED_NORMAL,0,0,0
0.11717973078337968,0.025333333333333333,0.0,0.0,0.0,0.024942091054963457,0.0,1.0,1.0,0.0,1.0,0.008769230769230769,0.009226750455384226,0.008769230769230769,11.411966359988897,10.005520538101246,0.0,0.0,0.0,-0.37909408331858546,0.07537688442211055,0.0,0.0,E0000779,U002-normal-077,U002,normal_user,DAILY_NORMAL,0,0,0
0.11951171281795607,0.025777777777777778,0.0,0.0,0.0,0.025379671599787375,0.0,1.0,2.0,0.0,2.0,0.008923076923076922,0.018609650172501737,0.01769230769230769,10.142819364046863,10.14716287701975,0.0,0.0,0.0,-0.37764259441051384,0.15037593984962405,0.0,0.0,E0000780,U002-normal-077,U002,normal_user,DAILY_NORMAL,0,0,0
0.03562633410073401,0.007666666666666666,0.0,0.0,0.0,0.007548264398212625,0.0,1.0,3.0,0.0,3.0,0.0026538461538461538,0.021394404290258025,0.020346153846153847,10.733610188123151,10.406206405048183,0.0,0.0,0.0,-0.4131331419085036,0.22499999999999998,0.0,0.0,E0000781,U002-normal-078,U002,normal_user,DAILY_NORMAL,0,0,0
0.39908782437296003,0.08566666666666667,0.0,0.0,0.0,0.08434365001481063,0.0,1.0,4.0,0.0,4.0,0.029653846153846152,0.052571150665212396,0.05,8.477620416296414,10.428352166885626,0.0,0.0,0.0,-0.25705933055799135,0.29925187032418954,0.0,0.0,E0000782,U002-normal-078,U002,normal_user,DAILY_NORMAL,0,0,0
1.1431471178859507,0.24500059270382774,1.0,1.0,0.0,0.24121685888442976,0.0,2.0,5.0,1.0,5.0,0.11446174362824807,0.1415929694512957,0.13480789747440192,7.747164966520335,10.427020100298469,0.0,0.0,0.0,0.06121446827621504,0.3731343283582089,0.0,0.0,E0000783,U002-misuse-LOW_AND_SLOW_ATTACK-008,U002,agent_misuse,LOW_AND_SLOW_ATTACK,1,0,0
2.052209850139187,0.4399950637450168,0.0,1.0,0.0,0.43319987935510496,0.0,1.0,6.0,0.0,6.0,0.1523059836040443,0.3006719692257591,0.2871138810784462,8.881975184248867,9.748026013908769,0.0,0.0,0.0,0.4507088053895024,0.4466501240694789,0.0,0.0,E0000784,U002-misuse-LOW_AND_SLOW_ATTACK-008,U002,agent_misuse,LOW_AND_SLOW_ATTACK,1,0,0
0.8486437379890021,0.18244444444444444,0.0,0.0,0.0,0.17962681365021926,0.0,2.0,6.0,0.0,6.0,0.2154598297578904,0.3557334397670147,0.3414984964630616,7.584264818389059,9.428045159994113,0.0,0.0,0.0,-0.06507604452246914,0.44554455445544555,0.0,0.0,E0000785,U002-normal-078,U002,normal_user,DAILY_NORMAL,0,0,0
0.08169186173755215,0.017555555555555557,0.0,0.0,0.0,0.01728443152054485,0.0,2.0,7.0,0.0,7.0,0.06923076923076923,0.3612714477165771,0.34757541953998466,8.1786387885907,8.286672495762978,0.0,0.0,0.0,-0.3951825405572817,0.5185185185185185,0.0,0.0,E0000786,U002-normal-078,U002,normal_user,DAILY_NORMAL,0,0,0
2.4948509092109186,0.5348770143624302,0.0,1.0,0.0,0.5266164945566341,0.0,2.0,8.0,0.0,8.0,0.19122665881776427,0.5536003538950746,0.5327251552808259,7.421775793644647,8.114863163803546,0.0,0.0,0.0,0.6424695189434911,0.5911330049261084,0.0,0.0,E0000787,U002-misuse-LOW_AND_SLOW_ATTACK-008,U002,agent_misuse,LOW_AND_SLOW_ATTACK,1,0,0
1.5411143743993592,0.33166959170761773,1.0,1.0,0.0,0.3265473614421297,0.0,1.0,9.0,1.0,9.0,0.11480870482186767,0.6686197245455461,0.6475338601026935,8.881975184248867,8.371242135931933,0.0,0.0,0.0,0.23363234445390646,0.6633906633906634,0.0,0.0,E0000788,U002-misuse-LOW_AND_SLOW_ATTACK-008,U002,agent_misuse,LOW_AND_SLOW_ATTACK,1,0,0
2.0160904618708164,0.4344916303675267,0.0,1.0,0.0,0.4277814397597253,0.0,1.0,10.0,0.0,10.0,0.1504009489733746,0.8206752704261383,0.7979348090760682,8.881975184248867,8.371242135931933,0.0,0.0,0.0,0.43984802803213824,0.7352941176470589,0.0,0.0,E0000789,U002-misuse-LOW_AND_SLOW_ATTACK-008,U002,agent_misuse,LOW_AND_SLOW_ATTACK,1,0,0
1.8310149488543428,0.395628486122885,0.0,1.0,0.0,0.3895184891374083,0.0,1.0,10.0,0.0,10.0,0.13694832211946018,0.9474637737780094,0.9259600542724514,8.881975184248867,8.588173420133284,0.0,0.0,0.0,0.3610363136486971,0.7334963325183375,0.0,0.0,E0000790,U002-misuse-LOW_AND_SLOW_ATTACK-008,U002,agent_misuse,LOW_AND_SLOW_ATTACK,1,0,0
1.9573293914965173,0.42381560750994074,1.0,1.0,1.0,0.4172702949879314,0.0,1.0,11.0,1.0,11.0,0.1467054025995949,1.0924732445701277,1.0726654568720462,8.881975184248867,8.715256855158799,0.0,0.0,0.0,0.41725547000707097,0.8048780487804879,0.0,0.0,E0000791,U002-misuse-LOW_AND_SLOW_ATTACK-008,U002,agent_misuse,LOW_AND_SLOW_ATTACK,1,0,0
1.1028721636526697,0.23938236848010794,0.0,1.0,1.0,0.23568540124672366,0.0,1.0,12.0,0.0,11.0,0.0828631275508066,1.1710342038976629,1.1555285844228527,8.881975184248867,8.881975184248867,0.0,0.0,0.0,0.044993355107561965,0.8759124087591241,0.0,0.0,E0000792,U002-misuse-LOW_AND_SLOW_ATTACK-008,U002,agent_misuse,LOW_AND_SLOW_ATTACK,1,0,0
0.24565106566660827,0.05333333333333334,0.0,0.0,1.0,0.05250966537887043,0.0,1.0,13.0,0.0,12.0,0.018461538461538463,1.1864224753139558,1.1739901228843912,8.737773460327283,8.854750553361667,0.0,0.0,0.0,-0.3304343603973099,0.9466019417475728,0.0,0.0,E0000793,U002-normal-079,U002,normal_user,DAILY_NORMAL,0,0,0
2.42239613085886,0.524924875252584,0.0,1.0,1.0,0.5168180540354718,0.0,2.0,14.0,0.0,12.0,0.20016630297204832,1.369199954453137,1.355694887394901,6.875232087276577,8.658866349732383,0.0,0.0,0.0,0.6225791571703863,1.0169491525423728,0.0,0.0,E0000794,U002-misuse-LOW_AND_SLOW_ATTACK-008,U002,agent_misuse,LOW_AND_SLOW_ATTACK,1,0,0
0.4026043678699275,0.08755555555555555,0.0,0.0,0.0,0.0862033673303123,0.0,1.0,15.0,0.0,13.0,0.030307692307692306,1.391298763967242,1.3860025797025934,8.60922527686273,8.597334355781216,0.0,0.0,0.0,-0.2626183386334446,1.0869565217391304,0.0,0.0,E0000795,U002-normal-079,U002,normal_user,DAILY_NORMAL,0,0,0
1.7002934665042564,0.3692127998030993,1.0,1.0,0.0,0.3635107607110617,0.0,2.0,16.0,1.0,14.0,0.15811212300876515,1.5180520780391094,1.5138070104036663,7.450079569807499,8.371242135931933,0.0,0.0,0.0,0.30775093076379373,1.1566265060240963,0.0,0.0,E0000796,U002-misuse-LOW_AND_SLOW_ATTACK-008,U002,agent_misuse,LOW_AND_SLOW_ATTACK,1,0,0
2.100173774186074,0.456845829914464,0.0,1.0,0.0,0.44979040609764115,0.0,1.0,17.0,0.0,14.0,0.15813894112423754,1.669502207016816,1.6719459515279038,8.881975184248867,8.371242135931933,0.0,0.0,0.0,0.48488140981364936,1.2259615384615383,0.0,0.0,E0000797,U002-misuse-LOW_AND_SLOW_ATTACK-008,U002,agent_misuse,LOW_AND_SLOW_ATTACK,1,0,0
1.9902043628898887,0.43411517447583703,0.0,1.0,0.0,0.42741079776780294,0.0,1.0,18.0,0.0,14.0,0.15027063731855897,1.8100259654675055,1.8222165888464625,8.881975184248867,8.41502756665493,0.0,0.0,0.0,0.43803407064645,1.2949640287769784,0.0,0.0,E0000798,U002-misuse-LOW_AND_SLOW_ATTACK-008,U002,agent_misuse,LOW_AND_SLOW_ATTACK,1,0,0
0.4364879549942654,0.09544444444444444,0.0,0.0,0.0,0.09397042200093687,0.0,1.0,18.0,0.0,14.0,0.03303846153846154,1.8310966664325639,1.852601204231078,8.327242607457793,8.546324717922484,0.0,0.0,0.0,-0.25014721403691303,1.291866028708134,0.0,0.0,E0000799,U002-normal-079,U002,normal_user,DAILY_NORMAL,0,0,0
1.7738450944610813,0.3873333333333333,0.0,0.0,0.0,0.38135144481404654,0.0,1.0,12.0,0.0,9.0,0.13407692307692307,1.3335907401789668,1.350721190282231,10.253792249467017,9.182907508324938,0.0,0.0,0.0,0.3434348276800115,0.8591885441527446,0.0,0.0,E0000800,U002-normal-079,U002,normal_user,DAILY_NORMAL,0,0,0
0.5510422633066546,0.12055555555555555,0.0,0.0,0.0,0.11869372278348837,0.0,1.0,4.0,0.0,4.0,0.04173076923076923,0.3530046607310717,0.3591167911647128,10.894087664851423,9.91129697942761,0.0,0.0,0.0,-0.19985032134775682,0.2857142857142857,0.0,0.0,E0000801,U002-normal-080,U002,normal_user,DAILY_NORMAL,0,0,0
0.4296301704809992,0.09388888888888888,0.0,0.0,0.0,0.09243889009405316,0.0,1.0,3.0,0.0,3.0,0.0325,0.20448271749883634,0.2083076923076923,8.682538124003075,9.898294089824773,0.0,0.0,0.0,-0.2539158065220802,0.21377672209026127,0.0,0.0,E0000802,U002-normal-080,U002,normal_user,DAILY_NORMAL,0,0,0
0.3783022580307531,0.08255555555555555,0.0,0.0,0.0,0.0812805862010432,0.0,1.0,4.0,0.0,4.0,0.028576923076923076,0.23228788267897,0.2368846153846154,9.221181395154058,9.927106418134763,0.0,0.0,0.0,-0.2766958775105777,0.2843601895734597,0.0,0.0,E0000803,U002-agent-normal-024,U002,normal_agent,DELEGATED_NORMAL,0,0,0
0.13513303404787397,0.029444444444444443,0.0,0.0,0.0,0.02898971109458472,0.0,1.0,5.0,0.0,5.0,0.010192307692307691,0.24205630933828673,0.24707692307692308,9.012377119192271,9.966077301049207,0.0,0.0,0.0,-0.3847704709044262,0.3546099290780142,0.0,0.0,E0000804,U002-normal-080,U002,normal_user,DAILY_NORMAL,0,0,0
0.24682357237047808,0.05366666666666667,0.0,1.0,0.0,0.05283785078748837,0.0,1.0,5.0,0.0,5.0,0.018576923076923078,0.12886038443380676,0.13157692307692306,10.69128560469541,10.102666226396506,0.0,0.0,0.0,-0.3347191110842007,0.3537735849056604,0.0,0.0,E0000805,U002-normal-081,U002,normal_user,DAILY_NORMAL,0,0,0
0.06809160975054722,0.014777777777777779,0.0,0.0,0.0,0.01454955311539535,0.0,1.0,5.0,0.0,5.0,0.005115384615384615,0.092944595573917,0.09496153846153846,10.004011390302427,9.801432678331455,0.0,0.0,0.0,-0.41383556479557265,0.35294117647058826,0.0,0.0,E0000806,U002-normal-081,U002,normal_user,DAILY_NORMAL,0,0,0
0.3910097643967642,0.08466666666666667,0.0,0.0,0.0,0.08335909378895681,0.0,2.0,5.0,0.0,5.0,0.034423076923076924,0.08980510346443979,0.09176923076923077,7.860185057472165,9.764122031575617,0.0,0.0,0.0,-0.2700939854069753,0.35211267605633806,0.0,0.0,E0000807,U002-normal-081,U002,normal_user,DAILY_NORMAL,0,0,0
0.572484032155501,0.12377777777777778,0.0,0.0,0.0,0.1218661817334618,0.0,1.0,6.0,0.0,6.0,0.042846153846153846,0.13160840604354251,0.1346153846153846,9.023769800892813,9.743084031043104,0.0,0.0,0.0,-0.18954093119438928,0.4215456674473068,0.0,0.0,E0000808,U002-normal-081,U002,normal_user,DAILY_NORMAL,0,0,0
0.09671370429857236,0.020888888888888887,0.0,0.0,0.0,0.020566285606724254,0.0,1.0,6.0,0.0,6.0,0.007230769230769231,0.1105846634412547,0.11326923076923077,8.997889450200717,9.741697768911587,0.0,0.0,0.0,-0.4005291340473509,0.4205607476635514,0.0,0.0,E0000809,U002-normal-081,U002,normal_user,DAILY_NORMAL,0,0,0
0.3907982274074163,0.08422222222222223,0.0,0.0,0.0,0.0829215132441329,0.0,1.0,6.0,0.0,6.0,0.029153846153846155,0.1290664279235114,0.13223076923076924,8.707152175339404,9.151375621810278,0.0,0.0,0.0,-0.26981109155595673,0.4195804195804196,0.0,0.0,E0000810,U002-normal-081,U002,normal_user,DAILY_NORMAL,0,0,0
0.4564326781157053,0.09822222222222222,0.0,0.0,0.0,0.09670530040608638,0.0,1.0,6.0,0.0,5.0,0.034,0.14398384938203462,0.14765384615384616,10.709494558505451,9.543965702861303,0.0,0.0,0.0,-0.24065730035244493,0.41860465116279066,0.0,0.0,E0000811,U002-normal-082,U002,normal_user,DAILY_NORMAL,0,0,0
0.07444877308896646,0.016,0.0,0.0,0.0,0.01575289961366113,0.0,2.0,7.0,0.0,6.0,0.039538461538461536,0.14921973792942503,0.15319230769230768,5.1647859739235145,9.508724967561099,0.0,0.0,0.0,-0.409704130951441,0.4872389791183295,0.0,0.0,E0000812,U002-normal-082,U002,normal_user,DAILY_NORMAL,0,0,0
0.07720598811794163,0.016555555555555556,0.0,0.0,0.0,0.01629987529469103,0.0,1.0,8.0,0.0,7.0,0.005730769230769231,0.15477406464138505,0.15892307692307692,9.46148811969999,9.57416370519152,0.0,0.0,0.0,-0.4079820446072614,0.5555555555555556,0.0,0.0,E0000813,U002-normal-082,U002,normal_user,DAILY_NORMAL,0,0,0
0.3500169367727851,0.0748888888888889,1.0,0.0,0.0,0.07373232180283057,0.0,2.0,9.0,1.0,8.0,0.03165384615384615,0.17998688207565397,0.18484615384615385,8.027802848370312,9.50181524266666,0.0,0.0,0.0,-0.2870183255465798,0.6235565819861432,1.0,0.0,E0000814,U002-hard-TRAVEL_MODE-001,U002,hard_negative,TRAVEL_MODE,0,0,0
0.36876769323223013,0.07877777777777778,0.0,0.0,0.0,0.07756115157003987,0.0,2.0,9.0,1.0,8.0,0.05319230769230769,0.20138889762416037,0.207,7.546446273746024,9.437762756015234,0.0,0.0,0.0,-0.27861070832940166,0.6221198156682027,0.0,0.0,E0000815,U002-normal-082,U002,normal_user,DAILY_NORMAL,0,0,0
0.06615561134817705,0.01411111111111111,1.0,0.0,0.0,0.013893182298159468,0.0,3.0,9.0,2.0,8.0,0.058076923076923075,0.17747090781173738,0.18257692307692308,7.443078374348516,8.278783706431595,0.0,0.0,0.0,-0.41200886177838864,0.6206896551724138,0.0,0.0,E0000816,U002-hard-TRAVEL_MODE-001,U002,hard_negative,TRAVEL_MODE,0,0,0
0.2657356127847856,0.05655555555555555,1.0,0.0,0.0,0.055682124328843854,0.0,2.0,10.0,2.0,9.0,0.02446153846153846,0.19646924065580879,0.20215384615384616,8.188966863648876,8.439145159719867,0.0,0.0,0.0,-0.3235537301736146,0.6880733944954128,0.0,0.0,E0000817,U002-hard-TRAVEL_MODE-001,U002,hard_negative,TRAVEL_MODE,0,0,0
0.18356886129739136,0.039,0.0,0.0,0.0,0.038397692808299,0.0,1.0,9.0,0.0,9.0,0.0135,0.1608188742135266,0.16557692307692307,9.547669384317377,8.487970332739334,0.0,0.0,0.0,-0.35951507265116583,0.6178489702517163,0.0,0.0,E0000818,U002-normal-082,U002,normal_user,DAILY_NORMAL,0,0,0
0.07178860182970795,0.015222222222222222,0.0,0.0,0.0,0.01498713366021927,0.0,2.0,10.0,0.0,10.0,0.01876923076923077,0.1658641933496347,0.17084615384615384,8.116417072794205,8.49959932301519,0.0,0.0,0.0,-0.4083674854425629,0.684931506849315,0.0,0.0,E0000819,U002-normal-082,U002,normal_user,DAILY_NORMAL,0,0,0
0.0,0.0,0.0,0.0,1.0,0.0,0.0,1.0,10.0,0.0,10.0,0.0,0.13753703542464984,0.1416923076923077,10.029459192098065,9.112837790614945,0.0,0.0,0.0,-0.4394174871264708,0.683371298405467,0.0,0.0,E0000820,U002-agent-normal-011,U002,normal_agent,DELEGATED_NORMAL,0,0,0
0.10450674231714843,0.022111111111111113,0.0,0.0,0.0,0.021769632104990035,0.0,1.0,11.0,0.0,11.0,0.0076538461538461534,0.1449664246889021,0.14934615384615385,9.832152654931505,9.429797135432397,0.0,0.0,0.0,-0.39349539702969577,0.75,0.0,0.0,E0000821,U002-normal-083,U002,normal_user,DAILY_NORMAL,0,0,0
1.1067534506654795,0.23366666666666666,0.0,0.0,0.0,0.2300579714411761,0.0,1.0,12.0,0.0,11.0,0.08088461538461539,0.22342368570679372,0.23023076923076924,8.195609567288775,9.430182479517317,0.0,0.0,0.0,0.04685687985622466,0.8163265306122449,0.0,0.0,E0000822,U002-normal-083,U002,normal_user,DAILY_NORMAL,0,0,0
0.12259089097315595,0.02588888888888889,0.0,0.0,0.0,0.025489066735993358,0.0,1.0,11.0,0.0,10.0,0.008961538461538462,0.1932451964860472,0.19965384615384615,8.569785641535407,9.278970511017008,0.0,0.0,0.0,-0.3856688250420691,0.746606334841629,0.0,0.0,E0000823,U002-normal-083,U002,normal_user,DAILY_NORMAL,0,0,0
0.03110654783533454,0.006555555555555556,0.0,0.0,0.0,0.006454313036152824,0.0,1.0,11.0,0.0,10.0,0.002269230769230769,0.1898398809667495,0.1961923076923077,9.315960853839867,9.414374495675787,0.0,0.0,0.0,-0.4254283682107128,0.7449209932279909,0.0,0.0,E0000824,U002-normal-083,U002,normal_user,DAILY_NORMAL,0,0,0
0.9337384388147574,0.19633333333333333,1.0,0.0,0.0,0.1933012056759668,0.0,1.0,8.0,1.0,7.0,0.06796153846153846,0.18044818901347706,0.1865,9.335209354022052,9.209580083029774,0.0,0.0,0.0,-0.0290563663903,0.5405405405405405,0.0,0.0,E0000825,U002-hard-TRAVEL_MODE-001,U002,hard_negative,TRAVEL_MODE,0,0,0
0.11363040294785559,0.02388888888888889,1.0,0.0,0.0,0.023519954284285716,0.0,2.0,9.0,2.0,8.0,0.07623076923076923,0.1880369349799926,0.19476923076923078,8.188966863648876,8.851949671253948,0.0,0.0,0.0,-0.3890772163830754,0.6067415730337078,0.0,0.0,E0000826,U002-hard-TRAVEL_MODE-001,U002,hard_negative,TRAVEL_MODE,0,0,0
3.0171898919015114,0.633,1.0,0.0,0.0,0.6232240909654685,0.0,2.0,10.0,2.0,9.0,0.22738461538461538,0.39947218194957695,0.4138846153846154,8.188966863648876,8.85126254342114,0.0,0.0,0.0,0.8845014542896924,0.6726457399103138,0.0,0.0,E0000827,U002-hard-TRAVEL_MODE-001,U002,hard_negative,TRAVEL_MODE,0,0,0
0.028465111252134676,0.006,0.0,0.0,0.0,0.005907337355122924,0.0,2.0,11.0,1.0,10.0,0.2211923076923077,0.39866637942480765,0.41596153846153844,7.941295570906532,8.778233502921582,0.0,0.0,0.0,-0.42811317307814806,0.7382550335570469,0.0,0.0,E0000828,U002-normal-083,U002,normal_user,DAILY_NORMAL,0,0,0
0.10883502817275731,0.02288888888888889,0.0,0.0,0.0,0.022535398058431893,0.0,2.0,11.0,0.0,10.0,0.01,0.3932952417938543,0.4103846153846154,7.8713112033234065,8.474870070769715,0.0,0.0,0.0,-0.3921832089741979,0.7366071428571428,0.0,0.0,E0000829,U002-normal-083,U002,normal_user,DAILY_NORMAL,0,0,0
0.24353322044343895,0.051111111111111114,1.0,0.0,0.0,0.05032176265475083,0.0,1.0,6.0,1.0,6.0,0.01769230769230769,0.30950804779145225,0.32303846153846155,11.050429581934747,9.623839785112668,0.0,0.0,0.0,-0.33254373593935627,0.40089086859688194,0.0,0.0,E0000830,U002-hard-TRAVEL_MODE-001,U002,hard_negative,TRAVEL_MODE,0,0,0
0.37813864289431226,0.07922222222222222,1.0,0.0,0.0,0.07799873211486379,0.0,2.0,7.0,2.0,7.0,0.04511538461538461,0.3355928894005155,0.35046153846153844,8.188966863648876,9.623839785112668,0.0,0.0,0.0,-0.27317376546940186,0.4666666666666667,0.0,0.0,E0000831,U002-hard-TRAVEL_MODE-001,U002,hard_negative,TRAVEL_MODE,0,0,0
0.2708668618614238,0.056666666666666664,0.0,1.0,0.0,0.05579151946504984,0.0,2.0,8.0,1.0,8.0,0.047038461538461536,0.3540661519943784,0.3700769230769231,7.721348612617949,9.60588981529697,0.0,0.0,0.0,-0.320178924387373,0.532150776053215,0.0,0.0,E0000832,U002-normal-084,U002,normal_user,DAILY_NORMAL,0,0,0
0.4250722177766369,0.08877777777777777,0.0,0.0,0.0,0.08740671382857808,0.0,1.0,7.0,0.0,7.0,0.03073076923076923,0.31034049870665276,0.3245769230769231,9.266342562091468,9.705341445395202,0.0,0.0,0.0,-0.25230077769712883,0.4646017699115044,0.0,0.0,E0000833,U002-normal-084,U002,normal_user,DAILY_NORMAL,0,0,0
0.3478592032074668,0.07255555555555555,0.0,0.0,0.0,0.07143502394250499,0.0,1.0,5.0,0.0,5.0,0.025115384615384616,0.1151754345519785,0.12057692307692308,9.921376585371869,9.90113478695253,0.0,0.0,0.0,-0.28611477029601373,0.33112582781456956,0.0,0.0,E0000834,U002-normal-084,U002,normal_user,DAILY_NORMAL,0,0,0
0.03254394727729194,0.0067777777777777775,0.0,0.0,0.0,0.0066731033085647845,0.0,2.0,6.0,0.0,6.0,0.02746153846153846,0.11732266750438981,0.12292307692307693,7.9420068084898565,8.977323236863674,0.0,0.0,0.0,-0.42426570519955836,0.39647577092511016,0.0,0.0,E0000835,U002-normal-084,U002,normal_user,DAILY_NORMAL,0,0,0
0.1229789444052998,0.025555555555555557,0.0,0.0,1.0,0.025160881327375414,0.0,1.0,7.0,0.0,7.0,0.008846153846153846,0.12575640141256306,0.13176923076923078,9.022443300849043,9.089144017569653,0.0,0.0,0.0,-0.38411584130587834,0.46153846153846156,0.0,0.0,E0000836,U002-normal-085,U002,normal_user,DAILY_NORMAL,0,0,0
0.1489423473172555,0.03088888888888889,0.0,0.0,0.0,0.030411847865262458,0.0,1.0,8.0,0.0,8.0,0.010692307692307692,0.13592255209990992,0.14246153846153847,9.905335843393745,9.426644588267601,0.0,0.0,0.0,-0.3723607590827956,0.5263157894736842,0.0,0.0,E0000837,U002-normal-085,U002,normal_user,DAILY_NORMAL,0,0,0
0.04831240531172104,0.01,0.0,0.0,0.0,0.009845562258538207,0.0,1.0,5.0,0.0,5.0,0.0034615384615384616,0.04812898691646014,0.05046153846153846,10.573007802464916,9.804374149638768,0.0,0.0,0.0,-0.41599030963726447,0.3282275711159738,0.0,0.0,E0000838,U002-normal-085,U002,normal_user,DAILY_NORMAL,0,0,0
3.2547069373560076,0.6722222222222223,0.0,1.0,0.0,0.6618405740461795,0.0,2.0,6.0,0.0,6.0,0.23615384615384616,0.27003552749227944,0.28315384615384614,6.79346613258001,9.562334377396374,0.0,0.0,0.0,0.9843447637201926,0.3930131004366812,0.0,0.0,E0000839,U002-normal-085,U002,normal_user,RECURRING_NORMAL,0,0,0
0.04870607583971679,0.01011111111111111,0.0,0.0,1.0,0.009954957394744186,0.0,1.0,5.0,0.0,4.0,0.0035,0.24536910001035467,0.25919230769230767,10.17244541598963,9.846430310048774,0.0,0.0,0.0,-0.4174485941928482,0.32679738562091504,0.0,0.0,E0000840,U002-normal-086,U002,normal_user,DAILY_NORMAL,0,0,0
0.08957646847749988,0.018555555555555554,0.0,0.0,0.0,0.018268987746398672,0.0,1.0,4.0,0.0,4.0,0.006423076923076923,0.2329274576580503,0.24607692307692308,10.560955740639056,10.12474933443232,0.0,0.0,0.0,-0.39902699841441763,0.2608695652173913,0.0,0.0,E0000841,U002-normal-086,U002,normal_user,DAILY_NORMAL,0,0,0
0.3875307608819763,0.0801111111111111,0.0,0.0,1.0,0.07887389320451163,0.0,1.0,2.0,0.0,2.0,0.027730769230769232,0.0323222370168591,0.03415384615384615,10.860574678602852,10.353352247940977,0.0,0.0,0.0,-0.2681404495340037,0.1301518438177874,0.0,0.0,E0000842,U002-normal-087,U002,normal_user,DAILY_NORMAL,0,0,0
0.16362286568533654,0.033777777777777775,0.0,0.0,0.0,0.03325612140661794,0.0,1.0,2.0,0.0,1.0,0.011692307692307693,0.03727627963359485,0.03942307692307692,10.942562128488042,10.458957615961705,0.0,0.0,0.0,-0.36604558171915136,0.12987012987012986,0.0,0.0,E0000843,U002-normal-087,U002,normal_user,DAILY_NORMAL,0,0,0
0.44595695837420485,0.0918888888888889,0.0,0.0,0.0,0.09046977764234551,0.0,2.0,3.0,0.0,2.0,0.0435,0.06732706168843884,0.07123076923076924,7.385230923066573,10.463080483067465,0.0,0.0,0.0,-0.24226052050325853,0.19438444924406048,0.0,0.0,E0000844,U002-normal-087,U002,normal_user,DAILY_NORMAL,0,0,0
0.05453165095118829,0.011222222222222222,0.0,0.0,0.0,0.011048908756803987,0.0,2.0,4.0,0.0,3.0,0.03569230769230769,0.07092770566154868,0.07511538461538461,7.611347717403621,10.314570186094999,0.0,0.0,0.0,-0.41333782467142444,0.25862068965517243,0.0,0.0,E0000845,U002-normal-087,U002,normal_user,DAILY_NORMAL,0,0,0
22.696393269735786,4.6608754639100605,1.0,1.0,1.0,0.9847410243752566,0.0,1.0,4.0,1.0,4.0,1.6133799682765593,1.5679853259157708,1.6607645836611749,10.349774655164548,10.264631495605835,0.0,0.0,0.0,9.473914999563675,0.25806451612903225,0.0,0.0,E0000846,U002-paysim-fraud-004,U002,paysim_fraud,ACCOUNT_DRAIN_TRANSFER,1,1,1
3.3051605077686914,0.711610613919629,0.0,1.0,1.0,0.7006206603182302,0.0,2.0,5.0,1.0,4.0,1.8597067192487386,1.7135457724255887,1.907091334633354,5.198497031265826,9.815704969152371,0.0,0.0,0.0,0.9643047787423003,0.3218884120171674,0.0,0.0,E0000847,U002-paysim-fraud-004,U002,paysim_fraud,FOLLOW_UP_CASHOUT_PROXY,1,1,1
0.2731462874707867,0.059111111111111114,0.0,0.0,0.0,0.0581982124615814,0.0,1.0,6.0,0.0,5.0,0.02046153846153846,1.719246825559825,1.9275528730948925,9.534812320874815,9.188033411453642,0.0,0.0,0.0,-0.3056462236055909,0.3854389721627409,0.0,0.0,E0000848,U002-normal-088,U002,normal_user,DAILY_NORMAL,0,0,0
0.0041141082024203504,0.0008888888888888889,0.0,0.0,0.0,0.0008751610896478405,0.0,1.0,7.0,0.0,6.0,0.0003076923076923077,1.71847584246986,1.9278605654025849,9.672311829524654,9.443941056390672,0.0,0.0,0.0,-0.41852129446014036,0.44871794871794873,0.0,0.0,E0000849,U002-normal-088,U002,normal_user,DAILY_NORMAL,0,0,0
0.14792026525468616,0.03188888888888889,0.0,0.0,0.0,0.03139640409111628,0.0,1.0,8.0,0.0,7.0,0.011038461538461539,1.728299617005914,1.9388990269410464,9.0217190130337,9.538449160836118,0.0,0.0,0.0,-0.35762333860207696,0.511727078891258,0.0,0.0,E0000850,U002-normal-088,U002,normal_user,DAILY_NORMAL,0,0,0
0.07693988339167389,0.016555555555555556,0.0,0.0,0.0,0.01629987529469103,0.0,1.0,9.0,0.0,8.0,0.005730769230769231,1.732839579657875,1.9446297961718155,9.441293350181875,9.225524507301223,0.0,0.0,0.0,-0.3870576370081103,0.574468085106383,0.0,0.0,E0000851,U002-normal-088,U002,normal_user,RECURRING_NORMAL,0,0,0
0.22818636613673682,0.049,0.0,0.0,0.0,0.04824325506683721,0.0,1.0,7.0,0.0,5.0,0.016961538461538462,1.7054395876015163,1.9142067192487386,8.610136937058975,9.324936111373875,0.0,0.0,0.0,-0.323281114560591,0.445859872611465,0.0,0.0,E0000852,U002-agent-normal-021,U002,normal_agent,DELEGATED_NORMAL,0,0,0
0.15808471627457005,0.03388888888888889,0.0,0.0,0.0,0.03336551654282392,0.0,2.0,8.0,0.0,6.0,0.028692307692307694,1.7150270781721384,1.925937488479508,7.957177323459475,9.107066566512357,0.0,0.0,0.0,-0.3523921166752293,0.5084745762711864,0.0,0.0,E0000853,U002-normal-088,U002,normal_user,DAILY_NORMAL,0,0,0
0.04777296749887804,0.010222222222222223,0.0,0.0,0.0,0.010064352530950166,0.0,1.0,4.0,0.0,4.0,0.0035384615384615385,0.03379258403348731,0.03796153846153846,11.140716200112923,9.88474296531809,0.0,0.0,0.0,-0.3982102783342239,0.2536997885835095,0.0,0.0,E0000854,U002-normal-089,U002,normal_user,DAILY_NORMAL,0,0,0
0.21126535059200569,0.04511111111111111,0.0,1.0,0.0,0.044414425299627906,0.0,1.0,4.0,0.0,4.0,0.015615384615384616,0.042587194733026815,0.047846153846153844,9.31325790598287,9.912903086945821,0.0,0.0,0.0,-0.32945511461209026,0.2531645569620253,0.0,0.0,E0000855,U002-normal-089,U002,normal_user,DAILY_NORMAL,0,0,0
0.0276266550825904,0.005888888888888889,0.0,0.0,0.0,0.005797942218916944,0.0,2.0,5.0,0.0,5.0,0.017653846153846155,0.044381039150472416,0.04988461538461538,7.261225091971921,9.795590489226305,0.0,0.0,0.0,-0.40585630341345014,0.3157894736842105,0.0,0.0,E0000856,U002-normal-089,U002,normal_user,DAILY_NORMAL,0,0,0
0.3392857142857143,0.027142857142857142,0.0,0.0,1.0,0.003934275997466149,0.0,1.0,1.0,0.0,1.0,0.01,0.10602678571428571,0.01,11.366754528799243,11.366754528799243,0.0,0.0,0.0,-0.6954887218045113,0.3125,0.0,0.0,E0000857,U003-normal-000,U003,normal_user,DAILY_NORMAL,0,0,0
1.3473684210526315,0.036571428571428574,1.0,0.0,0.0,0.005321856892525445,0.0,1.0,2.0,1.0,2.0,0.013473684210526317,70.42105263157895,0.023473684210526317,10.410365394054022,10.410365394054022,0.0,0.0,0.0,0.11785714285714285,6.666666666666667,1.0,0.0,E0000858,U003-normal-000,U003,normal_user,DAILY_NORMAL,0,0,0
2.125560538116592,0.06771428571428571,1.0,0.0,0.0,0.009906471476072185,0.0,1.0,3.0,1.0,3.0,0.02494736842105263,61.883408071748875,0.04842105263157895,9.59430941973946,10.083368633790723,0.0,0.0,0.0,7.606060606060606,10.0,1.0,0.0,E0000859,U003-normal-000,U003,normal_user,DAILY_NORMAL,0,0,0
4.010869565217392,0.1757142857142857,1.0,0.0,0.0,0.025963876894404412,0.0,2.0,4.0,1.0,4.0,0.08968421052631578,70.10869565217392,0.11315789473684211,7.427144133408616,9.712407754068273,0.0,0.0,0.0,7.6087416725792085,13.333333333333334,1.0,0.0,E0000860,U003-normal-000,U003,normal_user,DAILY_NORMAL,0,0,0
1.2613953488372094,0.09685714285714286,1.0,0.0,0.0,0.014693290337935703,0.0,3.0,5.0,1.0,5.0,0.12536842105263157,39.46046511627907,0.1488421052631579,6.665683717782408,9.440439675856398,0.0,0.0,0.0,0.33986733210761044,16.666666666666668,0.0,0.0,E0000861,U003-normal-000,U003,normal_user,DAILY_NORMAL,0,0,0
4.3493635077793495,0.3514285714285714,0.0,0.0,0.0,0.05410694748294635,0.0,1.0,6.0,0.0,5.0,0.12947368421052632,56.0961810466761,0.2783157894736842,8.646113971483077,9.324329553393312,0.0,0.0,0.0,5.065243538702844,20.0,0.0,0.0,E0000862,U003-normal-000,U003,normal_user,DAILY_NORMAL,0,0,0
0.3177004538577912,0.04,0.0,0.0,0.0,0.00651079351018005,0.0,1.0,6.0,0.0,5.0,0.014736842105263158,30.510590015128592,0.2830526315789474,10.840893775014358,9.60105725773544,0.0,0.0,0.0,-0.7667917061040272,20.0,0.0,0.0,E0000863,U003-normal-001,U003,normal_user,DAILY_NORMAL,0,0,0
0.2464080459770115,0.028,1.0,0.0,0.0,0.004587423222471351,0.0,1.0,6.0,1.0,5.0,0.01031578947368421,28.65301724137931,0.27989473684210525,9.849400886632361,9.65717772319008,0.0,0.0,0.0,-0.7929744487998452,20.0,0.0,0.0,E0000864,U003-normal-001,U003,normal_user,DAILY_NORMAL,0,0,0
2.3428174878556556,0.24114285714285713,1.0,0.0,0.0,0.03969008747147694,0.0,1.0,3.0,1.0,3.0,0.08884210526315789,11.263011797362942,0.11389473684210526,9.741850586935007,9.836300192988238,0.0,0.0,0.0,1.3174625537434392,10.0,1.0,0.0,E0000865,U003-normal-001,U003,normal_user,DAILY_NORMAL,0,0,0
0.5990338164251208,0.07085714285714285,1.0,1.0,0.0,0.012144506690332844,0.0,1.0,3.0,1.0,3.0,0.026105263157894736,9.581320450885668,0.12526315789473685,10.857208934818349,10.272454637604092,0.0,0.0,0.0,-0.43904351757175314,10.0,1.0,0.0,E0000866,U003-normal-002,U003,normal_user,DAILY_NORMAL,0,0,0
0.5158530447911425,0.05857142857142857,1.0,0.0,0.0,0.01016222109562573,0.0,1.0,3.0,1.0,3.0,0.02157894736842105,9.79114242576749,0.1365263157894737,10.155374039382549,10.402230473559138,0.0,0.0,0.0,-0.5312970589116075,9.0,0.0,0.0,E0000867,U003-normal-002,U003,normal_user,DAILY_NORMAL,0,0,0
0.7765015553960278,0.08428571428571428,1.0,1.0,0.0,0.014773818829023797,0.0,1.0,1.0,1.0,1.0,0.03105263157894737,2.1177315147164393,0.03105263157894737,11.448226931031291,10.632643562900773,0.0,0.0,0.0,-0.24281798430290838,2.7272727272727275,0.0,0.0,E0000868,U003-normal-003,U003,normal_user,DAILY_NORMAL,0,0,0
0.316495306213679,0.03371428571428572,1.0,1.0,0.0,0.0059981430097460825,0.0,1.0,2.0,1.0,2.0,0.012421052631578947,2.7693339293696915,0.04347368421052632,10.839345589902813,10.77634454892853,0.0,0.0,0.0,-0.7592990550502505,5.0,0.0,0.0,E0000869,U003-normal-004,U003,normal_user,DAILY_NORMAL,0,0,0
0.24063588850174217,0.024285714285714285,0.0,0.0,0.0,0.0043467687765863065,0.0,1.0,3.0,0.0,3.0,0.008947368421052631,3.2534843205574915,0.052421052631578945,9.108418382250798,10.742421965162054,0.0,0.0,0.0,-0.8139982591023617,6.9230769230769225,0.0,0.0,E0000870,U003-normal-004,U003,normal_user,DAILY_NORMAL,0,0,0
0.0,0.0,1.0,0.0,0.0,0.0,0.0,1.0,4.0,1.0,4.0,0.0,3.194355355997434,0.052421052631578945,8.762489547371581,10.523381011351168,0.0,0.0,0.0,-1.028028565516593,8.571428571428571,0.0,0.0,E0000871,U003-agent-normal-014,U003,normal_agent,DELEGATED_NORMAL,0,0,0
0.38913833654051744,0.037142857142857144,1.0,1.0,0.0,0.006677022779505803,0.0,2.0,5.0,1.0,5.0,0.01368421052631579,4.028223220012829,0.06610526315789474,7.59337419312129,10.386709681201028,0.0,0.0,0.0,-0.6279832396153316,10.0,0.0,0.0,E0000872,U003-normal-004,U003,normal_user,DAILY_NORMAL,0,0,0
0.9330143540669856,0.08542857142857142,0.0,0.0,0.0,0.015460381713745884,0.0,1.0,5.0,0.0,5.0,0.03147368421052631,3.944247971707926,0.06652631578947368,10.154324088867087,9.842632904265637,0.0,0.0,0.0,-0.06749581430412209,9.375,0.0,0.0,E0000873,U003-normal-004,U003,normal_user,DAILY_NORMAL,0,0,0
0.06267136701919311,0.005714285714285714,1.0,1.0,0.0,0.001050378497583161,0.0,1.0,6.0,1.0,6.0,0.002105263157894737,3.8307873090481785,0.06863157894736842,9.427304872213677,9.315258789923217,0.0,0.0,0.0,-0.9712196988606704,10.588235294117647,0.0,0.0,E0000874,U003-agent-normal-007,U003,normal_agent,DELEGATED_NORMAL,0,0,0
0.46761607491221224,0.040285714285714286,1.0,1.0,1.0,0.007412954816303886,0.0,1.0,7.0,1.0,7.0,0.014842105263157894,4.641045649629341,0.08347368421052631,9.189729418072059,9.328940851212284,0.0,0.0,0.0,-0.5229468445977646,11.666666666666668,0.0,0.0,E0000875,U003-normal-005,U003,normal_user,DAILY_NORMAL,0,0,0
1.9240554395291438,0.16085714285714287,1.0,0.0,0.0,0.02982030166644408,0.0,1.0,4.0,1.0,4.0,0.059263157894736844,5.826846402126447,0.10768421052631579,10.559425994563744,9.780698256443507,0.0,0.0,0.0,0.8995581971941536,6.315789473684211,0.0,0.0,E0000876,U003-normal-005,U003,normal_user,DAILY_NORMAL,0,0,0
0.12058319039451115,0.010571428571428572,1.0,0.0,0.0,0.0020200084178644863,0.0,1.0,5.0,1.0,5.0,0.0038947368421052633,5.454545454545455,0.11157894736842106,8.88280805492444,9.838063305926202,0.0,0.0,0.0,-0.9033040688903914,7.5,1.0,0.0,E0000877,U003-normal-005,U003,normal_user,DAILY_NORMAL,0,0,0
0.12953809442645303,0.010857142857142857,0.0,1.0,0.0,0.002078802438393564,0.0,1.0,6.0,0.0,5.0,0.004,5.614453724220215,0.11557894736842106,9.074291527512907,9.638127806088837,0.0,0.0,0.0,-0.8596370069779095,8.571428571428571,0.0,0.0,E0000878,U003-normal-005,U003,normal_user,DAILY_NORMAL,0,0,0
0.2916172734970364,0.023428571428571427,1.0,0.0,0.0,0.004495181434871839,0.0,1.0,6.0,1.0,5.0,0.00863157894736842,4.4758679085520745,0.09273684210526316,9.51951481976606,9.65365345659387,0.0,0.0,0.0,-0.6753556983163601,8.181818181818182,0.0,0.0,E0000879,U003-normal-005,U003,normal_user,DAILY_NORMAL,0,0,0
0.9774511441456489,0.076,0.0,0.0,0.0,0.014647774424091283,0.0,1.0,2.0,0.0,2.0,0.028,1.7437781860698178,0.03663157894736842,11.298865532389062,10.301101924099578,0.0,0.0,0.0,-0.021077587536129254,2.608695652173913,0.0,0.0,E0000880,U003-normal-006,U003,normal_user,DAILY_NORMAL,0,0,0
3.766512074204382,0.2925714285714286,1.0,0.0,0.0,0.05722666817713818,0.0,2.0,3.0,1.0,3.0,0.13578947368421052,6.582440428594275,0.14442105263157895,8.085178748074537,10.03041971808188,0.0,0.0,0.0,2.6415045303091462,3.75,0.0,0.0,E0000881,U003-normal-006,U003,normal_user,DAILY_NORMAL,0,0,0
0.0,0.0,1.0,0.0,0.0,0.0,0.0,1.0,3.0,1.0,3.0,0.0,5.31812560120929,0.13578947368421052,11.30612267324407,10.532869246423687,0.0,0.0,0.0,-0.9574655295407086,3.5999999999999996,0.0,0.0,E0000882,U003-agent-normal-026,U003,normal_agent,DELEGATED_NORMAL,0,0,0
0.2836333653978288,0.02457142857142857,0.0,1.0,0.0,0.005097880686650955,0.0,2.0,3.0,0.0,3.0,0.009052631578947368,4.5760615638312485,0.1168421052631579,8.122668023346407,10.50389973466412,0.0,0.0,0.0,-0.6858963591446632,3.4615384615384612,0.0,0.0,E0000883,U003-normal-007,U003,normal_user,DAILY_NORMAL,0,0,0
2.190004074426185,0.18428571428571427,1.0,0.0,0.0,0.03843001679026493,0.0,1.0,3.0,1.0,3.0,0.06789473684210526,2.9784055412196118,0.07694736842105263,8.239593454305968,10.448436303428148,0.0,0.0,0.0,1.1190804294215595,3.333333333333333,0.0,0.0,E0000884,U003-normal-007,U003,normal_user,DAILY_NORMAL,0,0,0
0.37662337662337664,0.03314285714285714,1.0,0.0,1.0,0.007187667045345107,0.0,1.0,4.0,1.0,4.0,0.012210526315789474,3.1730769230769234,0.0891578947368421,9.965005892514545,10.025625536070766,0.0,0.0,0.0,-0.6106617608683523,4.285714285714286,0.0,0.0,E0000885,U003-normal-008,U003,normal_user,DAILY_NORMAL,0,0,0
0.5816100443131462,0.05,1.0,0.0,0.0,0.010921966674899827,0.0,1.0,5.0,1.0,5.0,0.018421052631578946,3.774002954209749,0.10757894736842105,10.294617061876925,10.235076456502085,0.0,0.0,0.0,-0.4052318016061394,5.172413793103448,0.0,0.0,E0000886,U003-normal-008,U003,normal_user,DAILY_NORMAL,0,0,0
8.85648873358236,0.75,1.0,1.0,0.0,0.16563859938606912,0.0,1.0,6.0,1.0,6.0,0.27631578947368424,13.183516086275455,0.3838947368421053,9.289059126687574,9.529797236152108,0.0,0.0,0.0,7.610964318671643,6.0,0.0,0.0,E0000887,U003-normal-008,U003,normal_user,DAILY_NORMAL,0,0,0
1.6724642987916516,0.18,0.0,0.0,0.0,0.047645137734566544,0.0,1.0,7.0,0.0,7.0,0.06631578947368422,11.745697546686195,0.45021052631578945,9.752373922866367,9.712859592898598,0.0,0.0,0.0,0.48667448507703237,6.774193548387096,0.0,0.0,E0000888,U003-normal-008,U003,normal_user,RECURRING_NORMAL,0,0,0
0.1505971957763545,0.01657142857142857,1.0,0.0,0.0,0.004605822822446738,0.0,2.0,7.0,1.0,7.0,0.07242105263157894,11.255842132594772,0.45631578947368423,8.119398589612294,9.707655133714226,0.0,0.0,0.0,-0.6367433516988188,6.5625,0.0,0.0,E0000889,U003-normal-008,U003,normal_user,DAILY_NORMAL,0,0,0
0.8382707543920083,0.08971428571428572,0.0,0.0,0.0,0.025050349302394054,0.0,1.0,5.0,0.0,5.0,0.03305263157894737,9.822597313124355,0.40021052631578946,10.64144078072663,9.930898418545427,0.0,0.0,0.0,-0.11908913070052016,4.545454545454545,0.0,0.0,E0000890,U003-normal-009,U003,normal_user,DAILY_NORMAL,0,0,0
0.8103303706188161,0.08628571428571429,1.0,0.0,0.0,0.024712056766474418,0.0,1.0,5.0,1.0,5.0,0.03178947368421053,9.883447928894851,0.41357894736842105,10.059251216519025,9.868657984179242,0.0,0.0,0.0,-0.14114931615449836,4.411764705882353,0.0,0.0,E0000891,U003-normal-009,U003,normal_user,DAILY_NORMAL,0,0,0
0.8581943081452404,0.09085714285714286,0.0,0.0,0.0,0.026680638254185533,0.0,1.0,3.0,0.0,2.0,0.033473684210526315,2.291462217860648,0.0983157894736842,10.075464117275093,9.994342367380169,0.0,0.0,0.0,-0.10651781058352208,2.571428571428571,0.0,0.0,E0000892,U003-normal-009,U003,normal_user,DAILY_NORMAL,0,0,0
0.36585365853658536,0.03857142857142857,1.0,0.0,0.0,0.011637173261393706,0.0,1.0,4.0,1.0,3.0,0.014210526315789474,2.5561932089909134,0.11252631578947368,8.796792687674662,9.892719787674798,0.0,0.0,0.0,-0.4814076334512919,3.3333333333333335,0.0,0.0,E0000893,U003-normal-009,U003,normal_user,DAILY_NORMAL,0,0,0
0.6568882580238151,0.068,1.0,1.0,0.0,0.020757463654433744,0.0,1.0,3.0,1.0,3.0,0.025052631578947368,1.6347291223089662,0.07273684210526316,11.07972424251526,10.376069106077836,0.0,0.0,0.0,-0.25863042385561413,2.4324324324324325,0.0,0.0,E0000894,U003-normal-010,U003,normal_user,DAILY_NORMAL,0,0,0
0.0,0.0,1.0,0.0,0.0,0.0,0.0,1.0,4.0,1.0,4.0,0.0,1.6046133601671955,0.07273684210526316,9.559869847754044,10.18689048250302,0.0,0.0,0.0,-0.7564828781215608,3.1578947368421053,0.0,0.0,E0000895,U003-agent-normal-003,U003,normal_agent,DELEGATED_NORMAL,0,0,0
0.35668395386639834,0.036571428571428574,1.0,0.0,0.0,0.011400319652634792,0.0,1.0,1.0,1.0,1.0,0.013473684210526317,0.2972366282219986,0.013473684210526317,11.403110598963021,10.591587014774447,0.0,0.0,0.0,-0.48665757412092975,0.7692307692307692,0.0,0.0,E0000896,U003-normal-011,U003,normal_user,DAILY_NORMAL,0,0,0
1.712884187935924,0.17257142857142857,1.0,1.0,0.0,0.05441561375173451,0.0,1.0,2.0,1.0,2.0,0.06357894736842105,1.6831455507013107,0.07705263157894737,10.714528873691185,10.693057929631047,0.0,0.0,0.0,0.5355064618238594,1.5,0.0,0.0,E0000897,U003-normal-012,U003,normal_user,DAILY_NORMAL,0,0,0
0.8907772324371842,0.09142857142857143,0.0,0.0,0.0,0.030488515523944253,0.0,1.0,3.0,0.0,3.0,0.03368421052631579,2.311918540766244,0.11073684210526316,9.882978675904587,10.750325307090876,0.0,0.0,0.0,-0.08438965826218307,2.1951219512195124,0.0,0.0,E0000898,U003-normal-012,U003,normal_user,DAILY_NORMAL,0,0,0
0.6978741679192614,0.07142857142857142,0.0,1.0,0.0,0.02456820072219548,0.0,1.0,4.0,0.0,4.0,0.02631578947368421,2.7957912819411637,0.13705263157894737,8.884887201837403,10.466554521147781,0.0,0.0,0.0,-0.23580161923346651,2.857142857142857,0.0,0.0,E0000899,U003-normal-012,U003,normal_user,DAILY_NORMAL,0,0,0
7.3834470149778495,0.75,0.0,1.0,1.0,0.26446349993310336,0.0,1.0,4.0,0.0,4.0,0.27631578947368424,8.014204345685958,0.39989473684210525,10.241850857103556,10.542569178491075,0.0,0.0,0.0,5.004002234677833,2.7906976744186047,0.0,0.0,E0000900,U003-normal-013,U003,normal_user,DAILY_NORMAL,0,0,0
4.127533838201923,0.48454658563309816,0.0,1.0,1.0,0.2322928201034385,0.0,1.0,5.0,0.0,5.0,0.17851716312798352,9.78555096114658,0.5784118999700888,9.5682245844549,10.036067242435243,0.0,0.0,0.0,2.260254025622716,3.409090909090909,0.0,0.0,E0000901,U003-misuse-CUMULATIVE_BYPASS-003,U003,agent_misuse,CUMULATIVE_BYPASS,1,0,0
14.748859034016057,1.8603541618451818,1.0,1.0,1.0,0.9587704133744719,0.0,2.0,6.0,1.0,6.0,0.8639108017025242,19.425427005264662,1.2638055385446294,7.186144304522325,9.553830780656462,0.0,0.0,0.0,10.202833119246904,4.0,0.0,0.0,E0000902,U003-paysim-fraud-003,U003,paysim_fraud,ACCOUNT_DRAIN_TRANSFER,1,1,1
3.3412101656972086,0.5561983269363728,0.0,1.0,1.0,0.6449542775779458,0.0,3.0,7.0,1.0,6.0,1.0688259747843458,16.707893382779513,1.468720711626451,4.110873864173311,9.229358377811945,0.0,0.0,0.0,1.2543649785152609,4.565217391304348,0.0,0.0,E0000903,U003-paysim-fraud-003,U003,paysim_fraud,FOLLOW_UP_CASHOUT_PROXY,1,1,1
3.155492117809044,0.5532324911341303,0.0,1.0,1.0,0.641515165314185,0.0,4.0,8.0,1.0,7.0,1.2726484715179727,17.6547229549778,1.672543208360078,5.707110264748875,9.08339297151438,0.0,0.0,0.0,1.2089469275706062,5.1063829787234045,0.0,0.0,E0000904,U003-misuse-CUMULATIVE_BYPASS-003,U003,agent_misuse,CUMULATIVE_BYPASS,1,0,1
2.759503176640665,0.5069804873825117,1.0,1.0,1.0,0.5878824479515343,0.0,5.0,9.0,2.0,8.0,1.4594307563431086,18.3129951167728,1.859325493185214,7.427144133408616,8.17001585917858,0.0,0.0,0.0,1.0292240734858333,5.625,0.0,0.0,E0000905,U003-misuse-CUMULATIVE_BYPASS-003,U003,agent_misuse,CUMULATIVE_BYPASS,1,0,1
3.0187796065959023,0.5758292509027636,1.0,1.0,1.0,0.667717827505667,0.0,3.0,10.0,1.0,9.0,0.6027524003124125,19.223655256831613,2.0714731119388636,7.427144133408616,6.9167150203536085,0.0,0.0,0.0,1.2255741476857582,6.122448979591836,0.0,0.0,E0000906,U003-misuse-CUMULATIVE_BYPASS-003,U003,agent_misuse,CUMULATIVE_BYPASS,1,0,1
2.8652692636242514,0.570023017289358,0.0,1.0,1.0,0.6609850578725589,0.0,3.0,11.0,0.0,10.0,0.6089383836327596,19.86867816829533,2.2814815919928377,7.427144133408616,6.985641817639208,0.0,0.0,0.0,1.1751568279311113,6.6,0.0,0.0,E0000907,U003-misuse-CUMULATIVE_BYPASS-003,U003,agent_misuse,CUMULATIVE_BYPASS,1,0,1
2.708635389558662,0.5598019812155179,0.0,1.0,0.0,0.6491329888931141,0.0,3.0,12.0,0.0,10.0,0.6283989339922883,20.419916699437092,2.4877244271775023,7.427144133408616,7.247792581767846,0.0,0.0,0.0,1.1142253097482362,7.0588235294117645,0.0,0.0,E0000908,U003-misuse-CUMULATIVE_BYPASS-003,U003,agent_misuse,CUMULATIVE_BYPASS,1,0,1
0.4461785587194412,0.09542857142857143,1.0,0.0,0.0,0.11065668910767949,0.0,1.0,12.0,1.0,10.0,0.0351578947368421,19.10834681693731,2.4593033745459234,9.257510176452573,8.143633644319058,0.0,0.0,0.0,-0.37292663477323185,6.9230769230769225,0.0,0.0,E0000909,U003-normal-013,U003,normal_user,DAILY_NORMAL,0,0,0
0.2620602982038627,0.05542857142857143,0.0,0.0,0.0,0.06427364576913121,0.0,1.0,13.0,0.0,11.0,0.020421052631578947,19.093158454857583,2.4797244271775023,8.983188799264434,8.455062435949731,0.0,0.0,0.0,-0.49570243273020015,7.358490566037736,0.0,0.0,E0000910,U003-agent-normal-024,U003,normal_agent,DELEGATED_NORMAL,0,0,0
0.6688815429028943,0.13942857142857143,0.0,0.0,0.0,0.1616780367800826,0.0,1.0,13.0,0.0,11.0,0.05136842105263158,19.12906238794633,2.497408637703818,9.724540296381123,8.949910235875956,0.0,0.0,0.0,-0.2208564284707392,7.222222222222222,0.0,0.0,E0000911,U003-normal-013,U003,normal_user,DAILY_NORMAL,0,0,0
1.2414984527629689,0.2571428571428571,0.0,0.0,0.0,0.29817670717638184,0.0,2.0,13.0,0.0,11.0,0.14610526315789474,19.398717378682363,2.5658296903353968,7.122866658599083,8.93840040647301,0.0,0.0,0.0,0.16153986415249658,7.090909090909091,0.0,0.0,E0000912,U003-normal-013,U003,normal_user,DAILY_NORMAL,0,0,0
0.1524236129472197,0.031714285714285716,1.0,0.0,0.0,0.03677512721842043,0.0,1.0,14.0,1.0,12.0,0.01168421052631579,19.032650797117437,2.5775139008617125,9.53798807237101,9.216143501203133,0.0,0.0,0.0,-0.5748413286939009,7.5,0.0,0.0,E0000913,U003-normal-013,U003,normal_user,DAILY_NORMAL,0,0,0
0.1618295959820723,0.03314285714285714,0.0,0.0,0.0,0.03843166448051144,0.0,1.0,4.0,0.0,4.0,0.012210526315789474,1.251699221796201,0.17,11.074730532239146,9.945857148902638,0.0,0.0,0.0,-0.5630733503554387,2.1052631578947367,0.0,0.0,E0000914,U003-normal-014,U003,normal_user,DAILY_NORMAL,0,0,0
0.36975140338071383,0.07457142857142857,0.0,0.0,0.0,0.08647124508115074,0.0,1.0,3.0,0.0,3.0,0.027473684210526317,0.3770923403339359,0.05136842105263158,9.2393164802127,9.967907316622359,0.0,0.0,0.0,-0.41957680658313884,1.5517241379310345,0.0,0.0,E0000915,U003-normal-014,U003,normal_user,DAILY_NORMAL,0,0,0
0.3624977357684102,0.07228571428571429,0.0,1.0,0.0,0.08382078546180512,0.0,1.0,3.0,0.0,3.0,0.02663157894736842,0.48356911392031005,0.06631578947368422,9.466067273186413,9.931540366978163,0.0,0.0,0.0,-0.4227629965862498,1.5254237288135595,0.0,0.0,E0000916,U003-normal-014,U003,normal_user,DAILY_NORMAL,0,0,0
15.736528673271785,3.1029265197498512,1.0,1.0,1.0,0.9748658979390177,0.0,1.0,4.0,1.0,4.0,1.143183454644682,8.76284253140835,1.2094992441183663,10.20765794249271,10.15591802447523,0.0,0.0,0.0,9.733956470650732,2.0,0.0,0.0,E0000917,U003-paysim-fraud-000,U003,paysim_fraud,ACCOUNT_DRAIN_TRANSFER,1,1,1
2.2844616187048197,0.5648992481889589,0.0,1.0,1.0,0.6550436577665456,0.0,2.0,5.0,1.0,4.0,1.3513042302932459,8.048621954147322,1.41762001976693,4.795790545596741,10.042892909603172,0.0,0.0,0.0,0.6613631623101842,2.459016393442623,0.0,0.0,E0000918,U003-paysim-fraud-000,U003,paysim_fraud,FOLLOW_UP_CASHOUT_PROXY,1,1,1
0.13909020945578235,0.03514285714285714,1.0,0.0,0.0,0.040750816647438855,0.0,1.0,5.0,1.0,4.0,0.012947368421052631,7.74764676935953,1.4183568618721931,10.562612484481637,9.788087924306376,0.0,0.0,0.0,-0.4551326587283393,2.419354838709677,0.0,0.0,E0000919,U003-normal-015,U003,normal_user,DAILY_NORMAL,0,0,0
0.9407666500323886,0.2342857142857143,0.0,0.0,0.0,0.2716721109829257,0.0,1.0,4.0,0.0,3.0,0.0863157894736842,7.904958239696633,1.4505673881879826,10.119807878502213,9.939211775470232,0.0,0.0,0.0,-0.03107214694998478,1.9047619047619047,0.0,0.0,E0000920,U003-normal-015,U003,normal_user,DAILY_NORMAL,0,0,0
0.03674852911678764,0.009142857142857144,0.0,0.0,0.0,0.010601838477382466,0.0,1.0,3.0,0.0,3.0,0.003368421052631579,0.5506631540297329,0.10263157894736842,10.675723139415037,10.196269100532607,0.0,0.0,0.0,-0.5089892169828134,1.40625,0.0,0.0,E0000921,U003-normal-016,U003,normal_user,DAILY_NORMAL,0,0,0
1.3064966615216764,0.32,1.0,1.0,0.0,0.37106434670838634,0.0,2.0,4.0,1.0,4.0,0.12126315789473684,1.182507419018395,0.22052631578947368,4.382026634673881,9.97100600426695,0.0,0.0,0.0,0.16040570398582177,1.8461538461538463,0.0,0.0,E0000922,U003-hard-BUSINESS_BATCH-005,U003,hard_negative,BUSINESS_BATCH,0,0,0
0.42255567051328485,0.104,0.0,0.0,0.0,0.12059591268022556,0.0,3.0,5.0,1.0,5.0,0.15957894736842104,1.3593202430562108,0.2588421052631579,5.37989735354046,9.971902923968685,0.0,0.0,0.0,-0.30605372787023316,2.2727272727272725,0.0,0.0,E0000923,U003-normal-016,U003,normal_user,DAILY_NORMAL,0,0,0
1.3120089836975268,0.32,1.0,1.0,0.0,0.37106434670838634,0.0,4.0,6.0,2.0,6.0,0.2774736842105263,1.9652679210324142,0.37673684210526315,5.579729825986222,9.527833641999592,0.0,0.0,0.0,0.16505190799317201,2.6865671641791042,0.0,0.0,E0000924,U003-hard-BUSINESS_BATCH-005,U003,hard_negative,BUSINESS_BATCH,0,0,0
1.3057412452528607,0.32,1.0,1.0,0.0,0.37106434670838634,0.0,5.0,7.0,3.0,7.0,0.3953684210526316,2.528438782188129,0.4946315789473684,6.175867270105761,9.090091799380007,0.0,0.0,0.0,0.16374304725348163,3.088235294117647,0.0,0.0,E0000925,U003-hard-BUSINESS_BATCH-005,U003,hard_negative,BUSINESS_BATCH,0,0,0
1.29972036460506,0.32,1.0,1.0,0.0,0.37106434670838634,0.0,6.0,8.0,4.0,8.0,0.5132631578947369,3.0694288967682,0.6125263157894737,6.175867270105761,5.7196558238124915,0.0,0.0,0.0,0.1624648384661831,3.4782608695652177,0.0,0.0,E0000926,U003-hard-BUSINESS_BATCH-005,U003,hard_negative,BUSINESS_BATCH,0,0,0
1.2939320394908753,0.32,1.0,1.0,0.0,0.37106434670838634,0.0,7.0,9.0,5.0,9.0,0.6311578947368421,3.5895233563541513,0.730421052631579,6.175867270105761,5.953243334287785,0.0,0.0,0.0,0.161216103624425,3.8571428571428568,0.0,0.0,E0000927,U003-hard-BUSINESS_BATCH-005,U003,hard_negative,BUSINESS_BATCH,0,0,0
1.288363051559265,0.32,1.0,1.0,0.0,0.37106434670838634,0.0,8.0,10.0,6.0,10.0,0.7490526315789474,4.08990986049742,0.8483157894736842,6.175867270105761,6.081762185088762,0.0,0.0,0.0,0.1599957271442929,4.225352112676056,0.0,0.0,E0000928,U003-hard-BUSINESS_BATCH-005,U003,hard_negative,BUSINESS_BATCH,0,0,0
1.2830011655988853,0.32,1.0,1.0,0.0,0.37106434670838634,0.0,9.0,11.0,7.0,11.0,0.8669473684210526,4.57168777136342,0.9662105263157895,6.175867270105761,6.175867270105761,0.0,0.0,0.0,0.1588026516753004,4.583333333333334,0.0,0.0,E0000929,U003-hard-BUSINESS_BATCH-005,U003,hard_negative,BUSINESS_BATCH,0,0,0
0.7689828721672022,0.19257142857142856,0.0,0.0,0.0,0.2233012229298682,0.0,1.0,10.0,0.0,10.0,0.07094736842105263,4.356700333410198,0.9378947368421052,10.635446708881462,9.071239211236744,0.0,0.0,0.0,-0.13107269312878395,4.109589041095891,0.0,0.0,E0000930,U003-normal-016,U003,normal_user,DAILY_NORMAL,0,0,0
0.06982356198164513,0.01742857142857143,0.0,1.0,0.0,0.020209754597510326,0.0,1.0,2.0,0.0,2.0,0.006421052631578947,0.35548592512012817,0.07736842105263157,11.161067472299884,10.028921247123034,0.0,0.0,0.0,-0.5297190593941801,0.8108108108108107,0.0,0.0,E0000931,U003-normal-017,U003,normal_user,DAILY_NORMAL,0,0,0
2.056871937056502,0.5067803699961612,1.0,1.0,0.0,0.587650396616437,0.0,2.0,3.0,1.0,3.0,0.1931296099985857,1.2121666466754688,0.26407697841963834,7.485491608030754,10.040332200263972,0.0,0.0,0.0,0.5971010195407109,1.2,0.0,0.0,E0000932,U003-misuse-LOW_AND_SLOW_ATTACK-008,U003,agent_misuse,LOW_AND_SLOW_ATTACK,1,0,0
1.335915456331815,0.3339135246982855,0.0,1.0,0.0,0.38719813718519974,0.0,1.0,4.0,0.0,4.0,0.12302077225726307,1.727506014106706,0.3870977506769014,8.881975184248867,10.097284679055107,0.0,0.0,0.0,0.19339051097509727,1.5789473684210527,0.0,0.0,E0000933,U003-misuse-LOW_AND_SLOW_ATTACK-008,U003,agent_misuse,LOW_AND_SLOW_ATTACK,1,0,0
0.11948110899332867,0.03,0.0,0.0,0.0,0.034787282503911214,0.0,2.0,5.0,0.0,5.0,0.13407340383621044,1.7448987164920549,0.39815038225584876,6.161207321695077,10.09722700964089,0.0,0.0,0.0,-0.5125727765061935,1.9480519480519478,0.0,0.0,E0000934,U003-normal-017,U003,normal_user,DAILY_NORMAL,0,0,0
0.06102597244628408,0.015142857142857144,0.0,1.0,0.0,0.01755929497816471,0.0,3.0,6.0,0.0,6.0,0.1396523512046315,1.766496316840533,0.40372932962426983,7.5766097669730375,9.701946478404333,0.0,0.0,0.0,-0.5428714000198598,2.3076923076923075,0.0,0.0,E0000935,U003-normal-017,U003,normal_user,DAILY_NORMAL,0,0,0
1.3764372491574932,0.33732648244536606,0.0,1.0,0.0,0.3911557213625866,0.0,1.0,6.0,0.0,6.0,0.1242781777430296,1.998216542716275,0.45706013894624675,8.471568013389962,8.082464037621547,0.0,0.0,0.0,0.2159596559914447,2.278481012658228,0.0,0.0,E0000936,U003-misuse-LOW_AND_SLOW_ATTACK-008,U003,agent_misuse,LOW_AND_SLOW_ATTACK,1,0,0
1.8789728627079423,0.46273519466646706,1.0,1.0,1.0,0.536576664712158,0.0,1.0,7.0,1.0,7.0,0.1704813875086984,2.6947379326261416,0.6275415264549452,8.881975184248867,8.371242135931933,0.0,0.0,0.0,0.5098948056166409,2.625,0.0,0.0,E0000937,U003-misuse-LOW_AND_SLOW_ATTACK-008,U003,agent_misuse,LOW_AND_SLOW_ATTACK,1,0,0
0.9296443760651094,0.23152373227497772,0.0,1.0,1.0,0.26846938270031856,0.0,1.0,8.0,0.0,8.0,0.08529821715393915,2.9881022171971727,0.7128397436088844,8.881975184248867,8.371242135931933,0.0,0.0,0.0,-0.04147151703796928,2.962962962962963,0.0,0.0,E0000938,U003-misuse-LOW_AND_SLOW_ATTACK-008,U003,agent_misuse,LOW_AND_SLOW_ATTACK,1,0,0
1.7147182120719033,0.42666250989380583,0.0,1.0,1.0,0.49474764218345463,0.0,1.0,9.0,0.0,9.0,0.15719145101350743,3.6040667466266934,0.8700311946223918,8.881975184248867,8.642309274439413,0.0,0.0,0.0,0.42360445977310307,3.292682926829268,0.0,0.0,E0000939,U003-misuse-LOW_AND_SLOW_ATTACK-008,U003,agent_misuse,LOW_AND_SLOW_ATTACK,1,0,0
0.9642312367494601,0.24206704452200156,1.0,1.0,0.0,0.28069515542245743,0.0,1.0,10.0,1.0,10.0,0.0891825953502111,3.8890880083457495,0.9592137899726029,8.881975184248867,8.812277797384759,0.0,0.0,0.0,-0.02149994144639329,3.6144578313253013,0.0,0.0,E0000940,U003-misuse-LOW_AND_SLOW_ATTACK-008,U003,agent_misuse,LOW_AND_SLOW_ATTACK,1,0,0
1.4262941605107782,0.35790828607921066,0.0,1.0,0.0,0.4150218886109392,0.0,1.0,11.0,0.0,11.0,0.1318609475028671,4.371028600828989,1.09107473747547,8.881975184248867,8.881975184248867,0.0,0.0,0.0,0.2577194471504523,3.928571428571429,0.0,0.0,E0000941,U003-misuse-LOW_AND_SLOW_ATTACK-008,U003,agent_misuse,LOW_AND_SLOW_ATTACK,1,0,0
0.16877326530727774,0.04257142857142857,0.0,0.0,0.0,0.049364810410312106,0.0,2.0,12.0,0.0,11.0,0.14754515802918286,4.357139191787367,1.1067589480017856,7.7057128238944275,8.733110697638708,0.0,0.0,0.0,-0.5080399132093684,4.235294117647059,0.0,0.0,E0000942,U003-hard-SUBSCRIPTION_BURST-003,U003,hard_negative,SUBSCRIPTION_BURST,0,0,0
0.11327233892584584,0.028285714285714286,0.0,0.0,0.0,0.032799437789402,0.0,3.0,13.0,0.0,12.0,0.15796621066076183,4.389131511108914,1.1171800006333645,6.493753839851686,8.496378051702317,0.0,0.0,0.0,-0.5389583487644125,4.534883720930233,0.0,0.0,E0000943,U003-hard-SUBSCRIPTION_BURST-003,U003,hard_negative,SUBSCRIPTION_BURST,0,0,0
0.5666222939719808,0.14,0.0,0.0,0.0,0.162340651684919,0.0,4.0,14.0,0.0,13.0,0.20954515802918286,4.585514813456256,1.1687589480017857,6.493753839851686,8.185628891147607,0.0,0.0,0.0,-0.2617421081172285,4.827586206896552,0.0,0.0,E0000944,U003-hard-SUBSCRIPTION_BURST-003,U003,hard_negative,SUBSCRIPTION_BURST,0,0,0
0.11506750956802747,0.028285714285714286,1.0,0.0,0.0,0.032799437789402,0.0,4.0,15.0,1.0,14.0,0.08810526315789474,4.595402520678824,1.1791800006333646,6.493753839851686,7.732369222284388,0.0,0.0,0.0,-0.534677737204833,5.113636363636364,0.0,0.0,E0000945,U003-hard-SUBSCRIPTION_BURST-003,U003,hard_negative,SUBSCRIPTION_BURST,0,0,0
0.5754473605495841,0.14,0.0,0.0,0.0,0.162340651684919,0.0,5.0,16.0,0.0,14.0,0.1396842105263158,4.789927423080611,1.2307589480017855,6.493753839851686,6.880384082186005,0.0,0.0,0.0,-0.25494155128935203,5.393258426966292,0.0,0.0,E0000946,U003-hard-SUBSCRIPTION_BURST-003,U003,hard_negative,SUBSCRIPTION_BURST,0,0,0
1.827198516540933,0.44236795471349216,0.0,1.0,0.0,0.5129593003765218,0.0,3.0,17.0,0.0,14.0,0.22497766752602344,5.388158315986411,1.393736615527809,7.75833346749091,6.904750769961838,0.0,0.0,0.0,0.4969841683562674,5.666666666666667,0.0,0.0,E0000947,U003-misuse-LOW_AND_SLOW_ATTACK-008,U003,agent_misuse,LOW_AND_SLOW_ATTACK,1,0,0
2.012660248214944,0.49184888041904407,1.0,1.0,0.0,0.5703361984123244,0.0,1.0,18.0,1.0,15.0,0.1812074822596478,5.963456677188458,1.5749440977874567,8.881975184248867,7.742835955430749,0.0,0.0,0.0,0.6167837881891275,5.934065934065934,0.0,0.0,E0000948,U003-misuse-LOW_AND_SLOW_ATTACK-008,U003,agent_misuse,LOW_AND_SLOW_ATTACK,1,0,1
0.2612555866929409,0.06457142857142857,0.0,0.0,0.0,0.07487548424651366,0.0,1.0,19.0,0.0,16.0,0.023789473684210527,5.918178979638629,1.5987335714716673,8.74623928838306,8.140373847497981,0.0,0.0,0.0,-0.45667207676525234,6.195652173913043,0.0,0.0,E0000949,U003-normal-018,U003,normal_user,DAILY_NORMAL,0,0,0
1.0056352765590615,0.24651070867043404,0.0,1.0,0.0,0.28584792209192483,0.0,2.0,20.0,0.0,16.0,0.11460920845752832,6.236069031427181,1.689553306244985,6.818924065275521,8.15507488781144,0.0,0.0,0.0,0.0034703207820150793,6.451612903225806,0.0,0.0,E0000950,U003-misuse-LOW_AND_SLOW_ATTACK-008,U003,agent_misuse,LOW_AND_SLOW_ATTACK,1,0,1
0.5139825338816265,0.126,0.0,0.0,0.0,0.1461065865164271,0.0,3.0,21.0,0.0,16.0,0.16103026108910728,6.336603683504992,1.735974358876564,7.607381425639791,8.22988438262624,0.0,0.0,0.0,-0.30097648743686267,6.702127659574468,0.0,0.0,E0000951,U003-normal-018,U003,normal_user,DAILY_NORMAL,0,0,0
1.8503192982513081,0.451199376274836,0.0,1.0,0.0,0.5232000056020418,0.0,1.0,22.0,0.0,16.0,0.16623134915388696,6.904379535549962,1.902205708030451,8.55429627936774,8.371242135931933,0.0,0.0,0.0,0.5264072563920017,6.947368421052632,0.0,0.0,E0000952,U003-misuse-LOW_AND_SLOW_ATTACK-008,U003,agent_misuse,LOW_AND_SLOW_ATTACK,1,0,1
0.07082509610142913,0.01742857142857143,0.0,0.0,0.0,0.020209754597510326,0.0,1.0,6.0,0.0,6.0,0.006421052631578947,1.8320352623093337,0.5148901451342209,11.171265796861306,9.746400900290068,0.0,0.0,0.0,-0.5827625239197936,1.875,0.0,0.0,E0000953,U003-normal-019,U003,normal_user,DAILY_NORMAL,0,0,0
0.3846320509922044,0.09371428571428571,0.0,1.0,0.0,0.10866884439317027,0.0,1.0,2.0,0.0,2.0,0.03452631578947368,0.1455843291086866,0.04094736842105263,9.674891664210184,9.853130661691164,0.0,0.0,0.0,-0.3834900173209065,0.6185567010309279,0.0,0.0,E0000954,U003-normal-019,U003,normal_user,DAILY_NORMAL,0,0,0
0.5594641813558835,0.13542857142857143,0.0,0.0,0.0,0.1570397324462278,0.0,1.0,3.0,0.0,3.0,0.04989473684210526,0.32166394970694706,0.09084210526315789,8.37655086161377,9.888556639147707,0.0,0.0,0.0,-0.27399338586962985,0.9183673469387755,0.0,0.0,E0000955,U003-normal-019,U003,normal_user,DAILY_NORMAL,0,0,0
0.3675810941383048,0.08857142857142856,0.0,0.0,0.0,0.10270531024964263,0.0,1.0,4.0,0.0,4.0,0.03263157894736842,0.43464982200023344,0.12347368421052632,9.378563004390635,9.983564105790743,0.0,0.0,0.0,-0.39343250807100966,1.2121212121212122,0.0,0.0,E0000956,U003-normal-019,U003,normal_user,DAILY_NORMAL,0,0,0
0.4929266516034097,0.118,0.0,0.0,0.0,0.13682997784871745,0.0,1.0,5.0,0.0,5.0,0.04347368421052632,0.5854434508197558,0.16694736842105262,8.952087643548404,10.006693749314538,0.0,0.0,0.0,-0.31477440842841287,1.5,0.0,0.0,E0000957,U003-normal-019,U003,normal_user,DAILY_NORMAL,0,0,0
7.91681837070359,1.8853735951647135,1.0,1.0,1.0,0.9592952707837232,0.0,1.0,6.0,1.0,6.0,0.6946113245343681,3.0059992620000653,0.8615586929554208,9.06577692078483,9.179200520534788,0.0,0.0,0.0,4.291308829027036,1.7821782178217822,0.0,0.0,E0000958,U003-paysim-fraud-004,U003,paysim_fraud,ACCOUNT_DRAIN_TRANSFER,1,1,1
0.9119299941776573,0.23234748253121873,0.0,1.0,1.0,0.26942458379620277,0.0,2.0,7.0,1.0,6.0,0.7802130286248171,3.057656402708898,0.9471603970458699,4.795790545596741,8.784927626058323,0.0,0.0,0.0,-0.05395117505341854,2.058823529411765,0.0,0.0,E0000959,U003-paysim-fraud-004,U003,paysim_fraud,FOLLOW_UP_CASHOUT_PROXY,1,1,0
0.1055032868677746,0.026857142857142857,0.0,0.0,0.0,0.031142900527310995,0.0,1.0,8.0,0.0,7.0,0.009894736842105263,3.061399124103718,0.957055133887975,9.791158367562208,9.131427026333204,0.0,0.0,0.0,-0.5502310097415745,2.330097087378641,0.0,0.0,E0000960,U003-normal-020,U003,normal_user,DAILY_NORMAL,0,0,0
0.8584448731939042,0.21659219882163794,1.0,1.0,0.0,0.2511551336183875,0.0,1.0,8.0,1.0,7.0,0.07979712588165608,3.292638454439411,1.0304312071380521,10.331757313297556,9.473719505904791,0.0,0.0,0.0,-0.0866042576977147,2.3076923076923075,0.0,0.0,E0000961,U003-misuse-VELOCITY_ATTACK-001,U003,agent_misuse,VELOCITY_ATTACK,1,0,0
1.510407900812641,0.38055857937670423,0.0,1.0,0.0,0.441286627002151,0.0,2.0,9.0,1.0,8.0,0.22000291828359975,3.7091263005317603,1.170636999539996,4.51085950651685,9.34893641756644,0.0,0.0,0.0,0.3133656079036949,2.5714285714285716,0.0,0.0,E0000962,U003-misuse-VELOCITY_ATTACK-001,U003,agent_misuse,VELOCITY_ATTACK,1,0,1
1.553647444534904,0.39339291934805093,0.0,1.0,0.0,0.45616902067996695,0.0,3.0,10.0,1.0,9.0,0.3649371517276185,4.107521975024481,1.3155712329840146,1.6094379124341003,9.185719756793935,0.0,0.0,0.0,0.34310388746460674,2.8301886792452833,0.0,0.0,E0000963,U003-misuse-VELOCITY_ATTACK-001,U003,agent_misuse,VELOCITY_ATTACK,1,0,1
1.7800348608706429,0.4531149802111175,1.0,1.0,0.0,0.5254212941119428,0.0,4.0,11.0,2.0,10.0,0.5318742497001354,4.559956569116207,1.4825083309565315,2.3978952727983707,9.183462373167936,0.0,0.0,0.0,0.4880503202093808,3.08411214953271,0.0,0.0,E0000964,U003-misuse-VELOCITY_ATTACK-001,U003,agent_misuse,VELOCITY_ATTACK,1,0,1
1.3945469098156023,0.3576246510335064,0.0,1.0,0.0,0.41469299219550837,0.0,5.0,12.0,2.0,11.0,0.663630700080901,4.881664954938541,1.614264781337297,3.970291913552122,8.727518944619788,0.0,0.0,0.0,0.24960287343300008,3.333333333333333,0.0,0.0,E0000965,U003-misuse-VELOCITY_ATTACK-001,U003,agent_misuse,VELOCITY_ATTACK,1,0,1
1.3619043672581799,0.35055360374428607,0.0,1.0,0.0,0.4064935748738876,0.0,6.0,13.0,2.0,11.0,0.7927820277761642,5.203124063718128,1.7434161090325604,5.056245805348308,4.14946386144318,0.0,0.0,0.0,0.23082824766935234,3.5779816513761467,0.0,0.0,E0000966,U003-misuse-VELOCITY_ATTACK-001,U003,agent_misuse,VELOCITY_ATTACK,1,0,1
1.8328527137383643,0.4733711860882688,1.0,1.0,0.0,0.5489099059888045,0.0,7.0,14.0,3.0,12.0,0.9671819384402632,5.651005471479684,1.9178160196966594,2.1972245773362196,3.8501476017100584,0.0,0.0,0.0,0.5353781184366311,3.8181818181818183,0.0,0.0,E0000967,U003-misuse-VELOCITY_ATTACK-001,U003,agent_misuse,VELOCITY_ATTACK,1,0,1
1.3157622364158543,0.3424427115798228,1.0,1.0,0.0,0.39708837830442284,0.0,8.0,15.0,3.0,13.0,1.0933450427065137,5.921326469004658,2.04397912396291,3.1780538303479458,3.927896354584436,0.0,0.0,0.0,0.20522643772452057,4.0540540540540535,0.0,0.0,E0000968,U003-misuse-VELOCITY_ATTACK-001,U003,agent_misuse,VELOCITY_ATTACK,1,0,1
0.621933232945984,0.16233440107743818,1.0,1.0,0.0,0.1882390890128024,0.0,9.0,16.0,3.0,14.0,1.1531524536297804,6.021229624618955,2.1037865348861766,5.030437921392435,4.37197629882038,0.0,0.0,0.0,-0.24752290399772556,4.285714285714286,0.0,0.0,E0000969,U003-misuse-VELOCITY_ATTACK-001,U003,agent_misuse,VELOCITY_ATTACK,1,0,1
1.5744925782181318,0.4095549587356873,0.0,1.0,0.0,0.4749101350138685,0.0,10.0,17.0,3.0,14.0,1.3040411226376651,6.416475618924068,2.2546752038940614,2.4849066497880004,4.2626798770413155,0.0,0.0,0.0,0.37644216564208066,4.513274336283186,0.0,0.0,E0000970,U003-misuse-VELOCITY_ATTACK-001,U003,agent_misuse,VELOCITY_ATTACK,1,0,1
1.755551519314344,0.45901522562133446,1.0,1.0,0.0,0.532263077576197,0.0,11.0,18.0,4.0,15.0,1.4731519952349987,6.800402381992481,2.423786076491395,2.3978952727983707,3.7328963395307104,0.0,0.0,0.0,0.4995833629200427,4.736842105263158,0.0,0.0,E0000971,U003-misuse-VELOCITY_ATTACK-001,U003,agent_misuse,VELOCITY_ATTACK,1,0,1
1.194650024029975,0.3144663062609719,0.0,1.0,0.0,0.36464760779539646,0.0,12.0,19.0,4.0,16.0,1.5890080028048306,7.014518820429253,2.539642084061227,5.198497031265826,4.333361462692601,0.0,0.0,0.0,0.13001169505556934,4.956521739130435,0.0,0.0,E0000972,U003-misuse-VELOCITY_ATTACK-001,U003,agent_misuse,VELOCITY_ATTACK,1,0,1
1.0987963703773727,0.28973308921970364,1.0,1.0,0.0,0.3359675608472248,0.0,13.0,20.0,5.0,17.0,1.6957517725173528,7.2322038305072365,2.6463858537737495,5.043425116919247,4.628886712605407,0.0,0.0,0.0,0.06639175317704951,5.172413793103448,0.0,0.0,E0000973,U003-misuse-VELOCITY_ATTACK-001,U003,agent_misuse,VELOCITY_ATTACK,1,0,1
0.074700576554278,0.019714285714285715,0.0,0.0,0.0,0.022860214216855943,0.0,6.0,21.0,3.0,18.0,0.6096698877055763,7.182214171895867,2.6536490116684863,8.053887083618223,6.55250788703459,0.0,0.0,0.0,-0.6250812309218791,5.384615384615385,0.0,0.0,E0000974,U003-normal-020,U003,normal_user,DAILY_NORMAL,0,0,0
0.15388719322979605,0.040285714285714286,0.0,0.0,0.0,0.04671435079096649,0.0,1.0,20.0,0.0,17.0,0.014842105263157894,6.98931590821576,2.5840700643000654,8.984443032465352,7.7381394778471675,0.0,0.0,0.0,-0.5685044829144779,5.084745762711865,0.0,0.0,E0000975,U003-normal-020,U003,normal_user,DAILY_NORMAL,0,0,0
0.1044446881717527,0.027142857142857142,0.0,1.0,0.0,0.0314742079797292,0.0,2.0,21.0,0.0,17.0,0.024842105263157895,7.00698721452152,2.594070064300065,5.955837369464831,7.77030762440281,0.0,0.0,0.0,-0.599093429255793,5.294117647058823,0.0,0.0,E0000976,U003-normal-020,U003,normal_user,DAILY_NORMAL,0,0,0
0.27586659568549465,0.07114285714285715,0.0,0.0,0.0,0.08249555565213232,0.0,1.0,22.0,0.0,18.0,0.026210526315789472,7.071418926580934,2.620280590615855,8.624970783589669,8.145201543365612,0.0,0.0,0.0,-0.4820393987981038,5.5,0.0,0.0,E0000977,U003-normal-020,U003,normal_user,DAILY_NORMAL,0,0,0
0.0,0.0,0.0,0.0,0.0,0.0,0.0,1.0,10.0,0.0,8.0,0.0,1.7789145475252464,0.6607225192845236,11.141093372485166,9.75296694269177,0.0,0.0,0.0,-0.6637606329094337,2.479338842975207,0.0,0.0,E0000978,U003-agent-normal-009,U003,normal_agent,DELEGATED_NORMAL,0,0,0
0.03790111984063884,0.009714285714285713,0.0,0.0,0.0,0.01126445338221887,0.0,1.0,5.0,0.0,5.0,0.0035789473684210526,0.1470888424523297,0.05463157894736842,8.857515151192198,9.797093169288004,0.0,0.0,0.0,-0.6386033616160349,1.2295081967213115,0.0,0.0,E0000979,U003-normal-021,U003,normal_user,DAILY_NORMAL,0,0,0
0.07642008572241396,0.019428571428571427,0.0,0.0,0.0,0.02252890676443774,0.0,1.0,3.0,0.0,3.0,0.007157894736842105,0.028898351743769982,0.010736842105263157,9.66643522103567,9.880300805560791,0.0,0.0,0.0,-0.6096071767018169,0.7317073170731708,0.0,0.0,E0000980,U003-normal-021,U003,normal_user,DAILY_NORMAL,0,0,0
0.05549452830922875,0.014,0.0,0.0,0.0,0.0162340651684919,0.0,1.0,4.0,0.0,4.0,0.005157894736842105,0.042753437625987455,0.015894736842105264,11.04303382945296,10.372421860261337,0.0,0.0,0.0,-0.6202550435808701,0.9677419354838709,0.0,0.0,E0000981,U003-normal-022,U003,normal_user,DAILY_NORMAL,0,0,0
0.5832816499704307,0.146,0.0,0.0,0.0,0.16929810818570126,0.0,1.0,3.0,0.0,3.0,0.053789473684210526,0.17772680832338011,0.06610526315789474,9.962793658433535,10.465853840091336,0.0,0.0,0.0,-0.27221864331099815,0.72,0.0,0.0,E0000982,U003-normal-022,U003,normal_user,DAILY_NORMAL,0,0,0
0.35506272096120217,0.08857142857142856,0.0,1.0,0.0,0.10270531024964263,0.0,1.0,3.0,0.0,3.0,0.03263157894736842,0.24503270801394436,0.09157894736842105,10.930048726626888,10.38815809482526,0.0,0.0,0.0,-0.4214655934390466,0.7142857142857143,0.0,0.0,E0000983,U003-normal-023,U003,normal_user,DAILY_NORMAL,0,0,0
0.12204849144260443,0.030285714285714287,0.0,0.0,0.0,0.03511858995632942,0.0,2.0,4.0,0.0,4.0,0.043789473684210524,0.2740895712102667,0.10273684210526315,7.693481640835175,10.357939630842973,0.0,0.0,0.0,-0.5726526515737089,0.9448818897637795,0.0,0.0,E0000984,U003-normal-023,U003,normal_user,DAILY_NORMAL,0,0,0
0.30149891320996375,0.07428571428571429,0.0,1.0,0.0,0.08613993762873254,0.0,1.0,4.0,0.0,4.0,0.02736842105263158,0.33301415320740724,0.12494736842105263,9.593150789519541,10.350836491217057,0.0,0.0,0.0,-0.45361432015524206,0.9375,0.0,0.0,E0000985,U003-normal-023,U003,normal_user,DAILY_NORMAL,0,0,0
0.21456746652474054,0.052571428571428575,0.0,1.0,0.0,0.06096057124494918,0.0,2.0,5.0,0.0,5.0,0.04673684210526316,0.38370260426793823,0.1443157894736842,7.861341795599989,9.867901824811119,0.0,0.0,0.0,-0.5088407860845433,1.1627906976744187,0.0,0.0,E0000986,U003-normal-023,U003,normal_user,DAILY_NORMAL,0,0,0
0.029336057385517495,0.007142857142857143,1.0,1.0,0.0,0.008282686310455051,0.0,1.0,6.0,1.0,6.0,0.002631578947368421,0.3900298677160231,0.14694736842105263,9.24377514806242,9.748259626020284,0.0,0.0,0.0,-0.6267736694764641,1.3846153846153848,0.0,0.0,E0000987,U003-normal-023,U003,normal_user,DAILY_NORMAL,0,0,0
0.0354744005278037,0.008571428571428572,0.0,0.0,0.0,0.009939223572546061,0.0,1.0,6.0,0.0,6.0,0.003157894736842105,0.25558327939323133,0.09631578947368422,8.661985936317778,8.86987617808543,0.0,0.0,0.0,-0.6195401582092774,1.3740458015267176,0.0,0.0,E0000988,U003-normal-023,U003,normal_user,DAILY_NORMAL,0,0,0
0.1108056013161472,0.026571428571428572,0.0,1.0,0.0,0.03081159307489279,0.0,1.0,7.0,0.0,7.0,0.009789473684210527,0.2814819710853739,0.10610526315789473,10.308985993422082,9.447449942838439,0.0,0.0,0.0,-0.5682250968341861,1.5909090909090908,0.0,0.0,E0000989,U003-normal-024,U003,normal_user,DAILY_NORMAL,0,0,0
0.10317658891226084,0.02457142857142857,0.0,1.0,0.0,0.028492440907965377,0.0,1.0,6.0,0.0,6.0,0.009052631578947368,0.1891663798878119,0.07136842105263158,10.155568353744936,9.608431693754401,0.0,0.0,0.0,-0.5706551272663927,1.3533834586466165,0.0,0.0,E0000990,U003-normal-024,U003,normal_user,DAILY_NORMAL,0,0,0
0.28147839082870146,0.06657142857142857,0.0,0.0,0.0,0.07719463641344108,0.0,1.0,7.0,0.0,7.0,0.024526315789473684,0.25397175375861375,0.09589473684210527,8.980172205725008,9.677815808033085,0.0,0.0,0.0,-0.45523301248219117,1.5671641791044775,0.0,0.0,E0000991,U003-normal-024,U003,normal_user,DAILY_NORMAL,0,0,0
7.349082634466867,1.7285714285714286,0.0,1.0,0.0,0.9557661927330173,0.0,1.0,6.0,0.0,6.0,0.6368421052631579,1.8129066252786792,0.686,9.173987542510384,9.669042883466764,0.0,0.0,0.0,4.012702856140412,1.3333333333333333,0.0,0.0,E0000992,U003-normal-024,U003,normal_user,RECURRING_NORMAL,0,0,0
9.612162586153842,2.3696142904576605,1.0,1.0,1.0,0.9673417973141177,0.0,1.0,5.0,1.0,5.0,0.8730157912212434,3.8867004696376317,1.5532263175370329,10.27646390360756,9.926842685733709,0.0,0.0,0.0,5.406282459215871,1.1029411764705883,0.0,0.0,E0000993,U003-paysim-fraud-005,U003,paysim_fraud,ACCOUNT_DRAIN_TRANSFER,1,1,1
2.4752129711612056,0.6497077368701009,0.0,1.0,1.0,0.7533855529159005,0.0,2.0,6.0,1.0,5.0,1.1123817995418068,4.181202884447365,1.7925923258575964,5.198497031265826,9.582496856040606,0.0,0.0,0.0,0.89617343091281,1.3138686131386863,0.0,0.0,E0000994,U003-paysim-fraud-005,U003,paysim_fraud,FOLLOW_UP_CASHOUT_PROXY,1,1,1
0.09259123921722405,0.02457142857142857,0.0,0.0,0.0,0.028492440907965377,0.0,1.0,6.0,0.0,5.0,0.009052631578947368,4.103122537795904,1.7918554837523333,10.121015365064702,9.57037566361712,0.0,0.0,0.0,-0.5577304405632407,1.3043478260869565,0.0,0.0,E0000995,U003-normal-025,U003,normal_user,DAILY_NORMAL,0,0,0
0.10297315892877858,0.027142857142857142,0.0,0.0,0.0,0.0314742079797292,0.0,1.0,7.0,0.0,6.0,0.01,4.1231722465582274,1.8018554837523333,9.124455632819013,9.58743344002857,0.0,0.0,0.0,-0.5490508266872772,1.5107913669064748,0.0,0.0,E0000996,U003-normal-025,U003,normal_user,DAILY_NORMAL,0,0,0
0.14293735064134863,0.03742857142857143,1.0,0.0,0.0,0.04340127626678447,0.0,1.0,6.0,1.0,5.0,0.013789473684210527,4.07478004781847,1.7820660100681227,9.8769895612299,9.713972182201902,0.0,0.0,0.0,-0.522477333021109,1.2857142857142856,0.0,0.0,E0000997,U003-normal-025,U003,normal_user,DAILY_NORMAL,0,0,0
0.01646990682381303,0.004285714285714286,0.0,0.0,0.0,0.004969611786273031,0.0,1.0,4.0,0.0,4.0,0.0015789473684210526,0.07862276688156002,0.03442105263157895,10.736396675471232,9.900432891806899,0.0,0.0,0.0,-0.5974143701628511,0.851063829787234,0.0,0.0,E0000998,U003-normal-026,U003,normal_user,DAILY_NORMAL,0,0,0
0.04202326500982403,0.010857142857142857,0.0,0.0,0.0,0.012589683191891679,0.0,1.0,4.0,0.0,3.0,0.004,0.06707374678341478,0.02936842105263158,9.758288355043923,10.058874610589879,0.0,0.0,0.0,-0.5791019768171762,0.8450704225352113,0.0,0.0,E0000999,U003-normal-026,U003,normal_user,DAILY_NORMAL,0,0,0
0.2973178207890433,0.07628571428571429,0.0,0.0,0.0,0.08845908979565995,0.0,1.0,4.0,0.0,3.0,0.028105263157894737,0.10839086345150635,0.047473684210526314,9.69738546707677,9.982538999842632,0.0,0.0,0.0,-0.4228634289114374,0.8391608391608392,0.0,0.0,E0001000,U003-normal-026,U003,normal_user,DAILY_NORMAL,0,0,0
0.3592526609001282,0.09171428571428572,0.0,0.0,0.0,0.10634969222624287,0.0,1.0,4.0,0.0,3.0,0.03378947368421053,0.15372560456407353,0.06747368421052631,10.107122033462112,10.115092792823786,0.0,0.0,0.0,-0.3847885700714287,0.8333333333333334,0.0,0.0,E0001001,U003-normal-026,U003,normal_user,DAILY_NORMAL,0,0,0
0.20461827288560624,0.052,0.0,1.0,0.0,0.06029795634011278,0.0,2.0,5.0,0.0,4.0,0.05294736842105263,0.19686794316676867,0.08663157894736842,5.71042701737487,9.946460831383995,0.0,0.0,0.0,-0.47692548534582924,1.0344827586206897,0.0,0.0,E0001002,U003-normal-026,U003,normal_user,DAILY_NORMAL,0,0,0
0.0,0.0,0.0,0.0,0.0,0.0,0.0,1.0,5.0,0.0,5.0,0.0,0.1929997475915182,0.08505263157894737,10.520158574385459,9.856878009084216,0.0,0.0,0.0,-0.5978917237589101,1.0273972602739727,0.0,0.0,E0001003,U003-agent-normal-033,U003,normal_agent,DELEGATED_NORMAL,0,0,0
0.09949359925344932,0.025142857142857144,0.0,0.0,0.0,0.029155055812801783,0.0,1.0,4.0,0.0,4.0,0.009263157894736843,0.14116689458736048,0.06221052631578947,10.280518891981744,9.974020570721368,0.0,0.0,0.0,-0.538405324198287,0.8163265306122448,0.0,0.0,E0001004,U003-normal-027,U003,normal_user,DAILY_NORMAL,0,0,0
0.16952831504930838,0.04257142857142857,0.0,0.0,0.0,0.049364810410312106,0.0,1.0,5.0,0.0,5.0,0.01568421052631579,0.17663343474419888,0.07789473684210527,8.592671652592143,9.867082870642328,0.0,0.0,0.0,-0.494638560509104,1.0135135135135134,0.0,0.0,E0001005,U003-normal-027,U003,normal_user,RECURRING_NORMAL,0,0,0
3.524671051323443,0.88,1.0,1.0,0.0,0.9166666666666666,0.0,1.0,3.0,1.0,3.0,0.32421052631578945,0.7908099213500988,0.3491578947368421,11.034583165448435,10.195328465011746,0.0,0.0,0.0,1.498996547064546,0.6040268456375839,0.0,0.0,E0001006,U003-hard-EMERGENCY_LARGE_TRANSFER-004,U003,hard_negative,EMERGENCY_LARGE_TRANSFER,0,0,0
0.06973694400511932,0.017714285714285714,0.0,1.0,0.0,0.02054106204992853,0.0,1.0,4.0,0.0,4.0,0.006526315789473684,0.7863441617128971,0.35568421052631577,9.127502093667179,10.259706392475243,0.0,0.0,0.0,-0.5595795067474386,0.8,0.0,0.0,E0001007,U003-normal-028,U003,normal_user,DAILY_NORMAL,0,0,0
0.15055628697435344,0.038,0.0,1.0,0.0,0.04406389117162088,0.0,1.0,5.0,0.0,5.0,0.014,0.8169023790100874,0.3696842105263158,8.747352077624353,10.017092985259318,0.0,0.0,0.0,-0.5089109630068237,0.9933774834437087,0.0,0.0,E0001008,U003-normal-028,U003,normal_user,DAILY_NORMAL,0,0,0
0.34840593393133273,0.08742857142857142,0.0,0.0,0.0,0.10138008043996984,0.0,1.0,4.0,0.0,4.0,0.032210526315789474,0.8320939371802737,0.37694736842105264,9.470702633773001,9.861060103296174,0.0,0.0,0.0,-0.38910557779039473,0.7894736842105263,0.0,0.0,E0001009,U003-normal-028,U003,normal_user,DAILY_NORMAL,0,0,0
0.11893610984092133,0.029714285714285714,0.0,0.0,0.0,0.03445597505149302,0.0,1.0,5.0,0.0,5.0,0.010947368421052631,0.8542351184325528,0.38789473684210524,10.651974828129237,10.186634356186147,0.0,0.0,0.0,-0.525329304863717,0.9803921568627452,0.0,0.0,E0001010,U003-normal-029,U003,normal_user,DAILY_NORMAL,0,0,0
0.3968945813559074,0.09857142857142857,0.0,0.0,0.0,0.11430107108427971,0.0,1.0,6.0,0.0,6.0,0.03631578947368421,0.9334608478927966,0.4242105263157895,9.218705288307811,9.690702664537621,0.0,0.0,0.0,-0.35834572703163464,1.1688311688311688,0.0,0.0,E0001011,U003-normal-029,U003,normal_user,DAILY_NORMAL,0,0,0
0.25642403981199496,0.06342857142857143,0.0,0.0,0.0,0.07355025443684086,0.0,2.0,7.0,0.0,7.0,0.05968421052631579,0.9822657813338762,0.4475789473684211,6.9584483932976555,9.584383610076006,0.0,0.0,0.0,-0.44131768507981173,1.3548387096774193,0.0,0.0,E0001012,U003-normal-029,U003,normal_user,DAILY_NORMAL,0,0,0
0.11259559396207265,0.027714285714285716,0.0,0.0,0.0,0.032136822884565604,0.0,1.0,4.0,0.0,4.0,0.010210526315789474,0.17711493718073013,0.0808421052631579,10.412411369012522,9.900041622131829,0.0,0.0,0.0,-0.5254926173487279,0.7692307692307692,0.0,0.0,E0001013,U003-normal-029,U003,normal_user,DAILY_NORMAL,0,0,0
4.822171325657445,1.18,1.0,1.0,1.0,0.9365079365079365,0.0,1.0,5.0,1.0,5.0,0.43473684210526314,1.1287273075571953,0.515578947368421,10.460614531668961,10.099013216813665,0.0,0.0,0.0,2.255544743830068,0.9554140127388535,0.0,0.0,E0001014,U003-misuse-POLICY_CONFLICT-007,U003,agent_misuse,POLICY_CONFLICT,1,0,1
0.4419857609391681,0.11085714285714286,0.0,0.0,0.0,0.12854729153826241,0.0,1.0,5.0,0.0,5.0,0.040842105263157895,1.1574541202682278,0.5454736842105263,8.967759126769497,9.766120240743215,0.0,0.0,0.0,-0.3331374870227113,0.949367088607595,0.0,0.0,E0001015,U003-normal-030,U003,normal_user,DAILY_NORMAL,0,0,0
0.16806233687285016,0.042,0.0,0.0,0.0,0.04870219550547571,0.0,2.0,6.0,0.0,6.0,0.05631578947368421,1.186859519209407,0.5609473684210526,5.720311776607412,9.647123252230248,0.0,0.0,0.0,-0.49630735714625507,1.1320754716981132,0.0,0.0,E0001016,U003-normal-030,U003,normal_user,DAILY_NORMAL,0,0,0
0.7046132764272967,0.17514285714285716,0.0,0.0,0.0,0.20309146833235786,0.0,1.0,4.0,0.0,4.0,0.06452631578947368,1.1742195041782681,0.5555789473684211,10.811161264303168,10.133845020868533,0.0,0.0,0.0,-0.17570102451017916,0.75,0.0,0.0,E0001017,U003-normal-030,U003,normal_user,DAILY_NORMAL,0,0,0
0.504414515915809,0.12514285714285714,0.0,0.0,0.0,0.1451126641591725,0.0,1.0,2.0,0.0,2.0,0.04610526315789474,0.23276240614133967,0.11063157894736841,10.841931089051416,10.266427828229292,0.0,0.0,0.0,-0.2951428484259142,0.3726708074534162,0.0,0.0,E0001018,U003-normal-031,U003,normal_user,DAILY_NORMAL,0,0,0
0.11783836215401576,0.029142857142857144,0.0,0.0,0.0,0.03379336014665661,0.0,1.0,3.0,0.0,3.0,0.010736842105263157,0.2545290962225181,0.12136842105263158,10.200401876301486,10.209176523280366,0.0,0.0,0.0,-0.5252376796324747,0.5555555555555555,0.0,0.0,E0001019,U003-normal-031,U003,normal_user,DAILY_NORMAL,0,0,0
0.597146974613691,0.14685714285714285,1.0,0.0,0.0,0.17029203054295586,0.0,1.0,3.0,1.0,3.0,0.05410526315789474,0.23249996721278768,0.11094736842105263,10.9413054133049,10.51526739849153,0.0,0.0,0.0,-0.23906865810929026,0.5521472392638036,0.0,0.0,E0001020,U003-normal-032,U003,normal_user,DAILY_NORMAL,0,0,0
0.11064797660246645,0.027142857142857142,0.0,0.0,0.0,0.0314742079797292,0.0,1.0,3.0,0.0,3.0,0.01,0.15624768890636276,0.07484210526315789,8.652423140676342,10.544235564296866,0.0,0.0,0.0,-0.5280073102624052,0.5487804878048781,0.0,0.0,E0001021,U003-normal-032,U003,normal_user,DAILY_NORMAL,0,0,0
0.4509219110884148,0.11,0.0,1.0,0.0,0.1275533691810078,0.0,1.0,4.0,0.0,4.0,0.04052631578947368,0.24068689020433567,0.11536842105263158,9.918967123384514,10.376804436885186,0.0,0.0,0.0,-0.3249099442807209,0.7272727272727273,0.0,0.0,E0001022,U003-normal-032,U003,normal_user,DAILY_NORMAL,0,0,0
0.32318929151371883,0.07857142857142857,0.0,1.0,0.0,0.09110954941500557,0.0,2.0,5.0,0.0,5.0,0.06947368421052631,0.30023208492285164,0.1443157894736842,7.411556287811163,10.00844198575364,0.0,0.0,0.0,-0.4002423723275431,0.9036144578313253,0.0,0.0,E0001023,U003-normal-032,U003,normal_user,DAILY_NORMAL,0,0,0
0.7470440206646994,0.18085714285714286,0.0,1.0,0.0,0.20971761738072192,0.0,1.0,5.0,0.0,5.0,0.06663157894736842,0.4156801027746353,0.20021052631578948,8.882114044208821,9.813059436043396,0.0,0.0,0.0,-0.1493525100578038,0.8982035928143713,0.0,0.0,E0001024,U003-normal-032,U003,normal_user,DAILY_NORMAL,0,0,0
0.0484619445008777,0.011714285714285714,0.0,0.0,0.0,0.013583605549146284,0.0,1.0,6.0,0.0,6.0,0.00431578947368421,0.42269141776988794,0.2045263157894737,8.839566503657949,9.031094081699155,0.0,0.0,0.0,-0.562633806747603,1.0714285714285714,0.0,0.0,E0001025,U003-normal-032,U003,normal_user,DAILY_NORMAL,0,0,0
0.20211243864302073,0.04857142857142857,0.0,0.0,1.0,0.05632226691109435,0.0,1.0,7.0,0.0,7.0,0.017894736842105262,0.4595375712188337,0.22242105263157894,9.49642116306099,9.197923601961094,0.0,0.0,0.0,-0.4700278569749304,1.242603550295858,0.0,0.0,E0001026,U003-normal-033,U003,normal_user,DAILY_NORMAL,0,0,0
0.2831376812448545,0.06771428571428571,0.0,0.0,0.0,0.0785198662231139,0.0,1.0,8.0,0.0,8.0,0.02494736842105263,0.5104515158614561,0.24736842105263157,9.933725735596738,9.204020443231363,0.0,0.0,0.0,-0.4212519706934178,1.4117647058823528,0.0,0.0,E0001027,U003-normal-033,U003,normal_user,DAILY_NORMAL,0,0,0
0.22917235709980882,0.05457142857142857,0.0,1.0,0.0,0.0632797234118766,0.0,1.0,7.0,0.0,7.0,0.020105263157894737,0.4189374193371891,0.2033684210526316,10.397055108865839,9.690207694658808,0.0,0.0,0.0,-0.45213070400348304,1.2280701754385965,0.0,0.0,E0001028,U003-normal-033,U003,normal_user,DAILY_NORMAL,0,0,0
0.49783811616837365,0.118,0.0,0.0,0.0,0.13682997784871745,0.0,1.0,6.0,0.0,6.0,0.04347368421052632,0.36487388572459856,0.1773684210526316,8.818482267274236,9.684697013103396,0.0,0.0,0.0,-0.29388659958474017,1.0465116279069768,0.0,0.0,E0001029,U003-normal-033,U003,normal_user,DAILY_NORMAL,0,0,0
0.17047365840873063,0.040285714285714286,0.0,0.0,0.0,0.04671435079096649,0.0,1.0,6.0,0.0,6.0,0.014842105263157894,0.2575672169220056,0.12557894736842104,9.408207140105599,9.748411444632369,0.0,0.0,0.0,-0.48534542787748197,1.0404624277456647,0.0,0.0,E0001030,U003-normal-033,U003,normal_user,DAILY_NORMAL,0,0,0
4.714790634677871,1.1087132607850427,1.0,1.0,1.0,0.9327003385600604,0.0,1.0,5.0,1.0,5.0,0.40847330660501574,1.0487427461004701,0.5118417276576473,9.79757132694458,9.801598781171643,0.0,0.0,0.0,2.1677260569899803,0.8620689655172414,0.0,0.0,E0001031,U003-paysim-fraud-002,U003,paysim_fraud,ACCOUNT_DRAIN_TRANSFER,1,1,1
2.0377059933927635,0.4896505294608975,0.0,1.0,1.0,0.5677870432181982,0.0,2.0,6.0,1.0,5.0,0.5888708700906096,1.3798740096135957,0.6922392911432411,5.484796933490655,9.545955098183267,0.0,0.0,0.0,0.6121989374367665,1.0285714285714287,0.0,0.0,E0001032,U003-paysim-fraud-002,U003,paysim_fraud,FOLLOW_UP_CASHOUT_PROXY,1,1,0
0.0,0.0,0.0,0.0,0.0,0.0,0.0,1.0,7.0,0.0,6.0,0.0,1.363530048716881,0.6922392911432411,9.551089165364656,9.234779293853201,0.0,0.0,0.0,-0.594626094665502,1.1931818181818183,0.0,0.0,E0001033,U003-agent-normal-020,U003,normal_agent,DELEGATED_NORMAL,0,0,0
0.2706420035538439,0.06542857142857143,0.0,1.0,1.0,0.07586940660376827,0.0,1.0,4.0,0.0,3.0,0.024105263157894737,1.207402393253735,0.6129761332485043,11.091711999893924,9.999742740225267,0.0,0.0,0.0,-0.4336952970398329,0.6779661016949152,0.0,0.0,E0001034,U003-agent-normal-017,U003,normal_agent,DELEGATED_NORMAL,0,0,0
0.12224819725066874,0.02942857142857143,0.0,1.0,0.0,0.034124667599074815,0.0,1.0,2.0,0.0,2.0,0.010842105263157894,0.06872838364284604,0.03494736842105263,10.163117312420749,10.117348150251422,0.0,0.0,0.0,-0.5209535575790305,0.33707865168539325,0.0,0.0,E0001035,U003-normal-035,U003,normal_user,DAILY_NORMAL,0,0,0
0.8779952092112501,0.2102857142857143,0.0,1.0,0.0,0.2438422849797967,0.0,1.0,3.0,0.0,3.0,0.07747368421052632,0.22093307444653534,0.11242105263157895,10.277324385186116,10.203006788513603,0.0,0.0,0.0,-0.07219606316613464,0.5027932960893855,0.0,0.0,E0001036,U003-normal-035,U003,normal_user,DAILY_NORMAL,0,0,0
1.0230568741982973,0.24485714285714286,0.0,1.0,0.0,0.2839304867223992,0.0,1.0,4.0,0.0,4.0,0.09021052631578948,0.3962065913233256,0.2026315789473684,8.977777598745481,10.25839593702714,0.0,0.0,0.0,0.013673431066068737,0.6666666666666666,0.0,0.0,E0001037,U003-normal-035,U003,normal_user,DAILY_NORMAL,0,0,0
0.0,0.0,0.0,0.0,0.0,0.0,0.0,1.0,5.0,0.0,5.0,0.0,0.3938906571595922,0.2026315789473684,9.247057954911346,10.23220839601044,0.0,0.0,0.0,-0.5948102718430373,0.8287292817679558,0.0,0.0,E0001038,U003-agent-normal-008,U003,normal_agent,DELEGATED_NORMAL,0,0,0
0.0334210254559654,0.008,0.0,1.0,0.0,0.009276608667709657,0.0,1.0,3.0,0.0,3.0,0.0029473684210526317,0.1810873930318125,0.0931578947368421,11.14667626231148,10.258550197418987,0.0,0.0,0.0,-0.5749311026063014,0.4945054945054945,0.0,0.0,E0001039,U003-normal-036,U003,normal_user,DAILY_NORMAL,0,0,0
0.07081176805744194,0.01685714285714286,0.0,0.0,0.0,0.019547139692673923,0.0,2.0,4.0,0.0,4.0,0.009157894736842104,0.1931230037930235,0.09936842105263158,7.608374474380783,10.075026181964613,0.0,0.0,0.0,-0.5507066764018392,0.6557377049180328,0.0,0.0,E0001040,U003-normal-036,U003,normal_user,DAILY_NORMAL,0,0,0
0.1170337337449248,0.027714285714285716,0.0,0.0,1.0,0.032136822884565604,0.0,1.0,3.0,0.0,3.0,0.010210526315789474,0.037627480358319344,0.01936842105263158,10.584435625639076,10.159384796988402,0.0,0.0,0.0,-0.5215949797507163,0.48913043478260865,0.0,0.0,E0001041,U003-normal-037,U003,normal_user,DAILY_NORMAL,0,0,0
0.6159744673740853,0.14514285714285713,0.0,0.0,0.0,0.16830418582844664,0.0,1.0,4.0,0.0,4.0,0.05347368421052632,0.14141853869200668,0.07284210526315789,10.347307614520757,10.324891624445796,0.0,0.0,0.0,-0.22619418986980244,0.6486486486486486,0.0,0.0,E0001042,U003-normal-037,U003,normal_user,DAILY_NORMAL,0,0,0
0.08749117085303919,0.02057142857142857,0.0,1.0,0.0,0.02385413657411055,0.0,1.0,3.0,0.0,2.0,0.007578947368421052,0.13787598386291322,0.07126315789473685,9.886697383228654,10.384078685834691,0.0,0.0,0.0,-0.5377496573566386,0.48387096774193544,0.0,0.0,E0001043,U003-agent-normal-004,U003,normal_agent,DELEGATED_NORMAL,0,0,0
0.06228868476983847,0.014571428571428572,0.0,0.0,0.0,0.016896680073328306,0.0,2.0,4.0,0.0,3.0,0.012947368421052631,0.14819007357007322,0.07663157894736843,7.8838232148921525,9.85244685782154,0.0,0.0,0.0,-0.550891581053521,0.6417112299465241,0.0,0.0,E0001044,U003-normal-037,U003,normal_user,DAILY_NORMAL,0,0,0
0.8348408783568809,0.19428571428571428,0.0,0.0,0.0,0.2252890676443774,0.0,3.0,5.0,0.0,4.0,0.08452631578947369,0.2865102266964141,0.1482105263157895,6.186208623900494,9.83622532547696,0.0,0.0,0.0,-0.09671258348304484,0.7978723404255319,0.0,0.0,E0001045,U003-normal-037,U003,normal_user,DAILY_NORMAL,0,0,0
0.08970402721333513,0.02085714285714286,0.0,0.0,1.0,0.024185444026528752,0.0,1.0,6.0,0.0,5.0,0.007684210526315789,0.2999811778630498,0.15589473684210525,9.795902341856191,9.574149804815514,0.0,0.0,0.0,-0.5340156708392046,0.9523809523809524,0.0,0.0,E0001046,U003-normal-038,U003,normal_user,DAILY_NORMAL,0,0,0
0.04939861490357019,0.011428571428571429,0.0,0.0,0.0,0.013252298096728083,0.0,1.0,6.0,0.0,5.0,0.004210526315789474,0.2882935558306719,0.14989473684210528,10.263048328453317,9.53850678194851,0.0,0.0,0.0,-0.5559757540165342,0.9473684210526316,0.0,0.0,E0001047,U003-normal-038,U003,normal_user,DAILY_NORMAL,0,0,0
2.2295161851141296,0.5131428571428571,0.0,1.0,0.0,0.5950281845430909,0.0,1.0,6.0,0.0,5.0,0.18905263157894736,0.5489052871746563,0.2854736842105263,9.885679933886163,9.538218643178885,0.0,0.0,0.0,0.716738975372839,0.9424083769633509,0.0,0.0,E0001048,U003-normal-038,U003,normal_user,DAILY_NORMAL,0,0,0
0.0,0.0,0.0,0.0,0.0,0.0,0.0,1.0,7.0,0.0,6.0,0.0,0.5423338625856874,0.2854736842105263,8.94819608331224,9.608324231869686,0.0,0.0,0.0,-0.58759536849386,1.09375,0.0,0.0,E0001049,U003-agent-normal-001,U003,normal_agent,DELEGATED_NORMAL,0,0,0
0.31569483446482494,0.07314285714285715,0.0,1.0,0.0,0.08481470781905973,0.0,1.0,8.0,0.0,7.0,0.026947368421052633,0.5935276195259294,0.31242105263157893,8.956737613177264,9.701554950093058,0.0,0.0,0.0,-0.402094545904893,1.2435233160621761,0.0,0.0,E0001050,U003-normal-038,U003,normal_user,DAILY_NORMAL,0,0,0
0.20422654800594103,0.047142857142857146,0.0,1.0,0.0,0.05466572964900334,0.0,2.0,8.0,0.0,7.0,0.04431578947368421,0.6110825644635244,0.32221052631578945,7.876638460975463,9.493863809279105,0.0,0.0,0.0,-0.4669270172470845,1.2371134020618557,0.0,0.0,E0001051,U003-normal-038,U003,normal_user,DAILY_NORMAL,0,0,0
3.654497379415595,0.84,0.0,1.0,0.0,0.9130434782608695,0.0,3.0,9.0,0.0,7.0,0.35378947368421054,1.1966953385284833,0.6316842105263157,6.4425401664681985,8.945436886413741,0.0,0.0,0.0,1.554179212117483,1.3846153846153846,0.0,0.0,E0001052,U003-misuse-LIMIT_RATCHETING-000,U003,agent_misuse,LIMIT_RATCHETING,1,0,0
0.4804820704633848,0.112,0.0,0.0,0.0,0.1298725213479352,0.0,4.0,10.0,0.0,8.0,0.3950526315789474,1.250429552406814,0.6729473684210526,1.791759469228055,8.228070081168052,0.0,0.0,0.0,-0.30732257856286666,1.530612244897959,0.0,0.0,E0001053,U003-normal-038,U003,normal_user,DAILY_NORMAL,0,0,0
3.957695811259292,0.92,1.0,1.0,0.0,0.92,0.0,4.0,11.0,1.0,9.0,0.7070526315789474,1.875447591128639,1.0118947368421052,6.573680166960646,7.761744984658913,1.0,0.0,0.0,1.7490229397204031,1.6751269035532996,0.0,0.0,E0001054,U003-misuse-LIMIT_RATCHETING-000,U003,agent_misuse,LIMIT_RATCHETING,1,0,0
3.727595275428632,0.88,1.0,1.0,0.0,0.9166666666666666,0.0,5.0,10.0,2.0,9.0,1.0312631578947369,2.2858592627141467,1.259157894736842,6.580639137284949,6.847155656853207,1.0,0.0,0.0,1.629326096743122,1.5151515151515151,0.0,0.0,E0001055,U003-misuse-LIMIT_RATCHETING-000,U003,agent_misuse,LIMIT_RATCHETING,1,0,1
3.9674509420214594,0.95,1.0,1.0,0.0,0.9223300970873787,0.0,6.0,11.0,3.0,10.0,1.3812631578947367,2.8650359036656483,1.6091578947368421,6.580639137284949,6.325075551448163,2.0,0.0,0.0,1.7902442781275922,1.658291457286432,0.0,0.0,E0001056,U003-misuse-LIMIT_RATCHETING-000,U003,agent_misuse,LIMIT_RATCHETING,1,0,1
0.5945789745071958,0.14457142857142857,0.0,0.0,0.0,0.16764157092361023,0.0,1.0,10.0,0.0,9.0,0.05326315789473684,2.8788902915862247,1.6505263157894736,10.955619507321696,9.383267943128269,0.0,0.0,0.0,-0.2469647694593674,1.5,0.0,0.0,E0001057,U003-normal-039,U003,normal_user,DAILY_NORMAL,0,0,0
2.6376690255633504,0.64,1.0,1.0,0.0,0.7421286934167727,0.0,1.0,10.0,1.0,10.0,0.23578947368421052,2.9512704964968166,1.6972631578947368,9.196951134857168,9.536762272743895,0.0,0.0,0.0,0.9979322297410422,1.4925373134328357,0.0,0.0,E0001058,U003-hard-NEW_RECIPIENT_NORMAL-002,U003,hard_negative,NEW_RECIPIENT_NORMAL,0,0,0
0.16230665656060178,0.039714285714285716,0.0,1.0,0.0,0.04605173588613009,0.0,2.0,11.0,1.0,11.0,0.25042105263157893,2.936579198596455,1.7118947368421054,5.966146739123692,9.532046988539765,0.0,0.0,0.0,-0.5147793278797904,1.6336633663366336,0.0,0.0,E0001059,U003-normal-039,U003,normal_user,DAILY_NORMAL,0,0,0
0.17707945113432808,0.04314285714285714,0.0,0.0,0.0,0.05002742531514851,0.0,3.0,12.0,1.0,12.0,0.26631578947368423,2.9613674079662364,1.7277894736842105,7.080867896690782,9.538809238328684,0.0,0.0,0.0,-0.5044821434086794,1.7733990147783252,0.0,0.0,E0001060,U003-normal-039,U003,normal_user,DAILY_NORMAL,0,0,0
0.7419233262143987,0.18,0.0,0.0,0.0,0.2087236950234673,0.0,1.0,12.0,0.0,12.0,0.06631578947368422,3.0722403236147264,1.7941052631578946,9.391327705757,9.68911789777328,0.0,0.0,0.0,-0.1578477295083424,1.7647058823529411,0.0,0.0,E0001061,U003-normal-039,U003,normal_user,RECURRING_NORMAL,0,0,0
0.2712161992809955,0.06571428571428571,0.0,0.0,0.0,0.07620071405618647,0.0,2.0,12.0,0.0,12.0,0.09052631578947369,3.0559858393493586,1.7913684210526315,7.284820912568604,8.512703126143373,0.0,0.0,0.0,-0.44626887589093106,1.7560975609756098,0.0,0.0,E0001062,U003-normal-039,U003,normal_user,DAILY_NORMAL,0,0,0
0.0,0.0,0.0,0.0,0.0,0.0,0.0,3.0,13.0,0.0,12.0,0.09052631578947369,3.051784350250373,1.7913684210526315,4.859812404361672,8.016317898503415,0.0,0.0,0.0,-0.6113326581461396,1.8932038834951457,0.0,0.0,E0001063,U003-agent-normal-034,U003,normal_agent,DELEGATED_NORMAL,0,0,0
0.078114776293869,0.018857142857142857,0.0,0.0,0.0,0.021866291859601338,0.0,1.0,8.0,0.0,7.0,0.006947368421052632,0.7104929836462556,0.41705263157894734,9.363404747703019,8.572211539169649,0.0,0.0,0.0,-0.5635785443139176,1.1594202898550725,0.0,0.0,E0001064,U003-normal-039,U003,normal_user,DAILY_NORMAL,0,0,0
0.0,0.0,0.0,0.0,1.0,0.0,0.0,1.0,9.0,0.0,8.0,0.0,0.7102127911548308,0.41705263157894734,9.100190628475195,8.83001655627435,0.0,0.0,0.0,-0.6095490356841581,1.2980769230769231,0.0,0.0,E0001065,U003-agent-normal-016,U003,normal_agent,DELEGATED_NORMAL,0,0,0
1.3029772735888896,0.31308550122323475,1.0,0.0,0.0,0.3630464592977103,0.0,1.0,10.0,1.0,9.0,0.11534728992434964,0.9066415258667238,0.5323999215032971,10.013551987398436,9.094368195723762,0.0,0.0,0.0,0.18467950495032304,1.4354066985645932,1.0,0.0,E0001066,U003-misuse-CATEGORY_DRIFT-005,U003,agent_misuse,CATEGORY_DRIFT,1,0,0
0.17452826288452664,0.042,0.0,0.0,0.0,0.04870219550547571,0.0,2.0,11.0,1.0,10.0,0.13082097413487595,0.926923033175917,0.5478736057138234,6.045005314036012,9.070825399101546,0.0,0.0,0.0,-0.5051492329762458,1.5714285714285714,0.0,0.0,E0001067,U003-normal-040,U003,normal_user,DAILY_NORMAL,0,0,0
0.9201012265524523,0.22051182838698158,1.0,0.0,0.0,0.2557002423183973,0.0,3.0,12.0,2.0,11.0,0.2120621740669218,1.0634434083574864,0.6291148056458692,6.396929655216146,9.081597496083457,0.0,0.0,0.0,-0.04878405411957308,1.7061611374407584,1.0,0.0,E0001068,U003-misuse-CATEGORY_DRIFT-005,U003,agent_misuse,CATEGORY_DRIFT,1,0,0
2.2779064723772287,0.5457080433588521,1.0,0.0,0.0,0.6327899956327007,0.0,4.0,13.0,3.0,12.0,0.4131125058307094,1.3969004945407861,0.8301651374096568,6.928537818164665,8.804685245815731,0.0,0.0,0.0,0.7818800458209662,1.839622641509434,1.0,0.0,E0001069,U003-misuse-CATEGORY_DRIFT-005,U003,agent_misuse,CATEGORY_DRIFT,1,0,0
1.9335511811715076,0.4661283303087904,1.0,0.0,0.0,0.5405112636509445,0.0,5.0,14.0,4.0,13.0,0.5848439959444743,1.6670701129133296,1.0018966275234216,6.928537818164665,8.532712147073909,0.0,0.0,0.0,0.5753391523744215,1.971830985915493,1.0,0.0,E0001070,U003-misuse-CATEGORY_DRIFT-005,U003,agent_misuse,CATEGORY_DRIFT,1,0,0
1.0443788314697002,0.2529244333981847,1.0,0.0,0.0,0.2932851238921443,0.0,4.0,15.0,4.0,14.0,0.5472057077984032,1.804926403245732,1.0950793135122265,6.928537818164665,6.705639094860003,0.0,0.0,0.0,0.027520705289526184,2.102803738317757,1.0,0.0,E0001071,U003-misuse-CATEGORY_DRIFT-005,U003,agent_misuse,CATEGORY_DRIFT,1,0,0
2.422665645534857,0.5868406816964128,1.0,0.0,0.0,0.6804864192986985,0.0,4.0,16.0,4.0,15.0,0.6821689695439832,2.1502695760477333,1.3112837751898523,6.928537818164665,6.8424698122835075,0.0,0.0,0.0,0.8845891181937475,2.2325581395348837,0.0,0.0,E0001072,U003-misuse-CATEGORY_DRIFT-005,U003,agent_misuse,CATEGORY_DRIFT,1,0,0
1.1094729863206987,0.2706029054493945,1.0,0.0,0.0,0.3137846572749088,0.0,4.0,17.0,4.0,16.0,0.5808144450510252,2.28672848556106,1.4109795824606817,6.928537818164665,6.928537818164665,0.0,0.0,0.0,0.0685753615009593,2.361111111111111,1.0,0.0,E0001073,U003-misuse-CATEGORY_DRIFT-005,U003,agent_misuse,CATEGORY_DRIFT,1,0,0
0.13347239886711623,0.03257142857142857,0.0,0.0,0.0,0.037769049575675034,0.0,1.0,14.0,0.0,14.0,0.012,1.778665817358256,1.1034006350922607,10.378572002524349,8.888673985803347,0.0,0.0,0.0,-0.5444020959537718,1.935483870967742,0.0,0.0,E0001074,U003-normal-040,U003,normal_user,DAILY_NORMAL,0,0,0
0.14578785595925736,0.03542857142857143,0.0,1.0,0.0,0.04108212409985706,0.0,1.0,6.0,0.0,6.0,0.013052631578947368,0.9760196067766453,0.6058670766299725,10.82774645405946,9.748306341894345,0.0,0.0,0.0,-0.5353371564408583,0.8256880733944955,0.0,0.0,E0001075,U003-normal-041,U003,normal_user,DAILY_NORMAL,0,0,0
0.5926278275019213,0.14342857142857143,0.0,1.0,0.0,0.16631634111393745,0.0,1.0,3.0,0.0,3.0,0.05284210526315789,0.12539638356185454,0.07789473684210527,9.666308462257454,9.907300274864046,0.0,0.0,0.0,-0.25469373842136916,0.4109589041095891,0.0,0.0,E0001076,U003-normal-041,U003,normal_user,DAILY_NORMAL,0,0,0
0.11828280505995163,0.02857142857142857,0.0,0.0,0.0,0.033130745241820206,0.0,2.0,4.0,0.0,4.0,0.06336842105263157,0.14193936607194196,0.08842105263157894,7.641084249174914,9.917814430932138,0.0,0.0,0.0,-0.5514198113526533,0.5454545454545455,0.0,0.0,E0001077,U003-normal-041,U003,normal_user,DAILY_NORMAL,0,0,0
0.26487751337894894,0.06371428571428571,0.0,0.0,0.0,0.07388156188925907,0.0,2.0,5.0,0.0,5.0,0.034,0.1795197734821304,0.11189473684210527,7.951911381854188,9.935596498453748,0.0,0.0,0.0,-0.45857780722564295,0.6787330316742082,0.0,0.0,E0001078,U003-normal-041,U003,normal_user,DAILY_NORMAL,0,0,0
0.5268306770010175,0.12628571428571428,0.0,0.0,0.0,0.14643789396884532,0.0,2.0,6.0,0.0,6.0,0.07,0.2538462079163743,0.15842105263157893,7.865955413933502,9.598415140880265,0.0,0.0,0.0,-0.2946949932594271,0.8108108108108107,0.0,0.0,E0001079,U003-normal-041,U003,normal_user,DAILY_NORMAL,0,0,0
0.1815759026994058,0.04342857142857143,0.0,0.0,0.0,0.050358732767566715,0.0,1.0,6.0,0.0,6.0,0.016,0.25961046874090354,0.16242105263157894,9.971613381583728,9.098671109065931,0.0,0.0,0.0,-0.5096852914625899,0.8071748878923767,0.0,0.0,E0001080,U003-normal-041,U003,normal_user,DAILY_NORMAL,0,0,0
0.17507800321459743,0.04171428571428572,0.0,0.0,0.0,0.048370888053057504,0.0,2.0,7.0,0.0,7.0,0.03136842105263158,0.2839329926668689,0.17778947368421052,7.662937850461535,8.734495717105437,0.0,0.0,0.0,-0.5126560858567167,0.9375,0.0,0.0,E0001081,U003-normal-041,U003,normal_user,DAILY_NORMAL,0,0,0
5.80114362214935,1.3768838886425947,1.0,1.0,0.0,0.9450882801137038,0.0,1.0,7.0,1.0,7.0,0.5072730116051665,1.0723345438701652,0.6720098537104296,10.761746548158834,9.631245664572225,0.0,0.0,0.0,2.977388241435662,0.9333333333333333,0.0,0.0,E0001082,U003-misuse-RETRY_PATTERN-004,U003,agent_misuse,RETRY_PATTERN,1,0,1
4.546726512923221,1.103138647075897,0.0,1.0,0.0,0.9323832416448247,0.0,2.0,8.0,1.0,7.0,0.9136925131594443,1.675650721027325,1.0784293552647075,5.198497031265826,9.595698006327206,0.0,1.0,1.0,2.2087155222488284,1.0619469026548674,0.0,0.0,E0001083,U003-misuse-RETRY_PATTERN-004,U003,agent_misuse,RETRY_PATTERN,1,0,1
3.2981706355043117,0.8132896973732263,0.0,1.0,0.0,0.9104433866916355,0.0,3.0,9.0,1.0,7.0,1.2133255595601067,2.0970742887237295,1.3780624016653698,5.198497031265826,9.562137438390561,0.0,2.0,2.0,1.4418183787205627,1.1894273127753305,0.0,0.0,E0001084,U003-misuse-RETRY_PATTERN-004,U003,agent_misuse,RETRY_PATTERN,1,0,1
2.8479189448155133,0.7096662827877592,0.0,1.0,0.0,0.8229120487612775,0.0,4.0,10.0,1.0,7.0,1.4747815584819126,2.4575936151311244,1.639518400587176,5.198497031265826,9.207375982512167,0.0,3.0,3.0,1.1687001054806265,1.3157894736842106,0.0,0.0,E0001085,U003-misuse-RETRY_PATTERN-004,U003,agent_misuse,RETRY_PATTERN,1,0,1
2.072771555380021,0.5208674085185893,0.0,1.0,0.0,0.6039853895738765,0.0,5.0,11.0,1.0,7.0,1.6666800774098138,2.7098433082068696,1.8314169195150771,5.198497031265826,9.167537249650874,0.0,3.0,3.0,0.6836287570924426,1.4410480349344978,0.0,0.0,E0001086,U003-misuse-RETRY_PATTERN-004,U003,agent_misuse,RETRY_PATTERN,1,0,1
1.7595718073749822,0.4443194385724422,0.0,1.0,0.0,0.5152221943866259,0.0,6.0,12.0,1.0,7.0,1.8303767126733452,2.924377510194039,1.9951135547786083,5.198497031265826,5.198497031265826,0.0,3.0,3.0,0.4869932813996131,1.5652173913043477,0.0,0.0,E0001087,U003-misuse-RETRY_PATTERN-004,U003,agent_misuse,RETRY_PATTERN,1,0,1
0.3957862047814765,0.10028571428571428,0.0,0.0,0.0,0.11628891579878893,0.0,1.0,13.0,0.0,8.0,0.03694736842105263,2.95490040083552,2.032060923199661,8.776475789346321,7.272953793861746,0.0,0.0,0.0,-0.38939176588664653,1.6883116883116882,0.0,0.0,E0001088,U003-normal-042,U003,normal_user,DAILY_NORMAL,0,0,0
0.35050874170654783,0.08857142857142856,0.0,0.0,0.0,0.10270531024964263,0.0,1.0,10.0,0.0,5.0,0.03263157894736842,2.8033943976345013,1.931324081094398,9.500469448071016,8.313312906282874,0.0,0.0,0.0,-0.4182326203095417,1.293103448275862,0.0,0.0,E0001089,U003-normal-042,U003,normal_user,DAILY_NORMAL,0,0,0
0.20638364743395782,0.052,0.0,0.0,0.0,0.06029795634011278,0.0,1.0,11.0,0.0,5.0,0.019157894736842106,2.826739800953027,1.95048197583124,8.596928159435091,8.541807752180157,0.0,0.0,0.0,-0.510498121624522,1.4163090128755365,0.0,0.0,E0001090,U003-normal-042,U003,normal_user,DAILY_NORMAL,0,0,0
0.1581831074874812,0.039714285714285716,0.0,0.0,0.0,0.04605173588613009,0.0,1.0,10.0,0.0,4.0,0.01463157894736842,2.7998926351280646,1.9337451337259768,9.618468597503831,8.99917479742138,0.0,0.0,0.0,-0.5404790425777628,1.2820512820512822,0.0,0.0,E0001091,U003-normal-042,U003,normal_user,DAILY_NORMAL,0,0,0
0.15420803084099582,0.03857142857142857,0.0,1.0,0.0,0.04472650607645728,0.0,1.0,4.0,0.0,3.0,0.014210526315789474,0.11666503864118795,0.08063157894736842,10.899864068079113,9.84659969032908,0.0,0.0,0.0,-0.5418541070152466,0.5106382978723405,0.0,0.0,E0001092,U003-normal-043,U003,normal_user,DAILY_NORMAL,0,0,0
0.2522459922672388,0.06285714285714286,0.0,0.0,0.0,0.07288763953200446,0.0,1.0,5.0,0.0,4.0,0.023157894736842106,0.15006911607532028,0.10378947368421053,9.06958293425992,9.869692891699142,0.0,0.0,0.0,-0.47800256755987364,0.6355932203389831,0.0,0.0,E0001093,U003-normal-043,U003,normal_user,DAILY_NORMAL,0,0,0
0.4014763609959007,0.09971428571428571,0.0,0.0,0.0,0.11562630089395252,0.0,2.0,6.0,0.0,5.0,0.059894736842105264,0.2029603556780963,0.1405263157894737,7.274479558773871,9.73807030933494,0.0,0.0,0.0,-0.38199711193602015,0.7594936708860759,0.0,0.0,E0001094,U003-normal-043,U003,normal_user,DAILY_NORMAL,0,0,0
0.14994067839241432,0.037142857142857144,0.0,1.0,0.0,0.04306996881436627,0.0,1.0,5.0,0.0,5.0,0.01368421052631579,0.14766425108888576,0.10242105263157894,9.693753688131835,9.858019364488982,0.0,0.0,0.0,-0.5421282043889818,0.6302521008403361,0.0,0.0,E0001095,U003-normal-043,U003,normal_user,DAILY_NORMAL,0,0,0
0.2790026214674515,0.06885714285714285,0.0,0.0,0.0,0.0798450960327867,0.0,1.0,4.0,0.0,4.0,0.02536842105263158,0.14256235708895126,0.09894736842105263,11.0388174241394,10.259475260382224,0.0,0.0,0.0,-0.4588208414007524,0.502092050209205,0.0,0.0,E0001096,U003-normal-044,U003,normal_user,DAILY_NORMAL,0,0,0
0.43782055146459076,0.10771428571428572,0.0,1.0,0.0,0.12490290956166218,0.0,1.0,3.0,0.0,3.0,0.03968421052631579,0.11330519172950543,0.07873684210526316,9.834726796965336,9.973582483199388,0.0,0.0,0.0,-0.35724682644441386,0.375,0.0,0.0,E0001097,U003-normal-044,U003,normal_user,DAILY_NORMAL,0,0,0
0.6798699741673948,0.16685714285714287,0.0,0.0,0.0,0.19348355221223001,0.0,1.0,3.0,0.0,3.0,0.06147368421052631,0.18173005447189303,0.12652631578947368,8.653645314551737,9.945636666044287,0.0,0.0,0.0,-0.2033217019792856,0.37344398340248963,0.0,0.0,E0001098,U003-normal-044,U003,normal_user,DAILY_NORMAL,0,0,0
0.18069427652997247,0.04428571428571428,0.0,0.0,0.0,0.05135265512482132,0.0,1.0,3.0,0.0,3.0,0.01631578947368421,0.1682326022865261,0.11747368421052631,11.244562242682619,10.487517168560535,0.0,0.0,0.0,-0.5207184241752875,0.37190082644628103,0.0,0.0,E0001099,U003-normal-045,U003,normal_user,DAILY_NORMAL,0,0,0
0.13102692127476584,0.032,0.0,0.0,0.0,0.03710643467083863,0.0,1.0,2.0,0.0,2.0,0.011789473684210527,0.040217873981103394,0.028105263157894737,9.277344600756656,10.45623408679298,0.0,0.0,0.0,-0.5512071945550422,0.2469135802469136,0.0,0.0,E0001100,U003-normal-045,U003,normal_user,DAILY_NORMAL,0,0,0
0.17026535837421683,0.041428571428571426,0.0,1.0,0.0,0.0480395806006393,0.0,1.0,3.0,0.0,3.0,0.015263157894736841,0.06202416237858297,0.04336842105263158,10.963740090649603,10.429989655687127,0.0,0.0,0.0,-0.5251461680352459,0.36885245901639346,0.0,0.0,E0001101,U003-normal-046,U003,normal_user,DAILY_NORMAL,0,0,0
0.2969579452852812,0.072,0.0,0.0,0.0,0.08348947800938691,0.0,2.0,4.0,0.0,4.0,0.04178947368421053,0.09988858949818982,0.06989473684210526,8.16876982367527,10.336295417036,0.0,0.0,0.0,-0.44407619460238607,0.489795918367347,0.0,0.0,E0001102,U003-normal-046,U003,normal_user,DAILY_NORMAL,0,0,0
0.8285297692460193,0.2002857142857143,0.0,1.0,0.0,0.23224652414515964,0.0,1.0,5.0,0.0,5.0,0.07378947368421053,0.2050841053375595,0.1436842105263158,8.466320861042481,10.329924538740777,0.0,0.0,0.0,-0.10817077118944676,0.6097560975609757,0.0,0.0,E0001103,U003-normal-046,U003,normal_user,DAILY_NORMAL,0,0,0
0.08989137400822654,0.021714285714285714,0.0,0.0,0.0,0.025179366383783357,0.0,1.0,4.0,0.0,4.0,0.008,0.17577027495945696,0.12357894736842105,11.253091995338186,10.334191465507917,0.0,0.0,0.0,-0.5749201737888907,0.4858299595141701,0.0,0.0,E0001104,U003-normal-047,U003,normal_user,DAILY_NORMAL,0,0,0
0.22796573523424538,0.054857142857142854,0.0,0.0,0.0,0.0636110308642948,0.0,1.0,3.0,0.0,3.0,0.020210526315789474,0.14502284495928555,0.102,8.550434525196039,10.297622044301908,0.0,0.0,0.0,-0.48651912359677935,0.36290322580645157,0.0,0.0,E0001105,U003-normal-047,U003,normal_user,DAILY_NORMAL,0,0,0
0.23108685097524945,0.05542857142857143,0.0,1.0,0.0,0.06427364576913121,0.0,1.0,3.0,0.0,3.0,0.020421052631578947,0.06907785348136473,0.04863157894736842,8.978912601074276,9.888394219088473,0.0,0.0,0.0,-0.48376115114190044,0.36144578313253006,0.0,0.0,E0001106,U003-normal-047,U003,normal_user,DAILY_NORMAL,0,0,0
0.22943959196861627,0.054857142857142854,0.0,0.0,0.0,0.0636110308642948,0.0,1.0,4.0,0.0,4.0,0.020210526315789474,0.0976910762678874,0.0688421052631579,9.899328917387269,10.04229251541331,0.0,0.0,0.0,-0.4840183159383924,0.48,0.0,0.0,E0001107,U003-normal-047,U003,normal_user,DAILY_NORMAL,0,0,0
0.897924383269806,0.214,0.0,0.0,0.0,0.24814928186123333,0.0,1.0,2.0,0.0,2.0,0.0788421052631579,0.14042737669427355,0.09905263157894736,11.227613913944408,10.5203798425769,0.0,0.0,0.0,-0.06401447967906254,0.2390438247011952,0.0,0.0,E0001108,U003-normal-048,U003,normal_user,DAILY_NORMAL,0,0,0
0.22787399820446214,0.054285714285714284,0.0,1.0,0.0,0.0629484159594584,0.0,2.0,3.0,0.0,3.0,0.0988421052631579,0.16815495343795997,0.11905263157894737,6.93537044601511,9.991736496756763,0.0,0.0,0.0,-0.4850166478523824,0.35714285714285715,0.0,0.0,E0001109,U003-normal-048,U003,normal_user,DAILY_NORMAL,0,0,0
1.314530038451435,0.31216135897036634,1.0,1.0,0.0,0.3619748460435658,0.0,2.0,4.0,1.0,4.0,0.13500681646276655,0.33028442203470526,0.2340594480417139,8.025516386489008,9.97222039021722,0.0,0.0,0.0,0.19725761661498248,0.4743083003952569,0.0,0.0,E0001110,U003-misuse-RECIPIENT_BURST-002,U003,agent_misuse,RECIPIENT_BURST,1,0,0
2.723745226454168,0.6476413661777362,1.0,1.0,0.0,0.750989438881464,0.0,3.0,5.0,2.0,5.0,0.373611530317722,0.6633940406726843,0.4726641618966694,5.707110264748875,9.898294089824773,0.0,0.0,0.0,1.0845793982662337,0.5905511811023622,0.0,0.0,E0001111,U003-misuse-RECIPIENT_BURST-002,U003,agent_misuse,RECIPIENT_BURST,1,0,0
1.6326370090090228,0.390933240693069,1.0,1.0,0.0,0.45331683613864376,0.0,3.0,6.0,3.0,6.0,0.49763956636253687,0.8559851345969648,0.6166921979414843,5.707110264748875,9.678667596840974,0.0,0.0,0.0,0.4007151601928607,0.7058823529411765,0.0,0.0,E0001112,U003-misuse-RECIPIENT_BURST-002,U003,agent_misuse,RECIPIENT_BURST,1,0,0
1.6423656461375031,0.39427410469375235,1.0,1.0,0.0,0.457190822131941,0.0,4.0,7.0,4.0,7.0,0.6428984470391825,1.050607253022802,0.7619510786181298,5.707110264748875,6.9055528554269365,0.0,0.0,0.0,0.40862199818113315,0.8203125,0.0,0.0,E0001113,U003-misuse-RECIPIENT_BURST-002,U003,agent_misuse,RECIPIENT_BURST,1,0,0
1.7378264745780332,0.41827586106530895,1.0,1.0,0.0,0.4850226847815207,0.0,5.0,8.0,5.0,8.0,0.7970000800632436,1.254711660900668,0.916052711642191,5.707110264748875,6.748055900224462,0.0,0.0,0.0,0.47136338382398774,0.933852140077821,0.0,0.0,E0001114,U003-misuse-RECIPIENT_BURST-002,U003,agent_misuse,RECIPIENT_BURST,1,0,0
0.0674621634161013,0.016285714285714285,0.0,0.0,0.0,0.018884524787837517,0.0,6.0,9.0,5.0,9.0,0.8030000800632436,1.2541062643359842,0.922052711642191,1.0986122886681098,5.486455308663431,0.0,0.0,0.0,-0.5984682745196598,1.0465116279069768,0.0,0.0,E0001115,U003-normal-048,U003,normal_user,DAILY_NORMAL,0,0,0
0.09503967424114046,0.022857142857142857,0.0,0.0,0.0,0.026504596193456166,0.0,1.0,10.0,0.0,10.0,0.008421052631578947,1.2652157722015283,0.9304737642737699,8.206583614320753,6.818049365897644,0.0,0.0,0.0,-0.5793438192988635,1.1583011583011584,0.0,0.0,E0001116,U003-normal-048,U003,normal_user,DAILY_NORMAL,0,0,0
0.4304245987535569,0.10314285714285715,0.0,0.0,1.0,0.11960199032297095,0.0,1.0,10.0,0.0,9.0,0.038,1.2889131275078287,0.9482632379579805,10.044509570248016,8.605167438031424,0.0,0.0,0.0,-0.36379952484999317,1.153846153846154,0.0,0.0,E0001117,U003-normal-049,U003,normal_user,DAILY_NORMAL,0,0,0
0.04660592372184207,0.011142857142857144,0.0,1.0,1.0,0.01292099064430988,0.0,1.0,11.0,0.0,9.0,0.004105263157894737,1.2922682510630392,0.9523685011158752,8.814181823188319,8.816616070071039,0.0,0.0,0.0,-0.6086240463224578,1.264367816091954,0.0,0.0,E0001118,U003-normal-049,U003,normal_user,DAILY_NORMAL,0,0,0
0.9596495999016554,0.22857142857142856,0.0,0.0,0.0,0.26504596193456165,0.0,1.0,4.0,0.0,3.0,0.08421052631578947,0.1827903999812677,0.13473684210526315,10.891708171973269,9.766005509214866,0.0,0.0,0.0,-0.025693470433925617,0.45801526717557256,0.0,0.0,E0001119,U003-normal-049,U003,normal_user,DAILY_NORMAL,0,0,0
0.2543477093171602,0.060571428571428575,0.0,0.0,0.0,0.07023717991265883,0.0,2.0,4.0,0.0,4.0,0.10652631578947368,0.2008756985359629,0.14863157894736842,8.05356916913454,9.801421603827732,0.0,0.0,0.0,-0.47566525892621725,0.4562737642585551,0.0,0.0,E0001120,U003-normal-049,U003,normal_user,DAILY_NORMAL,0,0,0
0.02647228668399689,0.006285714285714286,0.0,0.0,1.0,0.007288763953200446,0.0,1.0,4.0,0.0,3.0,0.0023157894736842107,0.15249515181779885,0.11294736842105263,10.064330077652958,9.999906208662601,0.0,0.0,0.0,-0.6201544193566217,0.45454545454545453,0.0,0.0,E0001121,U003-agent-normal-000,U003,normal_agent,DELEGATED_NORMAL,0,0,0
0.0809291133974385,0.019142857142857142,0.0,1.0,0.0,0.022197599312019537,0.0,1.0,4.0,0.0,4.0,0.0070526315789473685,0.15645821571655796,0.11589473684210526,10.294819929067236,10.057683945604234,0.0,0.0,0.0,-0.5839360751494683,0.45283018867924524,0.0,0.0,E0001122,U003-normal-050,U003,normal_user,DAILY_NORMAL,0,0,0
0.627945156184321,0.148,0.0,0.0,0.0,0.17161726035262867,0.0,1.0,5.0,0.0,5.0,0.05452631578947369,0.22999589946211746,0.17042105263157895,9.553788222333822,10.118929522663299,0.0,0.0,0.0,-0.235842537565342,0.5639097744360902,0.0,0.0,E0001123,U003-normal-050,U003,normal_user,DAILY_NORMAL,0,0,0
0.34841996158686955,0.082,0.0,0.0,0.0,0.09508523884402399,0.0,1.0,6.0,0.0,6.0,0.030210526315789472,0.2701047113374259,0.2006315789473684,8.597666575566114,9.625504954393135,0.0,0.0,0.0,-0.41319338276476797,0.6741573033707865,0.0,0.0,E0001124,U003-normal-050,U003,normal_user,DAILY_NORMAL,0,0,0
0.901856707329118,0.21171428571428572,0.0,0.0,0.0,0.24549882224188774,0.0,1.0,5.0,0.0,5.0,0.078,0.23138683056885856,0.17210526315789473,9.79823814181703,9.804639120493524,0.0,0.0,0.0,-0.062179561535324016,0.5597014925373134,0.0,0.0,E0001125,U003-normal-050,U003,normal_user,DAILY_NORMAL,0,0,0
0.3396942017754356,0.07971428571428571,0.0,1.0,0.0,0.09243477922467838,0.0,2.0,6.0,0.0,5.0,0.10736842105263159,0.2699276382273358,0.2014736842105263,7.10002716662926,9.522373535291795,0.0,0.0,0.0,-0.41899064876049147,0.6691449814126395,0.0,0.0,E0001126,U003-normal-050,U003,normal_user,DAILY_NORMAL,0,0,0
0.0,0.0,1.0,0.0,1.0,0.0,0.0,1.0,6.0,1.0,5.0,0.0,0.2664755228927371,0.19915789473684212,10.111030037621687,9.44689755691181,0.0,0.0,0.0,-0.6339355230525127,0.6666666666666666,0.0,1.0,E0001127,U003-misuse-UNAUTHORIZED_TOOL-006,U003,agent_misuse,UNAUTHORIZED_TOOL,1,0,1
2.56334805319652,0.6,1.0,0.0,1.0,0.6957456500782243,0.0,2.0,7.0,2.0,6.0,0.22105263157894736,0.5622464521077202,0.4202105263157895,6.293419278846481,9.206071272323975,0.0,0.0,0.0,0.9910618658162632,0.7749077490774908,0.0,1.0,E0001128,U003-misuse-UNAUTHORIZED_TOOL-006,U003,agent_misuse,UNAUTHORIZED_TOOL,1,0,1
0.0,0.0,1.0,0.0,1.0,0.0,0.0,3.0,8.0,3.0,7.0,0.22105263157894736,0.556757364011026,0.4202105263157895,6.293419278846481,9.102955586644041,0.0,0.0,0.0,-0.6377590361788267,0.8823529411764706,0.0,1.0,E0001129,U003-misuse-UNAUTHORIZED_TOOL-006,U003,agent_misuse,UNAUTHORIZED_TOOL,1,0,1
0.3118371217916466,0.07342857142857143,0.0,1.0,0.0,0.08514601527147793,0.0,1.0,9.0,0.0,7.0,0.02705263157894737,0.5926007113433992,0.44726315789473686,9.90323752128092,9.146377685014285,0.0,0.0,0.0,-0.4388820939402068,0.989010989010989,0.0,0.0,E0001130,U003-normal-051,U003,normal_user,DAILY_NORMAL,0,0,0
0.10949124839894696,0.025714285714285714,0.0,0.0,0.0,0.029817670717638186,0.0,1.0,9.0,0.0,8.0,0.009473684210526316,0.595097472214124,0.4496842105263158,8.995412975433313,9.282772655232854,0.0,0.0,0.0,-0.5673138843475547,0.9854014598540146,0.0,0.0,E0001131,U003-normal-051,U003,normal_user,DAILY_NORMAL,0,0,0
0.0769042690298582,0.018,0.0,1.0,0.0,0.02087236950234673,0.0,1.0,10.0,0.0,9.0,0.006631578947368421,0.6036212316574965,0.45631578947368423,8.433159195806228,8.817001443665859,0.0,0.0,0.0,-0.586841232069047,1.090909090909091,0.0,0.0,E0001132,U003-normal-051,U003,normal_user,DAILY_NORMAL,0,0,0
0.39322048606561966,0.09171428571428572,0.0,0.0,0.0,0.10634969222624287,0.0,1.0,9.0,0.0,8.0,0.03378947368421053,0.5360705507783564,0.4053684210526316,9.205428327615163,9.062999784077473,0.0,0.0,0.0,-0.3848793344648229,0.9782608695652175,0.0,0.0,E0001133,U003-normal-051,U003,normal_user,DAILY_NORMAL,0,0,0
0.22468689987286952,0.05228571428571428,0.0,0.0,1.0,0.06062926379253098,0.0,1.0,8.0,0.0,8.0,0.019263157894736843,0.4189336939169989,0.31726315789473686,10.564085714610725,9.696807727252583,0.0,0.0,0.0,-0.491444943267811,0.8664259927797835,0.0,0.0,E0001134,U003-normal-052,U003,normal_user,DAILY_NORMAL,0,0,0
14.733606353203037,3.4185872175200096,1.0,1.0,1.0,0.9771336270825604,0.0,2.0,9.0,1.0,9.0,1.2787426590863193,2.08026371843794,1.5767426590863194,5.986452005284438,9.421103602401441,0.0,0.0,0.0,8.692315106132824,0.9712230215827338,0.0,0.0,E0001135,U003-paysim-fraud-001,U003,paysim_fraud,ACCOUNT_DRAIN_TRANSFER,1,1,1
3.507297339479371,0.8556444371844496,0.0,1.0,1.0,0.9144974342596032,0.0,3.0,10.0,1.0,9.0,1.5939800833121691,2.3651645945889492,1.8919800833121692,4.795790545596741,9.283330576803555,0.0,0.0,0.0,1.4758570244552014,1.075268817204301,0.0,0.0,E0001136,U003-paysim-fraud-001,U003,paysim_fraud,FOLLOW_UP_CASHOUT_PROXY,1,1,1
0.041770485169747726,0.010285714285714285,0.0,0.0,1.0,0.011927068287055274,0.0,1.0,8.0,0.0,7.0,0.003789473684210526,2.0664195140497714,1.6747169254174323,8.979290649090876,9.343576721079646,0.0,0.0,0.0,-0.5680757233517427,0.8571428571428571,0.0,0.0,E0001137,U003-normal-052,U003,normal_user,DAILY_NORMAL,0,0,0
0.23172340282536924,0.056857142857142856,0.0,0.0,0.0,0.06593018303122221,0.0,1.0,9.0,0.0,8.0,0.02094736842105263,2.091940250734214,1.695664293838485,9.565634362837983,9.416394731296666,0.0,0.0,0.0,-0.45441523528772493,0.9608540925266903,0.0,0.0,E0001138,U003-normal-052,U003,normal_user,DAILY_NORMAL,0,0,0
0.07240124652476491,0.017714285714285714,0.0,1.0,0.0,0.02054106204992853,0.0,1.0,8.0,0.0,7.0,0.006526315789473684,2.0531606202045465,1.665664293838485,9.459697330106296,8.869370034048531,0.0,0.0,0.0,-0.5478953776331844,0.851063829787234,0.0,0.0,E0001139,U003-normal-052,U003,normal_user,DAILY_NORMAL,0,0,0
0.19451429661621725,0.04742857142857143,0.0,1.0,0.0,0.05499703710142154,0.0,1.0,7.0,0.0,6.0,0.017473684210526315,2.0243319983290613,1.6427169254174323,10.404353745407546,9.520160577599968,0.0,0.0,0.0,-0.47475395562223344,0.7420494699646643,0.0,0.0,E0001140,U003-normal-052,U003,normal_user,DAILY_NORMAL,0,0,0
0.0,0.0,0.0,0.0,1.0,0.0,0.0,1.0,8.0,0.0,7.0,0.0,2.022880045970091,1.6427169254174323,9.650915190531107,9.724049833481986,0.0,0.0,0.0,-0.5884948884785278,0.8450704225352113,0.0,0.0,E0001141,U003-agent-normal-015,U003,normal_agent,DELEGATED_NORMAL,0,0,0
0.36902950504542587,0.08971428571428572,0.0,1.0,0.0,0.10403054005931545,0.0,1.0,5.0,0.0,5.0,0.03305263157894737,0.09605102446093827,0.078,9.51745735706657,9.789557086195234,0.0,0.0,0.0,-0.3713229110615336,0.5263157894736842,0.0,0.0,E0001142,U003-normal-053,U003,normal_user,DAILY_NORMAL,0,0,0
0.0,0.0,0.0,0.0,0.0,0.0,0.0,1.0,4.0,0.0,4.0,0.0,0.06213498694036247,0.05052631578947368,10.375769833681609,9.971510620582372,0.0,0.0,0.0,-0.5880645484371329,0.4195804195804196,0.0,0.0,E0001143,U003-agent-normal-005,U003,normal_agent,DELEGATED_NORMAL,0,0,0
0.13193328893670297,0.032,0.0,0.0,0.0,0.03710643467083863,0.0,1.0,5.0,0.0,5.0,0.011789473684210527,0.07663315055978039,0.06231578947368421,9.65509029374725,9.997050752714316,0.0,0.0,0.0,-0.5104792584547448,0.5226480836236934,0.0,0.0,E0001144,U003-normal-053,U003,normal_user,DAILY_NORMAL,0,0,0
0.5235017967872733,0.12657142857142858,0.0,0.0,0.0,0.1467692014212635,0.0,1.0,6.0,0.0,6.0,0.04663157894736842,0.13391384876048204,0.10894736842105263,9.107532151994501,9.750662660130871,0.0,0.0,0.0,-0.27970209481538666,0.625,0.0,0.0,E0001145,U003-normal-053,U003,normal_user,DAILY_NORMAL,0,0,0
0.05563722646012247,0.013428571428571429,0.0,0.0,1.0,0.015571450263655497,0.0,1.0,6.0,0.0,6.0,0.004947368421052632,0.11829098515467433,0.09642105263157895,9.020510699691906,9.662218217237836,0.0,0.0,0.0,-0.5543058297384289,0.6228373702422145,0.0,0.0,E0001146,U003-normal-054,U003,normal_user,DAILY_NORMAL,0,0,0
0.223312994532098,0.053714285714285714,0.0,0.0,1.0,0.06228580105462199,0.0,1.0,7.0,0.0,7.0,0.019789473684210527,0.1425402092758072,0.11621052631578947,8.964951211714654,9.585923425602425,0.0,0.0,0.0,-0.4548986892603972,0.7241379310344828,0.0,0.0,E0001147,U003-normal-054,U003,normal_user,DAILY_NORMAL,0,0,0
0.5074405678210792,0.12171428571428572,0.0,0.0,0.0,0.14113697473015407,0.0,1.0,6.0,0.0,6.0,0.04484210526315789,0.15687388276565623,0.128,10.622399940982099,9.702142185089563,0.0,0.0,0.0,-0.28809188901602456,0.6185567010309279,0.0,0.0,E0001148,U003-normal-054,U003,normal_user,DAILY_NORMAL,0,0,0
0.47134927653145686,0.11285714285714285,0.0,0.0,0.0,0.13086644370518982,0.0,2.0,7.0,0.0,7.0,0.08642105263157895,0.20745205841695027,0.16957894736842105,5.780743515792329,9.49530876573028,0.0,0.0,0.0,-0.3091638821285837,0.7191780821917809,0.0,0.0,E0001149,U003-agent-normal-013,U003,normal_agent,DELEGATED_NORMAL,0,0,0
0.1458576674410154,0.03485714285714286,0.0,1.0,0.0,0.04041950919502065,0.0,1.0,6.0,0.0,6.0,0.012842105263157894,0.2083864612391027,0.1706315789473684,9.903837491300417,9.648208131191847,0.0,0.0,0.0,-0.49938076216811905,0.614334470989761,0.0,0.0,E0001150,U003-normal-054,U003,normal_user,DAILY_NORMAL,0,0,0
0.017988192899630138,0.004285714285714286,0.0,0.0,0.0,0.004969611786273031,0.0,1.0,4.0,0.0,4.0,0.0015789473684210526,0.12309063427032622,0.1008421052631579,10.986207558535376,10.152322242138197,0.0,0.0,0.0,-0.5731588802125476,0.4081632653061224,0.0,0.0,E0001151,U003-normal-055,U003,normal_user,DAILY_NORMAL,0,0,0
1.9411139617500708,0.46085714285714285,0.0,0.0,0.0,0.53439892075056,0.0,1.0,3.0,0.0,3.0,0.16978947368421052,0.22483796685709462,0.18421052631578946,9.698490846702954,10.21626703368606,0.0,0.0,0.0,0.5480252563658563,0.30508474576271183,0.0,0.0,E0001152,U003-normal-055,U003,normal_user,DAILY_NORMAL,0,0,0
0.23868371654299464,0.056857142857142856,0.0,1.0,0.0,0.06593018303122221,0.0,2.0,4.0,0.0,4.0,0.19073684210526315,0.24868735354554503,0.2051578947368421,8.021256180143997,9.890635315222308,0.0,0.0,0.0,-0.44535945951474254,0.4054054054054054,0.0,0.0,E0001153,U003-normal-055,U003,normal_user,DAILY_NORMAL,0,0,0
7.27603848265521,1.7285714285714286,0.0,1.0,0.0,0.9557661927330173,0.0,1.0,5.0,0.0,5.0,0.6368421052631579,1.019788543458675,0.842,8.628734566149145,9.942602490864681,0.0,0.0,0.0,3.666720347924101,0.5050505050505051,0.0,0.0,E0001154,U003-normal-055,U003,normal_user,RECURRING_NORMAL,0,0,0
0.10589836982813502,0.025714285714285714,0.0,1.0,0.0,0.029817670717638186,0.0,1.0,5.0,0.0,5.0,0.009473684210526316,0.9902491929821029,0.8386315789473684,10.962977789850388,10.251888360022615,0.0,0.0,0.0,-0.5226293903527244,0.5033557046979865,0.0,0.0,E0001155,U003-agent-normal-002,U003,normal_agent,DELEGATED_NORMAL,0,0,0
0.2372506617510136,0.057428571428571426,0.0,0.0,0.0,0.06659279793605861,0.0,1.0,4.0,0.0,4.0,0.021157894736842105,0.8125788572147834,0.6884210526315789,9.969836933077662,9.942689034735265,0.0,0.0,0.0,-0.4450198874950717,0.4013377926421405,0.0,0.0,E0001156,U003-agent-normal-025,U003,normal_agent,DELEGATED_NORMAL,0,0,0
0.4189618016307563,0.10114285714285715,0.0,1.0,0.0,0.11728283815604353,0.0,1.0,4.0,0.0,4.0,0.037263157894736845,0.8311453306619395,0.7047368421052631,8.764521909518802,9.84276042546621,0.0,0.0,0.0,-0.3385733313087642,0.4,0.0,0.0,E0001157,U003-normal-056,U003,normal_user,DAILY_NORMAL,0,0,0
0.4530171670564631,0.10914285714285714,0.0,1.0,0.0,0.1265594468237532,0.0,2.0,4.0,0.0,4.0,0.07747368421052632,0.12730958386093388,0.10810526315789473,7.775695749915245,9.835690394470303,0.0,0.0,0.0,-0.31857584611127127,0.39867109634551495,0.0,0.0,E0001158,U003-normal-056,U003,normal_user,DAILY_NORMAL,0,0,0
0.15446150624672947,0.037142857142857144,0.0,0.0,0.0,0.04306996881436627,0.0,1.0,5.0,0.0,5.0,0.01368421052631579,0.14319868808290545,0.12178947368421053,10.658764104561621,10.169069710948044,0.0,0.0,0.0,-0.49229531576851343,0.49668874172185434,0.0,0.0,E0001159,U003-normal-057,U003,normal_user,DAILY_NORMAL,0,0,0
0.38252025822168056,0.09171428571428572,0.0,0.0,0.0,0.10634969222624287,0.0,2.0,6.0,0.0,6.0,0.047473684210526314,0.18282991354384887,0.15557894736842104,7.477604243197589,9.608968830025356,0.0,0.0,0.0,-0.35893283851090024,0.594059405940594,0.0,0.0,E0001160,U003-normal-057,U003,normal_user,DAILY_NORMAL,0,0,0
0.1612162740122597,0.03857142857142857,0.0,1.0,0.0,0.04472650607645728,0.0,3.0,7.0,0.0,7.0,0.06168421052631579,0.19926578542664747,0.16978947368421052,7.156176637480615,9.294663137888035,0.0,0.0,0.0,-0.48726857439303656,0.6907894736842105,0.0,0.0,E0001161,U003-normal-057,U003,normal_user,DAILY_NORMAL,0,0,0
0.2311458210515295,0.055142857142857146,0.0,0.0,0.0,0.063942338316713,0.0,1.0,8.0,0.0,7.0,0.02031578947368421,0.22298453758830314,0.19010526315789475,8.917444732471514,9.31392531223256,0.0,0.0,0.0,-0.4459427988064423,0.7868852459016394,0.0,0.0,E0001162,U003-normal-057,U003,normal_user,DAILY_NORMAL,0,0,0
0.595601038248867,0.1417142857142857,0.0,1.0,0.0,0.16432849639942823,0.0,1.0,8.0,0.0,7.0,0.05221052631578947,0.27289607889275036,0.2328421052631579,8.785692444451245,9.386224586806131,0.0,0.0,0.0,-0.23425953129559526,0.7843137254901962,0.0,0.0,E0001163,U003-normal-057,U003,normal_user,DAILY_NORMAL,0,0,0
0.26213806606116113,0.062285714285714285,0.0,0.0,0.0,0.07222502462716805,0.0,1.0,9.0,0.0,8.0,0.022947368421052633,0.2991806527829578,0.2557894736842105,8.865452825753623,8.481939001199446,0.0,0.0,0.0,-0.42752767567403643,0.8794788273615636,0.0,0.0,E0001164,U003-normal-057,U003,normal_user,DAILY_NORMAL,0,0,0
0.8197356901170557,0.19428571428571428,0.0,0.0,0.0,0.2252890676443774,0.0,2.0,10.0,0.0,9.0,0.09452631578947368,0.38255972332893806,0.3273684210526316,6.658011045870748,8.44009614103127,0.0,0.0,0.0,-0.10433077674286728,0.9740259740259739,0.0,0.0,E0001165,U003-normal-057,U003,normal_user,DAILY_NORMAL,0,0,0
0.14957261273716035,0.03542857142857143,0.0,0.0,0.0,0.04108212409985706,0.0,3.0,11.0,0.0,9.0,0.10757894736842105,0.3967068039299972,0.34042105263157896,7.059617628291383,8.434984807023518,0.0,0.0,0.0,-0.49272408924734723,1.0679611650485437,0.0,0.0,E0001166,U003-normal-057,U003,normal_user,DAILY_NORMAL,0,0,0
0.22379566796999692,0.05285714285714286,0.0,0.0,0.0,0.06129187869736738,0.0,1.0,12.0,0.0,9.0,0.019473684210526317,0.4191877586501567,0.35989473684210527,8.70201162840878,8.370130664507363,0.0,0.0,0.0,-0.44900366445714346,1.161290322580645,0.0,0.0,E0001167,U003-normal-057,U003,normal_user,DAILY_NORMAL,0,0,0
0.7786664844795016,0.18342857142857144,0.0,0.0,0.0,0.21269938445248573,0.0,1.0,5.0,0.0,5.0,0.06757894736842106,0.22652605963098246,0.19463157894736843,11.257400757317503,9.825439520839758,0.0,0.0,0.0,-0.12787025097324708,0.4823151125401929,0.0,0.0,E0001168,U003-normal-058,U003,normal_user,DAILY_NORMAL,0,0,0
0.23790041999301614,0.056,0.0,0.0,0.0,0.0649362606739676,0.0,1.0,3.0,0.0,3.0,0.02063157894736842,0.12500280594414576,0.10768421052631579,8.61974977974133,9.808616276399496,0.0,0.0,0.0,-0.44068611544529424,0.28846153846153844,0.0,0.0,E0001169,U003-normal-058,U003,normal_user,DAILY_NORMAL,0,0,0
0.18131501108273676,0.04257142857142857,0.0,0.0,0.0,0.049364810410312106,0.0,1.0,3.0,0.0,3.0,0.01568421052631579,0.12050767610513423,0.10389473684210526,9.448884719866415,9.931725093947367,0.0,0.0,0.0,-0.47283823296769534,0.28753993610223644,0.0,0.0,E0001170,U003-normal-058,U003,normal_user,RECURRING_NORMAL,0,0,0
0.20255472035255814,0.04742857142857143,0.0,0.0,0.0,0.05499703710142154,0.0,1.0,4.0,0.0,4.0,0.017473684210526315,0.1406901160039154,0.12136842105263158,9.682529112127256,10.066753702794923,0.0,0.0,0.0,-0.4599102890825791,0.38216560509554137,0.0,0.0,E0001171,U003-normal-058,U003,normal_user,DAILY_NORMAL,0,0,0
0.3180971223004996,0.07428571428571429,0.0,1.0,0.0,0.08613993762873254,0.0,1.0,5.0,0.0,5.0,0.02736842105263158,0.1722992207298515,0.14873684210526317,10.734351106459908,10.358542504984289,0.0,0.0,0.0,-0.3927468646008399,0.47619047619047616,0.0,0.0,E0001172,U003-normal-059,U003,normal_user,DAILY_NORMAL,0,0,0
0.039239015043349826,0.009142857142857144,0.0,0.0,0.0,0.010601838477382466,0.0,1.0,5.0,0.0,5.0,0.003368421052631579,0.09781331461033706,0.08452631578947369,9.369990189505721,9.819083682135396,0.0,0.0,0.0,-0.5528829239548347,0.4746835443037975,0.0,0.0,E0001173,U003-normal-059,U003,normal_user,DAILY_NORMAL,0,0,0
0.23126250708956442,0.053714285714285714,0.0,0.0,0.0,0.06228580105462199,0.0,1.0,4.0,0.0,4.0,0.019789473684210527,0.07867894437532054,0.068,10.103567164251785,10.006008039126527,0.0,0.0,0.0,-0.4414845457486415,0.37854889589905366,0.0,0.0,E0001174,U003-normal-059,U003,normal_user,DAILY_NORMAL,0,0,0
0.02959771823136133,0.006857142857142857,0.0,0.0,0.0,0.00795137885803685,0.0,1.0,3.0,0.0,3.0,0.0025263157894736842,0.02969507914659607,0.02568421052631579,10.850714777975867,10.306770280985226,0.0,0.0,0.0,-0.5566291435900066,0.2830188679245283,0.0,0.0,E0001175,U003-normal-060,U003,normal_user,DAILY_NORMAL,0,0,0
0.15217246497584128,0.03514285714285714,0.0,0.0,0.0,0.040750816647438855,0.0,1.0,4.0,0.0,4.0,0.012947368421052631,0.04465997172821572,0.03863157894736842,8.574895901544526,10.23232356440836,0.0,0.0,0.0,-0.48532238616981743,0.3761755485893417,0.0,0.0,E0001176,U003-normal-060,U003,normal_user,DAILY_NORMAL,0,0,0
0.4168455810035533,0.096,0.0,0.0,0.0,0.1113193040125159,0.0,1.0,4.0,0.0,4.0,0.03536842105263158,0.08161279903518447,0.07063157894736842,9.512442967089195,9.966988035098026,0.0,0.0,0.0,-0.3333075340699092,0.375,0.0,0.0,E0001177,U003-normal-060,U003,normal_user,DAILY_NORMAL,0,0,0
0.9881634613230033,0.22714285714285715,0.0,1.0,0.0,0.2633894246724706,0.0,1.0,5.0,0.0,5.0,0.08368421052631579,0.17806497871053073,0.1543157894736842,9.339349052539717,9.963660307570262,0.0,0.0,0.0,-0.006762238014625049,0.4672897196261683,0.0,0.0,E0001178,U003-normal-060,U003,normal_user,DAILY_NORMAL,0,0,0
0.49845129147996287,0.11457142857142857,0.0,0.0,0.0,0.13285428841969904,0.0,1.0,5.0,0.0,5.0,0.042210526315789476,0.20328231006773428,0.17673684210526316,9.185432736269998,9.814940451471157,0.0,0.0,0.0,-0.2869910119494797,0.46583850931677023,0.0,0.0,E0001179,U003-normal-060,U003,normal_user,DAILY_NORMAL,0,0,0
0.19796160605146174,0.04542857142857143,0.0,0.0,0.0,0.05267788493449413,0.0,2.0,6.0,0.0,6.0,0.05894736842105263,0.22217343342650464,0.19347368421052633,8.105005537547246,9.065684473710714,0.0,0.0,0.0,-0.45887125721812055,0.5572755417956656,0.0,0.0,E0001180,U003-agent-normal-028,U003,normal_agent,DELEGATED_NORMAL,0,0,0
0.0973651458179694,0.022285714285714287,0.0,1.0,0.0,0.02584198128861976,0.0,1.0,7.0,0.0,7.0,0.008210526315789474,0.2314536220685228,0.2016842105263158,10.19593326083693,9.469051819176414,0.0,0.0,0.0,-0.5157472101783696,0.6481481481481481,0.0,0.0,E0001181,U003-normal-061,U003,normal_user,DAILY_NORMAL,0,0,0
0.0,0.0,0.0,0.0,0.0,0.0,0.0,2.0,8.0,0.0,7.0,0.008210526315789474,0.23138094968173162,0.2016842105263158,7.253470382684528,9.26196461159532,0.0,0.0,0.0,-0.5703956152623764,0.7384615384615384,0.0,0.0,E0001182,U003-agent-normal-010,U003,normal_agent,DELEGATED_NORMAL,0,0,0
0.08387760696795828,0.019142857142857142,0.0,0.0,0.0,0.022197599312019537,0.0,3.0,9.0,0.0,8.0,0.015263157894736841,0.2394720371706022,0.20873684210526317,7.284820912568604,9.05321861620397,0.0,0.0,0.0,-0.522552196029152,0.8282208588957055,0.0,0.0,E0001183,U003-normal-061,U003,normal_user,DAILY_NORMAL,0,0,0
0.21847289692197439,0.04971428571428571,0.0,0.0,0.0,0.05764749672076716,0.0,1.0,8.0,0.0,7.0,0.01831578947368421,0.2426671766208933,0.21157894736842106,9.919065582499446,9.274066062856727,0.0,0.0,0.0,-0.44499002035606533,0.7339449541284403,0.0,0.0,E0001184,U003-normal-061,U003,normal_user,DAILY_NORMAL,0,0,0
0.18251647129784584,0.041428571428571426,0.0,0.0,0.0,0.0480395806006393,0.0,1.0,8.0,0.0,7.0,0.015263157894736841,0.2194540892084047,0.19147368421052632,9.780359005054978,9.512842089026242,0.0,0.0,0.0,-0.46489731228582776,0.7317073170731707,0.0,0.0,E0001185,U003-normal-061,U003,normal_user,DAILY_NORMAL,0,0,0
0.2561900379579019,0.058,0.0,0.0,0.0,0.06725541284089502,0.0,1.0,7.0,0.0,6.0,0.021368421052631578,0.09959507295969391,0.08694736842105263,9.737019659665341,9.35532344311477,0.0,0.0,0.0,-0.4224264645547833,0.6382978723404256,0.0,0.0,E0001186,U003-normal-061,U003,normal_user,DAILY_NORMAL,0,0,0
0.21378617525890234,0.048285714285714286,0.0,0.0,0.0,0.05599095945867615,0.0,1.0,3.0,0.0,3.0,0.017789473684210525,0.06228653288749085,0.054421052631578946,11.123535457318734,10.119687049615907,0.0,0.0,0.0,-0.44603667241763767,0.2727272727272727,0.0,0.0,E0001187,U003-normal-062,U003,normal_user,DAILY_NORMAL,0,0,0
0.7723107585075238,0.174,0.0,0.0,0.0,0.20176623852268505,0.0,2.0,4.0,0.0,4.0,0.08189473684210526,0.13556493017389035,0.11852631578947369,7.273786317844895,10.119558149376457,0.0,0.0,0.0,-0.12901556751904522,0.36253776435045315,0.0,0.0,E0001188,U003-normal-062,U003,normal_user,DAILY_NORMAL,0,0,0
0.38199118165218043,0.086,0.0,0.0,0.0,0.09972354317787882,0.0,1.0,4.0,0.0,4.0,0.03168421052631579,0.1539702657424029,0.13494736842105262,8.992184362173012,10.015431350758112,0.0,0.0,0.0,-0.35047489753757605,0.3614457831325301,0.0,0.0,E0001189,U003-normal-062,U003,normal_user,DAILY_NORMAL,0,0,0
0.46538541287060325,0.10457142857142857,0.0,0.0,0.0,0.12125852758506196,0.0,1.0,4.0,0.0,4.0,0.038526315789473686,0.17333795277812705,0.15210526315789474,10.759051157340364,10.248607999635173,0.0,0.0,0.0,-0.30301091911804934,0.3603603603603604,0.0,0.0,E0001190,U003-normal-063,U003,normal_user,DAILY_NORMAL,0,0,0
0.1999676678673296,0.04485714285714286,0.0,1.0,0.0,0.05201527002965772,0.0,1.0,5.0,0.0,5.0,0.016526315789473684,0.19189038431611247,0.1686315789473684,10.231963619116156,10.322592546348327,0.0,0.0,0.0,-0.45333145630822735,0.44910179640718567,0.0,0.0,E0001191,U003-normal-063,U003,normal_user,DAILY_NORMAL,0,0,0
0.30644921315612883,0.06857142857142857,0.0,0.0,0.0,0.07951378858036849,0.0,1.0,3.0,0.0,3.0,0.02526315789473684,0.09133623032739308,0.08031578947368422,10.034691238151472,9.97223906156417,0.0,0.0,0.0,-0.39250001948845026,0.26865671641791045,0.0,0.0,E0001192,U003-normal-063,U003,normal_user,DAILY_NORMAL,0,0,0
0.05886327885606748,0.013142857142857144,0.0,0.0,0.0,0.015240142811237294,0.0,1.0,3.0,0.0,3.0,0.004842105263157895,0.05297934281438011,0.04663157894736842,10.76041037260293,10.327401430712753,0.0,0.0,0.0,-0.5321672214778104,0.26785714285714285,0.0,0.0,E0001193,U003-normal-064,U003,normal_user,DAILY_NORMAL,0,0,0
0.3850162687780327,0.08571428571428572,0.0,0.0,0.0,0.09939223572546062,0.0,1.0,3.0,0.0,3.0,0.031578947368421054,0.07006817810680967,0.06168421052631579,9.781771793852032,10.38875533951322,0.0,0.0,0.0,-0.34711416898387104,0.26706231454005935,0.0,0.0,E0001194,U003-hard-PAYDAY_BURST-000,U003,hard_negative,PAYDAY_BURST,0,0,0
0.24559463034431722,0.05457142857142857,0.0,0.0,0.0,0.0632797234118766,0.0,2.0,4.0,0.0,4.0,0.05168421052631579,0.09279514423558644,0.08178947368421052,6.042632833682381,10.050423698659287,0.0,0.0,0.0,-0.42557700120144476,0.35502958579881655,0.0,0.0,E0001195,U003-hard-PAYDAY_BURST-000,U003,hard_negative,PAYDAY_BURST,0,0,0
0.10181809956388758,0.022571428571428572,0.0,0.0,0.0,0.026173288741037963,0.0,3.0,5.0,0.0,5.0,0.06,0.10215224241290173,0.09010526315789473,6.042632833682381,9.781003484321095,0.0,0.0,0.0,-0.5061452617222609,0.44247787610619466,0.0,0.0,E0001196,U003-hard-PAYDAY_BURST-000,U003,hard_negative,PAYDAY_BURST,0,0,0
1.022295084470759,0.226,0.0,0.0,0.0,0.26206419486279786,0.0,4.0,6.0,0.0,6.0,0.14326315789473684,0.1964858509139364,0.1733684210526316,6.042632833682381,9.489319685033795,0.0,0.0,0.0,0.012543426232866937,0.5294117647058824,0.0,0.0,E0001197,U003-hard-PAYDAY_BURST-000,U003,hard_negative,PAYDAY_BURST,0,0,0
0.4044961816311033,0.08942857142857143,0.0,0.0,0.0,0.10369923260689724,0.0,5.0,7.0,0.0,7.0,0.17621052631578948,0.23309331307854794,0.2063157894736842,6.042632833682381,8.26317797643494,0.0,0.0,0.0,-0.33557401457982977,0.6158357771260997,0.0,0.0,E0001198,U003-hard-PAYDAY_BURST-000,U003,hard_negative,PAYDAY_BURST,0,0,0
1.2441853880937335,0.2745714285714286,0.0,0.0,0.0,0.3183864617738922,0.0,6.0,8.0,0.0,8.0,0.2773684210526316,0.346949901060802,0.30747368421052634,6.042632833682381,6.042632833682381,0.0,0.0,0.0,0.1375378195093164,0.7017543859649122,0.0,0.0,E0001199,U003-hard-PAYDAY_BURST-000,U003,hard_negative,PAYDAY_BURST,0,0,0
0.0,0.0,0.0,0.0,0.0,0.0,0.0,1.0,8.0,0.0,8.0,0.0,0.3172361977920062,0.28221052631578947,10.932392428779417,9.352603531524151,0.0,0.0,0.0,-0.5645159052765938,0.6997084548104956,0.0,0.0,E0001200,U003-agent-normal-021,U003,normal_agent,DELEGATED_NORMAL,0,0,0
0.16947662497484672,0.03742857142857143,1.0,0.0,0.0,0.04340127626678447,0.0,1.0,9.0,1.0,9.0,0.013789473684210527,0.3327371086128763,0.296,8.925587339030281,9.46877384406884,0.0,0.0,0.0,-0.4688436549056964,0.7848837209302325,0.0,0.0,E0001201,U003-hard-TRAVEL_MODE-001,U003,hard_negative,TRAVEL_MODE,0,0,0
0.10375910370609316,0.022857142857142857,1.0,0.0,0.0,0.026504596193456166,0.0,2.0,9.0,2.0,9.0,0.022210526315789472,0.3365863326149785,0.29957894736842106,8.188966863648876,9.516721521860449,0.0,0.0,0.0,-0.5052650049611361,0.782608695652174,0.0,0.0,E0001202,U003-hard-TRAVEL_MODE-001,U003,hard_negative,TRAVEL_MODE,0,0,0
0.07543020969827396,0.01657142857142857,1.0,0.0,0.0,0.01921583224025572,0.0,2.0,10.0,2.0,10.0,0.014526315789473684,0.3433375062128332,0.3056842105263158,8.188966863648876,9.562475024372697,0.0,0.0,0.0,-0.5204082373593307,0.8670520231213873,0.0,0.0,E0001203,U003-hard-TRAVEL_MODE-001,U003,hard_negative,TRAVEL_MODE,0,0,0
0.26865772799260473,0.05885714285714286,0.0,0.0,0.0,0.06824933519814963,0.0,1.0,5.0,0.0,5.0,0.02168421052631579,0.05614602152780068,0.05,10.216325544869028,9.883590920821671,0.0,0.0,0.0,-0.41095074623195593,0.43227665706051877,0.0,0.0,E0001204,U003-normal-065,U003,normal_user,DAILY_NORMAL,0,0,0
0.7293299561556416,0.15942857142857142,1.0,0.0,0.0,0.18486955844935676,0.0,1.0,2.0,1.0,2.0,0.05873684210526316,0.09023320483594217,0.08042105263157895,11.045414725890183,9.94966478215388,0.0,0.0,0.0,-0.1519484134330194,0.1724137931034483,0.0,0.0,E0001205,U003-hard-TRAVEL_MODE-001,U003,hard_negative,TRAVEL_MODE,0,0,0
0.13996736242816757,0.030571428571428572,1.0,0.0,0.0,0.03544989740874762,0.0,2.0,3.0,2.0,3.0,0.07,0.10264508939541464,0.09168421052631578,8.188966863648876,9.911505324129712,0.0,0.0,0.0,-0.483120850081484,0.25787965616045844,0.0,0.0,E0001206,U003-hard-TRAVEL_MODE-001,U003,hard_negative,TRAVEL_MODE,0,0,0
0.47344543229810415,0.10314285714285715,1.0,0.0,0.0,0.11960199032297095,0.0,2.0,4.0,2.0,4.0,0.04926315789473684,0.14512700232005182,0.1296842105263158,8.188966863648876,9.911505324129712,0.0,0.0,0.0,-0.2953683299891471,0.34285714285714286,0.0,0.0,E0001207,U003-hard-TRAVEL_MODE-001,U003,hard_negative,TRAVEL_MODE,0,0,0
0.44660626308121004,0.09714285714285714,0.0,0.0,0.0,0.1126445338221887,0.0,1.0,4.0,0.0,4.0,0.035789473684210524,0.16068414978988577,0.14378947368421052,10.985597761104732,10.34959543910631,0.0,0.0,0.0,-0.3103589303452935,0.3418803418803419,0.0,0.0,E0001208,U003-normal-067,U003,normal_user,DAILY_NORMAL,0,0,0
0.051312878046479375,0.011142857142857144,0.0,1.0,0.0,0.01292099064430988,0.0,1.0,5.0,0.0,5.0,0.004105263157894737,0.1650517254013359,0.14789473684210527,9.000606507571892,10.218181497234706,0.0,0.0,0.0,-0.5318903738534297,0.42613636363636365,0.0,0.0,E0001209,U003-normal-067,U003,normal_user,DAILY_NORMAL,0,0,0
0.27708011950492034,0.06,1.0,0.0,0.0,0.06957456500782243,0.0,2.0,6.0,1.0,6.0,0.026210526315789472,0.18969240907182974,0.17,7.152268856032539,9.623839785112668,0.0,0.0,0.0,-0.4046020554594741,0.509915014164306,0.0,0.0,E0001210,U003-hard-TRAVEL_MODE-001,U003,hard_negative,TRAVEL_MODE,0,0,0
2.936733253750389,0.6345714285714286,1.0,0.0,0.0,0.7358338518208268,0.0,2.0,7.0,2.0,7.0,0.2558947368421053,0.45019337049198843,0.40378947368421053,8.188966863648876,9.623839785112668,0.0,0.0,0.0,1.082969211495499,0.5932203389830508,0.0,0.0,E0001211,U003-hard-TRAVEL_MODE-001,U003,hard_negative,TRAVEL_MODE,0,0,0
0.12095662833474687,0.026285714285714287,0.0,0.0,0.0,0.03048028562247459,0.0,1.0,8.0,0.0,8.0,0.00968421052631579,0.4570196576557192,0.4134736842105263,8.36730010184162,9.633095148621308,0.0,0.0,0.0,-0.4942221922578059,0.676056338028169,0.0,0.0,E0001212,U003-normal-067,U003,normal_user,DAILY_NORMAL,0,0,0
0.47321726587674046,0.10257142857142858,0.0,1.0,0.0,0.11893937541813454,0.0,1.0,8.0,0.0,8.0,0.037789473684210526,0.4337114167919953,0.39252631578947367,8.642062173462106,8.431853144249223,0.0,0.0,0.0,-0.2957350845057798,0.6741573033707865,0.0,0.0,E0001213,U003-normal-067,U003,normal_user,DAILY_NORMAL,0,0,0
0.19934920365480407,0.04314285714285714,0.0,1.0,0.0,0.05002742531514851,0.0,1.0,7.0,0.0,7.0,0.015894736842105264,0.39629031260037184,0.3591578947368421,8.482601746646619,8.277767807527745,0.0,0.0,0.0,-0.44939173210042205,0.5882352941176471,0.0,0.0,E0001214,U003-normal-067,U003,normal_user,DAILY_NORMAL,0,0,0
0.2077567400865556,0.04485714285714286,0.0,0.0,0.0,0.05201527002965772,0.0,1.0,1.0,0.0,1.0,0.016526315789473684,0.018224275446189087,0.016526315789473684,11.829173128145648,10.345586697900806,0.0,0.0,0.0,-0.44415060081638963,0.08379888268156424,0.0,0.0,E0001215,U003-normal-069,U003,normal_user,DAILY_NORMAL,0,0,0
0.28251358997083315,0.06085714285714286,0.0,0.0,0.0,0.07056848736507704,0.0,1.0,2.0,0.0,2.0,0.022421052631578946,0.04292285479785171,0.03894736842105263,9.872100079294496,10.442189009747755,0.0,0.0,0.0,-0.4017818041207716,0.1671309192200557,0.0,0.0,E0001216,U003-agent-normal-012,U003,normal_agent,DELEGATED_NORMAL,0,0,0
0.4758274890860867,0.10228571428571429,0.0,0.0,0.0,0.11860806796571634,0.0,1.0,3.0,0.0,3.0,0.03768421052631579,0.0843841136290124,0.07663157894736843,8.3707791729607,10.442276531737711,0.0,0.0,0.0,-0.29327453188718255,0.25,0.0,0.0,E0001217,U003-normal-069,U003,normal_user,DAILY_NORMAL,0,0,0
0.16772484128817122,0.036,0.0,0.0,0.0,0.04174473900469346,0.0,1.0,4.0,0.0,4.0,0.013263157894736841,0.0988523219186323,0.08989473684210526,9.47262771040802,10.484176868514616,0.0,0.0,0.0,-0.46556775664408767,0.33240997229916897,0.0,0.0,E0001218,U003-agent-normal-032,U003,normal_agent,DELEGATED_NORMAL,0,0,0
0.07338975752816347,0.015714285714285715,0.0,0.0,0.0,0.018221909883001115,0.0,2.0,5.0,0.0,5.0,0.01905263157894737,0.10516756110315384,0.09568421052631579,4.804021044733257,10.457481855203481,0.0,0.0,0.0,-0.5176779321755539,0.4143646408839779,0.0,0.0,E0001219,U003-normal-069,U003,normal_user,DAILY_NORMAL,0,0,0
0.8428971409515531,0.18,0.0,0.0,0.0,0.2087236950234673,0.0,1.0,6.0,0.0,6.0,0.06631578947368422,0.17801821050150132,0.162,8.286773231131251,9.006827864611122,0.0,0.0,0.0,-0.08762830773906509,0.49586776859504134,0.0,0.0,E0001220,U003-normal-069,U003,normal_user,RECURRING_NORMAL,0,0,0
0.06291120352702963,0.013428571428571429,0.0,0.0,0.0,0.015571450263655497,0.0,2.0,7.0,0.0,7.0,0.07126315789473685,0.18301021422206346,0.16694736842105262,3.8918202981106265,8.36450810375059,0.0,0.0,0.0,-0.5231967898070212,0.576923076923077,0.0,0.0,E0001221,U003-normal-069,U003,normal_user,DAILY_NORMAL,0,0,0
0.4348533543697718,0.09257142857142857,0.0,0.0,0.0,0.10734361458349746,0.0,1.0,7.0,0.0,7.0,0.034105263157894736,0.20224395898604744,0.18452631578947368,11.045159330664685,9.677602747416534,0.0,0.0,0.0,-0.3150145701913561,0.5753424657534247,0.0,0.0,E0001222,U003-normal-070,U003,normal_user,DAILY_NORMAL,0,0,0
0.2365986739328436,0.05028571428571429,0.0,1.0,0.0,0.05831011162560357,0.0,1.0,6.0,0.0,6.0,0.018526315789473686,0.15647775935103975,0.14294736842105263,9.004668301573977,9.614778286034463,0.0,0.0,0.0,-0.42538318982146156,0.49180327868852464,0.0,0.0,E0001223,U003-normal-070,U003,normal_user,DAILY_NORMAL,0,0,0
0.23711438172040755,0.05028571428571429,0.0,0.0,0.0,0.05831011162560357,0.0,1.0,3.0,0.0,3.0,0.018526315789473686,0.07784057985770956,0.0711578947368421,9.946211736745907,9.859263945753964,0.0,0.0,0.0,-0.4246673484802357,0.2452316076294278,0.0,0.0,E0001224,U003-normal-070,U003,normal_user,DAILY_NORMAL,0,0,0
0.2025250510366462,0.04285714285714286,0.0,0.0,0.0,0.04969611786273031,0.0,1.0,4.0,0.0,4.0,0.015789473684210527,0.09504868872515328,0.08694736842105263,9.319912008405474,9.931695928799718,0.0,0.0,0.0,-0.4434766710943392,0.32608695652173914,0.0,0.0,E0001225,U003-normal-070,U003,normal_user,DAILY_NORMAL,0,0,0
0.03924349959655966,0.008285714285714285,0.0,1.0,1.0,0.00960791612012786,0.0,1.0,5.0,0.0,5.0,0.0030526315789473684,0.0983291750172663,0.09,9.688188155244967,10.076919715484166,0.0,0.0,0.0,-0.5336787290051781,0.4065040650406504,0.0,0.0,E0001226,U003-normal-071,U003,normal_user,DAILY_NORMAL,0,0,0
0.48984334429982385,0.10314285714285715,0.0,0.0,0.0,0.11960199032297095,0.0,1.0,4.0,0.0,4.0,0.038,0.08233434304865812,0.07536842105263158,10.643995304455911,9.885710472433447,0.0,0.0,0.0,-0.28289774256475664,0.3243243243243243,0.0,0.0,E0001227,U003-normal-071,U003,normal_user,DAILY_NORMAL,0,0,0
2.2461948112863785,0.4722857142857143,0.0,1.0,0.0,0.5476512188472881,0.0,1.0,2.0,0.0,2.0,0.174,0.2312740650765965,0.212,10.898515524947667,10.269470046531282,0.0,0.0,0.0,0.690956814659368,0.16172506738544473,0.0,0.0,E0001228,U003-normal-072,U003,normal_user,DAILY_NORMAL,0,0,0
0.7366409406185964,0.15542857142857142,0.0,0.0,0.0,0.18023125411550192,0.0,1.0,3.0,0.0,3.0,0.05726315789473684,0.29189640709203096,0.2692631578947368,8.39773375137891,10.148447388651233,0.0,0.0,0.0,-0.14663939140438118,0.24193548387096772,0.0,0.0,E0001229,U003-normal-072,U003,normal_user,DAILY_NORMAL,0,0,0
0.13686702385445096,0.028857142857142856,0.0,1.0,0.0,0.03346205269423841,0.0,1.0,3.0,0.0,3.0,0.01063157894736842,0.2616860144916618,0.24189473684210527,10.603039180769068,10.353645553561158,0.0,0.0,0.0,-0.4809009432916526,0.24128686327077747,0.0,0.0,E0001230,U003-normal-072,U003,normal_user,DAILY_NORMAL,0,0,0
0.22277663522374958,0.046857142857142854,0.0,1.0,0.0,0.05433442219658514,0.0,1.0,3.0,0.0,3.0,0.01726315789473684,0.09209001459463827,0.0851578947368421,10.690079537805937,10.516768676485485,0.0,0.0,0.0,-0.43245667034634067,0.24064171122994651,0.0,0.0,E0001231,U003-normal-073,U003,normal_user,DAILY_NORMAL,0,0,0
0.057176337841491724,0.012,0.0,0.0,0.0,0.013914913001564487,0.0,1.0,2.0,0.0,2.0,0.004421052631578947,0.02343479028123218,0.02168421052631579,10.719582187930941,10.534445450335879,0.0,0.0,0.0,-0.5240570793196956,0.16,0.0,0.0,E0001232,U003-normal-073,U003,normal_user,DAILY_NORMAL,0,0,0
0.2293058930934137,0.048,0.0,0.0,0.0,0.05565965200625795,0.0,1.0,3.0,0.0,3.0,0.01768421052631579,0.04253988294490909,0.03936842105263158,10.623909375230953,10.462823301264232,0.0,0.0,0.0,-0.4276905946289354,0.2393617021276596,0.0,0.0,E0001233,U003-normal-074,U003,normal_user,DAILY_NORMAL,0,0,0
0.19560057741113918,0.040857142857142856,0.0,0.0,0.0,0.047376965695802895,0.0,1.0,3.0,0.0,3.0,0.015052631578947368,0.0401257213796944,0.037157894736842105,8.518592212329946,10.466076060415153,0.0,0.0,0.0,-0.4459473635750391,0.2387267904509284,0.0,0.0,E0001234,U003-normal-074,U003,normal_user,DAILY_NORMAL,0,0,0
0.32078649110028934,0.06685714285714285,0.0,0.0,0.0,0.07752594386585929,0.0,1.0,4.0,0.0,4.0,0.02463157894736842,0.06668850767667865,0.061789473684210526,9.637306011530349,10.312878278646764,0.0,0.0,0.0,-0.3761261005974208,0.31746031746031744,0.0,0.0,E0001235,U003-normal-074,U003,normal_user,DAILY_NORMAL,0,0,0
0.2774373692795846,0.05771428571428571,0.0,0.0,0.0,0.06692410538847682,0.0,1.0,5.0,0.0,4.0,0.02126315789473684,0.08955817214695698,0.08305263157894736,8.649448770536708,10.020194453812003,0.0,0.0,0.0,-0.39985607132289797,0.395778364116095,0.0,0.0,E0001236,U003-agent-normal-031,U003,normal_agent,DELEGATED_NORMAL,0,0,0
0.0,0.0,0.0,0.0,0.0,0.0,0.0,2.0,6.0,0.0,5.0,0.02126315789473684,0.08948977598159677,0.08305263157894736,8.121777419161074,9.554114456530312,0.0,0.0,0.0,-0.5529263141078852,0.4736842105263158,0.0,0.0,E0001237,U003-agent-normal-030,U003,normal_agent,DELEGATED_NORMAL,0,0,0
0.16376591197375776,0.034,0.0,0.0,0.0,0.03942558683776604,0.0,1.0,1.0,0.0,1.0,0.012526315789473684,0.013497190547287726,0.012526315789473684,11.632839561635565,10.255179099955232,0.0,0.0,0.0,-0.4623758320237189,0.07874015748031496,0.0,0.0,E0001238,U003-normal-075,U003,normal_user,DAILY_NORMAL,0,0,0
0.23448852830079428,0.04857142857142857,0.0,1.0,0.0,0.05632226691109435,0.0,1.0,2.0,0.0,2.0,0.017894736842105262,0.032764150529700026,0.030421052631578946,10.860382655252224,10.541185446101684,0.0,0.0,0.0,-0.4227575935912353,0.15706806282722513,0.0,0.0,E0001239,U003-normal-076,U003,normal_user,DAILY_NORMAL,0,0,0
0.08984529541965007,0.018571428571428572,0.0,1.0,0.0,0.021534984407183135,0.0,1.0,3.0,0.0,3.0,0.006842105263157895,0.04010748370561932,0.037263157894736845,9.747359919824648,10.550564616241545,0.0,0.0,0.0,-0.5021503006146184,0.23498694516971277,0.0,0.0,E0001240,U003-normal-076,U003,normal_user,DAILY_NORMAL,0,0,0
0.42124421507641613,0.08685714285714285,0.0,0.0,0.0,0.10071746553513343,0.0,2.0,4.0,0.0,4.0,0.03884210526315789,0.07453177260153857,0.06926315789473685,3.332204510175204,10.5203798425769,0.0,0.0,0.0,-0.3188444172013684,0.3125,0.0,0.0,E0001241,U003-normal-076,U003,normal_user,DAILY_NORMAL,0,0,0
0.1401732991519249,0.028857142857142856,0.0,1.0,0.0,0.03346205269423841,0.0,3.0,5.0,0.0,5.0,0.049473684210526316,0.08587349391114209,0.07989473684210527,7.2254814727822945,10.50956699088159,0.0,0.0,0.0,-0.47352372342459653,0.3896103896103896,0.0,0.0,E0001242,U003-normal-076,U003,normal_user,DAILY_NORMAL,0,0,0
1.6540130420860624,0.3397142857142857,0.0,0.0,0.0,0.39392456092524225,0.0,1.0,6.0,0.0,6.0,0.1251578947368421,0.22031340170968633,0.20505263157894738,9.59933728737704,9.744937208364183,0.0,0.0,0.0,0.35971738936572045,0.46632124352331605,0.0,0.0,E0001243,U003-normal-076,U003,normal_user,DAILY_NORMAL,0,0,0
0.7873596442753866,0.162,0.0,1.0,0.0,0.18785132552112058,0.0,1.0,5.0,0.0,5.0,0.05968421052631579,0.2506309978774504,0.2343157894736842,11.117242356716682,9.909350332804504,0.0,0.0,0.0,-0.11730038780264909,0.38759689922480617,0.0,0.0,E0001244,U003-normal-077,U003,normal_user,DAILY_NORMAL,0,0,0
0.0,0.0,0.0,0.0,0.0,0.0,0.0,1.0,2.0,0.0,2.0,0.0,0.06370440823797992,0.05968421052631579,10.024022354164865,9.962143178328017,0.0,0.0,0.0,-0.5520555852514814,0.15463917525773196,0.0,0.0,E0001245,U003-agent-normal-027,U003,normal_agent,DELEGATED_NORMAL,0,0,0
0.12365995623808695,0.02542857142857143,0.0,0.0,1.0,0.029486363265219983,0.0,1.0,3.0,0.0,3.0,0.00936842105263158,0.0737038656157228,0.06905263157894737,8.353968130313271,10.001158579709575,0.0,0.0,0.0,-0.4837884157382917,0.23136246786632392,0.0,0.0,E0001246,U003-normal-078,U003,normal_user,DAILY_NORMAL,0,0,0
0.24651119420304138,0.05057142857142857,0.0,1.0,0.0,0.05864141907802176,0.0,1.0,4.0,0.0,3.0,0.018631578947368423,0.09355924219570506,0.0876842105263158,10.504848337465365,10.277654613459408,0.0,0.0,0.0,-0.41541602984504833,0.3076923076923077,0.0,0.0,E0001247,U003-normal-078,U003,normal_user,DAILY_NORMAL,0,0,0
0.08233672461003877,0.01685714285714286,0.0,1.0,0.0,0.019547139692673923,0.0,1.0,5.0,0.0,4.0,0.006210526315789474,0.10011954153517688,0.09389473684210527,8.653994232908383,10.213586479271909,0.0,0.0,0.0,-0.5054685126508893,0.3836317135549872,0.0,0.0,E0001248,U003-normal-078,U003,normal_user,DAILY_NORMAL,0,0,0
0.06715057352937205,0.013714285714285714,0.0,0.0,0.0,0.0159027577160737,0.0,2.0,6.0,0.0,5.0,0.011263157894736841,0.10548385547728897,0.09894736842105263,7.016609683894219,9.548938917827403,0.0,0.0,0.0,-0.5130840117341169,0.45918367346938777,0.0,0.0,E0001249,U003-normal-078,U003,normal_user,DAILY_NORMAL,0,0,0
0.4950680399963891,0.10085714285714285,0.0,0.0,0.0,0.11695153070362532,0.0,1.0,6.0,0.0,6.0,0.037157894736842105,0.0814548208583294,0.07642105263157895,9.7840281124988,9.477845246989146,0.0,0.0,0.0,-0.2773036225702181,0.4580152671755725,0.0,0.0,E0001250,U003-normal-078,U003,normal_user,DAILY_NORMAL,0,0,0
0.17273442730758398,0.03514285714285714,0.0,1.0,0.0,0.040750816647438855,0.0,1.0,4.0,0.0,4.0,0.012947368421052631,0.06532444935153182,0.06136842105263158,11.090980303698112,10.139863172619055,0.0,0.0,0.0,-0.4542740296389449,0.30456852791878175,0.0,0.0,E0001251,U003-agent-normal-019,U003,normal_agent,DELEGATED_NORMAL,0,0,0
0.036593266383168156,0.0074285714285714285,0.0,1.0,0.0,0.008613993762873254,0.0,1.0,3.0,0.0,3.0,0.0027368421052631577,0.05622266799944015,0.05284210526315789,9.203718495667296,9.904556980494148,0.0,0.0,0.0,-0.5284288509439939,0.2278481012658228,0.0,0.0,E0001252,U003-agent-normal-022,U003,normal_agent,DELEGATED_NORMAL,0,0,0
0.19754414492693304,0.04,0.0,0.0,0.0,0.04638304333854829,0.0,1.0,3.0,0.0,3.0,0.014736842105263158,0.03236409177090909,0.030421052631578946,9.330343164370879,9.958439645349973,0.0,0.0,0.0,-0.4394450422015853,0.2272727272727273,0.0,0.0,E0001253,U003-normal-079,U003,normal_user,DAILY_NORMAL,0,0,0
0.050904846556483085,0.010285714285714285,0.0,0.0,0.0,0.011927068287055274,0.0,1.0,4.0,0.0,4.0,0.003789473684210526,0.03637659439502419,0.034210526315789476,10.863278289856135,10.353014202161257,0.0,0.0,0.0,-0.5192012856670292,0.3022670025188917,0.0,0.0,E0001254,U003-normal-080,U003,normal_user,DAILY_NORMAL,0,0,0
0.5840363886473234,0.11771428571428572,0.0,0.0,0.0,0.13649867039629926,0.0,1.0,5.0,0.0,5.0,0.04336842105263158,0.08247984512642005,0.07757894736842105,9.035391569511642,10.291494482977132,0.0,0.0,0.0,-0.22720270074706816,0.37688442211055273,0.0,0.0,E0001255,U003-normal-080,U003,normal_user,DAILY_NORMAL,0,0,0
0.6059614186905397,0.122,0.0,0.0,0.0,0.1414682821825723,0.0,1.0,3.0,0.0,3.0,0.04494736842105263,0.09777356052190196,0.09210526315789473,10.29133165188689,10.010573578644175,0.0,0.0,0.0,-0.2152602096854133,0.22556390977443608,0.0,0.0,E0001256,U003-normal-080,U003,normal_user,DAILY_NORMAL,0,0,0
0.33667716148532084,0.06771428571428571,0.0,0.0,0.0,0.0785198662231139,0.0,1.0,2.0,0.0,2.0,0.02494736842105263,0.07407834688390649,0.06989473684210526,11.125216774451276,10.429576102968031,0.0,0.0,0.0,-0.36244708016346106,0.15,0.0,0.0,E0001257,U003-normal-081,U003,normal_user,DAILY_NORMAL,0,0,0
0.05265260314624446,0.010571428571428572,0.0,0.0,0.0,0.012258375739473476,0.0,1.0,2.0,0.0,1.0,0.0038947368421052633,0.030541556549441073,0.028842105263157895,10.264756925901597,10.527595431959854,0.0,0.0,0.0,-0.5173320036362152,0.14962593516209477,0.0,0.0,E0001258,U003-normal-081,U003,normal_user,DAILY_NORMAL,0,0,0
0.11983126936978672,0.024,0.0,0.0,0.0,0.027829826003128975,0.0,2.0,3.0,0.0,2.0,0.012736842105263158,0.039899176371264555,0.03768421052631579,8.135639903354386,10.224476249729651,0.0,0.0,0.0,-0.47991928315581356,0.22388059701492538,0.0,0.0,E0001259,U003-normal-081,U003,normal_user,DAILY_NORMAL,0,0,0
0.41751081073647156,0.08342857142857144,0.0,1.0,0.0,0.09674177610611501,0.0,1.0,4.0,0.0,3.0,0.030736842105263156,0.07242003922221309,0.06842105263157895,8.289288323000317,10.191931834432474,0.0,0.0,0.0,-0.3171984228464951,0.2977667493796526,0.0,0.0,E0001260,U003-normal-081,U003,normal_user,DAILY_NORMAL,0,0,0
0.2391427435946675,0.047714285714285716,0.0,0.0,0.0,0.055328344553839746,0.0,1.0,5.0,0.0,4.0,0.01757894736842105,0.0909278124399693,0.086,10.761852517406659,10.316557007504228,0.0,0.0,0.0,-0.4141876713299794,0.3712871287128713,0.0,0.0,E0001261,U003-normal-082,U003,normal_user,DAILY_NORMAL,0,0,0
0.1305680172411238,0.026,0.0,0.0,0.0,0.03014897817005639,0.0,2.0,6.0,0.0,5.0,0.027157894736842107,0.1009930655549369,0.09557894736842105,7.511524648390866,9.742297151917631,0.0,0.0,0.0,-0.47286863166555093,0.4444444444444444,0.0,0.0,E0001262,U003-normal-082,U003,normal_user,DAILY_NORMAL,0,0,0
0.12510910873723238,0.024857142857142855,0.0,0.0,0.0,0.02882374836038358,0.0,1.0,6.0,0.0,6.0,0.009157894736842104,0.08428075401957176,0.07978947368421052,9.802948727157515,9.609076222666378,0.0,0.0,0.0,-0.4752474571742702,0.4433497536945813,0.0,0.0,E0001263,U003-normal-082,U003,normal_user,DAILY_NORMAL,0,0,0
0.3617605962647297,0.07171428571428572,0.0,0.0,1.0,0.08315817055696872,0.0,1.0,4.0,0.0,4.0,0.026421052631578946,0.06624688353233202,0.06273684210526316,9.977481232444454,9.826811670738211,0.0,0.0,0.0,-0.3462617769082624,0.29484029484029484,0.0,0.0,E0001264,U003-normal-083,U003,normal_user,DAILY_NORMAL,0,0,0
0.14436398088032495,0.02857142857142857,0.0,0.0,0.0,0.033130745241820206,0.0,1.0,5.0,0.0,5.0,0.010526315789473684,0.07729025437900475,0.07326315789473684,10.47030591100205,10.117719513319596,0.0,0.0,0.0,-0.46396951298335637,0.36764705882352944,0.0,0.0,E0001265,U003-normal-083,U003,normal_user,DAILY_NORMAL,0,0,0
0.23438255479629777,0.046285714285714284,0.0,0.0,0.0,0.05367180729174873,0.0,2.0,6.0,0.0,6.0,0.027578947368421054,0.09524497111642678,0.09031578947368421,6.703188113240863,9.648853334130548,0.0,0.0,0.0,-0.41466496443395934,0.4400977995110025,0.0,0.0,E0001266,U003-normal-083,U003,normal_user,DAILY_NORMAL,0,0,0
0.0,0.0,0.0,0.0,0.0,0.0,0.0,1.0,7.0,0.0,6.0,0.0,0.09518791130610033,0.09031578947368421,8.316544717929398,9.677615281650661,0.0,0.0,0.0,-0.5411228781739199,0.5121951219512195,0.0,0.0,E0001267,U003-agent-normal-006,U003,normal_agent,DELEGATED_NORMAL,0,0,0
0.2797799773805099,0.055142857142857146,0.0,0.0,0.0,0.063942338316713,0.0,1.0,1.0,0.0,1.0,0.02031578947368421,0.02141173296279413,0.02031578947368421,11.482167243713192,10.365118730421848,0.0,0.0,0.0,-0.38972753155834416,0.07299270072992702,0.0,0.0,E0001268,U003-normal-084,U003,normal_user,DAILY_NORMAL,0,0,0
0.6099654546242878,0.12,0.0,1.0,0.0,0.13914913001564486,0.0,2.0,2.0,0.0,2.0,0.06452631578947368,0.06795871022985976,0.06452631578947368,8.046869510959576,10.24177243104325,0.0,0.0,0.0,-0.2108976192108282,0.14563106796116507,0.0,0.0,E0001269,U003-agent-normal-029,U003,normal_agent,DELEGATED_NORMAL,0,0,0
0.4259451777430176,0.08371428571428571,0.0,0.0,0.0,0.09707308355853321,0.0,1.0,3.0,0.0,3.0,0.030842105263157896,0.10028577061256057,0.09536842105263157,8.944680683558895,10.022762807612448,0.0,0.0,0.0,-0.3104696555249596,0.2179176755447942,0.0,0.0,E0001270,U003-normal-084,U003,normal_user,DAILY_NORMAL,0,0,0
0.6929863159391203,0.136,0.0,1.0,0.0,0.15770234735106417,0.0,2.0,4.0,0.0,4.0,0.08094736842105263,0.15280934293604898,0.1454736842105263,6.82001636467413,10.023658845146283,0.0,0.0,0.0,-0.16599284015251606,0.2898550724637681,0.0,0.0,E0001271,U003-normal-084,U003,normal_user,DAILY_NORMAL,0,0,0
0.2185474777732121,0.04285714285714286,0.0,0.0,0.0,0.04969611786273031,0.0,3.0,5.0,0.0,5.0,0.09673684210526316,0.16909835148917218,0.16126315789473683,3.4011973816621555,9.986982755023188,0.0,0.0,0.0,-0.4226990999689992,0.3614457831325301,0.0,0.0,E0001272,U003-normal-084,U003,normal_user,DAILY_NORMAL,0,0,0
1.1927029719583409,0.23342857142857143,0.0,0.0,0.0,0.2706781886256711,0.0,1.0,6.0,0.0,6.0,0.086,0.25913376774370905,0.24726315789473685,9.039907859574642,8.302513718514158,0.0,0.0,0.0,0.10413851633409452,0.43269230769230765,0.0,0.0,E0001273,U003-normal-084,U003,normal_user,DAILY_NORMAL,0,0,0
0.061284311335566485,0.012,0.0,0.0,0.0,0.013914913001564487,0.0,1.0,7.0,0.0,7.0,0.004421052631578947,0.2629770071847442,0.2516842105263158,11.048776662726263,9.67925590946473,0.0,0.0,0.0,-0.5081683826807029,0.5035971223021583,0.0,0.0,E0001274,U003-normal-085,U003,normal_user,DAILY_NORMAL,0,0,0
0.09506843227716191,0.018571428571428572,0.0,0.0,0.0,0.021534984407183135,0.0,2.0,8.0,0.0,8.0,0.011263157894736841,0.27008452246698633,0.25852631578947366,5.332718793265369,9.581255442324942,0.0,0.0,0.0,-0.489182334477007,0.5741626794258373,0.0,0.0,E0001275,U003-normal-085,U003,normal_user,DAILY_NORMAL,0,0,0
0.23601112859570142,0.046,0.0,0.0,0.0,0.053340499839330535,0.0,1.0,8.0,0.0,8.0,0.01694736842105263,0.26650200732110885,0.2551578947368421,8.661812881026181,9.64620535247543,0.0,0.0,0.0,-0.4124507597674245,0.5727923627684964,0.0,0.0,E0001276,U003-agent-normal-018,U003,normal_agent,DELEGATED_NORMAL,0,0,0
1.4951425276203087,0.29085714285714287,0.0,0.0,0.0,0.3372709865617297,0.0,2.0,8.0,0.0,7.0,0.12410526315789473,0.33205204462825544,0.3181052631578947,6.739336627357174,9.65669147255669,0.0,0.0,0.0,0.26707742715767824,0.5714285714285714,0.0,0.0,E0001277,U003-normal-085,U003,normal_user,DAILY_NORMAL,0,0,0
8.87473923094719,1.7285714285714286,0.0,1.0,0.0,0.9557661927330173,0.0,1.0,6.0,0.0,5.0,0.6368421052631579,0.8925095466869674,0.8582105263157894,9.477768715400696,9.714298468164229,0.0,0.0,0.0,4.257748841882087,0.42755344418052255,0.0,0.0,E0001278,U003-normal-085,U003,normal_user,RECURRING_NORMAL,0,0,0
21.583426117163935,4.286042860778357,1.0,1.0,1.0,0.9816767717241929,0.0,1.0,6.0,1.0,5.0,1.5790684223920264,2.3924330891060377,2.351278948707816,10.093322479806597,9.084255471000414,0.0,0.0,0.0,11.113495038253323,0.4265402843601896,0.0,0.0,E0001279,U003-paysim-fraud-006,U003,paysim_fraud,ACCOUNT_DRAIN_TRANSFER,1,1,1
1.1800140984562713,0.246266304267901,0.0,1.0,1.0,0.2855645165920543,0.0,2.0,7.0,1.0,5.0,1.6697981134380953,2.3584400969414556,2.4420086397538845,5.198497031265826,9.083665420148147,0.0,0.0,0.0,0.08950241923051931,0.49645390070921985,0.0,0.0,E0001280,U003-paysim-fraud-006,U003,paysim_fraud,FOLLOW_UP_CASHOUT_PROXY,1,1,1
0.28189565844011366,0.05885714285714286,0.0,1.0,0.0,0.06824933519814963,0.0,1.0,8.0,0.0,6.0,0.02168421052631579,2.372452723166992,2.4636928502802,10.182065810738438,9.468047655676028,0.0,0.0,0.0,-0.35763608580032785,0.5660377358490566,0.0,0.0,E0001281,U003-normal-086,U003,normal_user,DAILY_NORMAL,0,0,0
0.3948048547589734,0.08228571428571428,0.0,0.0,0.0,0.0954165462964422,0.0,1.0,9.0,0.0,7.0,0.03031578947368421,2.399975325447389,2.4940086397538845,8.802221746402456,9.5539584447582,0.0,0.0,0.0,-0.30119481665964143,0.6352941176470589,0.0,0.0,E0001282,U003-normal-086,U003,normal_user,DAILY_NORMAL,0,0,0
0.21691687805494317,0.045142857142857144,0.0,0.0,0.0,0.052346577482075926,0.0,1.0,8.0,0.0,6.0,0.01663157894736842,2.4028047879980474,2.499377060806516,9.590487672100057,9.575830349096147,0.0,0.0,0.0,-0.3895825107581694,0.5633802816901409,0.0,0.0,E0001283,U003-normal-086,U003,normal_user,DAILY_NORMAL,0,0,0
0.1141691328177549,0.023714285714285716,0.0,0.0,0.0,0.02749851855071077,0.0,1.0,7.0,0.0,5.0,0.008736842105263157,2.2906731846137456,2.384008639753884,9.027618735160889,9.32741204356202,0.0,0.0,0.0,-0.44031163370814896,0.49180327868852464,0.0,0.0,E0001284,U003-normal-086,U003,normal_user,DAILY_NORMAL,0,0,0
0.2908671664514009,0.06028571428571428,0.0,1.0,0.0,0.06990587246024063,0.0,1.0,7.0,0.0,5.0,0.022210526315789472,1.69962922209245,1.7693770608065162,9.805709329617423,9.604623190681778,0.0,0.0,0.0,-0.35206590978066227,0.49065420560747663,0.0,0.0,E0001285,U003-normal-086,U003,normal_user,DAILY_NORMAL,0,0,0
0.0704261948065253,0.014571428571428572,0.0,0.0,0.0,0.016896680073328306,0.0,1.0,4.0,0.0,4.0,0.005368421052631579,0.05082406884889846,0.05294736842105263,10.775659193770734,9.858312346525,0.0,0.0,0.0,-0.4612040281472088,0.2797202797202797,0.0,0.0,E0001286,U003-normal-087,U003,normal_user,DAILY_NORMAL,0,0,0
0.07612198582159614,0.015714285714285715,0.0,0.0,0.0,0.018221909883001115,0.0,1.0,3.0,0.0,3.0,0.005789473684210527,0.032024777047705344,0.03336842105263158,10.529345766281573,10.137222813134795,0.0,0.0,0.0,-0.45778030456108365,0.20930232558139533,0.0,0.0,E0001287,U003-normal-087,U003,normal_user,DAILY_NORMAL,0,0,0
0.16229616092505528,0.033428571428571426,0.0,1.0,0.0,0.038762971932929643,0.0,1.0,3.0,0.0,3.0,0.01231578947368421,0.02252429915751016,0.023473684210526317,8.993303139093733,10.083765355620846,0.0,0.0,0.0,-0.4145484406398439,0.2088167053364269,0.0,0.0,E0001288,U003-normal-087,U003,normal_user,DAILY_NORMAL,0,0,0
7.034923181355961,1.4460627506308175,1.0,1.0,1.0,0.9475775160838369,0.0,1.0,4.0,1.0,4.0,0.5327599607587222,0.5335267989238985,0.5562336449692485,9.686263943732909,10.146590581589942,0.0,0.0,0.0,2.983395405895388,0.2777777777777778,0.0,0.0,E0001289,U003-paysim-fraud-007,U003,paysim_fraud,ACCOUNT_DRAIN_TRANSFER,1,1,1
3.256719679929584,0.6791930259021287,0.0,1.0,1.0,0.7875759888914546,0.0,2.0,5.0,1.0,4.0,0.7829889703016117,0.7605852453399168,0.806462654512138,5.484796933490655,9.995373695191937,0.0,0.0,0.0,1.1212640189514653,0.3464203233256351,0.0,0.0,E0001290,U003-paysim-fraud-007,U003,paysim_fraud,FOLLOW_UP_CASHOUT_PROXY,1,1,0
0.2030252911775766,0.04257142857142857,0.0,0.0,0.0,0.049364810410312106,0.0,1.0,5.0,0.0,4.0,0.01568421052631579,0.7643018388302742,0.8167784439858223,10.81458482169893,10.01254821420273,0.0,0.0,0.0,-0.3980128392137747,0.3456221198156682,0.0,0.0,E0001291,U003-normal-088,U003,normal_user,RECURRING_NORMAL,0,0,0
0.10512050054314931,0.022,0.0,0.0,0.0,0.02551067383620156,0.0,1.0,6.0,0.0,5.0,0.008105263157894737,0.7715089171040928,0.8248837071437171,9.389908140573516,9.753745473863624,0.0,0.0,0.0,-0.4465028364704369,0.41379310344827586,0.0,0.0,E0001292,U003-normal-088,U003,normal_user,DAILY_NORMAL,0,0,0
0.0,0.0,0.0,0.0,0.0,0.0,0.0,1.0,6.0,0.0,5.0,0.0,0.7659005180648589,0.8190942334595065,8.955706153570603,9.750289751908586,0.0,0.0,0.0,-0.4983612181111117,0.41284403669724773,0.0,0.0,E0001293,U003-agent-normal-023,U003,normal_agent,DELEGATED_NORMAL,0,0,0
0.06430245405129775,0.013428571428571429,0.0,0.0,1.0,0.015571450263655497,0.0,2.0,6.0,0.0,5.0,0.004947368421052632,0.7590106178909864,0.8117258124068749,6.860663671448287,9.556126244582746,0.0,0.0,0.0,-0.4663153687825732,0.41189931350114417,0.0,0.0,E0001294,U003-normal-089,U003,normal_user,DAILY_NORMAL,0,0,0
1.3890324696932994,0.2894285714285714,0.0,0.0,0.0,0.3356144492996387,0.0,1.0,5.0,0.0,5.0,0.10663157894736842,0.12655779337693124,0.13536842105263158,10.425134414933702,9.943765399034698,0.0,0.0,0.0,0.19362614799780817,0.3424657534246575,0.0,0.0,E0001295,U003-normal-089,U003,normal_user,DAILY_NORMAL,0,0,0
0.26165755187521195,0.05457142857142857,0.0,0.0,0.0,0.0632797234118766,0.0,1.0,6.0,0.0,6.0,0.020105263157894737,0.14487306006061104,0.15547368421052632,9.560081331311986,9.525968296078362,0.0,0.0,0.0,-0.3682463749672679,0.4100227790432802,0.0,0.0,E0001296,U003-normal-089,U003,normal_user,DAILY_NORMAL,0,0,0
0.03842572596443764,0.008,0.0,1.0,0.0,0.009276608667709657,0.0,1.0,7.0,0.0,6.0,0.0029473684210526317,0.1475273407563231,0.15842105263157893,9.420682331453184,9.531408863445597,0.0,0.0,0.0,-0.47923317010962063,0.4772727272727273,0.0,0.0,E0001297,U003-agent-normal-011,U003,normal_agent,DELEGATED_NORMAL,0,0,0
0.4024390243902439,0.0275,0.0,1.0,0.0,0.0056955606262298775,0.0,1.0,1.0,0.0,1.0,0.0103125,0.15478424015009382,0.0103125,11.366754528799243,11.366754528799243,0.0,0.0,0.0,-0.47804878048780486,0.3846153846153846,0.0,0.0,E0001298,U004-normal-000,U004,normal_user,DAILY_NORMAL,0,0,0
5.4,0.1485,1.0,0.0,0.0,0.030932203622677183,0.0,1.0,2.0,1.0,2.0,0.0556875,192.0,0.066,8.759668671029939,8.759668671029939,0.0,0.0,0.0,1.7707317073170732,6.666666666666667,1.0,0.0,E0001299,U004-normal-000,U004,normal_user,DAILY_NORMAL,0,0,0
0.04924242424242424,0.004333333333333333,1.0,0.0,0.0,0.0009314345489307502,0.0,1.0,3.0,1.0,3.0,0.001625,30.738636363636363,0.067625,9.522373535291795,9.212038928611765,0.0,0.0,0.0,-1.3829201101928374,10.0,1.0,0.0,E0001300,U004-normal-000,U004,normal_user,DAILY_NORMAL,0,0,0
2.618761552680222,0.15741666666666668,1.0,0.0,0.0,0.0338676967530444,0.0,1.0,4.0,1.0,4.0,0.05903125,56.18761552680222,0.12665625,9.457590998633625,9.300759823764709,0.0,0.0,0.0,1.539354516346327,13.333333333333334,1.0,0.0,E0001301,U004-normal-000,U004,normal_user,DAILY_NORMAL,0,0,0
0.0,0.0,1.0,0.0,0.0,0.0,0.0,2.0,5.0,1.0,5.0,0.05903125,30.0,0.12665625,7.467942332285852,9.065025540811323,0.0,0.0,0.0,-1.222304029954051,16.666666666666668,0.0,0.0,E0001302,U004-agent-normal-022,U004,normal_agent,DELEGATED_NORMAL,0,0,0
0.49839624969158647,0.042083333333333334,1.0,0.0,0.0,0.009371486403573437,0.0,1.0,6.0,1.0,6.0,0.01578125,33.7379718726869,0.1424375,8.740816627567298,9.008052814541351,0.0,0.0,0.0,-0.6131122854420394,20.0,1.0,0.0,E0001303,U004-normal-000,U004,normal_user,DAILY_NORMAL,0,0,0
0.08995173321632295,0.006833333333333334,0.0,0.0,0.0,0.0015361022646420905,0.0,1.0,1.0,0.0,1.0,0.0025625,0.5397103992979376,0.0025625,11.884344183327977,10.488213984141654,0.0,0.0,0.0,-1.0790598236976103,3.3333333333333335,0.0,0.0,E0001304,U004-normal-002,U004,normal_user,DAILY_NORMAL,0,0,0
1.2969827586206897,0.08358333333333333,1.0,1.0,0.0,0.018818059774431,0.0,1.0,2.0,1.0,2.0,0.03134375,7.015086206896552,0.03390625,8.533656917446903,10.439226252393505,0.0,0.0,0.0,0.2994690800376372,6.666666666666667,1.0,0.0,E0001305,U004-agent-normal-010,U004,normal_agent,DELEGATED_NORMAL,0,0,0
0.15381889066099594,0.010333333333333333,1.0,1.0,0.0,0.0023710791409377154,0.0,1.0,3.0,1.0,3.0,0.003875,6.427432216905901,0.03778125,11.24726577655294,10.756778844945325,0.0,0.0,0.0,-0.9546373067220802,10.0,0.0,0.0,E0001306,U004-normal-003,U004,normal_user,DAILY_NORMAL,0,0,0
0.39951447893185366,0.024,1.0,0.0,0.0,0.005520111141270321,0.0,2.0,4.0,1.0,4.0,0.012875,7.7874111323044914,0.04678125,7.399398083331354,10.756284550625612,0.0,0.0,0.0,-0.6136139389442894,13.333333333333334,0.0,0.0,E0001307,U004-normal-003,U004,normal_user,DAILY_NORMAL,0,0,0
0.0,0.0,0.0,0.0,0.0,0.0,0.0,1.0,3.0,0.0,3.0,0.0,2.041288191577209,0.012875,9.786616600804713,10.804303159952012,0.0,0.0,0.0,-0.9910167067719763,9.0,0.0,0.0,E0001308,U004-agent-normal-033,U004,normal_agent,DELEGATED_NORMAL,0,0,0
0.7060280759702725,0.03958333333333333,1.0,0.0,0.0,0.009154885960569256,0.0,1.0,4.0,1.0,4.0,0.01484375,4.394715111478117,0.02771875,9.107975365298154,10.000695929623532,0.0,0.0,0.0,-0.2913310880353622,10.90909090909091,0.0,0.0,E0001309,U004-normal-003,U004,normal_user,DAILY_NORMAL,0,0,0
0.21286370597243492,0.011583333333333333,1.0,0.0,0.0,0.002703761360645783,0.0,1.0,5.0,1.0,5.0,0.00434375,4.713629402756508,0.0320625,9.212238569259263,10.044509570248016,0.0,0.0,0.0,-0.7947233405878721,12.5,1.0,0.0,E0001310,U004-normal-003,U004,normal_user,DAILY_NORMAL,0,0,0
0.8065677013045434,0.04075,0.0,0.0,0.0,0.009537580906439568,0.0,1.0,6.0,0.0,6.0,0.01528125,6.815114709851552,0.04734375,8.401108712395436,9.057818365140744,0.0,0.0,0.0,-0.18493670118820676,13.846153846153845,0.0,0.0,E0001311,U004-normal-003,U004,normal_user,DAILY_NORMAL,0,0,0
2.970662196144174,0.14766666666666667,0.0,0.0,0.0,0.03489434829625117,0.0,1.0,3.0,0.0,3.0,0.055375,10.05867560771165,0.075,11.248008946271037,10.069162995001017,0.0,0.0,0.0,1.9334145269705625,6.428571428571429,0.0,0.0,E0001312,U004-normal-004,U004,normal_user,DAILY_NORMAL,0,0,0
1.007390817469205,0.057666666666666665,0.0,0.0,0.0,0.014119607025422278,0.0,1.0,4.0,0.0,3.0,0.021625,10.387458006718925,0.096625,8.494743062578646,9.953362842029776,0.0,0.0,0.0,0.007659539931472318,8.0,0.0,0.0,E0001313,U004-normal-004,U004,normal_user,DAILY_NORMAL,0,0,0
0.0887549366036167,0.005083333333333333,1.0,0.0,1.0,0.0012624730636410452,0.0,1.0,3.0,1.0,2.0,0.00190625,7.872583662440241,0.07890625,10.127031023871664,10.094909243885283,0.0,0.0,0.0,-0.9805416338260838,5.625,1.0,0.0,E0001314,U004-normal-005,U004,normal_user,DAILY_NORMAL,0,0,0
0.5065578849530105,0.02725,1.0,0.0,0.0,0.006776238290619996,0.0,1.0,1.0,1.0,1.0,0.01021875,1.013115769906021,0.01021875,11.552934328989464,10.66969930395308,0.0,0.0,0.0,-0.5004253803460118,1.7647058823529411,0.0,0.0,E0001315,U004-normal-006,U004,normal_user,DAILY_NORMAL,0,0,0
0.6825174825174826,0.035583333333333335,0.0,0.0,0.0,0.008908850912873096,0.0,1.0,2.0,0.0,2.0,0.01334375,2.25974025974026,0.0235625,9.230044955250518,10.696059165018891,0.0,0.0,0.0,-0.31978665450464094,3.3333333333333335,0.0,0.0,E0001316,U004-normal-006,U004,normal_user,DAILY_NORMAL,0,0,0
0.16776851585704705,0.008583333333333333,1.0,0.0,0.0,0.0021682903809526724,0.0,1.0,3.0,1.0,3.0,0.00321875,2.463351537798218,0.02678125,9.358156746670401,10.346717185865248,0.0,0.0,0.0,-0.8453945861147952,4.736842105263158,0.0,0.0,E0001317,U004-normal-006,U004,normal_user,DAILY_NORMAL,0,0,0
6.79696394686907,0.33166666666666667,1.0,0.0,0.0,0.0839664881576396,0.0,2.0,4.0,1.0,4.0,0.12759375,13.767552182163186,0.15115625,6.777646593635117,10.320630870791172,0.0,0.0,0.0,5.667792812188914,6.0,0.0,0.0,E0001318,U004-normal-006,U004,normal_user,DAILY_NORMAL,0,0,0
1.947107438016529,0.124,0.0,0.0,0.0,0.03427003015629774,0.0,1.0,5.0,0.0,4.0,0.0465,13.068181818181818,0.19765625,10.27574052643818,10.346710766246895,0.0,0.0,0.0,0.7569426711144761,7.142857142857143,0.0,0.0,E0001319,U004-normal-006,U004,normal_user,DAILY_NORMAL,0,0,0
1.2156421789105447,0.08108333333333333,0.0,0.0,0.0,0.02320431147419013,0.0,1.0,4.0,0.0,3.0,0.03040625,12.263868065967017,0.2045,10.90555222943001,9.963340111682985,0.0,0.0,0.0,0.1825981184451652,5.454545454545455,0.0,0.0,E0001320,U004-normal-007,U004,normal_user,DAILY_NORMAL,0,0,0
0.06059713797773983,0.004083333333333333,0.0,0.0,0.0,0.001196322283223953,0.0,1.0,3.0,0.0,3.0,0.00153125,4.434367822860844,0.0784375,9.680593969977126,10.016575137352172,0.0,0.0,0.0,-0.822813687118053,3.913043478260869,0.0,0.0,E0001321,U004-normal-007,U004,normal_user,DAILY_NORMAL,0,0,0
4.055079271873165,0.26158333333333333,0.0,0.0,0.0,0.0767296637542884,0.0,2.0,4.0,0.0,3.0,0.099625,9.951262477980036,0.17653125,7.2640301428995295,9.921406053038472,0.0,0.0,0.0,2.5824988164788354,5.0,0.0,0.0,E0001322,U004-normal-007,U004,normal_user,DAILY_NORMAL,0,0,0
0.7229907283454807,0.052833333333333336,0.0,0.0,0.0,0.01678542550243932,0.0,1.0,5.0,0.0,3.0,0.0198125,9.345530269225048,0.19634375,9.235032984566555,10.00946787607336,0.0,0.0,0.0,-0.2388027701556008,6.0,0.0,0.0,E0001323,U004-normal-007,U004,normal_user,DAILY_NORMAL,0,0,0
1.0913810508099793,0.07883333333333334,0.0,0.0,0.0,0.025473341964774698,0.0,1.0,5.0,0.0,4.0,0.0295625,8.279094361390184,0.17940625,10.735309127783832,10.15120663641638,0.0,0.0,0.0,0.07944850844278574,5.769230769230769,0.0,0.0,E0001324,U004-normal-008,U004,normal_user,DAILY_NORMAL,0,0,0
0.03563382224470091,0.0025833333333333333,0.0,0.0,0.0,0.0008565698021550886,0.0,2.0,6.0,0.0,5.0,0.03053125,7.961745367603108,0.180375,8.033334015880062,9.638401587599867,0.0,0.0,0.0,-0.8587479089521582,6.666666666666666,0.0,0.0,E0001325,U004-agent-normal-006,U004,normal_agent,DELEGATED_NORMAL,0,0,0
0.6279155188246097,0.043833333333333335,0.0,1.0,0.0,0.014546515458564408,0.0,1.0,6.0,0.0,4.0,0.0164375,7.3347107438016526,0.16640625,9.718121365555948,9.64634761746361,0.0,0.0,0.0,-0.3208439757990028,6.428571428571429,0.0,0.0,E0001326,U004-normal-008,U004,normal_user,DAILY_NORMAL,0,0,0
0.7625750919035237,0.0525,0.0,0.0,0.0,0.01767981224558661,0.0,1.0,5.0,0.0,3.0,0.0196875,3.72142024567381,0.08646875,9.32741204356202,9.765833387237333,0.0,0.0,0.0,-0.20536238466479995,5.172413793103448,0.0,0.0,E0001327,U004-normal-008,U004,normal_user,RECURRING_NORMAL,0,0,0
0.9766306243460063,0.06666666666666667,0.0,0.0,0.0,0.02285462063424856,0.0,1.0,1.0,0.0,1.0,0.025,1.0463899546564355,0.025,11.403735403731863,10.41358891408755,0.0,0.0,0.0,-0.02039453258989663,1.0,0.0,0.0,E0001328,U004-normal-009,U004,normal_user,DAILY_NORMAL,0,0,0
0.6438742837883383,0.043916666666666666,0.0,1.0,0.0,0.015407616574499381,0.0,1.0,2.0,0.0,2.0,0.01646875,1.6771991911021233,0.04146875,11.178640833794429,10.556755002838715,0.0,0.0,0.0,-0.3160361321530554,1.9354838709677418,0.0,0.0,E0001329,U004-normal-010,U004,normal_user,DAILY_NORMAL,0,0,0
0.5378559947244775,0.03625,1.0,1.0,0.0,0.012916880216090096,0.0,1.0,3.0,1.0,3.0,0.01359375,2.1786258912747805,0.0550625,8.734238184268579,10.572910526449267,0.0,0.0,0.0,-0.41149476678978136,2.8125,0.0,0.0,E0001330,U004-normal-010,U004,normal_user,DAILY_NORMAL,0,0,0
3.4021866459939782,0.22587958543752495,1.0,0.0,1.0,0.0815404076328292,0.0,1.0,3.0,1.0,3.0,0.08470484453907186,4.460954358956554,0.11476734453907185,10.657047567781314,10.697321343054007,0.0,0.0,0.0,2.136032897619096,2.727272727272727,1.0,0.0,E0001331,U004-misuse-CATEGORY_DRIFT-005,U004,agent_misuse,CATEGORY_DRIFT,1,0,0
5.021428910938679,0.3584117463824101,1.0,0.0,1.0,0.1408698578949438,0.0,2.0,4.0,2.0,4.0,0.21910924943247562,8.72738016414246,0.24917174943247564,6.928537818164665,10.650009609487778,0.0,0.0,0.0,3.6539957070700275,3.5294117647058822,1.0,0.0,E0001332,U004-misuse-CATEGORY_DRIFT-005,U004,agent_misuse,CATEGORY_DRIFT,1,0,0
3.3840443223186623,0.2709756056589127,1.0,0.0,1.0,0.12396728256672516,0.0,3.0,5.0,3.0,5.0,0.3207251015545679,10.620039425579435,0.3507876015545679,6.928537818164665,10.105039677606861,0.0,0.0,0.0,2.08231960806727,4.285714285714286,0.0,0.0,E0001333,U004-misuse-CATEGORY_DRIFT-005,U004,agent_misuse,CATEGORY_DRIFT,1,0,0
4.319132774469153,0.37010313429131403,1.0,0.0,1.0,0.19327662017436448,0.0,4.0,6.0,4.0,6.0,0.4595137769138107,13.443279468382443,0.48957627691381067,6.928537818164665,9.245050929651578,0.0,0.0,0.0,2.9655686491609794,5.0,0.0,0.0,E0001334,U004-misuse-CATEGORY_DRIFT-005,U004,agent_misuse,CATEGORY_DRIFT,1,0,0
3.995270271421093,0.3748176204627325,1.0,0.0,0.0,0.2426341437220303,0.0,4.0,7.0,4.0,7.0,0.5153655400482635,15.352540502100636,0.6301328845873354,6.928537818164665,9.13938128303569,0.0,0.0,0.0,2.6575736935302383,5.675675675675675,0.0,0.0,E0001335,U004-misuse-CATEGORY_DRIFT-005,U004,agent_misuse,CATEGORY_DRIFT,1,0,0
2.7997489888120657,0.2845131643623683,1.0,0.0,0.0,0.24318039503251698,0.0,4.0,8.0,4.0,8.0,0.4876535717907478,16.11271624206162,0.7368253212232234,6.928537818164665,6.928537818164665,0.0,0.0,0.0,1.6039415324730595,6.315789473684211,0.0,0.0,E0001336,U004-misuse-CATEGORY_DRIFT-005,U004,agent_misuse,CATEGORY_DRIFT,1,0,0
2.7328301767713103,0.29122127974545287,1.0,0.0,0.0,0.3288947385941492,0.0,4.0,9.0,4.0,9.0,0.4952456995732004,17.165847873637833,0.8460333011277682,6.928537818164665,6.928537818164665,0.0,0.0,0.0,1.5874966383806712,6.9230769230769225,0.0,0.0,E0001337,U004-misuse-CATEGORY_DRIFT-005,U004,agent_misuse,CATEGORY_DRIFT,1,0,0
0.7980071960071837,0.08891666666666667,1.0,0.0,0.0,0.1473251681984795,0.0,1.0,10.0,1.0,10.0,0.03334375,16.615183895116527,0.8793770511277682,9.08239335764556,7.854225979357424,0.0,0.0,0.0,-0.18989164219301122,7.5,1.0,0.0,E0001338,U004-normal-011,U004,normal_user,DAILY_NORMAL,0,0,0
0.06390230175231054,0.007083333333333333,0.0,1.0,0.0,0.011736306744958534,0.0,1.0,11.0,0.0,11.0,0.00265625,16.32259421951225,0.8820333011277682,9.188094763028863,8.372953237697493,0.0,0.0,0.0,-0.8864939350454664,8.048780487804878,0.0,0.0,E0001339,U004-normal-011,U004,normal_user,DAILY_NORMAL,0,0,0
0.6104570722654592,0.06608333333333333,1.0,1.0,0.0,0.10949283822061315,0.0,1.0,10.0,1.0,10.0,0.02478125,16.198320007087826,0.8767520511277682,10.362525022649812,9.25477822140675,0.0,0.0,0.0,-0.3613252931282464,7.142857142857143,0.0,0.0,E0001340,U004-normal-011,U004,normal_user,DAILY_NORMAL,0,0,0
0.3100993222560074,0.03325,0.0,0.0,0.0,0.05509160460280536,0.0,2.0,11.0,0.0,11.0,0.03725,16.18172853200307,0.8892208011277682,7.846980982138788,9.283758105970344,0.0,0.0,0.0,-0.6407007068444699,7.674418604651163,0.0,0.0,E0001341,U004-normal-011,U004,normal_user,DAILY_NORMAL,0,0,0
12.01372581780247,1.2669967399357673,1.0,1.0,1.0,0.9488266349262677,0.0,1.0,12.0,1.0,12.0,0.4751237774759127,24.641491131045075,1.364344578603681,9.992276515350188,9.61106090905359,0.0,0.0,0.0,10.13282448347692,8.181818181818182,0.0,0.0,E0001342,U004-paysim-fraud-004,U004,paysim_fraud,ACCOUNT_DRAIN_TRANSFER,1,1,1
3.1189564640525878,0.41318331339799336,0.0,1.0,1.0,0.6845994505323085,0.0,2.0,13.0,1.0,12.0,0.6300675200001602,21.336750040699613,1.5192883211279284,4.110873864173311,9.486562023963188,0.0,0.0,0.0,1.3461906319103971,8.666666666666666,0.0,0.0,E0001343,U004-paysim-fraud-004,U004,paysim_fraud,FOLLOW_UP_CASHOUT_PROXY,1,1,0
0.1806446037570035,0.025083333333333332,0.0,0.0,0.0,0.041560333296853165,0.0,1.0,6.0,0.0,5.0,0.00940625,8.89589860561914,0.6793800200001602,9.95655427347282,9.644937006590595,0.0,0.0,0.0,-0.5408930237736402,3.913043478260869,0.0,0.0,E0001344,U004-normal-012,U004,normal_user,DAILY_NORMAL,0,0,0
0.08863535024911949,0.012083333333333333,0.0,0.0,0.0,0.020020758564929266,0.0,1.0,1.0,0.0,1.0,0.00453125,0.059090233499412996,0.00453125,12.125019844550781,10.736374936104498,0.0,0.0,0.0,-0.5954200998787597,0.6382978723404256,0.0,0.0,E0001345,U004-normal-014,U004,normal_user,DAILY_NORMAL,0,0,0
1.8359781532521975,0.24533333333333332,0.0,0.0,0.0,0.4064904359665638,0.0,1.0,2.0,0.0,2.0,0.092,1.2563511302419152,0.09653125,11.245634082166182,11.01528585567493,0.0,0.0,0.0,0.539188978873971,1.25,0.0,0.0,E0001346,U004-normal-015,U004,normal_user,DAILY_NORMAL,0,0,0
0.0937485012314106,0.01275,0.0,0.0,0.0,0.02112535214092536,0.0,1.0,2.0,0.0,2.0,0.00478125,1.2112603600904408,0.09678125,10.280553186122594,11.039026257804146,0.0,0.0,0.0,-0.5994908714072227,1.2244897959183674,0.0,0.0,E0001347,U004-hard-PAYDAY_BURST-000,U004,hard_negative,PAYDAY_BURST,0,0,0
0.21671069977815435,0.028916666666666667,0.0,0.0,0.0,0.04791174635883073,0.0,2.0,3.0,0.0,3.0,0.015625,1.3442933177881191,0.107625,6.042632833682381,11.040182086035498,0.0,0.0,0.0,-0.5118349737206564,1.7999999999999998,0.0,0.0,E0001348,U004-hard-PAYDAY_BURST-000,U004,hard_negative,PAYDAY_BURST,0,0,0
0.25577284016217666,0.03358333333333333,0.0,0.0,0.0,0.055643901390803406,0.0,3.0,4.0,0.0,4.0,0.02821875,1.4948469885611388,0.12021875,6.042632833682381,10.97155815609154,0.0,0.0,0.0,-0.48220791010338676,2.3529411764705883,0.0,0.0,E0001349,U004-hard-PAYDAY_BURST-000,U004,hard_negative,PAYDAY_BURST,0,0,0
0.015462278389548063,0.002,0.0,0.0,0.0,0.003313780727988292,0.0,4.0,5.0,0.0,5.0,0.02896875,1.496361991148514,0.12096875,5.220355825078324,9.968638386172133,0.0,0.0,0.0,-0.6333266611731272,2.8846153846153846,0.0,0.0,E0001350,U004-normal-015,U004,normal_user,DAILY_NORMAL,0,0,0
0.09788460752078235,0.012416666666666666,0.0,0.0,0.0,0.020573055352927312,0.0,5.0,6.0,0.0,5.0,0.033625,1.553478571786597,0.125625,5.4680601411351315,8.713549137173995,0.0,0.0,0.0,-0.5725198791038468,3.3962264150943398,0.0,0.0,E0001351,U004-hard-PAYDAY_BURST-000,U004,hard_negative,PAYDAY_BURST,0,0,0
0.1798377406695535,0.022416666666666668,0.0,0.0,0.0,0.037141958992868776,0.0,6.0,7.0,0.0,5.0,0.04203125,1.654255225332531,0.13403125,6.042632833682381,5.820082930352362,0.0,0.0,0.0,-0.5148490797702209,3.888888888888889,0.0,0.0,E0001352,U004-hard-PAYDAY_BURST-000,U004,hard_negative,PAYDAY_BURST,0,0,0
0.058398293220529536,0.007166666666666667,0.0,0.0,0.0,0.011874380941958047,0.0,7.0,8.0,0.0,6.0,0.04471875,1.681609474592914,0.13671875,6.042632833682381,5.820082930352362,0.0,0.0,0.0,-0.586039919672864,4.363636363636364,0.0,0.0,E0001353,U004-hard-PAYDAY_BURST-000,U004,hard_negative,PAYDAY_BURST,0,0,0
0.29855549866934583,0.036,1.0,0.0,0.0,0.05964805310378926,0.0,1.0,9.0,1.0,7.0,0.0135,1.8456227907710203,0.15021875,8.991064332188461,7.527793987721444,0.0,0.0,0.0,-0.4316143791215636,4.821428571428571,0.0,0.0,E0001354,U004-normal-015,U004,normal_user,DAILY_NORMAL,0,0,0
1.1305460770854534,0.13458333333333333,0.0,0.0,0.0,0.22298982815421217,0.0,1.0,9.0,0.0,6.0,0.05046875,1.3280177617010551,0.1086875,10.805212719730967,9.365410628862824,0.0,0.0,0.0,0.07989915906996811,4.736842105263158,0.0,0.0,E0001355,U004-normal-016,U004,normal_user,DAILY_NORMAL,0,0,0
0.08590325333483903,0.01025,0.0,0.0,0.0,0.016983126230939997,0.0,2.0,10.0,0.0,7.0,0.0543125,1.3472892650642656,0.11253125,8.153061946801051,9.419368771598702,0.0,0.0,0.0,-0.5658088057149893,5.172413793103448,0.0,0.0,E0001356,U004-normal-016,U004,normal_user,DAILY_NORMAL,0,0,0
3.1457585758229483,0.36933333333333335,0.0,0.0,0.0,0.611944841101838,0.0,2.0,11.0,0.0,8.0,0.14234375,3.0008881150942606,0.25103125,7.905810312658931,9.455887087825179,0.0,0.0,0.0,1.314814488309017,5.593220338983051,0.0,0.0,E0001357,U004-normal-016,U004,normal_user,DAILY_NORMAL,0,0,0
0.0,0.0,0.0,0.0,0.0,0.0,0.0,1.0,5.0,0.0,5.0,0.0,2.3373158573638513,0.2063125,10.179868507232754,9.79659252678635,0.0,0.0,0.0,-0.6316253280094339,2.5,0.0,0.0,E0001358,U004-agent-normal-003,U004,normal_agent,DELEGATED_NORMAL,0,0,0
1.5626241640764262,0.19025,0.0,1.0,0.0,0.3152233917498863,0.0,2.0,6.0,0.0,5.0,0.07134375,3.1455697353344165,0.27765625,6.22455842927536,9.709125802647371,0.0,0.0,0.0,0.3553676721808063,2.9508196721311477,0.0,0.0,E0001359,U004-normal-016,U004,normal_user,DAILY_NORMAL,0,0,0
0.38374545417287376,0.04716666666666667,1.0,0.0,0.0,0.07814999550172388,0.0,1.0,6.0,1.0,5.0,0.0176875,3.109241406706428,0.28184375,10.555786696570062,9.567427231066219,0.0,0.0,0.0,-0.3959033700732314,2.9032258064516125,0.0,0.0,E0001360,U004-normal-017,U004,normal_user,DAILY_NORMAL,0,0,0
0.42745959190420174,0.052,0.0,0.0,0.0,0.0861582989276956,0.0,1.0,5.0,0.0,3.0,0.0195,2.707586597758586,0.24703125,9.874367653962276,9.768927059140433,0.0,0.0,0.0,-0.36663560776271437,2.380952380952381,0.0,0.0,E0001361,U004-normal-017,U004,normal_user,DAILY_NORMAL,0,0,0
0.1362298259224716,0.016416666666666666,0.0,0.0,0.0,0.0272006168089039,0.0,1.0,5.0,0.0,3.0,0.00615625,1.248140453862372,0.1146875,9.93056755693987,9.954617833637736,0.0,0.0,0.0,-0.5518772727352763,2.34375,0.0,0.0,E0001362,U004-normal-017,U004,normal_user,DAILY_NORMAL,0,0,0
0.0,0.0,0.0,0.0,0.0,0.0,0.0,1.0,4.0,0.0,3.0,0.0,0.47065755928701025,0.04334375,9.400216653174247,9.808847148382007,0.0,0.0,0.0,-0.6336042689808056,1.8461538461538463,0.0,0.0,E0001363,U004-agent-normal-030,U004,normal_agent,DELEGATED_NORMAL,0,0,0
0.0,0.0,1.0,0.0,0.0,0.0,0.0,1.0,5.0,1.0,4.0,0.0,0.47065755928701025,0.04334375,9.151121012316212,9.902386947092095,0.0,0.0,0.0,-0.6336042689808056,2.2727272727272725,0.0,0.0,E0001364,U004-agent-normal-009,U004,normal_agent,DELEGATED_NORMAL,0,0,0
0.31137373929470846,0.037,0.0,0.0,0.0,0.0613049434677834,0.0,1.0,4.0,0.0,4.0,0.013875,0.21751369538786847,0.02003125,10.873167381069187,10.036557588752148,0.0,0.0,0.0,-0.4363165385151619,1.791044776119403,0.0,0.0,E0001365,U004-normal-018,U004,normal_user,DAILY_NORMAL,0,0,0
0.1021021124649173,0.012,1.0,0.0,0.0,0.019882684367929754,0.0,1.0,4.0,1.0,4.0,0.0045,0.19853188534845026,0.018375,9.95906416042487,10.051476430249577,0.0,0.0,0.0,-0.5663580389135054,1.7647058823529411,0.0,0.0,E0001366,U004-normal-018,U004,normal_user,DAILY_NORMAL,0,0,0
0.19416553625984223,0.0225,0.0,0.0,0.0,0.037280033189868285,0.0,2.0,5.0,0.0,5.0,0.0129375,0.28922574672039,0.0268125,7.965198290612176,9.886137914201015,0.0,0.0,0.0,-0.5038577240672301,2.173913043478261,0.0,0.0,E0001367,U004-normal-018,U004,normal_user,DAILY_NORMAL,0,0,0
0.6589838335728307,0.07541666666666667,0.0,0.0,0.0,0.12495714828455852,0.0,1.0,4.0,0.0,4.0,0.02828125,0.5924973218472931,0.05509375,10.666463921439238,10.158765227878884,0.0,0.0,0.0,-0.21180659410562894,1.7142857142857142,0.0,0.0,E0001368,U004-normal-019,U004,normal_user,DAILY_NORMAL,0,0,0
0.058555264445814,0.006666666666666667,0.0,0.0,0.0,0.011045935759960974,0.0,1.0,5.0,0.0,5.0,0.0025,0.6131667748502001,0.05759375,8.266935347610456,10.114963298982655,0.0,0.0,0.0,-0.5859725882422658,2.112676056338028,0.0,0.0,E0001369,U004-normal-019,U004,normal_user,DAILY_NORMAL,0,0,0
0.4907080139223659,0.05508333333333333,0.0,0.0,0.0,0.09126704421667754,0.0,1.0,6.0,0.0,6.0,0.02065625,0.8323432611341507,0.07825,9.580937944755272,9.744421478595145,0.0,0.0,0.0,-0.31409354541774587,2.5,0.0,0.0,E0001370,U004-normal-019,U004,normal_user,DAILY_NORMAL,0,0,0
0.3021815780483646,0.033666666666666664,1.0,0.0,0.0,0.055781975587802915,0.0,2.0,6.0,1.0,6.0,0.03328125,0.8130919572413772,0.077,7.99598047476376,9.504799428706987,0.0,0.0,0.0,-0.43000342634114447,2.4657534246575343,0.0,0.0,E0001371,U004-normal-019,U004,normal_user,DAILY_NORMAL,0,0,0
0.1148536292804045,0.012666666666666666,0.0,0.0,0.0,0.02098727794392585,0.0,1.0,7.0,0.0,7.0,0.00475,0.8594310474757957,0.08175,9.387565631345389,9.631416327598494,0.0,0.0,0.0,-0.5431490568067816,2.8378378378378377,0.0,0.0,E0001372,U004-normal-019,U004,normal_user,DAILY_NORMAL,0,0,0
0.3183619185103937,0.034666666666666665,0.0,0.0,0.0,0.05743886595179706,0.0,2.0,8.0,0.0,8.0,0.01775,0.994443685017356,0.09475,6.984716320118266,8.83541416817685,0.0,0.0,0.0,-0.41509010249524725,3.2,0.0,0.0,E0001373,U004-normal-019,U004,normal_user,DAILY_NORMAL,0,0,0
0.2673581853558203,0.028833333333333332,0.0,0.0,1.0,0.04777367216183121,0.0,1.0,7.0,0.0,7.0,0.0108125,0.9677395523015364,0.092625,10.555682521764643,9.530523515888873,0.0,0.0,0.0,-0.44447205392175987,2.763157894736842,0.0,0.0,E0001374,U004-normal-020,U004,normal_user,DAILY_NORMAL,0,0,0
0.49649666762087724,0.053,0.0,0.0,0.0,0.08781518929168974,0.0,1.0,2.0,0.0,2.0,0.019875,0.3194180605370161,0.0306875,10.930782842453194,10.001095091389136,0.0,0.0,0.0,-0.3040572385018242,0.7792207792207791,0.0,0.0,E0001375,U004-normal-020,U004,normal_user,DAILY_NORMAL,0,0,0
0.04166207840186552,0.004416666666666667,0.0,0.0,0.0,0.007317932440974145,0.0,1.0,2.0,0.0,1.0,0.00165625,0.2225782270784596,0.02153125,10.776745514592863,10.342890211671989,0.0,0.0,0.0,-0.5783439290692546,0.7692307692307692,0.0,0.0,E0001376,U004-normal-021,U004,normal_user,DAILY_NORMAL,0,0,0
0.4483679177031504,0.04691666666666667,0.0,0.0,0.0,0.07773577291072535,0.0,1.0,3.0,0.0,2.0,0.01759375,0.40422204860377153,0.039125,9.99104044954399,10.404680934853152,0.0,0.0,0.0,-0.330089022845072,1.139240506329114,0.0,0.0,E0001377,U004-normal-021,U004,normal_user,DAILY_NORMAL,0,0,0
1.067047758419818,0.11083333333333334,0.0,0.0,0.0,0.18363868200935118,0.0,1.0,4.0,0.0,3.0,0.0415625,0.8286067104481112,0.0806875,8.597297435657898,10.430615567265077,0.0,0.0,0.0,0.0400644586978666,1.5,0.0,0.0,E0001378,U004-normal-021,U004,normal_user,DAILY_NORMAL,0,0,0
0.9033856008251605,0.09391666666666666,0.0,0.0,0.0,0.15560962001845022,0.0,1.0,4.0,0.0,3.0,0.03521875,0.9723429521794186,0.09603125,9.717338680907787,10.292918125164851,0.0,0.0,0.0,-0.05816629762412989,1.4814814814814814,0.0,0.0,E0001379,U004-normal-021,U004,normal_user,DAILY_NORMAL,0,0,0
0.4245708620036048,0.044083333333333335,0.0,0.0,1.0,0.07304125021274194,0.0,1.0,5.0,0.0,4.0,0.01653125,1.1263380391355788,0.1125625,9.000236434169777,9.901976411337177,0.0,0.0,0.0,-0.348261264882717,1.829268292682927,0.0,0.0,E0001380,U004-normal-022,U004,normal_user,DAILY_NORMAL,0,0,0
0.12775190833019465,0.013166666666666667,0.0,0.0,0.0,0.021815723125922924,0.0,1.0,5.0,0.0,5.0,0.0049375,1.1528148105648286,0.11584375,10.698243218684171,9.865089700739562,0.0,0.0,0.0,-0.526989672258785,1.8072289156626506,0.0,0.0,E0001381,U004-agent-normal-001,U004,normal_agent,DELEGATED_NORMAL,0,0,0
0.1299957628905944,0.01325,0.0,1.0,0.0,0.021953797322922436,0.0,1.0,6.0,0.0,5.0,0.00496875,1.2002952456055358,0.1208125,8.674538762140015,9.683526431913219,0.0,0.0,0.0,-0.5222349099807272,2.142857142857143,0.0,0.0,E0001382,U004-agent-normal-024,U004,normal_agent,DELEGATED_NORMAL,0,0,0
0.0,0.0,1.0,0.0,0.0,0.0,0.0,1.0,5.0,1.0,4.0,0.0,0.611560279160293,0.06165625,9.359277484750553,9.757814171988818,0.0,0.0,0.0,-0.596469325564463,1.7647058823529411,0.0,0.0,E0001383,U004-agent-normal-029,U004,normal_agent,DELEGATED_NORMAL,0,0,0
1.1191790748207964,0.11283333333333333,0.0,0.0,0.0,0.18695246273733948,0.0,1.0,6.0,0.0,4.0,0.0423125,1.0312524322180916,0.10396875,9.281823473598047,9.68759266605783,0.0,0.0,0.0,0.07108666237975707,2.0930232558139537,0.0,0.0,E0001384,U004-normal-022,U004,normal_user,DAILY_NORMAL,0,0,0
8.319609100065739,0.84,0.0,1.0,0.0,0.9247706422018349,0.0,1.0,7.0,0.0,5.0,0.315,4.09836122885734,0.41896875,8.273846932784508,9.634260794933835,0.0,0.0,0.0,4.399451152296259,2.413793103448276,0.0,0.0,E0001385,U004-misuse-LIMIT_RATCHETING-000,U004,agent_misuse,LIMIT_RATCHETING,1,0,0
8.365241844276444,0.92,1.0,1.0,0.0,0.9308600337268128,0.0,2.0,8.0,1.0,6.0,0.66,6.777076728758822,0.76396875,6.580639137284949,8.789964651132264,1.0,0.0,0.0,4.363942038015369,2.7272727272727275,0.0,0.0,E0001386,U004-misuse-LIMIT_RATCHETING-000,U004,agent_misuse,LIMIT_RATCHETING,1,0,0
7.349368492219507,0.88,1.0,1.0,0.0,0.9279437609841827,0.0,3.0,9.0,2.0,7.0,0.99,8.806111131131171,1.09396875,6.580639137284949,8.62007463671688,1.0,0.0,0.0,3.7164069824572965,3.033707865168539,0.0,0.0,E0001387,U004-misuse-LIMIT_RATCHETING-000,U004,agent_misuse,LIMIT_RATCHETING,1,0,1
7.376411240993065,0.95,1.0,1.0,0.0,0.9328968903436988,0.0,4.0,9.0,3.0,8.0,1.34625,10.463781359403697,1.415,6.580639137284949,8.121123804948436,2.0,0.0,0.0,3.742482408631515,3.0,0.0,0.0,E0001388,U004-misuse-LIMIT_RATCHETING-000,U004,agent_misuse,LIMIT_RATCHETING,1,0,1
0.06620911505151629,0.009166666666666667,0.0,0.0,0.0,0.015188161669946338,0.0,1.0,9.0,0.0,9.0,0.0034375,9.530076289816273,1.40190625,10.344030187256989,8.913388803517249,0.0,0.0,0.0,-0.549156834975044,2.967032967032967,0.0,0.0,E0001389,U004-agent-normal-025,U004,normal_agent,DELEGATED_NORMAL,0,0,0
0.42717279072950043,0.0585,0.0,0.0,0.0,0.09692808629365754,0.0,1.0,10.0,0.0,10.0,0.0219375,9.671672562118976,1.42384375,9.799681383810539,9.23526710350004,0.0,0.0,0.0,-0.3345866910522635,3.260869565217391,0.0,0.0,E0001390,U004-normal-023,U004,normal_user,DAILY_NORMAL,0,0,0
0.07289242141636418,0.009916666666666667,0.0,0.0,0.0,0.016430829442941948,0.0,1.0,2.0,0.0,2.0,0.00371875,0.17341257021974787,0.02565625,11.284970356658796,10.167058780637573,0.0,0.0,0.0,-0.54072614869247,0.6451612903225806,0.0,0.0,E0001391,U004-normal-024,U004,normal_user,DAILY_NORMAL,0,0,0
0.15971835286355976,0.0215,0.0,0.0,0.0,0.03562314282587414,0.0,2.0,3.0,0.0,3.0,0.01178125,0.22771683765827294,0.03371875,7.698029170272805,10.178388290623175,0.0,0.0,0.0,-0.4868933467904165,0.9574468085106383,0.0,0.0,E0001392,U004-normal-024,U004,normal_user,DAILY_NORMAL,0,0,0
0.7637058816331692,0.10183333333333333,0.0,0.0,0.0,0.16872666873340386,0.0,1.0,3.0,0.0,3.0,0.0381875,0.3368485181958396,0.04996875,10.230666742245749,10.365080914421894,0.0,0.0,0.0,-0.13621285394479152,0.9473684210526316,0.0,0.0,E0001393,U004-normal-024,U004,normal_user,DAILY_NORMAL,0,0,0
3.7909847677419437,0.5041666666666667,0.0,1.0,0.0,0.8353488918470486,0.0,2.0,4.0,0.0,4.0,0.22725,1.5976442142401173,0.23903125,7.917900586327916,10.168425425507316,0.0,0.0,0.0,1.6134755983232463,1.25,0.0,0.0,E0001394,U004-normal-024,U004,normal_user,RECURRING_NORMAL,0,0,0
0.0316140623095502,0.004333333333333333,0.0,1.0,0.0,0.007179858243974633,0.0,3.0,5.0,0.0,5.0,0.228875,1.5434904512627605,0.24065625,5.659482215759621,10.022105794865851,0.0,0.0,0.0,-0.5720680097465788,1.5463917525773196,0.0,0.0,E0001395,U004-normal-024,U004,normal_user,DAILY_NORMAL,0,0,0
0.08233364524526736,0.011166666666666667,0.0,0.0,0.0,0.01850194239793463,0.0,1.0,6.0,0.0,6.0,0.0041875,1.5698023454656143,0.24484375,10.607277893194553,9.594323042696868,0.0,0.0,0.0,-0.5383820434540166,1.836734693877551,0.0,0.0,E0001396,U004-normal-025,U004,normal_user,DAILY_NORMAL,0,0,0
0.0,0.0,0.0,0.0,0.0,0.0,0.0,2.0,7.0,0.0,7.0,0.0041875,1.5683987369307275,0.24484375,8.120886021092838,9.61000200579067,0.0,0.0,0.0,-0.5831374741043117,2.121212121212121,0.0,0.0,E0001397,U004-agent-normal-027,U004,normal_agent,DELEGATED_NORMAL,0,0,0
0.4070830467673679,0.05466666666666667,0.0,0.0,0.0,0.09057667323167999,0.0,1.0,6.0,0.0,6.0,0.0205,1.6242485451762505,0.2535625,10.090423446880829,9.560095428625743,0.0,0.0,0.0,-0.3457520944617014,1.7999999999999998,0.0,0.0,E0001398,U004-normal-025,U004,normal_user,DAILY_NORMAL,0,0,0
0.0,0.0,0.0,0.0,1.0,0.0,0.0,1.0,4.0,0.0,3.0,0.0,0.1574518301139696,0.0246875,10.909271578893042,10.109452391077559,0.0,0.0,0.0,-0.5821962163430225,1.188118811881188,0.0,0.0,E0001399,U004-agent-normal-011,U004,normal_agent,DELEGATED_NORMAL,0,0,0
0.08867793368612938,0.011833333333333333,0.0,0.0,0.0,0.01960653597393073,0.0,1.0,3.0,0.0,2.0,0.0044375,0.15904627902651614,0.0249375,9.332115428902103,10.195253773487707,0.0,0.0,0.0,-0.5305682588778405,0.8823529411764706,0.0,0.0,E0001400,U004-normal-026,U004,normal_user,DAILY_NORMAL,0,0,0
3.7063210942769387,0.48983333333333334,0.0,0.0,0.0,0.8116001299631326,0.0,1.0,4.0,0.0,2.0,0.1836875,1.3293135666656852,0.208625,8.412721169819527,9.882825556088033,0.0,0.0,0.0,1.5664547060655172,1.1650485436893205,0.0,0.0,E0001401,U004-normal-026,U004,normal_user,DAILY_NORMAL,0,0,0
0.6862301792650896,0.09325,0.0,0.0,0.0,0.15450502644245412,0.0,1.0,5.0,0.0,3.0,0.03496875,1.493846137000495,0.24359375,9.161570207606754,9.943813424007693,0.0,0.0,0.0,-0.18536027000561486,1.4423076923076923,0.0,0.0,E0001402,U004-normal-026,U004,normal_user,DAILY_NORMAL,0,0,0
0.05291091663457969,0.007166666666666667,0.0,0.0,0.0,0.011874380941958047,0.0,1.0,6.0,0.0,4.0,0.0026875,1.4996077703085202,0.24628125,8.490233009833455,9.73944982318673,0.0,0.0,0.0,-0.5604831437822935,1.7142857142857142,0.0,0.0,E0001403,U004-normal-026,U004,normal_user,DAILY_NORMAL,0,0,0
0.09877828198847653,0.01325,0.0,0.0,0.0,0.021953797322922436,0.0,1.0,6.0,0.0,5.0,0.00496875,1.4042719179878913,0.23075,10.262594536666143,9.37298629341014,0.0,0.0,0.0,-0.5300515118117461,1.6981132075471699,0.0,0.0,E0001404,U004-normal-026,U004,normal_user,DAILY_NORMAL,0,0,0
0.5372999026121673,0.07141666666666667,0.0,0.0,0.0,0.11832958682858193,0.0,1.0,5.0,0.0,5.0,0.02678125,1.5386980344598644,0.25309375,10.61026639832702,9.77661962392714,0.0,0.0,0.0,-0.2706472434705025,1.4018691588785046,0.0,0.0,E0001405,U004-normal-027,U004,normal_user,DAILY_NORMAL,0,0,0
0.08314267925649753,0.011,0.0,0.0,0.0,0.018225794003935605,0.0,1.0,5.0,0.0,4.0,0.004125,0.44462437338758787,0.07353125,9.215725844252521,9.837721611760509,0.0,0.0,0.0,-0.5363089328291956,1.3888888888888888,0.0,0.0,E0001406,U004-normal-027,U004,normal_user,DAILY_NORMAL,0,0,0
0.09471020843540702,0.012416666666666666,0.0,0.0,0.0,0.020573055352927312,0.0,1.0,4.0,0.0,4.0,0.00465625,0.24487834475524534,0.04053125,10.184447079227082,10.004228414004075,0.0,0.0,0.0,-0.5266033675428445,1.1009174311926606,0.0,0.0,E0001407,U004-normal-027,U004,normal_user,RECURRING_NORMAL,0,0,0
0.053230476819091814,0.0069166666666666664,0.0,0.0,0.0,0.01146015835095951,0.0,2.0,5.0,0.0,5.0,0.00725,0.260304953970045,0.043125,6.555356891810665,9.965851836732678,0.0,0.0,0.0,-0.5477953888587695,1.3636363636363638,0.0,0.0,E0001408,U004-normal-027,U004,normal_user,DAILY_NORMAL,0,0,0
0.08091010131516545,0.010416666666666666,0.0,1.0,0.0,0.017259274624939022,0.0,1.0,3.0,0.0,3.0,0.00390625,0.06730463573479006,0.01115625,11.040807602307288,10.241116263040704,0.0,0.0,0.0,-0.5286989382107745,0.8108108108108107,0.0,0.0,E0001409,U004-normal-028,U004,normal_user,DAILY_NORMAL,0,0,0
0.2168132955337102,0.027666666666666666,0.0,0.0,0.0,0.04584063340383804,0.0,1.0,2.0,0.0,2.0,0.010375,0.08608984829029098,0.01428125,10.534785924769006,10.219859117450339,0.0,0.0,0.0,-0.4481009516809735,0.5357142857142857,0.0,0.0,E0001410,U004-normal-028,U004,normal_user,DAILY_NORMAL,0,0,0
0.10066784402743063,0.01275,0.0,0.0,0.0,0.02112535214092536,0.0,2.0,3.0,0.0,3.0,0.01515625,0.11467298759427205,0.0190625,8.148734808937169,10.170602055197804,0.0,0.0,0.0,-0.5126751793771597,0.7964601769911505,0.0,0.0,E0001411,U004-agent-normal-028,U004,normal_agent,DELEGATED_NORMAL,0,0,0
20.24478544222712,2.542331661238995,1.0,1.0,1.0,0.9738253152068914,0.0,2.0,4.0,1.0,4.0,0.9581556229646232,5.8442194083956736,0.9724368729646232,7.51425465281641,9.961426217456575,0.0,0.0,0.0,10.915794945916607,1.0526315789473684,0.0,0.0,E0001412,U004-paysim-fraud-007,U004,paysim_fraud,ACCOUNT_DRAIN_TRANSFER,1,1,1
3.8658139350107725,0.5727823747969888,0.0,1.0,1.0,0.8934149756950848,0.0,3.0,5.0,1.0,4.0,1.172949013513494,5.990905503863802,1.187230263513494,4.110873864173311,9.955349185388773,0.0,0.0,0.0,1.3254034853308962,1.3043478260869565,0.0,0.0,E0001413,U004-paysim-fraud-007,U004,paysim_fraud,FOLLOW_UP_CASHOUT_PROXY,1,1,1
0.14354810129323722,0.021833333333333333,0.0,0.0,0.0,0.036175439613872186,0.0,1.0,5.0,0.0,4.0,0.0081875,5.802857181811482,1.191511513513494,10.971434426893353,9.914852723614825,0.0,0.0,0.0,-0.4052223084531452,1.293103448275862,0.0,0.0,E0001414,U004-agent-normal-002,U004,normal_agent,DELEGATED_NORMAL,0,0,0
0.24463904403219594,0.03691666666666667,0.0,0.0,0.0,0.061166869270783894,0.0,1.0,6.0,0.0,5.0,0.01384375,5.862486404409306,1.205355263513494,9.552439604462528,9.650155375683314,0.0,0.0,0.0,-0.3559536992311213,1.5384615384615385,0.0,0.0,E0001415,U004-normal-029,U004,normal_user,DAILY_NORMAL,0,0,0
0.05004458651449904,0.0075,1.0,0.0,0.0,0.012426677729956096,0.0,1.0,3.0,1.0,3.0,0.0028125,0.12056195842129312,0.02484375,10.964813256418221,10.180861680198499,0.0,0.0,0.0,-0.44635742783470217,0.7627118644067797,0.0,0.0,E0001416,U004-normal-030,U004,normal_user,DAILY_NORMAL,0,0,0
0.08300591995306894,0.012333333333333333,0.0,0.0,0.0,0.020434981155927803,0.0,1.0,3.0,0.0,3.0,0.004625,0.10322686539086914,0.02128125,10.260077492862155,10.365339295257774,0.0,0.0,0.0,-0.42873511650360846,0.7563025210084033,0.0,0.0,E0001417,U004-normal-030,U004,normal_user,DAILY_NORMAL,0,0,0
0.0876495012854339,0.012916666666666667,0.0,1.0,1.0,0.021401500534924386,0.0,1.0,3.0,0.0,3.0,0.00484375,0.05952693664488859,0.01228125,9.969556152505833,10.491307550216037,0.0,0.0,0.0,-0.42462471898596377,0.75,0.0,0.0,E0001418,U004-normal-031,U004,normal_user,DAILY_NORMAL,0,0,0
0.02736400556157222,0.004,0.0,0.0,0.0,0.006627561455976584,0.0,1.0,4.0,0.0,4.0,0.0015,0.06674516843281719,0.01378125,9.986218950133592,10.264952008429093,0.0,0.0,0.0,-0.45066851150322595,0.9917355371900827,0.0,0.0,E0001419,U004-normal-031,U004,normal_user,DAILY_NORMAL,0,0,0
0.024724535448230535,0.0035833333333333333,0.0,0.0,0.0,0.005937190470979023,0.0,1.0,4.0,0.0,4.0,0.00134375,0.059617300897202144,0.0123125,10.510668264544881,10.41132270930961,0.0,0.0,0.0,-0.44961376923466057,0.9836065573770493,0.0,0.0,E0001420,U004-normal-031,U004,normal_user,DAILY_NORMAL,0,0,0
0.4534874225678548,0.06516666666666666,0.0,0.0,0.0,0.10797402205361852,0.0,1.0,4.0,0.0,4.0,0.0244375,0.15551598034018282,0.032125,9.226902460275161,10.073500332862485,0.0,0.0,0.0,-0.25068524608600884,0.9756097560975611,0.0,0.0,E0001421,U004-normal-031,U004,normal_user,DAILY_NORMAL,0,0,0
0.03495913490702362,0.005,0.0,1.0,0.0,0.00828445181997073,0.0,2.0,5.0,0.0,4.0,0.0263125,0.1639462878398349,0.034,7.786967002614872,9.824141268969685,0.0,0.0,0.0,-0.4423701872006824,1.2096774193548385,0.0,0.0,E0001422,U004-normal-031,U004,normal_user,DAILY_NORMAL,0,0,0
0.45237350410808175,0.06416666666666666,0.0,0.0,0.0,0.10631713168962437,0.0,2.0,6.0,0.0,5.0,0.0259375,0.2798901001108278,0.0580625,7.4949862339505335,9.586102000710904,0.0,0.0,0.0,-0.2498208233820698,1.44,0.0,0.0,E0001423,U004-normal-031,U004,normal_user,DAILY_NORMAL,0,0,0
1.2394983111149365,0.175,0.0,0.0,1.0,0.28995581369897555,0.0,1.0,7.0,0.0,6.0,0.065625,0.5939387791032589,0.1236875,9.41450495669259,9.446913343602054,0.0,0.0,0.0,0.10918417121911483,1.6666666666666665,0.0,0.0,E0001424,U004-normal-032,U004,normal_user,DAILY_NORMAL,0,0,0
0.028274484998553187,0.004,0.0,0.0,0.0,0.006627561455976584,0.0,1.0,6.0,0.0,6.0,0.0015,0.5647471977389589,0.11884375,10.951087209181706,9.725030518844324,0.0,0.0,0.0,-0.4457432101541641,1.4173228346456692,0.0,0.0,E0001425,U004-normal-032,U004,normal_user,DAILY_NORMAL,0,0,0
1.8457190057514168,0.259,0.0,1.0,0.0,0.42913460427448386,0.0,1.0,2.0,0.0,2.0,0.097125,0.4685560796453886,0.098625,11.223708882426497,10.298053479775291,0.0,0.0,0.0,0.3860948564073025,0.46875,0.0,0.0,E0001426,U004-normal-033,U004,normal_user,DAILY_NORMAL,0,0,0
0.19166509572381393,0.027083333333333334,0.0,1.0,0.0,0.044874114024841455,0.0,1.0,2.0,0.0,2.0,0.01015625,0.5019602850246815,0.10728125,9.881446421659248,10.407463772600872,0.0,0.0,0.0,-0.3729227419166121,0.46511627906976744,0.0,0.0,E0001427,U004-agent-normal-013,U004,normal_agent,DELEGATED_NORMAL,0,0,0
0.042744401846909016,0.006,0.0,0.0,0.0,0.009941342183964877,0.0,1.0,3.0,0.0,3.0,0.00225,0.5116773513436342,0.10953125,10.821796246953596,10.663503349950908,0.0,0.0,0.0,-0.4402589685101384,0.6923076923076924,0.0,0.0,E0001428,U004-normal-034,U004,normal_user,DAILY_NORMAL,0,0,0
0.5827722326989316,0.08116666666666666,0.0,1.0,0.0,0.13448426787752485,0.0,1.0,2.0,0.0,2.0,0.0304375,0.15264680608080394,0.0326875,10.7178562946849,10.806575510092479,0.0,0.0,0.0,-0.19102538141525988,0.45801526717557256,0.0,0.0,E0001429,U004-normal-034,U004,normal_user,DAILY_NORMAL,0,0,0
0.13747987489250002,0.019083333333333334,0.0,0.0,0.0,0.03161899111288829,0.0,2.0,3.0,0.0,3.0,0.03759375,0.1851882382954686,0.03984375,7.829232537543592,10.556947511144482,0.0,0.0,0.0,-0.3951097539427405,0.6818181818181818,0.0,0.0,E0001430,U004-normal-034,U004,normal_user,DAILY_NORMAL,0,0,0
2.5090589555292513,0.3458747717922086,0.0,1.0,0.0,0.5730765765311847,0.0,1.0,4.0,0.0,4.0,0.12970303942207823,0.7871572952051297,0.1695467894220782,10.19121962373795,10.26813761054437,0.0,0.0,0.0,0.68884382826033,0.9022556390977443,0.0,0.0,E0001431,U004-misuse-CUMULATIVE_BYPASS-003,U004,agent_misuse,CUMULATIVE_BYPASS,1,0,0
2.2398539717108177,0.3124627280664798,0.0,1.0,0.0,0.5177164832406737,0.0,2.0,5.0,0.0,4.0,0.24687656244700815,1.3049665756298894,0.28672031244700813,7.427144133408616,10.13553534318606,0.0,0.0,0.0,0.5739441593615786,1.1194029850746268,0.0,0.0,E0001432,U004-misuse-CUMULATIVE_BYPASS-003,U004,agent_misuse,CUMULATIVE_BYPASS,1,0,0
2.6051637173149826,0.3669719163920178,0.0,1.0,0.0,0.6080322321263998,0.0,3.0,6.0,0.0,5.0,0.38449103109401483,1.897566863751891,0.42433478109401485,7.427144133408616,9.651146883564618,0.0,0.0,0.0,0.7523013017595674,1.3333333333333333,0.0,0.0,E0001433,U004-misuse-CUMULATIVE_BYPASS-003,U004,agent_misuse,CUMULATIVE_BYPASS,1,0,0
2.184778345341597,0.3116144058483787,0.0,1.0,0.0,0.5163109063319397,0.0,3.0,7.0,0.0,5.0,0.3716433938650786,2.3714817314409915,0.5411901832871568,7.427144133408616,8.831244518888086,0.0,0.0,0.0,0.5632056945328863,1.5441176470588236,0.0,0.0,E0001434,U004-misuse-CUMULATIVE_BYPASS-003,U004,agent_misuse,CUMULATIVE_BYPASS,1,0,0
2.2867837809047873,0.32915900828073313,0.0,1.0,0.0,0.5453803890422161,0.0,3.0,8.0,0.0,5.0,0.3779044989454236,2.8634933897548747,0.6646248113924317,7.427144133408616,8.806633716882882,0.0,0.0,0.0,0.6189599994668584,1.7518248175182483,0.0,0.0,E0001435,U004-misuse-CUMULATIVE_BYPASS-003,U004,agent_misuse,CUMULATIVE_BYPASS,1,0,0
2.341156692720163,0.3403210250453172,0.0,1.0,0.0,0.5638746270621965,0.0,3.0,9.0,0.0,6.0,0.36791041469041086,3.353883323979623,0.7922451957844256,7.427144133408616,7.427144133408616,0.0,0.0,0.0,0.6530583851140664,1.956521739130435,0.0,0.0,E0001436,U004-misuse-CUMULATIVE_BYPASS-003,U004,agent_misuse,CUMULATIVE_BYPASS,1,0,0
2.1255416430076646,0.31214152460522476,0.0,1.0,0.0,0.5171842843208385,0.0,3.0,10.0,0.0,6.0,0.36810808422422814,3.781317334698028,0.9092982675113849,7.427144133408616,7.427144133408616,0.0,0.0,0.0,0.5549014501604661,2.158273381294964,0.0,0.0,E0001437,U004-misuse-CUMULATIVE_BYPASS-003,U004,agent_misuse,CUMULATIVE_BYPASS,1,0,0
2.346333008302953,0.34750338248298573,0.0,1.0,0.0,0.5757750058914312,0.0,3.0,11.0,0.0,6.0,0.3749872245500729,4.254200641211792,1.0396120359425045,7.427144133408616,7.427144133408616,0.0,0.0,0.0,0.6711809350035461,2.357142857142857,0.0,0.0,E0001438,U004-misuse-CUMULATIVE_BYPASS-003,U004,agent_misuse,CUMULATIVE_BYPASS,1,0,0
2.2747492094484834,0.34031185988408424,0.0,1.0,0.0,0.5638594413948652,0.0,3.0,11.0,0.0,5.0,0.3749837876146105,4.683956734624291,1.1649789833990363,7.427144133408616,7.427144133408616,0.0,0.0,0.0,0.6432660697774726,2.3404255319148937,0.0,0.0,E0001439,U004-misuse-CUMULATIVE_BYPASS-003,U004,agent_misuse,CUMULATIVE_BYPASS,1,0,1
0.28526848533413474,0.043083333333333335,0.0,0.0,0.0,0.07138435984874779,0.0,3.0,12.0,0.0,6.0,0.27408696588765125,4.669058469445738,1.1811352333990361,7.5251007461258,7.447518152642726,0.0,0.0,0.0,-0.36490332987332497,2.535211267605634,0.0,0.0,E0001440,U004-normal-035,U004,normal_user,DAILY_NORMAL,0,0,0
0.01775082850082589,0.0026666666666666666,0.0,0.0,0.0,0.00441837430398439,0.0,1.0,13.0,0.0,7.0,0.001,4.6630843984111285,1.1821352333990363,10.203703249925194,8.821732380934442,0.0,0.0,0.0,-0.5004394994721635,2.7272727272727275,0.0,0.0,E0001441,U004-normal-035,U004,normal_user,DAILY_NORMAL,0,0,0
0.8604733216558754,0.12833333333333333,0.0,0.0,0.0,0.21263426337924873,0.0,1.0,14.0,0.0,8.0,0.048125,4.8522816326997775,1.2302602333990362,8.992433087457218,8.993700625000638,0.0,0.0,0.0,-0.07076885903266884,2.916666666666667,0.0,0.0,E0001442,U004-normal-035,U004,normal_user,DAILY_NORMAL,0,0,0
0.08613505580226694,0.012833333333333334,0.0,0.0,0.0,0.021263426337924874,0.0,1.0,15.0,0.0,9.0,0.0048125,4.840635911400937,1.2350727333990361,8.200288260287554,9.041258778760504,0.0,0.0,0.0,-0.46473707313362933,3.103448275862069,0.0,0.0,E0001443,U004-normal-035,U004,normal_user,DAILY_NORMAL,0,0,0
0.4769009449957025,0.07058333333333333,0.0,0.0,0.0,0.11694884485858681,0.0,1.0,15.0,0.0,9.0,0.02646875,4.822049406670902,1.2311039833990363,8.401333305321703,9.104846514095344,0.0,0.0,0.0,-0.2650106669022673,3.082191780821918,0.0,0.0,E0001444,U004-normal-035,U004,normal_user,DAILY_NORMAL,0,0,0
0.0,0.0,0.0,0.0,0.0,0.0,0.0,1.0,11.0,0.0,7.0,0.0,2.8205734181720006,0.7226013001118794,10.410485861467732,9.633593006532465,0.0,0.0,0.0,-0.5064074947183893,2.2448979591836733,0.0,0.0,E0001445,U004-agent-normal-031,U004,normal_agent,DELEGATED_NORMAL,0,0,0
0.20854923612016552,0.03075,0.0,0.0,1.0,0.05094937869281999,0.0,1.0,2.0,0.0,2.0,0.01153125,0.04501062650075515,0.01153125,11.277962336850676,10.153491122016934,0.0,0.0,0.0,-0.4007965985293424,0.4054054054054054,0.0,0.0,E0001446,U004-normal-037,U004,normal_user,DAILY_NORMAL,0,0,0
0.0,0.0,0.0,0.0,0.0,0.0,0.0,2.0,3.0,0.0,3.0,0.01153125,0.04494319578744385,0.01153125,7.977968093128549,10.112751222416298,0.0,0.0,0.0,-0.5050630524621902,0.6040268456375839,0.0,0.0,E0001447,U004-agent-normal-005,U004,normal_agent,DELEGATED_NORMAL,0,0,0
0.16483231698014636,0.024166666666666666,0.0,0.0,0.0,0.04004151712985853,0.0,1.0,3.0,0.0,3.0,0.0090625,0.0802644065689038,0.02059375,9.061027968789174,10.152283255935409,0.0,0.0,0.0,-0.42181233930378215,0.6,0.0,0.0,E0001448,U004-hard-SUBSCRIPTION_BURST-003,U004,hard_negative,SUBSCRIPTION_BURST,0,0,0
0.16581446508380038,0.024166666666666666,0.0,0.0,0.0,0.04004151712985853,0.0,2.0,4.0,0.0,4.0,0.018125,0.11544968992261669,0.02965625,6.493753839851686,10.122269606332857,0.0,0.0,0.0,-0.42004894633769774,0.794701986754967,0.0,0.0,E0001449,U004-hard-SUBSCRIPTION_BURST-003,U004,hard_negative,SUBSCRIPTION_BURST,0,0,0
0.16679430590983113,0.024166666666666666,0.0,0.0,0.0,0.04004151712985853,0.0,3.0,5.0,0.0,4.0,0.0271875,0.15055231546062223,0.03871875,6.493753839851686,9.819138084067767,0.0,0.0,0.0,-0.418307485732001,0.986842105263158,0.0,0.0,E0001450,U004-hard-SUBSCRIPTION_BURST-003,U004,hard_negative,SUBSCRIPTION_BURST,0,0,0
0.05727383762184386,0.00825,0.0,0.0,0.0,0.013669345502951706,0.0,4.0,6.0,0.0,4.0,0.03028125,0.16239117342239265,0.0418125,6.493753839851686,7.901895546053535,0.0,0.0,0.0,-0.4718993706613829,1.1764705882352942,0.0,0.0,E0001451,U004-hard-SUBSCRIPTION_BURST-003,U004,hard_negative,SUBSCRIPTION_BURST,0,0,0
0.08676806354143254,0.012416666666666666,0.0,0.0,0.0,0.020573055352927312,0.0,5.0,7.0,0.0,4.0,0.0349375,0.18040283904657467,0.04646875,6.493753839851686,7.719307523920704,0.0,0.0,0.0,-0.455375919060303,1.3636363636363635,0.0,0.0,E0001452,U004-hard-SUBSCRIPTION_BURST-003,U004,hard_negative,SUBSCRIPTION_BURST,0,0,0
0.3715410437512546,0.052833333333333336,0.0,0.0,0.0,0.08753904089769071,0.0,1.0,1.0,0.0,1.0,0.0198125,0.07687056077612163,0.0198125,11.433676608779873,9.85245738142335,0.0,0.0,0.0,-0.3122586071722047,0.1935483870967742,0.0,0.0,E0001453,U004-normal-038,U004,normal_user,DAILY_NORMAL,0,0,0
0.21894444975207666,0.031,0.0,1.0,0.0,0.051363601283818526,0.0,1.0,2.0,0.0,2.0,0.011625,0.12166268031959188,0.0314375,8.57715877258367,9.900212194402208,0.0,0.0,0.0,-0.38760860879951675,0.3846153846153846,0.0,0.0,E0001454,U004-normal-038,U004,normal_user,DAILY_NORMAL,0,0,0
0.24082363089559228,0.033916666666666664,0.0,0.0,0.0,0.056196198178801456,0.0,1.0,3.0,0.0,3.0,0.01271875,0.17062818555657217,0.04415625,10.039416069760373,10.101715266347139,0.0,0.0,0.0,-0.3758381841406448,0.5732484076433121,0.0,0.0,E0001455,U004-normal-038,U004,normal_user,DAILY_NORMAL,0,0,0
1.3851846062915965,0.19408333333333333,0.0,0.0,0.0,0.32157480481186385,0.0,2.0,4.0,0.0,4.0,0.0855,0.4511297735436117,0.1169375,7.301822342137932,10.108434546133669,0.0,0.0,0.0,0.19026491183695607,0.759493670886076,0.0,0.0,E0001456,U004-normal-038,U004,normal_user,DAILY_NORMAL,0,0,0
0.04627127972957135,0.0065,0.0,0.0,0.0,0.01076978736596195,0.0,1.0,5.0,0.0,5.0,0.0024375,0.4562630061098673,0.119375,9.457669090078747,10.202784411450141,0.0,0.0,0.0,-0.473854956590807,0.9433962264150944,0.0,0.0,E0001457,U004-normal-038,U004,normal_user,DAILY_NORMAL,0,0,0
4.499387784554754,0.6280368507372599,1.0,1.0,0.0,0.9018721150094413,0.0,1.0,6.0,1.0,6.0,0.23551381902647245,1.355998916584415,0.35488881902647246,10.136779434902152,9.514363204016016,0.0,0.0,0.0,1.732088907373823,1.125,0.0,0.0,E0001458,U004-misuse-RECIPIENT_BURST-002,U004,agent_misuse,RECIPIENT_BURST,1,0,0
4.377614328891632,0.6252000658080665,1.0,1.0,0.0,0.9014707389464869,0.0,2.0,7.0,2.0,7.0,0.4699638437044974,2.1862337203587807,0.5893388437044974,5.707110264748875,9.43758749212313,0.0,0.0,0.0,1.6994514184570517,1.3043478260869565,0.0,0.0,E0001459,U004-misuse-RECIPIENT_BURST-002,U004,agent_misuse,RECIPIENT_BURST,1,0,0
2.013625960547718,0.2939714676174908,1.0,1.0,0.0,0.48707849198463765,0.0,3.0,8.0,3.0,8.0,0.5802031440610564,2.5220648716441696,0.6995781440610566,5.707110264748875,8.990840175576771,0.0,0.0,0.0,0.5181641002286491,1.4814814814814814,0.0,0.0,E0001460,U004-misuse-RECIPIENT_BURST-002,U004,agent_misuse,RECIPIENT_BURST,1,0,0
2.2161390466490944,0.32568000753102133,1.0,1.0,0.0,0.5396160662236902,0.0,4.0,9.0,4.0,9.0,0.7023331468851894,2.9236276149854787,0.8217081468851894,5.707110264748875,8.960955509456745,0.0,0.0,0.0,0.6273122014808579,1.656441717791411,0.0,0.0,E0001461,U004-misuse-RECIPIENT_BURST-002,U004,agent_misuse,RECIPIENT_BURST,1,0,0
3.2571841663374577,0.48245028144055474,1.0,1.0,0.0,0.7993672224251189,0.0,5.0,10.0,5.0,10.0,0.8832520024253975,3.5164011526135694,1.0026270024253976,5.707110264748875,8.57391373162574,0.0,0.0,0.0,1.1758288803788282,1.829268292682927,0.0,0.0,E0001462,U004-misuse-RECIPIENT_BURST-002,U004,agent_misuse,RECIPIENT_BURST,1,0,0
3.3576309757916483,0.5045706778416679,1.0,1.0,0.0,0.8360182940698541,0.0,6.0,11.0,6.0,11.0,1.072466006616023,4.093431871204495,1.191841006616023,5.707110264748875,5.707110264748875,0.0,0.0,0.0,1.2445401540301486,2.0,0.0,0.0,E0001463,U004-misuse-RECIPIENT_BURST-002,U004,agent_misuse,RECIPIENT_BURST,1,0,1
0.8620298589534562,0.1315,0.0,0.0,0.0,0.2178810828652302,0.0,1.0,12.0,0.0,12.0,0.0493125,4.172414476933988,1.2411535066160229,8.836809882398365,7.388575200661722,0.0,0.0,0.0,-0.07380464224000864,2.1686746987951806,0.0,0.0,E0001464,U004-normal-039,U004,normal_user,DAILY_NORMAL,0,0,0
0.08802844050927892,0.013416666666666667,0.0,0.0,0.0,0.02222994571692146,0.0,1.0,11.0,0.0,10.0,0.00503125,4.061202450778179,1.214747256616023,10.480157095037379,9.068500271726007,0.0,0.0,0.0,-0.4889652969909401,1.9760479041916168,0.0,0.0,E0001465,U004-normal-039,U004,normal_user,DAILY_NORMAL,0,0,0
0.34645886587307884,0.0525,0.0,0.0,0.0,0.08698674410969266,0.0,2.0,12.0,0.0,11.0,0.02471875,4.124709977301964,1.234434756616023,6.393590753950631,9.075322160298095,0.0,0.0,0.0,-0.3492255809830959,2.142857142857143,0.0,0.0,E0001466,U004-normal-039,U004,normal_user,RECURRING_NORMAL,0,0,0
0.038654311191610814,0.005833333333333334,0.0,1.0,0.0,0.009665193789965852,0.0,1.0,1.0,0.0,1.0,0.0021875,0.007293266262568078,0.0021875,11.929857904519286,10.571901369675398,0.0,0.0,0.0,-0.5130119226917321,0.17751479289940827,0.0,0.0,E0001467,U004-agent-normal-018,U004,normal_agent,DELEGATED_NORMAL,0,0,0
0.09388666090984978,0.014083333333333333,0.0,0.0,0.0,0.023334539292917556,0.0,2.0,2.0,0.0,2.0,0.00746875,0.024895242556347,0.00746875,6.579251212010101,10.574046529682649,0.0,0.0,0.0,-0.4817454813612273,0.3529411764705882,0.0,0.0,E0001468,U004-normal-041,U004,normal_user,DAILY_NORMAL,0,0,0
0.6849498689524028,0.10216666666666667,0.0,0.0,0.0,0.16927896552140193,0.0,1.0,3.0,0.0,3.0,0.0383125,0.15251105316718566,0.04578125,10.365017884577242,10.693670695607668,0.0,0.0,0.0,-0.1669566880371875,0.5263157894736842,0.0,0.0,E0001469,U004-normal-041,U004,normal_user,DAILY_NORMAL,0,0,0
5.037977741496238,0.75,0.0,0.0,0.0,0.9164969450101833,0.0,1.0,3.0,0.0,3.0,0.28125,1.0775674613755843,0.32484375,10.901450433054308,10.774918984261836,0.0,0.0,0.0,2.1421499486223317,0.5232558139534884,0.0,0.0,E0001470,U004-normal-042,U004,normal_user,DAILY_NORMAL,0,0,0
0.269844185659491,0.041166666666666664,0.0,0.0,0.0,0.06820865331775901,0.0,1.0,3.0,0.0,3.0,0.0154375,1.077741363951371,0.335,10.276429468938732,10.887343470572707,0.0,0.0,0.0,-0.39267812388939033,0.5202312138728323,0.0,0.0,E0001471,U004-normal-042,U004,normal_user,DAILY_NORMAL,0,0,0
0.008778978152585801,0.0013333333333333333,0.0,0.0,1.0,0.002209187151992195,0.0,1.0,3.0,0.0,3.0,0.0005,0.9545131352639973,0.2971875,9.81011050303083,10.195873544192391,0.0,0.0,0.0,-0.5320811153979078,0.5172413793103449,0.0,0.0,E0001472,U004-normal-043,U004,normal_user,DAILY_NORMAL,0,0,0
9.516005103659568,1.436589162419211,1.0,1.0,0.0,0.9545934534660785,0.0,1.0,4.0,1.0,4.0,0.5387209359072042,2.684644788692338,0.8359084359072041,10.0491019013411,10.350587125021509,0.0,0.0,0.0,4.553802458154815,0.6857142857142857,0.0,0.0,E0001473,U004-misuse-RETRY_PATTERN-004,U004,agent_misuse,RETRY_PATTERN,1,0,1
6.776180379629838,1.0754495757919893,0.0,1.0,0.0,0.9402567281009738,0.0,2.0,5.0,1.0,4.0,0.9420145268292002,3.762867445364129,1.2392020268292,5.198497031265826,10.125254156293012,0.0,1.0,1.0,3.0708385742873543,0.8522727272727273,0.0,0.0,E0001474,U004-misuse-RETRY_PATTERN-004,U004,agent_misuse,RETRY_PATTERN,1,0,1
5.832668576711623,0.9577227228493781,0.0,1.0,0.0,0.9334019492194634,0.0,3.0,6.0,1.0,4.0,1.301160547897717,4.663074767116073,1.5983480478977168,5.198497031265826,9.557526438575696,1.0,2.0,2.0,2.5938615969207626,1.0169491525423728,0.0,0.0,E0001475,U004-misuse-RETRY_PATTERN-004,U004,agent_misuse,RETRY_PATTERN,1,0,1
4.9396712870132,0.8344245924720514,0.0,1.0,0.0,0.9243060278065456,0.0,4.0,7.0,1.0,4.0,1.6140697700747364,5.387791861234645,1.911257270074736,5.198497031265826,9.033483854613287,1.0,3.0,3.0,2.1394688846512,1.1797752808988764,0.0,0.0,E0001476,U004-misuse-RETRY_PATTERN-004,U004,agent_misuse,RETRY_PATTERN,1,0,1
3.6186001411865245,0.6255147659045662,0.0,1.0,0.0,0.9015154276441941,0.0,5.0,8.0,1.0,4.0,1.8486378072889487,5.876255558513926,2.145825307288948,5.198497031265826,8.470478871191144,1.0,3.0,3.0,1.4401531029550594,1.3407821229050279,0.0,0.0,E0001477,U004-misuse-RETRY_PATTERN-004,U004,agent_misuse,RETRY_PATTERN,1,0,1
2.8047038939453053,0.49229186219034987,0.0,1.0,0.0,0.8156736427359248,0.0,6.0,9.0,1.0,4.0,2.03324725561033,6.24801948088217,2.3304347556103293,5.198497031265826,5.198497031265826,1.0,3.0,3.0,1.0046897975670275,1.5,0.0,0.0,E0001478,U004-misuse-RETRY_PATTERN-004,U004,agent_misuse,RETRY_PATTERN,1,0,1
0.07798871289533797,0.013833333333333333,0.0,0.0,0.0,0.02292031670191902,0.0,1.0,10.0,0.0,5.0,0.0051875,6.160293334170556,2.3356222556103297,8.70930004894499,7.212736848511979,0.0,0.0,0.0,-0.5187012341971103,1.6574585635359116,0.0,0.0,E0001479,U004-normal-043,U004,normal_user,DAILY_NORMAL,0,0,0
0.1950778801645303,0.034416666666666665,0.0,0.0,0.0,0.05702464336079853,0.0,2.0,11.0,0.0,6.0,0.01809375,6.1915102748637,2.3485285056103296,8.032035314398824,7.568379267836522,0.0,0.0,0.0,-0.45136445567827216,1.8131868131868132,0.0,0.0,E0001480,U004-normal-043,U004,normal_user,DAILY_NORMAL,0,0,0
0.10013036544879349,0.017583333333333333,0.0,0.0,0.0,0.02913365556689707,0.0,2.0,12.0,0.0,7.0,0.0195,6.20185962922541,2.3551222556103295,8.09132127353041,7.845024417241484,0.0,0.0,0.0,-0.5034205971737503,1.9672131147540985,0.0,0.0,E0001481,U004-agent-normal-014,U004,normal_agent,DELEGATED_NORMAL,0,0,0
0.034345330168346934,0.006,0.0,0.0,0.0,0.009941342183964877,0.0,1.0,12.0,0.0,6.0,0.00225,5.463992669639078,2.07612225561033,10.106673264509391,8.911664758049536,0.0,0.0,0.0,-0.5385882831441473,1.9565217391304346,0.0,0.0,E0001482,U004-normal-043,U004,normal_user,DAILY_NORMAL,0,0,0
0.08921774215016756,0.0155,0.0,0.0,1.0,0.025681800641909263,0.0,1.0,11.0,0.0,6.0,0.0058125,5.436272381463484,2.06599725561033,10.267713912627695,9.4833706288956,0.0,0.0,0.0,-0.5062106658559488,1.7837837837837838,0.0,0.0,E0001483,U004-normal-044,U004,normal_user,DAILY_NORMAL,0,0,0
0.08534239290689766,0.01475,0.0,0.0,0.0,0.024439132868913655,0.0,1.0,3.0,0.0,2.0,0.00553125,0.035751098723517415,0.01359375,10.41120836134864,9.829496496624358,0.0,0.0,0.0,-0.506807923790235,0.48387096774193544,0.0,0.0,E0001484,U004-normal-044,U004,normal_user,DAILY_NORMAL,0,0,0
0.3358728073601568,0.05775,0.0,0.0,0.0,0.09568541852066194,0.0,2.0,4.0,0.0,3.0,0.0271875,0.09266136588701956,0.03525,5.0238805208462765,9.797482384690278,0.0,0.0,0.0,-0.36686092923187436,0.6417112299465241,0.0,0.0,E0001485,U004-normal-044,U004,normal_user,DAILY_NORMAL,0,0,0
0.02432400138965721,0.004166666666666667,0.0,0.0,0.0,0.006903709849975609,0.0,1.0,5.0,0.0,3.0,0.0015625,0.09658541675398717,0.0368125,9.79823814181703,9.949206338181074,0.0,0.0,0.0,-0.5382594442431208,0.7978723404255319,0.0,0.0,E0001486,U004-normal-044,U004,normal_user,DAILY_NORMAL,0,0,0
1.1499827608645379,0.19591666666666666,0.0,0.0,0.0,0.32461243714585314,0.0,2.0,6.0,0.0,3.0,0.07503125,0.289306760923626,0.11028125,8.09101504171053,9.722409222615287,0.0,0.0,0.0,0.0824553855294151,0.9523809523809524,0.0,0.0,E0001487,U004-normal-044,U004,normal_user,DAILY_NORMAL,0,0,0
0.04838515934867885,0.00825,0.0,1.0,0.0,0.013669345502951706,0.0,1.0,6.0,0.0,4.0,0.00309375,0.2896593041143131,0.111125,9.47262771040802,9.51263515679581,0.0,0.0,0.0,-0.5250517909456247,0.9473684210526316,0.0,0.0,E0001488,U004-normal-044,U004,normal_user,DAILY_NORMAL,0,0,0
0.4751084990728447,0.08058333333333334,0.0,0.0,1.0,0.13351774849852827,0.0,1.0,7.0,0.0,5.0,0.03021875,0.3683287277916796,0.14134375,9.577618898699106,9.18719456246887,0.0,0.0,0.0,-0.28866470490681573,1.099476439790576,0.0,0.0,E0001489,U004-normal-045,U004,normal_user,DAILY_NORMAL,0,0,0
0.09362120994517589,0.015833333333333335,0.0,1.0,0.0,0.026234097429907312,0.0,1.0,7.0,0.0,6.0,0.0059375,0.367689315287864,0.14146875,10.044162121818896,9.571156728415465,0.0,0.0,0.0,-0.4982835686426636,1.09375,0.0,0.0,E0001490,U004-normal-045,U004,normal_user,DAILY_NORMAL,0,0,0
0.06189948258096006,0.010416666666666666,0.0,0.0,0.0,0.017259274624939022,0.0,1.0,4.0,0.0,4.0,0.00390625,0.1121090956646634,0.04315625,10.528409424100508,9.81011050303083,0.0,0.0,0.0,-0.51422748419793,0.6217616580310881,0.0,0.0,E0001491,U004-normal-045,U004,normal_user,DAILY_NORMAL,0,0,0
0.4808105526258706,0.0805,0.0,0.0,1.0,0.13337967430152875,0.0,1.0,3.0,0.0,3.0,0.0301875,0.1039559677818222,0.04003125,10.301928045707328,10.065691432410983,0.0,0.0,0.0,-0.28371574095619084,0.4639175257731959,0.0,0.0,E0001492,U004-normal-046,U004,normal_user,DAILY_NORMAL,0,0,0
12.002669967515937,2.003914666777407,1.0,1.0,1.0,0.9670245388922167,0.0,2.0,4.0,1.0,4.0,0.7816555000415275,2.050063941999473,0.7914992500415275,7.153833801578843,9.9607181859904,0.0,0.0,0.0,6.010597163252225,0.6153846153846154,0.0,0.0,E0001493,U004-paysim-fraud-000,U004,paysim_fraud,ACCOUNT_DRAIN_TRANSFER,1,1,1
3.3351416807765077,0.5897593232863793,0.0,1.0,1.0,0.8961645709825621,0.0,3.0,5.0,1.0,4.0,1.0028152462739197,2.4630869361889984,1.0126589962739199,4.110873864173311,9.814798405240333,0.0,0.0,0.0,1.2397041984574522,0.7653061224489796,0.0,0.0,E0001494,U004-paysim-fraud-000,U004,paysim_fraud,FOLLOW_UP_CASHOUT_PROXY,1,1,1
0.12846288951061274,0.023,0.0,0.0,0.0,0.03810847837186536,0.0,1.0,6.0,0.0,5.0,0.008625,2.440308638405833,1.0212839962739197,9.715650815054063,9.741756547838182,0.0,0.0,0.0,-0.46780766672103835,0.9137055837563453,0.0,0.0,E0001495,U004-normal-046,U004,normal_user,DAILY_NORMAL,0,0,0
1.9326446489438114,0.34441666666666665,0.0,0.0,0.0,0.5706606561989838,0.0,1.0,6.0,0.0,5.0,0.12915625,2.7328564897430083,1.1445027462739197,9.935131557870589,9.522929668134063,0.0,0.0,0.0,0.4993271142514197,0.9090909090909092,0.0,0.0,E0001496,U004-normal-046,U004,normal_user,DAILY_NORMAL,0,0,0
0.16146495163571173,0.028916666666666667,0.0,0.0,0.0,0.04791174635883073,0.0,1.0,7.0,0.0,6.0,0.01084375,2.730677881426942,1.1553464962739197,9.407222080101468,9.224913663825642,0.0,0.0,0.0,-0.4520575059536635,1.0552763819095476,0.0,0.0,E0001497,U004-normal-046,U004,normal_user,DAILY_NORMAL,0,0,0
11.049250864232835,1.970070934481791,1.0,1.0,1.0,0.9664770455928368,0.0,1.0,7.0,1.0,6.0,0.7387766004306717,4.463740982804956,1.8902168467045912,10.469085412149099,9.737019659665341,0.0,0.0,0.0,5.405024790186928,1.05,0.0,0.0,E0001498,U004-paysim-fraud-006,U004,paysim_fraud,ACCOUNT_DRAIN_TRANSFER,1,1,1
0.36409480696489105,0.06833333333333333,0.0,1.0,1.0,0.11322084153959998,0.0,2.0,8.0,1.0,6.0,0.7644016004306716,4.275610679716012,1.9158418467045912,5.198497031265826,9.738436006907127,0.0,0.0,0.0,-0.3361702529802033,1.1940298507462686,0.0,0.0,E0001499,U004-paysim-fraud-006,U004,paysim_fraud,FOLLOW_UP_CASHOUT_PROXY,1,1,0
0.0,0.0,1.0,0.0,0.0,0.0,0.0,1.0,6.0,1.0,5.0,0.0,2.03373723718136,0.9130266004306716,9.739850350946302,9.743213161000847,0.0,0.0,0.0,-0.5281196082038841,0.8910891089108911,0.0,1.0,E0001500,U004-misuse-UNAUTHORIZED_TOOL-006,U004,agent_misuse,UNAUTHORIZED_TOOL,1,0,1
3.2075534493296862,0.6,1.0,0.0,0.0,0.8977556109725686,0.0,2.0,7.0,2.0,6.0,0.225,2.534917463639123,1.1380266004306716,6.293419278846481,9.474072930671252,0.0,0.0,0.0,1.1658522627491268,1.0344827586206897,0.0,1.0,E0001501,U004-misuse-UNAUTHORIZED_TOOL-006,U004,agent_misuse,UNAUTHORIZED_TOOL,1,0,1
0.0,0.0,1.0,0.0,0.0,0.0,0.0,3.0,8.0,3.0,7.0,0.225,2.493264960390204,1.1380266004306716,6.293419278846481,9.277138837514599,0.0,0.0,0.0,-0.533673615729574,1.1764705882352942,0.0,1.0,E0001502,U004-misuse-UNAUTHORIZED_TOOL-006,U004,agent_misuse,UNAUTHORIZED_TOOL,1,0,1
0.11275662324546845,0.021333333333333333,0.0,0.0,0.0,0.03534699443187512,0.0,1.0,8.0,0.0,7.0,0.008,2.4918956684952223,1.1374016004306717,8.209852481301272,8.385762448025227,0.0,0.0,0.0,-0.4734983809047074,1.1707317073170733,0.0,0.0,E0001503,U004-normal-047,U004,normal_user,DAILY_NORMAL,0,0,0
0.04026560743220112,0.007583333333333333,0.0,0.0,0.0,0.012564751926955608,0.0,1.0,9.0,0.0,7.0,0.00284375,2.49666731565428,1.1402453504306718,9.334061298965942,8.796550710721787,0.0,0.0,0.0,-0.5108665035941712,1.3106796116504855,0.0,0.0,E0001504,U004-normal-047,U004,normal_user,DAILY_NORMAL,0,0,0
0.5238185863122671,0.09816666666666667,0.0,0.0,0.0,0.16265140406542533,0.0,2.0,10.0,0.0,7.0,0.03965625,2.5767367030235357,1.1770578504306717,7.832014180505469,8.221263870376374,0.0,0.0,0.0,-0.25270397168594805,1.4492753623188406,0.0,0.0,E0001505,U004-normal-047,U004,normal_user,DAILY_NORMAL,0,0,0
0.23669361121821658,0.04425,0.0,0.0,0.0,0.07331739860674097,0.0,1.0,10.0,0.0,8.0,0.01659375,2.3240793139023324,1.0644953504306718,8.759511722116487,8.493965505296934,0.0,0.0,0.0,-0.40506257228553416,1.4423076923076923,0.0,0.0,E0001506,U004-normal-047,U004,normal_user,DAILY_NORMAL,0,0,0
0.6090264411819324,0.11341666666666667,0.0,0.0,0.0,0.18791898211633606,0.0,1.0,10.0,0.0,8.0,0.04253125,2.3903749731317303,1.0961828504306717,10.306215584934407,9.283646594242914,0.0,0.0,0.0,-0.20711373230530142,1.4354066985645932,0.0,0.0,E0001507,U004-normal-047,U004,normal_user,DAILY_NORMAL,0,0,0
7.02048975310192,1.304817368758719,1.0,1.0,1.0,0.9502361006485125,0.0,1.0,11.0,1.0,9.0,0.48930651328451963,3.4467184614978073,1.5854893637151912,9.40943710213184,9.430744173601399,0.0,0.0,0.0,3.190710196474354,1.5714285714285714,0.0,0.0,E0001508,U004-paysim-fraud-003,U004,paysim_fraud,ACCOUNT_DRAIN_TRANSFER,1,1,1
1.196269691461015,0.22906335065792102,0.0,1.0,1.0,0.37953285844932144,0.0,2.0,12.0,1.0,9.0,0.57520526978124,3.509035097616082,1.6713881202119114,4.110873864173311,9.231573348384192,0.0,0.0,0.0,0.10478828073902118,1.7061611374407584,0.0,0.0,E0001509,U004-paysim-fraud-003,U004,paysim_fraud,FOLLOW_UP_CASHOUT_PROXY,1,1,0
0.02304316495918178,0.004416666666666667,0.0,0.0,0.0,0.007317932440974145,0.0,1.0,7.0,0.0,6.0,0.00165625,1.4100179137401592,0.6756427697812399,10.411148172958962,9.702362309338362,0.0,0.0,0.0,-0.5234044058124597,0.9905660377358491,0.0,0.0,E0001510,U004-normal-048,U004,normal_user,DAILY_NORMAL,0,0,0
0.499813878001056,0.09533333333333334,0.0,1.0,0.0,0.15795688136744193,0.0,2.0,8.0,0.0,7.0,0.03740625,1.484454562347454,0.7113927697812399,7.114769448366463,9.637436500210642,0.0,0.0,0.0,-0.26715596870496916,1.1267605633802817,0.0,0.0,E0001511,U004-normal-048,U004,normal_user,DAILY_NORMAL,0,0,0
0.1055543289136182,0.020083333333333335,0.0,0.0,0.0,0.033275881476882437,0.0,1.0,6.0,0.0,5.0,0.00753125,1.3793637687161289,0.66267401978124,9.4372368721597,9.38040377026349,0.0,0.0,0.0,-0.4776518183919701,0.8411214953271028,0.0,0.0,E0001512,U004-normal-048,U004,normal_user,DAILY_NORMAL,0,0,0
0.027715157098464963,0.00525,0.0,0.0,0.0,0.008698674410969267,0.0,1.0,7.0,0.0,6.0,0.00196875,1.3827391999133716,0.6646427697812399,9.512295103714683,9.402463733742398,0.0,0.0,0.0,-0.5179187281504343,0.9767441860465116,0.0,0.0,E0001513,U004-normal-048,U004,normal_user,DAILY_NORMAL,0,0,0
13.825729038808584,2.606484578162661,1.0,1.0,1.0,0.9744530896702739,0.0,1.0,7.0,1.0,6.0,0.9774317168109977,3.327274908106631,1.5995432365922377,9.915169057309965,9.689861069913759,0.0,0.0,0.0,6.811724044484082,0.9722222222222222,0.0,0.0,E0001514,U004-paysim-fraud-002,U004,paysim_fraud,ACCOUNT_DRAIN_TRANSFER,1,1,1
1.7811851398198548,0.35680546440844074,0.0,1.0,1.0,0.5911875357988017,0.0,2.0,8.0,1.0,6.0,1.1112337659641631,3.3767489686772634,1.7333452857454028,5.198497031265826,9.16362605175109,0.0,0.0,0.0,0.3990623659223471,1.1059907834101383,0.0,0.0,E0001515,U004-paysim-fraud-002,U004,paysim_fraud,FOLLOW_UP_CASHOUT_PROXY,1,1,1
0.6112861286483318,0.12291666666666666,0.0,1.0,0.0,0.20365944057428045,0.0,1.0,7.0,0.0,6.0,0.04609375,2.3257730489138755,1.204233765964163,10.371677037216255,9.660523873772611,0.0,0.0,0.0,-0.19973285712843689,0.963302752293578,0.0,0.0,E0001516,U004-normal-049,U004,normal_user,DAILY_NORMAL,0,0,0
0.4994988034380599,0.10025,0.0,0.0,0.0,0.16610325899041314,0.0,1.0,5.0,0.0,4.0,0.03759375,2.304750706118028,1.1968900159641631,10.061046702637492,9.790274060594115,0.0,0.0,0.0,-0.25728709846080855,0.684931506849315,0.0,0.0,E0001517,U004-normal-049,U004,normal_user,DAILY_NORMAL,0,0,0
0.05410762358596161,0.010833333333333334,0.0,0.0,0.0,0.017949645609936584,0.0,1.0,6.0,0.0,5.0,0.0040625,2.3070066276355914,1.200952515964163,8.73294952429643,9.704731689278749,0.0,0.0,0.0,-0.48616728312700236,0.8181818181818182,0.0,0.0,E0001518,U004-normal-049,U004,normal_user,DAILY_NORMAL,0,0,0
0.05226309349299285,0.010416666666666666,0.0,0.0,0.0,0.017259274624939022,0.0,1.0,4.0,0.0,4.0,0.00390625,0.17602409938558627,0.09165625,10.719139935087785,9.970706852173928,0.0,0.0,0.0,-0.48580037723925923,0.5429864253393666,0.0,0.0,E0001519,U004-normal-050,U004,normal_user,DAILY_NORMAL,0,0,0
0.025620013588499715,0.005083333333333333,0.0,0.0,0.0,0.008422526016970243,0.0,1.0,4.0,0.0,4.0,0.00190625,0.09114004833941702,0.04746875,9.626745420122681,10.101821884461659,0.0,0.0,0.0,-0.4981115308446604,0.5405405405405405,0.0,0.0,E0001520,U004-normal-050,U004,normal_user,DAILY_NORMAL,0,0,0
0.0,0.0,0.0,0.0,0.0,0.0,0.0,1.0,5.0,0.0,5.0,0.0,0.09112893060398664,0.04746875,9.528648637969724,9.940234053503131,0.0,0.0,0.0,-0.509758465917274,0.6726457399103138,0.0,0.0,E0001521,U004-agent-normal-023,U004,normal_agent,DELEGATED_NORMAL,0,0,0
0.02953641222341195,0.005833333333333334,0.0,0.0,0.0,0.009665193789965852,0.0,1.0,4.0,0.0,4.0,0.0021875,0.015358134453338102,0.008,9.585071320714485,9.850888142392737,0.0,0.0,0.0,-0.4947020297335673,0.5357142857142857,0.0,0.0,E0001522,U004-normal-050,U004,normal_user,DAILY_NORMAL,0,0,0
0.04196502742048409,0.00825,0.0,1.0,0.0,0.013669345502951706,0.0,1.0,3.0,0.0,3.0,0.00309375,0.010137349391168969,0.00528125,11.113864804535059,10.346678667536938,0.0,0.0,0.0,-0.48700045789204305,0.4,0.0,0.0,E0001523,U004-normal-051,U004,normal_user,DAILY_NORMAL,0,0,0
0.4283591819720592,0.08383333333333333,0.0,0.0,0.0,0.13890264218150924,0.0,1.0,2.0,0.0,2.0,0.0314375,0.06626955115491914,0.03453125,10.329114700468233,10.248246785526897,0.0,0.0,0.0,-0.2897968588747578,0.26548672566371684,0.0,0.0,E0001524,U004-normal-051,U004,normal_user,DAILY_NORMAL,0,0,0
0.45042678389033936,0.08791666666666667,0.0,0.0,0.0,0.14566827783448535,0.0,1.0,3.0,0.0,3.0,0.03296875,0.12928048720420776,0.0675,10.624152619132813,10.417005548612822,0.0,0.0,0.0,-0.2784621918318116,0.39647577092511016,0.0,0.0,E0001525,U004-normal-052,U004,normal_user,DAILY_NORMAL,0,0,0
0.19818203502850087,0.03858333333333333,0.0,1.0,0.0,0.06392835321077414,0.0,1.0,4.0,0.0,4.0,0.01446875,0.15666225663160113,0.08196875,8.30943074214033,10.357298281574574,0.0,0.0,0.0,-0.40610558072892383,0.5263157894736842,0.0,0.0,E0001526,U004-normal-052,U004,normal_user,DAILY_NORMAL,0,0,0
0.06530433834093306,0.012666666666666666,0.0,0.0,0.0,0.02098727794392585,0.0,2.0,5.0,0.0,5.0,0.01921875,0.16558802896206987,0.08671875,7.395107546562485,10.271679915635179,0.0,0.0,0.0,-0.47256348456348324,0.6550218340611353,0.0,0.0,E0001527,U004-normal-052,U004,normal_user,DAILY_NORMAL,0,0,0
0.33095466700910625,0.06391666666666666,0.0,0.0,0.0,0.10590290909862583,0.0,1.0,5.0,0.0,5.0,0.02396875,0.20538640315893864,0.10759375,10.098190476218488,9.920501982695258,0.0,0.0,0.0,-0.3374041478041987,0.6521739130434783,0.0,0.0,E0001528,U004-normal-052,U004,normal_user,DAILY_NORMAL,0,0,0
0.0,0.0,0.0,0.0,1.0,0.0,0.0,1.0,5.0,0.0,5.0,0.0,0.14515377733921553,0.07615625,10.443396137193783,9.956288709527255,0.0,0.0,0.0,-0.5037847060183235,0.6493506493506493,0.0,0.0,E0001529,U004-agent-normal-021,U004,normal_agent,DELEGATED_NORMAL,0,0,0
0.0727138823864236,0.014,0.0,0.0,0.0,0.023196465095918044,0.0,1.0,3.0,0.0,3.0,0.00525,0.0556909240099165,0.02921875,10.374178445562,9.866076401137954,0.0,0.0,0.0,-0.4671525641568281,0.3879310344827586,0.0,0.0,E0001530,U004-normal-053,U004,normal_user,DAILY_NORMAL,0,0,0
0.08867087735000029,0.017,0.0,0.0,0.0,0.028167136187900482,0.0,1.0,3.0,0.0,3.0,0.006375,0.022149856549959778,0.011625,9.945636666044287,10.026828447969857,0.0,0.0,0.0,-0.4579889232949249,0.38626609442060084,0.0,0.0,E0001531,U004-normal-053,U004,normal_user,DAILY_NORMAL,0,0,0
0.7166824193459025,0.13683333333333333,0.0,0.0,0.0,0.226717831473199,0.0,1.0,4.0,0.0,3.0,0.0513125,0.11987031274742395,0.0629375,9.723463354790857,10.151940111795907,0.0,0.0,0.0,-0.1420472524030068,0.5128205128205129,0.0,0.0,E0001532,U004-normal-053,U004,normal_user,DAILY_NORMAL,0,0,0
0.42348154551010375,0.08075,0.0,0.0,0.0,0.1337938968925273,0.0,1.0,2.0,0.0,2.0,0.03028125,0.15489826924153943,0.08159375,11.314742782945272,10.523671490105226,0.0,0.0,0.0,-0.28932128443653676,0.25531914893617025,0.0,0.0,E0001533,U004-normal-054,U004,normal_user,DAILY_NORMAL,0,0,0
0.12224869027408049,0.02325,0.0,0.0,0.0,0.0385227009628639,0.0,1.0,2.0,0.0,2.0,0.00871875,0.07389633123222535,0.039,8.628197749459149,10.355817162391576,0.0,0.0,0.0,-0.44025859810146406,0.2542372881355932,0.0,0.0,E0001534,U004-normal-054,U004,normal_user,DAILY_NORMAL,0,0,0
0.0,0.0,0.0,0.0,0.0,0.0,0.0,1.0,3.0,0.0,3.0,0.0,0.07385566115184183,0.039,10.44639306976553,10.3709567227522,0.0,0.0,0.0,-0.5005077935170622,0.37974683544303794,0.0,0.0,E0001535,U004-agent-normal-016,U004,normal_agent,DELEGATED_NORMAL,0,0,0
0.5010447747218048,0.09491666666666666,0.0,0.0,0.0,0.15726651038244435,0.0,2.0,4.0,0.0,4.0,0.03559375,0.14126078779603082,0.07459375,7.71244383427499,10.246864468330871,0.0,0.0,0.0,-0.2497309788677982,0.5042016806722689,0.0,0.0,E0001536,U004-normal-055,U004,normal_user,DAILY_NORMAL,0,0,0
0.0537874684869989,0.010166666666666666,0.0,0.0,0.0,0.016845052033940485,0.0,1.0,5.0,0.0,4.0,0.0038125,0.14814778809339896,0.07840625,9.671366322189568,10.240830838255333,0.0,0.0,0.0,-0.4735242311135327,0.6276150627615062,0.0,0.0,E0001537,U004-normal-055,U004,normal_user,DAILY_NORMAL,0,0,0
0.5813212897432741,0.10941666666666666,0.0,0.0,0.0,0.18129142066035947,0.0,2.0,6.0,0.0,4.0,0.04484375,0.22562172829639948,0.1194375,7.95892649305011,9.408551681991355,0.0,0.0,0.0,-0.20900425103736034,0.75,0.0,0.0,E0001538,U004-normal-055,U004,normal_user,DAILY_NORMAL,0,0,0
2.6835653769863144,0.5041666666666667,0.0,1.0,0.0,0.8353488918470486,0.0,1.0,7.0,0.0,5.0,0.1890625,0.5812657953984253,0.3085,9.708323887728875,9.572591738727688,0.0,0.0,0.0,0.8406590981020969,0.8713692946058091,0.0,0.0,E0001539,U004-normal-055,U004,normal_user,RECURRING_NORMAL,0,0,0
0.10302996809838008,0.0195,0.0,0.0,1.0,0.032309362097885846,0.0,1.0,6.0,0.0,4.0,0.0073125,0.515440786973597,0.2768125,10.329637251837125,9.518339645190858,0.0,0.0,0.0,-0.45150304966238586,0.7438016528925621,0.0,0.0,E0001540,U004-normal-056,U004,normal_user,DAILY_NORMAL,0,0,0
0.367333595869508,0.06925,0.0,0.0,0.0,0.11473965770659461,0.0,1.0,6.0,0.0,5.0,0.02596875,0.5635403145195489,0.30278125,9.923486239042818,9.755022346396304,0.0,0.0,0.0,-0.3177649846978539,0.7407407407407408,0.0,0.0,E0001541,U004-agent-normal-004,U004,normal_agent,DELEGATED_NORMAL,0,0,0
1.199025438177916,0.22541666666666665,0.0,0.0,0.0,0.3734907028836804,0.0,1.0,6.0,0.0,5.0,0.08453125,0.6535704367631885,0.35171875,9.346443454968522,9.702643508716685,0.0,0.0,0.0,0.09988331426824992,0.7377049180327869,0.0,0.0,E0001542,U004-normal-056,U004,normal_user,DAILY_NORMAL,0,0,0
0.12489199162860094,0.0235,0.0,0.0,0.0,0.03893692355386243,0.0,1.0,4.0,0.0,4.0,0.0088125,0.23407139226599957,0.126625,10.168425425507316,9.95237295026594,0.0,0.0,0.0,-0.44051268253415443,0.489795918367347,0.0,0.0,E0001543,U004-normal-056,U004,normal_user,DAILY_NORMAL,0,0,0
0.3712105756854056,0.06958333333333333,0.0,0.0,0.0,0.11529195449459266,0.0,1.0,3.0,0.0,3.0,0.02609375,0.2206651870704752,0.1194375,10.857305256301004,10.243297071373926,0.0,0.0,0.0,-0.31587360630392497,0.3658536585365854,0.0,0.0,E0001544,U004-normal-057,U004,normal_user,DAILY_NORMAL,0,0,0
0.10743098897859325,0.020083333333333335,0.0,0.0,0.0,0.033275881476882437,0.0,1.0,4.0,0.0,4.0,0.00753125,0.23420309140436277,0.12696875,9.021960500598263,10.070052286717644,0.0,0.0,0.0,-0.44803906559239903,0.4858299595141701,0.0,0.0,E0001545,U004-normal-057,U004,normal_user,DAILY_NORMAL,0,0,0
0.31279268149665546,0.05825,0.0,0.0,0.0,0.096513863702659,0.0,2.0,4.0,0.0,4.0,0.029375,0.11851655875750526,0.06428125,7.730174795246222,9.903447551736107,0.0,0.0,0.0,-0.3442246327885891,0.48387096774193544,0.0,0.0,E0001546,U004-hard-TRAVEL_MODE-001,U004,hard_negative,TRAVEL_MODE,0,0,0
0.15124694585132842,0.02808333333333333,0.0,0.0,0.0,0.0465310043888356,0.0,2.0,5.0,0.0,4.0,0.032375,0.1377483026584799,0.0748125,8.188966863648876,9.821615672947205,0.0,0.0,0.0,-0.42469608083039184,0.6024096385542168,0.0,0.0,E0001547,U004-hard-TRAVEL_MODE-001,U004,hard_negative,TRAVEL_MODE,0,0,0
0.147290878608992,0.02725,0.0,0.0,0.0,0.04515026241884048,0.0,2.0,6.0,0.0,4.0,0.02075,0.15646241682415274,0.08503125,8.188966863648876,9.542130234803667,0.0,0.0,0.0,-0.42587860849699405,0.72,0.0,0.0,E0001548,U004-hard-TRAVEL_MODE-001,U004,hard_negative,TRAVEL_MODE,0,0,0
0.8987036458767778,0.16566666666666666,0.0,0.0,0.0,0.2744915036350302,0.0,1.0,7.0,0.0,5.0,0.062125,0.27060640123156826,0.14715625,9.093469420244768,8.581406659729863,0.0,0.0,0.0,-0.050496579311580005,0.8366533864541832,0.0,0.0,E0001549,U004-normal-057,U004,normal_user,DAILY_NORMAL,0,0,0
0.6241153609300542,0.115,0.0,1.0,0.0,0.1905423918593268,0.0,1.0,8.0,0.0,6.0,0.043125,0.3485817678135296,0.19028125,8.470730317005897,8.440225750259629,0.0,0.0,0.0,-0.18769508344957087,0.9523809523809523,0.0,0.0,E0001550,U004-agent-normal-012,U004,normal_agent,DELEGATED_NORMAL,0,0,0
0.09965404007392219,0.018333333333333333,0.0,0.0,0.0,0.030376323339892677,0.0,1.0,8.0,0.0,6.0,0.006875,0.3441261838381564,0.18834375,9.12238309321704,8.700514248543275,0.0,0.0,0.0,-0.44978343808992394,0.9486166007905138,0.0,0.0,E0001551,U004-agent-normal-015,U004,normal_agent,DELEGATED_NORMAL,0,0,0
0.06865755178945662,0.012583333333333334,0.0,0.0,0.0,0.020849203746926337,0.0,1.0,4.0,0.0,4.0,0.00471875,0.21339792136726843,0.11684375,11.115071319863398,9.837401167408268,0.0,0.0,0.0,-0.46429183119848044,0.47244094488188976,0.0,0.0,E0001552,U004-hard-TRAVEL_MODE-001,U004,hard_negative,TRAVEL_MODE,0,0,0
0.2277720918535354,0.04158333333333333,0.0,0.0,0.0,0.06889902430275657,0.0,2.0,5.0,0.0,4.0,0.0203125,0.24180814761404884,0.1324375,8.188966863648876,9.837401167408268,0.0,0.0,0.0,-0.384105261803161,0.5882352941176471,0.0,0.0,E0001553,U004-hard-TRAVEL_MODE-001,U004,hard_negative,TRAVEL_MODE,0,0,0
0.8805886387795231,0.16025,0.0,0.0,0.0,0.2655166808300619,0.0,2.0,5.0,0.0,3.0,0.0756875,0.23787367958693625,0.13040625,8.188966863648876,9.779159394218738,0.0,0.0,0.0,-0.059309817863234505,0.5859375,0.0,0.0,E0001554,U004-hard-TRAVEL_MODE-001,U004,hard_negative,TRAVEL_MODE,0,0,0
0.06826442104244489,0.012416666666666666,0.0,0.0,0.0,0.020573055352927312,0.0,1.0,5.0,0.0,3.0,0.00465625,0.1670924011649616,0.0919375,8.45126704130007,9.778117054752261,0.0,0.0,0.0,-0.4635059110969107,0.5836575875486382,0.0,0.0,E0001555,U004-normal-058,U004,normal_user,RECURRING_NORMAL,0,0,0
0.2745686138498211,0.04975,0.0,0.0,0.0,0.08243029560870876,0.0,1.0,6.0,0.0,4.0,0.01865625,0.2009426400344349,0.11059375,8.862058677395472,9.754035815365334,0.0,0.0,0.0,-0.3600759202807806,0.6976744186046512,0.0,0.0,E0001556,U004-normal-058,U004,normal_user,DAILY_NORMAL,0,0,0
5.277754184447232,0.953450690067917,1.0,1.0,1.0,0.9331235057817114,0.0,1.0,6.0,1.0,4.0,0.3575440087754689,0.8371426608001706,0.4612627587754689,9.9066326016802,8.962007209588313,1.0,0.0,0.0,2.120786100620445,0.694980694980695,0.0,0.0,E0001557,U004-paysim-fraud-005,U004,paysim_fraud,ACCOUNT_DRAIN_TRANSFER,1,1,0
1.6388326132650257,0.3012320071564861,0.0,1.0,1.0,0.4991084099841975,0.0,2.0,7.0,1.0,4.0,0.4705060114591512,1.020091904555766,0.5742247614591512,5.484796933490655,8.871926251117628,1.0,0.0,0.0,0.31998043952174693,0.8076923076923077,0.0,0.0,E0001558,U004-paysim-fraud-005,U004,paysim_fraud,FOLLOW_UP_CASHOUT_PROXY,1,1,0
0.8347522224505179,0.15383333333333332,0.0,0.0,0.0,0.25488496766109947,0.0,1.0,8.0,0.0,5.0,0.0576875,1.1151127862944465,0.6319122614591512,10.501252050663496,9.523763287920113,0.0,0.0,0.0,-0.08313664204846125,0.9195402298850576,0.0,0.0,E0001559,U004-hard-TRAVEL_MODE-001,U004,hard_negative,TRAVEL_MODE,0,0,0
0.3307759404703611,0.06091666666666667,0.0,0.0,0.0,0.1009322380066434,0.0,2.0,9.0,0.0,5.0,0.08053125,1.1515168841433026,0.6547560114591512,8.188966863648876,9.5078490052457,0.0,0.0,0.0,-0.33714179597127986,1.0305343511450382,0.0,0.0,E0001560,U004-hard-TRAVEL_MODE-001,U004,hard_negative,TRAVEL_MODE,0,0,0
0.009074444576115283,0.0016666666666666668,0.0,0.0,0.0,0.0027614839399902435,0.0,1.0,6.0,0.0,5.0,0.000625,1.0016755592842523,0.5703185114591512,10.039896052315676,9.719432494096022,0.0,0.0,0.0,-0.4987540329698594,0.6844106463878327,0.0,0.0,E0001561,U004-normal-059,U004,normal_user,DAILY_NORMAL,0,0,0
0.10112878901747599,0.0185,0.0,0.0,0.0,0.0306524717338917,0.0,1.0,6.0,0.0,5.0,0.0069375,0.9810575043406475,0.5585997614591512,9.211739392889891,9.590692779269272,0.0,0.0,0.0,-0.451302869190103,0.6818181818181818,0.0,0.0,E0001562,U004-normal-059,U004,normal_user,DAILY_NORMAL,0,0,0
0.15818388740958506,0.028833333333333332,0.0,0.0,0.0,0.04777367216183121,0.0,1.0,5.0,0.0,4.0,0.0108125,0.17363653305826707,0.09890625,10.380187461572742,9.953362842029776,0.0,0.0,0.0,-0.4218101616616348,0.5660377358490566,0.0,0.0,E0001563,U004-normal-060,U004,normal_user,DAILY_NORMAL,0,0,0
6.4954374500420835,1.18,1.0,1.0,0.0,0.945260347129506,0.0,1.0,6.0,1.0,5.0,0.4425,0.9498738421059753,0.54140625,8.87514731685335,9.627799924932715,0.0,0.0,0.0,2.7488817044733858,0.6766917293233082,0.0,0.0,E0001564,U004-misuse-POLICY_CONFLICT-007,U004,agent_misuse,POLICY_CONFLICT,1,0,1
0.2047109137602525,0.038,0.0,0.0,0.0,0.06296183383177754,0.0,1.0,5.0,0.0,3.0,0.01425,0.8125586708466164,0.475125,10.070483943227337,9.862029939386478,0.0,0.0,0.0,-0.40132448054300485,0.5617977528089887,0.0,0.0,E0001565,U004-normal-060,U004,normal_user,DAILY_NORMAL,0,0,0
0.08376381040063476,0.0155,0.0,0.0,0.0,0.025681800641909263,0.0,1.0,6.0,0.0,4.0,0.0058125,0.8218315963698641,0.4809375,9.183791036742646,9.714189718005528,0.0,0.0,0.0,-0.4616709429206081,0.6716417910447761,0.0,0.0,E0001566,U004-normal-060,U004,normal_user,DAILY_NORMAL,0,0,0
0.34169191943517907,0.063,0.0,0.0,0.0,0.1043840929316312,0.0,1.0,1.0,0.0,1.0,0.023625,0.04035731331911564,0.023625,12.00743266454873,10.765148905158814,0.0,0.0,0.0,-0.33102387037413505,0.11152416356877323,0.0,0.0,E0001567,U004-normal-062,U004,normal_user,DAILY_NORMAL,0,0,0
0.0,0.0,0.0,0.0,0.0,0.0,0.0,2.0,2.0,0.0,2.0,0.023625,0.040303095830243926,0.023625,7.818430272070656,10.630939536788064,0.0,0.0,0.0,-0.5024206056526543,0.2222222222222222,0.0,0.0,E0001568,U004-agent-normal-008,U004,normal_agent,DELEGATED_NORMAL,0,0,0
4.078289459012778,0.75,0.0,0.0,0.0,0.9164969450101833,0.0,3.0,3.0,0.0,3.0,0.304875,0.5201018557141002,0.304875,6.46302945692067,10.598976987874432,0.0,0.0,0.0,1.5465960543713817,0.33210332103321033,0.0,0.0,E0001569,U004-normal-062,U004,normal_user,DAILY_NORMAL,0,0,0
0.6519373407975526,0.12133333333333333,0.0,1.0,0.0,0.20103603083128974,0.0,1.0,4.0,0.0,4.0,0.0455,0.5883135622817888,0.350375,8.235625719964311,10.494640766469708,0.0,0.0,0.0,-0.1765006502797525,0.4411764705882353,0.0,0.0,E0001570,U004-normal-062,U004,normal_user,DAILY_NORMAL,0,0,0
0.07622228773428882,0.014166666666666666,0.0,0.0,0.0,0.02347261348991707,0.0,1.0,5.0,0.0,5.0,0.0053125,0.595716694203485,0.3556875,8.41847721847708,10.465380745215592,0.0,0.0,0.0,-0.46869253702107627,0.5494505494505495,0.0,0.0,E0001571,U004-normal-062,U004,normal_user,DAILY_NORMAL,0,0,0
0.06299685815912541,0.011666666666666667,0.0,0.0,0.0,0.019330387579931704,0.0,2.0,6.0,0.0,6.0,0.0096875,0.6028652821507002,0.3600625,7.930565854233965,7.9523336791577615,0.0,0.0,0.0,-0.4744192362709844,0.6569343065693432,0.0,0.0,E0001572,U004-normal-062,U004,normal_user,DAILY_NORMAL,0,0,0
0.1259995765944874,0.02325,0.0,0.0,0.0,0.0385227009628639,0.0,1.0,7.0,0.0,7.0,0.00871875,0.6173126596884402,0.36878125,8.54927308487965,8.124920677094057,0.0,0.0,0.0,-0.4415808855948081,0.7636363636363637,0.0,0.0,E0001573,U004-normal-062,U004,normal_user,DAILY_NORMAL,0,0,0
0.1323153078196097,0.024333333333333332,0.0,1.0,0.0,0.04031766552385756,0.0,1.0,4.0,0.0,4.0,0.009125,0.04606287652360755,0.02753125,11.266142184089734,9.845625361691464,0.0,0.0,0.0,-0.4375948467631914,0.4347826086956522,0.0,0.0,E0001574,U004-normal-063,U004,normal_user,DAILY_NORMAL,0,0,0
0.0968396128235911,0.01775,0.0,0.0,1.0,0.029409803960896094,0.0,1.0,2.0,0.0,2.0,0.00665625,0.026390375304038375,0.01578125,9.794788135612787,9.985482200088756,0.0,0.0,0.0,-0.4546772933570096,0.21660649819494587,0.0,0.0,E0001575,U004-normal-064,U004,normal_user,DAILY_NORMAL,0,0,0
0.06113331067119356,0.011166666666666667,0.0,0.0,0.0,0.01850194239793463,0.0,1.0,3.0,0.0,3.0,0.0041875,0.033380584640730904,0.01996875,10.152961399096368,10.163402666435186,0.0,0.0,0.0,-0.4717389745055221,0.3237410071942446,0.0,0.0,E0001576,U004-normal-064,U004,normal_user,DAILY_NORMAL,0,0,0
0.04486961329287113,0.008166666666666666,0.0,0.0,0.0,0.013531271305952193,0.0,1.0,4.0,0.0,4.0,0.0030625,0.03849100449698846,0.02303125,9.148677711584076,10.213197715279762,0.0,0.0,0.0,-0.478906711339012,0.4301075268817204,0.0,0.0,E0001577,U004-agent-normal-020,U004,normal_agent,DELEGATED_NORMAL,0,0,0
0.03722077064714002,0.00675,0.0,0.0,0.0,0.011184009956960487,0.0,1.0,5.0,0.0,5.0,0.00253125,0.04271407181447887,0.0255625,8.528924114291936,10.212434418092588,0.0,0.0,0.0,-0.4816997330321976,0.5357142857142857,0.0,0.0,E0001578,U004-normal-064,U004,normal_user,DAILY_NORMAL,0,0,0
0.1743302941631336,0.0315,0.0,0.0,0.0,0.0521920464658156,0.0,2.0,6.0,0.0,6.0,0.01434375,0.062443555501379984,0.037375,7.558516743045645,9.392411897514927,0.0,0.0,0.0,-0.41219834580722403,0.6405693950177935,0.0,0.0,E0001579,U004-normal-064,U004,normal_user,DAILY_NORMAL,0,0,0
0.06846883438178679,0.012333333333333333,0.0,0.0,0.0,0.020434981155927803,0.0,1.0,6.0,0.0,6.0,0.004625,0.05488915904006277,0.032875,10.216873920776164,9.538290685655161,0.0,0.0,0.0,-0.4643295792082244,0.6382978723404255,0.0,0.0,E0001580,U004-normal-064,U004,normal_user,DAILY_NORMAL,0,0,0
0.09517062713485111,0.017083333333333332,0.0,0.0,0.0,0.028305210384899995,0.0,1.0,5.0,0.0,5.0,0.00640625,0.04746794776251823,0.0284375,10.725115894744613,9.78945622043067,0.0,0.0,0.0,-0.45010862767212395,0.5300353356890459,0.0,0.0,E0001581,U004-normal-065,U004,normal_user,DAILY_NORMAL,0,0,0
0.19750754242566396,0.035333333333333335,0.0,0.0,0.0,0.05854345952779316,0.0,1.0,5.0,0.0,5.0,0.01325,0.06444997600274235,0.038625,8.899457906353966,9.765936663978929,0.0,0.0,0.0,-0.3984469633692487,0.528169014084507,0.0,0.0,E0001582,U004-normal-065,U004,normal_user,DAILY_NORMAL,0,0,0
0.07895907931217686,0.014083333333333333,0.0,0.0,0.0,0.023334539292917556,0.0,1.0,4.0,0.0,4.0,0.00528125,0.04929189131078461,0.0295625,10.03950335645357,9.95231581121805,0.0,0.0,0.0,-0.4566585243019727,0.42105263157894735,0.0,0.0,E0001583,U004-normal-065,U004,normal_user,DAILY_NORMAL,0,0,0
0.11063980437922302,0.019666666666666666,0.0,0.0,0.0,0.03258551049188487,0.0,1.0,2.0,0.0,2.0,0.007375,0.021096572868919646,0.01265625,11.306110375768128,10.515446369409233,0.0,0.0,0.0,-0.4400929355285823,0.2097902097902098,0.0,0.0,E0001584,U004-normal-066,U004,normal_user,DAILY_NORMAL,0,0,0
0.4383721020153267,0.07766666666666666,0.0,0.0,0.0,0.12868515160354535,0.0,1.0,2.0,0.0,1.0,0.029125,0.060816553119969946,0.0365,10.214934978538171,10.515158915677812,0.0,0.0,0.0,-0.2774184925625617,0.20905923344947736,0.0,0.0,E0001585,U004-normal-066,U004,normal_user,DAILY_NORMAL,0,0,0
0.06268682853354866,0.011083333333333334,0.0,0.0,0.0,0.018363868200935118,0.0,1.0,3.0,0.0,2.0,0.00415625,0.06763232302256757,0.04065625,10.877537628766428,10.554979057827241,0.0,0.0,0.0,-0.4628200527336828,0.3125,0.0,0.0,E0001586,U004-normal-067,U004,normal_user,DAILY_NORMAL,0,0,0
0.12013015527532303,0.021166666666666667,0.0,0.0,0.0,0.035070846037876094,0.0,1.0,4.0,0.0,3.0,0.0079375,0.08081785560834442,0.04859375,8.60995467149755,10.54533091233733,0.0,0.0,0.0,-0.4335895195938464,0.4152249134948097,0.0,0.0,E0001587,U004-normal-067,U004,normal_user,DAILY_NORMAL,0,0,0
0.8573799563617479,0.15058333333333335,0.0,0.0,0.0,0.2495000739781185,0.0,1.0,4.0,0.0,3.0,0.05646875,0.16239581737606937,0.0976875,9.550804629866933,10.497587579494839,0.0,0.0,0.0,-0.07015991804234684,0.4137931034482759,0.0,0.0,E0001588,U004-normal-067,U004,normal_user,DAILY_NORMAL,0,0,0
0.0,0.0,0.0,0.0,0.0,0.0,0.0,1.0,5.0,0.0,4.0,0.0,0.16188924586310025,0.0976875,8.981052985901483,9.978353808548535,0.0,0.0,0.0,-0.492572764719438,0.5154639175257733,0.0,0.0,E0001589,U004-agent-normal-017,U004,normal_agent,DELEGATED_NORMAL,0,0,0
0.0,0.0,0.0,0.0,0.0,0.0,0.0,1.0,5.0,0.0,4.0,0.0,0.11362284242598909,0.0685625,10.510913432690595,10.062028580664679,0.0,0.0,0.0,-0.492572764719438,0.5136986301369864,0.0,0.0,E0001590,U004-agent-normal-032,U004,normal_agent,DELEGATED_NORMAL,0,0,0
0.22501880143159644,0.0395,0.0,0.0,0.0,0.06544716937776877,0.0,1.0,6.0,0.0,5.0,0.0148125,0.13817034803670872,0.083375,9.285633356011614,9.615658802661073,0.0,0.0,0.0,-0.3817346315844223,0.614334470989761,0.0,0.0,E0001591,U004-normal-068,U004,normal_user,DAILY_NORMAL,0,0,0
0.14995888105395666,0.02625,0.0,0.0,0.0,0.04349337205484633,0.0,1.0,4.0,0.0,4.0,0.00984375,0.04082731440702961,0.02465625,10.486736158228235,9.95551058060328,0.0,0.0,0.0,-0.41817949457519815,0.4081632653061224,0.0,0.0,E0001592,U004-normal-068,U004,normal_user,DAILY_NORMAL,0,0,0
0.30084096496163465,0.0525,0.0,0.0,0.0,0.08698674410969266,0.0,1.0,2.0,0.0,2.0,0.0196875,0.048873080950446054,0.02953125,11.304498097491699,10.448540674851346,0.0,0.0,0.0,-0.34340948462870635,0.20338983050847456,0.0,0.0,E0001593,U004-normal-069,U004,normal_user,RECURRING_NORMAL,0,0,0
1.8843747153634658,0.32801672586278685,0.0,1.0,0.0,0.5434877523109609,0.0,1.0,2.0,0.0,2.0,0.12300627219854507,0.23589649544361427,0.14269377219854507,10.870205203603206,10.678698474028431,0.0,0.0,0.0,0.4339797215340822,0.2027027027027027,0.0,0.0,E0001594,U004-misuse-VELOCITY_ATTACK-001,U004,agent_misuse,VELOCITY_ATTACK,1,0,0
1.1989376406464465,0.20936291981853658,0.0,1.0,0.0,0.3468914044250123,0.0,2.0,3.0,0.0,3.0,0.20151736713049628,0.36322630335668044,0.22120486713049628,4.30406509320417,10.493854219701634,0.0,0.0,0.0,0.09807486092263572,0.30303030303030304,0.0,0.0,E0001595,U004-misuse-VELOCITY_ATTACK-001,U004,agent_misuse,VELOCITY_ATTACK,1,0,0
1.1292842781499337,0.19733990114294447,0.0,1.0,0.0,0.32697058063530204,0.0,3.0,4.0,0.0,4.0,0.27551983005910047,0.48266684566584367,0.29520733005910044,4.430816798843313,10.432744275247844,0.0,0.0,0.0,0.06389463013427749,0.40268456375838924,0.0,0.0,E0001596,U004-misuse-VELOCITY_ATTACK-001,U004,agent_misuse,VELOCITY_ATTACK,1,0,0
2.286000615220858,0.39965728553165736,1.0,1.0,0.0,0.6621883052974601,0.0,4.0,5.0,1.0,5.0,0.4253913121334719,0.7247849988306648,0.44507881213347195,3.295836866004329,10.195836219478574,0.0,0.0,0.0,0.6369870136887993,0.5016722408026756,0.0,0.0,E0001597,U004-misuse-VELOCITY_ATTACK-001,U004,agent_misuse,VELOCITY_ATTACK,1,0,0
0.7094767501934921,0.12460215807858208,0.0,1.0,0.0,0.20645211505327798,0.0,5.0,6.0,1.0,6.0,0.47211712141294027,0.79441253430259,0.49180462141294023,4.454347296253507,9.265907520424639,0.0,0.0,0.0,-0.14471231110725707,0.6,0.0,0.0,E0001598,U004-misuse-VELOCITY_ATTACK-001,U004,agent_misuse,VELOCITY_ATTACK,1,0,0
2.7168888631191357,0.47666493064892,0.0,1.0,0.0,0.7897815304461335,0.0,6.0,7.0,1.0,6.0,0.6508664704062852,1.0804283275020692,0.6705539704062852,3.091042453358316,4.070734696582967,0.0,0.0,0.0,0.8558019982611159,0.6976744186046512,0.0,0.0,E0001599,U004-misuse-VELOCITY_ATTACK-001,U004,agent_misuse,VELOCITY_ATTACK,1,0,0
0.8998893174054401,0.15883565426049553,0.0,1.0,0.0,0.26317326500292076,0.0,7.0,8.0,1.0,6.0,0.7104298407539711,1.1652132389025334,0.7301173407539711,4.290459441148391,4.067315889834181,0.0,0.0,0.0,-0.050226832168852,0.794701986754967,0.0,0.0,E0001600,U004-misuse-VELOCITY_ATTACK-001,U004,agent_misuse,VELOCITY_ATTACK,1,0,0
1.9254077542845751,0.33972619657895464,1.0,1.0,0.0,0.562889061508051,0.0,8.0,9.0,2.0,7.0,0.837827164471079,1.3642072783021166,0.857514664471079,4.007333185232471,3.9627161197436642,0.0,0.0,0.0,0.46494037110842323,0.8910891089108911,0.0,0.0,E0001601,U004-misuse-VELOCITY_ATTACK-001,U004,agent_misuse,VELOCITY_ATTACK,1,0,0
1.5150955348647053,0.26819415775270344,1.0,1.0,0.0,0.4443683156599803,0.0,9.0,10.0,3.0,8.0,0.9383999736283428,1.5139788951141937,0.9580874736283429,4.875197323201151,4.29592393562047,0.0,0.0,0.0,0.2599868629217369,0.986842105263158,0.0,0.0,E0001602,U004-misuse-VELOCITY_ATTACK-001,U004,agent_misuse,VELOCITY_ATTACK,1,0,0
1.5345129557439088,0.27211883886462873,1.0,1.0,0.0,0.45087108197607906,0.0,10.0,11.0,4.0,9.0,1.0404445382025787,1.6664028515233025,1.0601320382025785,4.290459441148391,4.259859000699674,0.0,0.0,0.0,0.2707119366496755,1.0819672131147542,0.0,0.0,E0001603,U004-misuse-VELOCITY_ATTACK-001,U004,agent_misuse,VELOCITY_ATTACK,1,0,1
1.538506258224988,0.2733333333333333,1.0,1.0,0.0,0.4528833661583999,0.0,11.0,12.0,5.0,10.0,1.1429445382025785,1.8178014906377444,1.1626320382025785,7.506591780070841,6.064715008847575,0.0,0.0,0.0,0.27368138060727143,1.1764705882352942,0.0,0.0,E0001604,U004-hard-BUSINESS_BATCH-005,U004,hard_negative,BUSINESS_BATCH,0,0,0
1.5356448244934984,0.2733333333333333,1.0,1.0,0.0,0.4528833661583999,0.0,12.0,13.0,6.0,11.0,1.2454445382025785,1.9675518272597186,1.2651320382025786,6.175867270105761,6.238324625039508,0.0,0.0,0.0,0.27317207574250996,1.2703583061889252,0.0,0.0,E0001605,U004-hard-BUSINESS_BATCH-005,U004,hard_negative,BUSINESS_BATCH,0,0,0
1.5328136393458134,0.2733333333333333,1.0,1.0,0.0,0.4528833661583999,0.0,13.0,14.0,7.0,12.0,1.3479445382025785,2.1157191338232737,1.3676320382025786,6.175867270105761,6.392252065665035,0.0,0.0,0.0,0.27266560369467235,1.3636363636363635,0.0,0.0,E0001606,U004-hard-BUSINESS_BATCH-005,U004,hard_negative,BUSINESS_BATCH,0,0,0
1.5300122256612836,0.2733333333333333,1.0,1.0,0.0,0.4528833661583999,0.0,9.0,15.0,7.0,13.0,0.9783274167896385,2.26232837997112,1.4701320382025787,6.175867270105761,6.503089851044537,0.0,0.0,0.0,0.27216193829996194,1.4563106796116503,0.0,0.0,E0001607,U004-hard-BUSINESS_BATCH-005,U004,hard_negative,BUSINESS_BATCH,0,0,0
1.5272401163011466,0.2733333333333333,1.0,1.0,0.0,0.4528833661583999,0.0,5.0,16.0,5.0,14.0,0.5125,2.4074040129536405,1.5726320382025785,6.175867270105761,6.618471925163382,0.0,0.0,0.0,0.2716610537316439,1.5483870967741935,0.0,0.0,E0001608,U004-hard-BUSINESS_BATCH-005,U004,hard_negative,BUSINESS_BATCH,0,0,0
1.5244968538488464,0.2733333333333333,1.0,1.0,0.0,0.4528833661583999,0.0,6.0,17.0,6.0,15.0,0.615,2.5509699712190823,1.6751320382025785,6.175867270105761,6.175867270105761,0.0,0.0,0.0,0.27116292449448304,1.6398713826366558,0.0,0.0,E0001609,U004-hard-BUSINESS_BATCH-005,U004,hard_negative,BUSINESS_BATCH,0,0,0
1.5217819903584149,0.2733333333333333,1.0,1.0,0.0,0.4528833661583999,0.0,7.0,18.0,7.0,16.0,0.7175,2.693049697581688,1.7776320382025785,6.175867270105761,6.175867270105761,0.0,0.0,0.0,0.2706675254192929,1.7307692307692306,0.0,0.0,E0001610,U004-hard-BUSINESS_BATCH-005,U004,hard_negative,BUSINESS_BATCH,0,0,0
1.1370056216026216,0.20458333333333334,0.0,0.0,0.0,0.3389721536338024,0.0,1.0,19.0,0.0,17.0,0.07671875,2.794809596168595,1.8543507882025785,9.452972775874239,7.984121958702927,0.0,0.0,0.0,0.07130768845967432,1.8210862619808306,0.0,0.0,E0001611,U004-normal-070,U004,normal_user,DAILY_NORMAL,0,0,0
0.03795980722173763,0.006833333333333334,0.0,0.0,0.0,0.011322084153959999,0.0,1.0,20.0,0.0,18.0,0.0025625,2.7879263196171187,1.8569132882025785,8.550241045462437,8.261371477711446,0.0,0.0,0.0,-0.5017914702243258,1.910828025477707,0.0,0.0,E0001612,U004-normal-070,U004,normal_user,DAILY_NORMAL,0,0,0
0.0938146282660776,0.016833333333333332,0.0,0.0,1.0,0.027890987793901457,0.0,1.0,20.0,0.0,18.0,0.0063125,2.7674904962817233,1.8435382882025786,10.476583502028243,9.29378037921002,0.0,0.0,0.0,-0.4717223022862639,1.9047619047619047,0.0,0.0,E0001613,U004-normal-071,U004,normal_user,DAILY_NORMAL,0,0,0
0.2641343632171945,0.04725,0.0,0.0,0.0,0.0782880696987234,0.0,1.0,4.0,0.0,4.0,0.01771875,0.15504211583325256,0.1033125,10.672599908151774,9.873306656834567,0.0,0.0,0.0,-0.3823957451138694,0.379746835443038,0.0,0.0,E0001614,U004-normal-071,U004,normal_user,DAILY_NORMAL,0,0,0
0.038293569784040346,0.006833333333333334,0.0,0.0,0.0,0.011322084153959999,0.0,1.0,4.0,0.0,3.0,0.0025625,0.04371633160352758,0.02915625,8.638879709672837,9.925180548821192,0.0,0.0,0.0,-0.4992386329163316,0.37854889589905366,0.0,0.0,E0001615,U004-normal-071,U004,normal_user,DAILY_NORMAL,0,0,0
0.08760886559570827,0.015583333333333333,0.0,0.0,0.0,0.025819874838908775,0.0,1.0,4.0,0.0,2.0,0.00584375,0.04862994785473005,0.0324375,9.938661627543782,10.00027845371309,0.0,0.0,0.0,-0.47271237950222517,0.37735849056603776,0.0,0.0,E0001616,U004-normal-071,U004,normal_user,DAILY_NORMAL,0,0,0
0.17293093977359003,0.030666666666666665,0.0,0.0,0.0,0.05081130449582048,0.0,1.0,2.0,0.0,2.0,0.0115,0.02599397070661449,0.01734375,11.25132690727447,10.502197672012638,0.0,0.0,0.0,-0.4277605557411653,0.18808777429467086,0.0,0.0,E0001617,U004-normal-072,U004,normal_user,DAILY_NORMAL,0,0,0
0.28178448318404875,0.049833333333333334,0.0,0.0,0.0,0.08256836980570828,0.0,1.0,2.0,0.0,2.0,0.0186875,0.04521758135658449,0.0301875,9.481206851499401,10.371069501880664,0.0,0.0,0.0,-0.3709466324438334,0.1875,0.0,0.0,E0001618,U004-normal-072,U004,normal_user,DAILY_NORMAL,0,0,0
8.80620127480624,1.5536772974746353,1.0,1.0,1.0,0.9578712173425802,0.0,1.0,3.0,1.0,3.0,0.5826289865529882,0.9170765462330692,0.6128164865529883,8.970432074329242,10.12120038415035,0.0,0.0,0.0,4.027958570287426,0.28037383177570097,0.0,0.0,E0001619,U004-paysim-fraud-001,U004,paysim_fraud,ACCOUNT_DRAIN_TRANSFER,1,1,1
0.3776149929344295,0.06833333333333333,0.0,1.0,1.0,0.11322084153959998,0.0,2.0,4.0,1.0,3.0,0.6082539865529882,0.9284406062917331,0.6384414865529883,4.795790545596741,10.075733520632479,0.0,0.0,0.0,-0.3214700826484468,0.3726708074534162,0.0,0.0,E0001620,U004-paysim-fraud-001,U004,paysim_fraud,FOLLOW_UP_CASHOUT_PROXY,1,1,0
0.34885447798541513,0.063,0.0,0.0,0.0,0.1043840929316312,0.0,1.0,5.0,0.0,4.0,0.023625,0.9616023255085323,0.6620664865529884,10.46147344147898,10.188846929618263,0.0,0.0,0.0,-0.3361336045659573,0.46439628482972134,0.0,0.0,E0001621,U004-normal-073,U004,normal_user,DAILY_NORMAL,0,0,0
0.5257848917715942,0.09475,0.0,0.0,0.0,0.15699036198844535,0.0,1.0,6.0,0.0,5.0,0.03553125,1.0120512540083042,0.6975977365529884,8.70251025718999,9.42641902556827,0.0,0.0,0.0,-0.24463284126501805,0.5555555555555555,0.0,0.0,E0001622,U004-normal-073,U004,normal_user,DAILY_NORMAL,0,0,0
0.16302779843252616,0.029333333333333333,0.0,0.0,0.0,0.048602117343828286,0.0,1.0,6.0,0.0,4.0,0.011,1.009591139613836,0.6970977365529883,10.254426074622923,9.646748437209995,0.0,0.0,0.0,-0.4317627724045484,0.5538461538461538,0.0,0.0,E0001623,U004-normal-073,U004,normal_user,DAILY_NORMAL,0,0,0
0.10820733420834214,0.019416666666666665,0.0,0.0,0.0,0.03217128790088634,0.0,1.0,4.0,0.0,3.0,0.00728125,0.11209148354395175,0.0774375,10.736396675471232,10.047501312675033,0.0,0.0,0.0,-0.4594000730655422,0.36809815950920244,0.0,0.0,E0001624,U004-normal-074,U004,normal_user,DAILY_NORMAL,0,0,0
4.918355397132004,0.88,1.0,1.0,0.0,0.9279437609841827,0.0,1.0,3.0,1.0,3.0,0.33,0.5039632143740455,0.34828125,9.423514392252901,10.148353455922653,0.0,0.0,0.0,2.015261439288829,0.27522935779816515,0.0,0.0,E0001625,U004-hard-EMERGENCY_LARGE_TRANSFER-004,U004,hard_negative,EMERGENCY_LARGE_TRANSFER,0,0,0
0.13338253601619351,0.024166666666666666,0.0,0.0,0.0,0.04004151712985853,0.0,2.0,4.0,1.0,4.0,0.3390625,0.5089752945534503,0.35734375,6.625392368007956,9.836877554036684,0.0,0.0,0.0,-0.4491436675203969,0.36585365853658536,0.0,0.0,E0001626,U004-agent-normal-026,U004,normal_agent,DELEGATED_NORMAL,0,0,0
0.09962460140876551,0.018,0.0,0.0,0.0,0.02982402655189463,0.0,1.0,5.0,0.0,5.0,0.00675,0.5183664840181881,0.36409375,8.220672170297252,9.811975152030021,0.0,0.0,0.0,-0.46593800088035536,0.45592705167173253,0.0,0.0,E0001627,U004-normal-074,U004,normal_user,DAILY_NORMAL,0,0,0
0.22480409701091195,0.0405,0.0,0.0,0.0,0.06710405974176292,0.0,1.0,5.0,0.0,5.0,0.0151875,0.5241603915941748,0.36828125,10.334945240918547,9.83774297106676,0.0,0.0,0.0,-0.4005040680598728,0.45454545454545453,0.0,0.0,E0001628,U004-normal-074,U004,normal_user,DAILY_NORMAL,0,0,0
0.0,0.0,0.0,0.0,0.0,0.0,0.0,1.0,2.0,0.0,2.0,0.0,0.02160021504323501,0.0151875,11.021853447691074,9.988141152151924,0.0,0.0,0.0,-0.5160623144154196,0.18126888217522658,0.0,0.0,E0001629,U004-agent-normal-034,U004,normal_agent,DELEGATED_NORMAL,0,0,0
1.2877180051985535,0.23141666666666666,0.0,0.0,0.0,0.3834320450676453,0.0,1.0,3.0,0.0,3.0,0.08678125,0.14502366602073216,0.10196875,9.921425697667141,10.0589516551602,0.0,0.0,0.0,0.1484804196617533,0.2710843373493976,0.0,0.0,E0001630,U004-normal-075,U004,normal_user,DAILY_NORMAL,0,0,0
0.0713457072836528,0.012833333333333334,0.0,0.0,0.0,0.021263426337924874,0.0,2.0,4.0,0.0,4.0,0.09159375,0.15124593542987944,0.10678125,7.200424892944957,10.063955379961481,0.0,0.0,0.0,-0.48043140356939806,0.3603603603603604,0.0,0.0,E0001631,U004-normal-075,U004,normal_user,DAILY_NORMAL,0,0,0
0.13893144527107107,0.024916666666666667,0.0,1.0,0.0,0.04128418490285414,0.0,1.0,4.0,0.0,4.0,0.00934375,0.1429363173198151,0.1009375,8.297045149081827,10.066464876954896,0.0,0.0,0.0,-0.44469700631820636,0.3592814371257485,0.0,0.0,E0001632,U004-normal-075,U004,normal_user,DAILY_NORMAL,0,0,0
0.05078563508132075,0.009083333333333334,0.0,1.0,0.0,0.015050087472946828,0.0,1.0,5.0,0.0,5.0,0.00340625,0.14769472378631693,0.10434375,8.837971491357209,9.839503544294526,0.0,0.0,0.0,-0.48950616754103815,0.44776119402985076,0.0,0.0,E0001633,U004-normal-075,U004,normal_user,DAILY_NORMAL,0,0,0
0.09066058304508198,0.016166666666666666,0.0,0.0,0.0,0.026786394217905362,0.0,1.0,6.0,0.0,6.0,0.0060625,0.15625085688881327,0.11040625,10.14753116795808,9.361050855393414,0.0,0.0,0.0,-0.4681009341641806,0.5357142857142857,0.0,0.0,E0001634,U004-normal-076,U004,normal_user,DAILY_NORMAL,0,0,0
0.030463079486090904,0.005416666666666667,0.0,1.0,0.0,0.008974822804968292,0.0,1.0,7.0,0.0,6.0,0.00203125,0.1590800580420248,0.1124375,9.359535938338036,9.19786285046507,0.0,0.0,0.0,-0.49827434672242454,0.6231454005934719,0.0,0.0,E0001635,U004-normal-076,U004,normal_user,DAILY_NORMAL,0,0,0
0.5626995384014357,0.09975,0.0,0.0,0.0,0.16527481380841608,0.0,1.0,8.0,0.0,7.0,0.03740625,0.2119832721800492,0.14984375,8.452974619089586,9.263482955374268,0.0,0.0,0.0,-0.22432361376548426,0.7100591715976331,0.0,0.0,E0001636,U004-normal-076,U004,normal_user,DAILY_NORMAL,0,0,0
0.0880274075966855,0.015583333333333333,0.0,0.0,0.0,0.025819874838908775,0.0,2.0,9.0,0.0,7.0,0.04325,0.21986257251672145,0.1556875,8.031710375322042,9.245591678988818,0.0,0.0,0.0,-0.46787350198813554,0.7964601769911503,0.0,0.0,E0001637,U004-agent-normal-007,U004,normal_agent,DELEGATED_NORMAL,0,0,0
0.032101166973448766,0.005666666666666667,0.0,0.0,0.0,0.009389045395966827,0.0,1.0,10.0,0.0,8.0,0.002125,0.2228022171741565,0.1578125,8.647519453091812,9.222249179800318,0.0,0.0,0.0,-0.495758901774583,0.8823529411764706,0.0,0.0,E0001638,U004-normal-076,U004,normal_user,DAILY_NORMAL,0,0,0
0.5345806814211559,0.09408333333333334,0.0,0.0,0.0,0.15588576841244925,0.0,1.0,10.0,0.0,8.0,0.03528125,0.27258559191897314,0.19309375,8.782322859397507,8.75112632527377,0.0,0.0,0.0,-0.23795086539538052,0.8797653958944281,0.0,0.0,E0001639,U004-normal-076,U004,normal_user,DAILY_NORMAL,0,0,0
0.009009468207232455,0.0015833333333333333,0.0,0.0,0.0,0.002623409742990731,0.0,2.0,11.0,0.0,9.0,0.035875,0.2729705912421057,0.1936875,7.8636512654486515,8.41542621126854,0.0,0.0,0.0,-0.5066655937610611,0.9649122807017544,0.0,0.0,E0001640,U004-normal-076,U004,normal_user,DAILY_NORMAL,0,0,0
0.17979090983981366,0.0315,0.0,0.0,0.0,0.0521920464658156,0.0,1.0,12.0,0.0,10.0,0.0118125,0.2896102839277422,0.2055,9.401704256754366,8.699548080987983,0.0,0.0,0.0,-0.41854810061707154,1.0495626822157433,0.0,0.0,E0001641,U004-normal-076,U004,normal_user,DAILY_NORMAL,0,0,0
0.2274530331058596,0.03975,0.0,0.0,0.0,0.06586139196876731,0.0,1.0,8.0,0.0,7.0,0.01490625,0.15493656052881002,0.11,10.643661438523829,9.5302475917227,0.0,0.0,0.0,-0.39373173939308537,0.6976744186046512,0.0,0.0,E0001642,U004-normal-077,U004,normal_user,DAILY_NORMAL,0,0,0
0.17828408946984617,0.031083333333333334,0.0,0.0,0.0,0.05150167548081804,0.0,1.0,9.0,0.0,7.0,0.01165625,0.17123471446227184,0.12165625,8.216358332386156,9.500843461614666,0.0,0.0,0.0,-0.41834127003002775,0.782608695652174,0.0,0.0,E0001643,U004-normal-077,U004,normal_user,DAILY_NORMAL,0,0,0
0.031625718430876276,0.0055,0.0,1.0,0.0,0.009112897001967803,0.0,1.0,8.0,0.0,6.0,0.0020625,0.11856347318331015,0.08428125,9.331938343723671,9.569831347174397,0.0,0.0,0.0,-0.49238911438723626,0.6936416184971098,0.0,0.0,E0001644,U004-agent-normal-019,U004,normal_agent,DELEGATED_NORMAL,0,0,0
0.030758172544104775,0.005333333333333333,0.0,0.0,0.0,0.00883674860796878,0.0,1.0,5.0,0.0,3.0,0.002,0.0596935951527643,0.0424375,10.075422016443596,9.828559243998503,0.0,0.0,0.0,-0.49194420637364117,0.43227665706051877,0.0,0.0,E0001645,U004-normal-077,U004,normal_user,DAILY_NORMAL,0,0,0
3.1620280957707747,0.5466666666666666,1.0,1.0,0.0,0.8888888888888888,0.0,1.0,2.0,1.0,2.0,0.205,0.29114381310306936,0.207,11.207201614017682,10.337417013061375,0.0,0.0,0.0,1.0953806381775286,0.1724137931034483,0.0,0.0,E0001646,U004-hard-NEW_RECIPIENT_NORMAL-002,U004,hard_negative,NEW_RECIPIENT_NORMAL,0,0,0
0.13121286075916191,0.022833333333333334,0.0,0.0,0.0,0.037832329977866334,0.0,1.0,2.0,0.0,2.0,0.0085625,0.29751449582883627,0.2135625,9.93183202554527,10.188516107522345,0.0,0.0,0.0,-0.4429187578278218,0.17191977077363899,0.0,0.0,E0001647,U004-normal-078,U004,normal_user,DAILY_NORMAL,0,0,0
0.205979756293252,0.03575,0.0,0.0,0.0,0.05923383051279072,0.0,2.0,3.0,0.0,2.0,0.02196875,0.31606510678763,0.22696875,7.355001921105257,10.17231549772332,0.0,0.0,0.0,-0.40423063590789526,0.2571428571428572,0.0,0.0,E0001648,U004-normal-078,U004,normal_user,DAILY_NORMAL,0,0,0
0.12369162231241979,0.021416666666666667,0.0,1.0,0.0,0.03548506862887463,0.0,1.0,4.0,0.0,3.0,0.00803125,0.327045497089704,0.235,11.014933799184323,10.493078144937773,0.0,0.0,0.0,-0.4456181748589618,0.3418803418803419,0.0,0.0,E0001649,U004-normal-079,U004,normal_user,DAILY_NORMAL,0,0,0
1.3311955303498684,0.22988416945000917,1.0,1.0,0.0,0.38089286519651766,0.0,1.0,4.0,1.0,3.0,0.08620656354375343,0.16166246526367717,0.11620656354375343,8.701180027529253,10.389506007150395,0.0,0.0,0.0,0.16817817897807552,0.34090909090909094,0.0,0.0,E0001650,U004-misuse-LOW_AND_SLOW_ATTACK-008,U004,agent_misuse,LOW_AND_SLOW_ATTACK,1,0,0
0.09159561980114926,0.015833333333333335,0.0,0.0,0.0,0.026234097429907312,0.0,1.0,5.0,0.0,4.0,0.0059375,0.16924593061941717,0.12214406354375344,8.728426091704613,9.853246336099382,0.0,0.0,0.0,-0.46241036637059985,0.4249291784702549,0.0,0.0,E0001651,U004-normal-079,U004,normal_user,DAILY_NORMAL,0,0,0
2.228670936413718,0.3842061765810935,0.0,1.0,0.0,0.6365875117642472,0.0,2.0,6.0,0.0,4.0,0.15001481621791007,0.36878200153171903,0.2662213797616635,6.933423025730715,9.62312529144656,0.0,0.0,0.0,0.6244753280949424,0.5084745762711864,0.0,0.0,E0001652,U004-misuse-LOW_AND_SLOW_ATTACK-008,U004,agent_misuse,LOW_AND_SLOW_ATTACK,1,0,0
1.4787078016430164,0.2558503235786237,0.0,1.0,0.0,0.4239159357622059,0.0,1.0,7.0,0.0,5.0,0.09594387134198389,0.4983722837860458,0.3621652511036474,8.881975184248867,9.695084819543418,0.0,0.0,0.0,0.2444166422422954,0.5915492957746479,0.0,0.0,E0001653,U004-misuse-LOW_AND_SLOW_ATTACK-008,U004,agent_misuse,LOW_AND_SLOW_ATTACK,1,0,0
0.10773248790181451,0.018666666666666668,0.0,0.0,0.0,0.030928620127890726,0.0,1.0,7.0,0.0,6.0,0.007,0.4940478786006959,0.36060275110364737,8.480736654405622,8.526509658053586,0.0,0.0,0.0,-0.45685527839348683,0.5898876404494382,0.0,0.0,E0001654,U004-normal-079,U004,normal_user,DAILY_NORMAL,0,0,0
2.4363142074198896,0.4210225864700137,1.0,1.0,0.0,0.6975882665460579,0.0,2.0,7.0,1.0,6.0,0.16488346992625513,0.691769382702952,0.5050799710299025,7.7752758464868625,8.371242135931933,0.0,0.0,0.0,0.7343352713543236,0.5882352941176471,0.0,0.0,E0001655,U004-misuse-LOW_AND_SLOW_ATTACK-008,U004,agent_misuse,LOW_AND_SLOW_ATTACK,1,0,0
0.11284396496122932,0.019583333333333335,0.0,1.0,0.0,0.03244743629488536,0.0,1.0,8.0,0.0,7.0,0.00734375,0.696804963840495,0.5124237210299025,8.497806477616047,8.310562548476241,0.0,0.0,0.0,-0.4558033175504531,0.6703910614525139,0.0,0.0,E0001656,U004-normal-079,U004,normal_user,DAILY_NORMAL,0,0,0
1.8104930574000502,0.31337941437433636,0.0,1.0,0.0,0.5192353319509665,0.0,2.0,9.0,0.0,7.0,0.12486103039037613,0.8563224808459112,0.6299410014202786,7.739794458408701,8.371242135931933,0.0,0.0,0.0,0.4158139488583402,0.7520891364902507,0.0,0.0,E0001657,U004-misuse-LOW_AND_SLOW_ATTACK-008,U004,agent_misuse,LOW_AND_SLOW_ATTACK,1,0,0
0.06580133555662308,0.011416666666666667,0.0,1.0,1.0,0.018916164988933167,0.0,1.0,10.0,0.0,7.0,0.00428125,0.8575757076836145,0.6342222514202787,8.72891172506098,8.322782858924901,0.0,0.0,0.0,-0.4810028669901282,0.8333333333333334,0.0,0.0,E0001658,U004-normal-080,U004,normal_user,DAILY_NORMAL,0,0,0
2.1791324060072927,0.3770511768218947,0.0,1.0,1.0,0.6247324616088503,0.0,2.0,11.0,0.0,7.0,0.14567544130821053,1.0485622222723534,0.7756164427284892,6.930494765951626,8.118802996980035,0.0,0.0,0.0,0.6061387926085365,0.9141274238227147,0.0,0.0,E0001659,U004-misuse-LOW_AND_SLOW_ATTACK-008,U004,agent_misuse,LOW_AND_SLOW_ATTACK,1,0,0
2.5091845451538486,0.43565198864468313,1.0,1.0,1.0,0.7218275820402626,0.0,1.0,12.0,1.0,8.0,0.1633694957417562,1.2613855707485897,0.9389859384702455,8.881975184248867,8.371242135931933,0.0,0.0,0.0,0.7791907769484305,0.994475138121547,0.0,0.0,E0001660,U004-misuse-LOW_AND_SLOW_ATTACK-008,U004,agent_misuse,LOW_AND_SLOW_ATTACK,1,0,0
1.5138971648938053,0.26400042532780477,0.0,1.0,1.0,0.43741976081599576,0.0,1.0,13.0,0.0,8.0,0.09900015949792677,1.3842509507077185,1.0379860979681723,8.881975184248867,8.472279503992725,0.0,0.0,0.0,0.26664170505359425,1.0743801652892562,0.0,0.0,E0001661,U004-misuse-LOW_AND_SLOW_ATTACK-008,U004,agent_misuse,LOW_AND_SLOW_ATTACK,1,0,0
0.17845785976139242,0.031166666666666665,0.0,0.0,1.0,0.05163974967781755,0.0,2.0,14.0,0.0,9.0,0.11068765949792678,1.393703817653125,1.0496735979681722,8.009695357742922,8.501632753298182,0.0,0.0,0.0,-0.4274779393383929,1.153846153846154,0.0,0.0,E0001662,U004-normal-080,U004,normal_user,DAILY_NORMAL,0,0,0
2.161059602805965,0.37652082910212425,0.0,1.0,0.0,0.6238537335823964,0.0,1.0,15.0,0.0,9.0,0.1411953109132966,1.5803583804386194,1.1908689088814688,8.340933226000878,8.417461250017228,0.0,0.0,0.0,0.60342015158647,1.2328767123287672,0.0,0.0,E0001663,U004-misuse-LOW_AND_SLOW_ATTACK-008,U004,agent_misuse,LOW_AND_SLOW_ATTACK,1,0,0
0.0824692177519394,0.014416666666666666,0.0,1.0,0.0,0.023886836080915606,0.0,2.0,16.0,0.0,9.0,0.1466015609132966,1.5776788910108193,1.1962751588814688,8.158229916959494,8.521025837436413,0.0,0.0,0.0,-0.47888982337787134,1.3114754098360657,0.0,0.0,E0001664,U004-normal-080,U004,normal_user,DAILY_NORMAL,0,0,0
0.08651091638327137,0.015083333333333334,0.0,0.0,0.0,0.024991429656911705,0.0,2.0,17.0,0.0,10.0,0.0110625,1.5847618611114087,1.2019314088814688,7.535830462798367,8.282432420761838,0.0,0.0,0.0,-0.47605111939990064,1.3896457765667576,0.0,0.0,E0001665,U004-normal-080,U004,normal_user,DAILY_NORMAL,0,0,0
1.8581843618403353,0.3231297793633041,1.0,1.0,0.0,0.5353906177466131,0.0,2.0,18.0,1.0,11.0,0.12682991726123904,1.744097310574723,1.323105076142708,7.515889085215125,7.9658927350845286,0.0,0.0,0.0,0.44655476085951257,1.467391304347826,0.0,0.0,E0001666,U004-misuse-LOW_AND_SLOW_ATTACK-008,U004,agent_misuse,LOW_AND_SLOW_ATTACK,1,0,0
0.09991099625205549,0.017416666666666667,0.0,0.0,0.0,0.028857507172898044,0.0,1.0,19.0,0.0,11.0,0.00653125,1.743424174954577,1.3296363261427078,8.862483576488332,8.213761068873191,0.0,0.0,0.0,-0.4700464487775352,1.5447154471544715,0.0,0.0,E0001667,U004-normal-080,U004,normal_user,DAILY_NORMAL,0,0,0
1.753155469371743,0.30482955028022973,0.0,1.0,0.0,0.5050691445199817,0.0,2.0,20.0,0.0,12.0,0.12084233135508615,1.8927689869443838,1.4439474074977938,4.941642422609304,7.9658927350845286,0.0,0.0,0.0,0.39274234565814103,1.6216216216216215,0.0,0.0,E0001668,U004-misuse-LOW_AND_SLOW_ATTACK-008,U004,agent_misuse,LOW_AND_SLOW_ATTACK,1,0,0
1.7366692620540134,0.302609108361739,0.0,1.0,0.0,0.5013901157014258,0.0,1.0,21.0,0.0,12.0,0.11347841563565213,2.0313736586148403,1.5574258231334461,8.881975184248867,8.195002486500794,0.0,0.0,0.0,0.3854308995357666,1.6981132075471697,0.0,0.0,E0001669,U004-misuse-LOW_AND_SLOW_ATTACK-008,U004,agent_misuse,LOW_AND_SLOW_ATTACK,1,0,0
0.8614413313213223,0.15041666666666667,0.0,0.0,0.0,0.24922392558411946,0.0,1.0,18.0,0.0,10.0,0.05640625,1.7775926886859192,1.3695794433717825,9.778830947936573,8.821614379872294,0.0,0.0,0.0,-0.07273404047332893,1.4516129032258065,0.0,0.0,E0001670,U004-normal-080,U004,normal_user,DAILY_NORMAL,0,0,0
0.20052466945120412,0.035,0.0,0.0,1.0,0.05799116273979511,0.0,1.0,11.0,0.0,8.0,0.013125,0.8907517957727724,0.6879711346632007,10.54381395691249,9.54682689420964,0.0,0.0,0.0,-0.4200974957265137,0.8847184986595175,0.0,0.0,E0001671,U004-normal-081,U004,normal_user,DAILY_NORMAL,0,0,0
0.04785173308632384,0.008333333333333333,0.0,1.0,0.0,0.013807419699951218,0.0,1.0,9.0,0.0,8.0,0.003125,0.5683500467502511,0.43921316425197726,9.296151028389293,9.600150240473774,0.0,0.0,0.0,-0.49977562992910934,0.7219251336898396,0.0,0.0,E0001672,U004-agent-normal-000,U004,normal_agent,DELEGATED_NORMAL,0,0,0
0.14969778500053565,0.026,0.0,0.0,0.0,0.0430791494638478,0.0,1.0,4.0,0.0,4.0,0.00975,0.10662085648401376,0.08240625,10.528382658579849,10.008351945145264,0.0,0.0,0.0,-0.4455938799018001,0.32,0.0,0.0,E0001673,U004-normal-081,U004,normal_user,DAILY_NORMAL,0,0,0
0.14861234795176742,0.02575,0.0,0.0,0.0,0.042664926872849264,0.0,1.0,2.0,0.0,2.0,0.00965625,0.025098112120433922,0.01940625,11.10076801300094,10.434568642227878,0.0,0.0,0.0,-0.4456008280886499,0.1595744680851064,0.0,0.0,E0001674,U004-normal-082,U004,normal_user,DAILY_NORMAL,0,0,0
0.32685879081584296,0.0565,0.0,0.0,0.0,0.09361430556566926,0.0,1.0,3.0,0.0,3.0,0.0211875,0.05247807006350176,0.04059375,9.281916570465405,10.393067067687882,0.0,0.0,0.0,-0.35186637089493517,0.2387267904509284,0.0,0.0,E0001675,U004-normal-082,U004,normal_user,DAILY_NORMAL,0,0,0
1.1649917919268653,0.201,0.0,0.0,0.0,0.3330349631628234,0.0,2.0,4.0,0.0,4.0,0.0965625,0.14978327512301298,0.11596875,8.1101268019411,10.154627521155389,0.0,0.0,0.0,0.08618856931365222,0.31746031746031744,0.0,0.0,E0001676,U004-normal-082,U004,normal_user,DAILY_NORMAL,0,0,0
0.28242454124318095,0.04875,0.0,0.0,0.0,0.08077340524471462,0.0,1.0,4.0,0.0,4.0,0.01828125,0.16028196186792493,0.1245,10.94379959925603,10.458837110181584,0.0,0.0,0.0,-0.3755376214456737,0.316622691292876,0.0,0.0,E0001677,U004-normal-083,U004,normal_user,DAILY_NORMAL,0,0,0
0.12577202086651335,0.021666666666666667,0.0,1.0,0.0,0.03589929121987317,0.0,1.0,4.0,0.0,4.0,0.008125,0.1581865231546122,0.12296875,10.031132906371798,10.371094562182014,0.0,0.0,0.0,-0.4571555395397419,0.31578947368421056,0.0,0.0,E0001678,U004-normal-083,U004,normal_user,DAILY_NORMAL,0,0,0
0.35058963773522844,0.06025,0.0,0.0,0.0,0.0998276444306473,0.0,1.0,2.0,0.0,2.0,0.02259375,0.03950271817401361,0.03071875,11.215421986687424,10.420267414590333,0.0,0.0,0.0,-0.33914371104477226,0.15748031496062992,0.0,0.0,E0001679,U004-normal-084,U004,normal_user,DAILY_NORMAL,0,0,0
0.19965502855315925,0.03425,0.0,0.0,0.0,0.056748494966799505,0.0,1.0,1.0,0.0,1.0,0.01284375,0.01650041558290572,0.01284375,11.433676608779873,10.816978368300951,0.0,0.0,0.0,-0.4177287397854088,0.07853403141361257,0.0,0.0,E0001680,U004-normal-085,U004,normal_user,DAILY_NORMAL,0,0,0
0.6898651998370601,0.11808333333333333,0.0,0.0,0.0,0.19565113714830876,0.0,1.0,2.0,0.0,2.0,0.04428125,0.07334836707923482,0.057125,9.462498888358917,10.85453134012015,0.0,0.0,0.0,-0.16169812588799562,0.15665796344647517,0.0,0.0,E0001681,U004-normal-085,U004,normal_user,DAILY_NORMAL,0,0,0
0.06724231299136271,0.0115,0.0,0.0,0.0,0.01905423918593268,0.0,1.0,3.0,0.0,3.0,0.0043125,0.07873638316915968,0.0614375,8.708474489581665,10.63726310887343,0.0,0.0,0.0,-0.4865576866504323,0.234375,0.0,0.0,E0001682,U004-normal-085,U004,normal_user,DAILY_NORMAL,0,0,0
2.9554740622379985,0.5041666666666667,0.0,1.0,0.0,0.8353488918470486,0.0,2.0,4.0,0.0,3.0,0.193375,0.3209738529047527,0.2505,8.140898460607852,10.540074963562272,0.0,0.0,0.0,1.0185047061458232,0.3116883116883117,0.0,0.0,E0001683,U004-normal-085,U004,normal_user,RECURRING_NORMAL,0,0,0
0.5349968224952004,0.09175,0.0,0.0,0.0,0.1520196908964629,0.0,2.0,5.0,0.0,3.0,0.22346875,0.36213544021328703,0.28490625,7.475905969367397,10.056208639553791,0.0,0.0,0.0,-0.24347499623875707,0.38860103626943004,0.0,0.0,E0001684,U004-normal-085,U004,normal_user,DAILY_NORMAL,0,0,0
0.5001567311037113,0.08566666666666667,0.0,0.0,0.0,0.1419402745154985,0.0,1.0,6.0,0.0,3.0,0.032125,0.40238194973200003,0.31703125,11.015969872723101,9.740462612683764,0.0,0.0,0.0,-0.2617213043972093,0.46511627906976744,0.0,0.0,E0001685,U004-normal-086,U004,normal_user,DAILY_NORMAL,0,0,0
0.38195988611989107,0.06533333333333333,0.0,0.0,0.0,0.10825017044761755,0.0,1.0,2.0,0.0,2.0,0.0245,0.07177195470893921,0.056625,10.542864689886246,9.998752276761909,0.0,0.0,0.0,-0.32358037260479516,0.15463917525773196,0.0,0.0,E0001686,U004-normal-086,U004,normal_user,DAILY_NORMAL,0,0,0
0.7612938714381724,0.13,0.0,0.0,0.0,0.215395747319239,0.0,1.0,1.0,0.0,1.0,0.04875,0.061726530116608565,0.04875,11.713504338035014,10.719524706120602,0.0,0.0,0.0,-0.12491922226786105,0.07712082262210797,0.0,0.0,E0001687,U004-normal-088,U004,normal_user,DAILY_NORMAL,0,0,0
0.5088326548247586,0.08683333333333333,0.0,0.0,0.0,0.14387331327349168,0.0,1.0,2.0,0.0,2.0,0.0325625,0.10274528311101047,0.0813125,10.419778215733176,10.844416261361813,0.0,0.0,0.0,-0.25721282938365436,0.15384615384615385,0.0,0.0,E0001688,U004-normal-088,U004,normal_user,DAILY_NORMAL,0,0,0
0.07285633500423339,0.012416666666666666,0.0,0.0,0.0,0.020573055352927312,0.0,2.0,3.0,0.0,3.0,0.03721875,0.10848007014323774,0.08596875,8.0925452638913,10.850272571279703,0.0,0.0,0.0,-0.4854922261187464,0.23017902813299232,0.0,0.0,E0001689,U004-normal-088,U004,normal_user,RECURRING_NORMAL,0,0,0
1.2303696710597223,0.20916666666666667,0.0,0.0,0.0,0.34656623446877555,0.0,2.0,4.0,0.0,3.0,0.08309375,0.20741617464015888,0.16440625,7.613324979540639,10.591260316758618,0.0,0.0,0.0,0.12045517843804186,0.30612244897959184,0.0,0.0,E0001690,U004-normal-088,U004,normal_user,DAILY_NORMAL,0,0,0
0.18419689886636043,0.03133333333333333,0.0,1.0,0.0,0.051915898071816576,0.0,1.0,5.0,0.0,4.0,0.01175,0.22150939787867088,0.17615625,9.36220272128543,10.449653292747147,0.0,0.0,0.0,-0.4273915313357231,0.3816793893129771,0.0,0.0,E0001691,U004-normal-088,U004,normal_user,DAILY_NORMAL,0,0,0
1.4864864864864864,0.125,0.0,0.0,0.0,0.012312735189597235,0.0,1.0,1.0,0.0,1.0,0.03235294117647059,0.27527527527527523,0.03235294117647059,11.366754528799243,11.366754528799243,0.0,0.0,0.0,0.46332046332046334,0.18518518518518517,0.0,0.0,E0001692,U005-normal-000,U005,normal_user,DAILY_NORMAL,0,0,0
0.5018181818181818,0.06272727272727273,1.0,1.0,0.0,0.006255780150449252,0.0,2.0,2.0,1.0,2.0,0.04858823529411765,45.054545454545455,0.04858823529411765,7.4067107301776405,7.4067107301776405,0.0,0.0,0.0,-0.7405405405405405,6.666666666666667,1.0,0.0,E0001693,U005-normal-000,U005,normal_user,DAILY_NORMAL,0,0,0
0.19661016949152543,0.018454545454545456,1.0,0.0,0.0,0.0018520546999879891,0.0,1.0,3.0,1.0,3.0,0.004776470588235294,32.949152542372886,0.05336470588235294,9.140132476932687,8.609681210851388,0.0,0.0,0.0,-2.421897810218978,10.0,1.0,0.0,E0001694,U005-normal-000,U005,normal_user,DAILY_NORMAL,0,0,0
2.507275132275132,0.17231818181818181,1.0,0.0,0.0,0.01732553455606512,0.0,2.0,4.0,1.0,4.0,0.04937647058823529,55.07275132275132,0.09796470588235294,7.614312146452,8.37378460812088,0.0,0.0,0.0,2.3703158113520812,13.333333333333334,1.0,0.0,E0001695,U005-normal-000,U005,normal_user,DAILY_NORMAL,0,0,0
1.419959168968416,0.13436363636363635,1.0,1.0,0.0,0.01374762310103922,0.0,1.0,5.0,1.0,5.0,0.0347764705882353,40.649693767263116,0.13274117647058822,10.13618531665515,9.165238398063762,0.0,0.0,0.0,0.6770886642376721,16.666666666666668,0.0,0.0,E0001696,U005-normal-000,U005,normal_user,DAILY_NORMAL,0,0,0
0.6288221217761234,0.0645,1.0,0.0,0.0,0.006691408135812883,0.0,2.0,6.0,1.0,6.0,0.051470588235294115,33.77293273065674,0.14943529411764706,7.925157512224703,9.01193821255042,0.0,0.0,0.0,-0.6941477950778192,20.0,0.0,0.0,E0001697,U005-normal-000,U005,normal_user,DAILY_NORMAL,0,0,0
1.2182333490788853,0.11722727272727272,1.0,1.0,0.0,0.01224340666143163,0.0,1.0,7.0,1.0,7.0,0.030341176470588236,36.091166745394425,0.1797764705882353,10.643136566747494,9.695958950854195,0.0,0.0,0.0,0.40352859138480984,23.333333333333336,0.0,0.0,E0001698,U005-normal-001,U005,normal_user,DAILY_NORMAL,0,0,0
1.305084745762712,0.1295,0.0,1.0,0.0,0.013692837194524094,0.0,1.0,7.0,0.0,6.0,0.03351764705882353,30.194359007918333,0.18094117647058824,8.51197962436335,9.640966275742846,0.0,0.0,0.0,0.6211357075689647,23.333333333333336,0.0,0.0,E0001699,U005-normal-001,U005,normal_user,DAILY_NORMAL,0,0,0
0.3353557639271925,0.034545454545454546,0.0,0.0,0.0,0.0037034151636152657,0.0,2.0,7.0,0.0,5.0,0.042458823529411764,24.423607280750137,0.1736470588235294,6.9874902470009905,9.628616402011364,0.0,0.0,0.0,-1.4668232876628293,23.333333333333336,0.0,0.0,E0001700,U005-normal-001,U005,normal_user,DAILY_NORMAL,0,0,0
0.12673372154579143,0.012090909090909091,1.0,0.0,0.0,0.0013010135003907583,0.0,1.0,7.0,1.0,5.0,0.0031294117647058823,23.218634197988354,0.172,9.245997049184217,9.410665553209713,0.0,0.0,0.0,-1.700773077571679,23.333333333333336,1.0,0.0,E0001701,U005-agent-normal-034,U005,normal_agent,DELEGATED_NORMAL,0,0,0
0.32992273961160995,0.028727272727272726,1.0,1.0,0.0,0.0030951566610791788,0.0,1.0,7.0,1.0,6.0,0.007435294117647059,17.948945500104404,0.13483529411764705,9.666118293957936,9.60370590793252,0.0,0.0,0.0,-1.1057270751050003,21.0,0.0,0.0,E0001702,U005-normal-001,U005,normal_user,DAILY_NORMAL,0,0,0
0.8193854861532242,0.067,1.0,0.0,0.0,0.007241179862082154,0.0,2.0,8.0,1.0,7.0,0.024776470588235296,19.61036992116434,0.1521764705882353,8.090708716083997,8.866666264024225,0.0,0.0,0.0,-0.2784776908751988,21.81818181818182,0.0,0.0,E0001703,U005-normal-001,U005,normal_user,DAILY_NORMAL,0,0,0
0.4802934813281911,0.038681818181818185,1.0,1.0,0.0,0.004211120388315437,0.0,1.0,8.0,1.0,7.0,0.010011764705882354,15.280782616875177,0.12741176470588236,8.756525002926972,8.904792994407158,0.0,0.0,0.0,-0.8216844394989388,20.0,0.0,0.0,E0001704,U005-normal-001,U005,normal_user,DAILY_NORMAL,0,0,0
0.783068783068783,0.06054545454545455,1.0,0.0,0.0,0.006619193087633169,0.0,1.0,8.0,1.0,7.0,0.015670588235294117,14.574684574684575,0.12638823529411763,8.968523555396352,9.073489189226986,0.0,0.0,0.0,-0.3341464361870122,18.46153846153846,1.0,0.0,E0001705,U005-normal-001,U005,normal_user,DAILY_NORMAL,0,0,0
0.20840264448709747,0.015863636363636364,0.0,1.0,0.0,0.00174586431177119,0.0,1.0,8.0,0.0,7.0,0.004105882352941176,10.89315419065899,0.10015294117647058,10.579335968517745,9.58267604404376,0.0,0.0,0.0,-1.2408074879583062,17.142857142857142,0.0,0.0,E0001706,U005-normal-002,U005,normal_user,DAILY_NORMAL,0,0,0
0.2118181054047239,0.015272727272727273,1.0,0.0,0.0,0.0016837717537909597,0.0,1.0,6.0,1.0,5.0,0.003952941176470588,6.271328906447004,0.05851764705882353,9.538780436900131,9.5563385212508,0.0,0.0,0.0,-1.1535733650032254,12.0,1.0,0.0,E0001707,U005-normal-002,U005,normal_user,DAILY_NORMAL,0,0,0
2.30285951098218,0.15786363636363637,0.0,1.0,0.0,0.017433339779726303,0.0,2.0,7.0,0.0,6.0,0.04481176470588235,10.50186489846664,0.09937647058823529,8.017966703493599,9.553092846554547,0.0,0.0,0.0,1.7990506909603197,13.125,0.0,0.0,E0001708,U005-normal-002,U005,normal_user,DAILY_NORMAL,0,0,0
1.9708002753323912,0.14545454545454545,1.0,0.0,0.0,0.016347967508483777,0.0,1.0,6.0,1.0,6.0,0.03764705882352941,10.369525051624823,0.11224705882352941,9.983268687540978,9.749753452594087,0.0,0.0,0.0,1.363534286596205,10.588235294117647,1.0,0.0,E0001709,U005-normal-002,U005,normal_user,RECURRING_NORMAL,0,0,0
0.26354575853001333,0.0205,0.0,0.0,0.0,0.0023423340720305015,0.0,2.0,6.0,0.0,6.0,0.04295294117647059,8.902704282050449,0.10754117647058824,8.18004072349016,9.698515396822025,0.0,0.0,0.0,-1.0679771839311865,10.0,0.0,0.0,E0001710,U005-normal-002,U005,normal_user,DAILY_NORMAL,0,0,0
0.7684136430536892,0.05745454545454545,1.0,0.0,0.0,0.006580180757745425,0.0,2.0,7.0,1.0,7.0,0.020176470588235296,9.987521597235554,0.12241176470588236,6.255750041753367,9.051907202030728,0.0,0.0,0.0,-0.3221380955584877,11.052631578947368,1.0,0.0,E0001711,U005-normal-002,U005,normal_user,DAILY_NORMAL,0,0,0
2.2467556430284765,0.16604545454545455,0.0,0.0,0.0,0.019142894328359587,0.0,1.0,7.0,0.0,7.0,0.0429764705882353,11.740574451073252,0.14971764705882354,8.454040376410969,8.80926561216931,0.0,0.0,0.0,1.7541498573583698,10.5,0.0,0.0,E0001712,U005-normal-002,U005,normal_user,DAILY_NORMAL,0,0,0
2.3995189516463467,0.18786363636363637,0.0,0.0,0.0,0.022080941768704843,0.0,1.0,7.0,0.0,7.0,0.048623529411764704,13.693290204860247,0.19423529411764706,10.853096999603109,9.706730300665843,0.0,0.0,0.0,1.996246914247443,10.0,0.0,0.0,E0001713,U005-normal-003,U005,normal_user,DAILY_NORMAL,0,0,0
0.3913755458515284,0.032590909090909094,1.0,0.0,0.0,0.003917134039638759,0.0,1.0,6.0,1.0,6.0,0.008435294117647058,9.987594283445812,0.15785882352941177,8.619027497297505,9.48818420729206,0.0,0.0,0.0,-0.8696024982818508,8.181818181818182,0.0,0.0,E0001714,U005-normal-003,U005,normal_user,DAILY_NORMAL,0,0,0
1.0462446064211013,0.08481818181818182,1.0,1.0,0.0,0.010234472111450805,0.0,2.0,7.0,1.0,7.0,0.030388235294117646,11.177689476121987,0.17981176470588237,7.8632667240095735,9.473396704601559,0.0,0.0,0.0,0.06471624905369035,9.130434782608695,0.0,0.0,E0001715,U005-normal-003,U005,normal_user,DAILY_NORMAL,0,0,0
0.38333294471518176,0.031136363636363636,0.0,0.0,0.0,0.0037958763340721832,0.0,1.0,5.0,0.0,4.0,0.008058823529411764,7.732413085550401,0.1300470588235294,10.100040691576806,9.785469489262917,0.0,0.0,0.0,-0.8831669908187773,6.25,0.0,0.0,E0001716,U005-normal-003,U005,normal_user,DAILY_NORMAL,0,0,0
1.7184200862939503,0.13613636363636364,0.0,1.0,0.0,0.016659807357597433,0.0,1.0,5.0,0.0,5.0,0.03523529411764706,7.157807766455522,0.12230588235294118,10.555968976370059,10.107081244605622,0.0,0.0,0.0,1.008594682630384,6.0,0.0,0.0,E0001717,U005-normal-004,U005,normal_user,DAILY_NORMAL,0,0,0
0.16470891403783794,0.013409090909090909,0.0,1.0,0.0,0.0016687503652868013,0.0,1.0,3.0,0.0,2.0,0.0034705882352941177,2.560826336246698,0.046764705882352944,10.487461402332547,9.968797650931394,0.0,0.0,0.0,-1.2055803122184898,3.4615384615384612,0.0,0.0,E0001718,U005-normal-004,U005,normal_user,DAILY_NORMAL,0,0,0
0.3837224190175409,0.030272727272727274,0.0,1.0,0.0,0.003773713464641285,0.0,2.0,4.0,0.0,2.0,0.011305882352941176,2.9710639750757544,0.0546,6.013715156042802,9.919577413685076,0.0,0.0,0.0,-0.8556509485921047,4.444444444444445,0.0,0.0,E0001719,U005-normal-004,U005,normal_user,DAILY_NORMAL,0,0,0
0.5773438815014308,0.04454545454545455,0.0,0.0,0.0,0.005573946180479879,0.0,3.0,5.0,0.0,3.0,0.022835294117647058,3.5480138023901704,0.06612941176470588,6.666956792429207,9.901565706973429,0.0,0.0,0.0,-0.5769445205784202,5.357142857142857,0.0,0.0,E0001720,U005-normal-004,U005,normal_user,DAILY_NORMAL,0,0,0
0.3670734724169209,0.027909090909090908,1.0,1.0,0.0,0.003511822623374249,0.0,1.0,5.0,1.0,3.0,0.007223529411764706,3.4324235177702644,0.06529411764705882,9.71281119135942,9.8200189832944,0.0,0.0,0.0,-0.8615208547097012,5.172413793103448,0.0,0.0,E0001721,U005-agent-normal-014,U005,normal_agent,DELEGATED_NORMAL,0,0,0
0.36215952119213385,0.026954545454545453,1.0,0.0,0.0,0.003403664492123681,0.0,1.0,5.0,1.0,4.0,0.006976470588235294,1.9225601563454258,0.03703529411764706,10.559322198212094,9.821420296847593,0.0,0.0,0.0,-0.8539228678712807,5.0,0.0,0.0,E0001722,U005-normal-005,U005,normal_user,DAILY_NORMAL,0,0,0
2.8010057326762547,0.2041818181818182,1.0,0.0,0.0,0.025870958082684154,0.0,1.0,6.0,1.0,5.0,0.052847058823529414,4.610278587951322,0.08988235294117647,9.523178364309082,9.545826408175868,0.0,0.0,0.0,2.3728169664574055,5.806451612903225,0.0,0.0,E0001723,U005-normal-005,U005,normal_user,DAILY_NORMAL,0,0,0
0.8607006475178482,0.06627272727272727,0.0,0.0,0.0,0.008620129642330934,0.0,1.0,7.0,0.0,6.0,0.01715294117647059,5.035143062704079,0.10703529411764706,8.429235912657095,9.60374639403567,0.0,0.0,0.0,-0.18162616195665368,6.5625,0.0,0.0,E0001724,U005-normal-005,U005,normal_user,DAILY_NORMAL,0,0,0
0.32012934518997577,0.024545454545454544,1.0,0.0,0.0,0.003220400881368389,0.0,2.0,8.0,1.0,7.0,0.023505882352941175,5.194287254109405,0.11338823529411765,4.8283137373023015,9.594786112860271,0.0,0.0,0.0,-0.8959494433553102,7.2727272727272725,0.0,0.0,E0001725,U005-normal-005,U005,normal_user,DAILY_NORMAL,0,0,0
1.3907303620674316,0.1045,0.0,0.0,0.0,0.013754854713401253,0.0,3.0,9.0,0.0,8.0,0.050552941176470585,6.371497197758207,0.14043529411764705,6.646390514847729,9.353262532987399,0.0,0.0,0.0,0.5062644693772039,7.9411764705882355,0.0,0.0,E0001726,U005-normal-005,U005,normal_user,DAILY_NORMAL,0,0,0
3.7366675782852456,0.2839090909090909,0.0,0.0,0.0,0.037890831662170894,0.0,1.0,7.0,0.0,6.0,0.07348235294117647,8.32866128811705,0.19108235294117648,9.9259826303635,8.97719698858364,0.0,0.0,0.0,3.624549318886782,6.0,0.0,0.0,E0001727,U005-normal-005,U005,normal_user,DAILY_NORMAL,0,0,0
0.8161853281853281,0.06672727272727273,1.0,0.0,0.0,0.009256224088326952,0.0,1.0,7.0,1.0,6.0,0.017270588235294117,7.92092664092664,0.2011294117647059,10.695936934169936,9.54831148472113,0.0,0.0,0.0,-0.22740210174342754,5.833333333333334,0.0,0.0,E0001728,U005-normal-006,U005,normal_user,DAILY_NORMAL,0,0,0
0.6034612945120662,0.04909090909090909,0.0,0.0,0.0,0.006873377665188646,0.0,1.0,7.0,0.0,7.0,0.012705882352941176,7.965960916971216,0.20685882352941176,9.213634938925614,9.623231174578152,0.0,0.0,0.0,-0.49451934413380383,5.675675675675675,0.0,0.0,E0001729,U005-normal-006,U005,normal_user,DAILY_NORMAL,0,0,0
1.7244494635798984,0.1388181818181818,0.0,0.0,0.0,0.01957090282626821,0.0,1.0,8.0,0.0,8.0,0.03592941176470588,9.199530446670035,0.24278823529411764,8.625509334899697,9.692840592551201,0.0,0.0,0.0,0.9031252434750544,6.315789473684211,0.0,0.0,E0001730,U005-normal-006,U005,normal_user,DAILY_NORMAL,0,0,0
0.700705026154196,0.05745454545454545,0.0,0.0,0.0,0.008261762573055146,0.0,1.0,5.0,0.0,5.0,0.014870588235294118,5.591312258357972,0.15425882352941175,9.564301637217232,9.84673729068494,0.0,0.0,0.0,-0.3810470242681618,3.846153846153846,0.0,0.0,E0001731,U005-normal-006,U005,normal_user,DAILY_NORMAL,0,0,0
1.2220732797140303,0.09945454545454545,0.0,0.0,0.0,0.014420353126986309,0.0,2.0,6.0,0.0,6.0,0.040611764705882354,6.4091823056300266,0.18,7.862112211662748,9.637240760804412,0.0,0.0,0.0,0.28367729510641554,4.5,0.0,0.0,E0001732,U005-normal-006,U005,normal_user,DAILY_NORMAL,0,0,0
0.0,0.0,0.0,0.0,0.0,0.0,0.0,1.0,6.0,0.0,5.0,0.0,3.6802883312557584,0.10651764705882354,9.823253159825523,9.228317805206835,0.0,0.0,0.0,-1.299003703712443,4.390243902439025,0.0,0.0,E0001733,U005-agent-normal-010,U005,normal_agent,DELEGATED_NORMAL,0,0,0
20.159981606724553,1.649542441799001,1.0,1.0,0.0,0.2426738758877577,0.0,1.0,7.0,1.0,6.0,0.42694039670091793,18.43149438495665,0.5334580437597415,10.316755472707314,9.562531277624853,0.0,0.0,0.0,24.888887070197477,5.0,0.0,0.0,E0001734,U005-misuse-RETRY_PATTERN-004,U005,agent_misuse,RETRY_PATTERN,1,0,1
12.238245222571907,1.4581780934824393,0.0,1.0,0.0,0.2832612476324878,0.0,2.0,8.0,1.0,6.0,0.804351197366961,21.097579810364266,0.9108688444257845,5.198497031265826,9.483690227117702,0.0,1.0,1.0,5.421676513160518,5.5813953488372094,0.0,0.0,E0001735,U005-misuse-RETRY_PATTERN-004,U005,agent_misuse,RETRY_PATTERN,1,0,1
7.221568296651595,1.0853257723042167,0.0,1.0,0.0,0.2941547215892154,0.0,3.0,9.0,1.0,6.0,1.0852590443162877,21.375453538323896,1.191776691375111,5.198497031265826,9.242846283532442,0.0,2.0,2.0,2.9523166801916956,6.136363636363637,0.0,0.0,E0001736,U005-misuse-RETRY_PATTERN-004,U005,agent_misuse,RETRY_PATTERN,1,0,1
5.1191258971000355,0.8781364363733493,0.0,1.0,0.0,0.3371849574307927,0.0,4.0,10.0,1.0,6.0,1.3125414160835074,21.79210123421779,1.419059063142331,5.198497031265826,9.194942429796086,0.0,3.0,3.0,2.061827061958394,6.666666666666667,0.0,0.0,E0001737,U005-misuse-RETRY_PATTERN-004,U005,agent_misuse,RETRY_PATTERN,1,0,1
3.42676016967574,0.6416349519656085,0.0,1.0,0.0,0.3717079511416439,0.0,5.0,11.0,1.0,6.0,1.4786116389451942,21.805466014976425,1.5851292860040178,5.198497031265826,8.730981115006314,0.0,3.0,3.0,1.2817113082272167,7.173913043478261,0.0,0.0,E0001738,U005-misuse-RETRY_PATTERN-004,U005,agent_misuse,RETRY_PATTERN,1,0,1
2.8248177762070203,0.5568296133479212,0.0,1.0,0.0,0.4387901167922415,0.0,6.0,12.0,1.0,6.0,1.6227322447528916,22.10474650056678,1.7292498918117152,5.198497031265826,5.198497031265826,0.0,3.0,3.0,1.0080067807410245,7.659574468085107,0.0,0.0,E0001739,U005-misuse-RETRY_PATTERN-004,U005,agent_misuse,RETRY_PATTERN,1,0,1
0.09944447828131386,0.020363636363636365,0.0,0.0,0.0,0.016046851970733272,0.0,1.0,10.0,0.0,4.0,0.005270588235294118,20.09560199974787,1.668614597694068,9.912744573798804,8.338544879988579,0.0,0.0,0.0,-0.5168003737168603,6.25,0.0,0.0,E0001740,U005-normal-007,U005,normal_user,DAILY_NORMAL,0,0,0
0.3816306041069336,0.07668181818181818,1.0,0.0,0.0,0.06042642695229248,0.0,2.0,11.0,1.0,5.0,0.02511764705882353,20.291691823131814,1.6884616565175974,4.564348191467836,8.334471554600944,0.0,0.0,0.0,-0.35091476674810834,6.73469387755102,1.0,0.0,E0001741,U005-hard-TRAVEL_MODE-001,U005,hard_negative,TRAVEL_MODE,0,0,0
0.1942851214768081,0.03854545454545454,1.0,0.0,0.0,0.030374398373173694,0.0,2.0,12.0,2.0,6.0,0.029823529411764707,20.25058258342024,1.6984381271058329,8.188966863648876,8.486527777105353,0.0,0.0,0.0,-0.45556658060547656,7.199999999999999,0.0,0.0,E0001742,U005-hard-TRAVEL_MODE-001,U005,hard_negative,TRAVEL_MODE,0,0,0
0.2938721269865152,0.05736363636363637,0.0,1.0,0.0,0.04520340889969953,0.0,2.0,13.0,1.0,7.0,0.024823529411764706,20.34692935649841,1.713285185929362,7.6838639802564295,8.565487994819543,0.0,0.0,0.0,-0.3959915944143458,7.647058823529412,0.0,0.0,E0001743,U005-normal-007,U005,normal_user,DAILY_NORMAL,0,0,0
0.21275458844919218,0.04095454545454545,0.0,0.0,0.0,0.03227279827149705,0.0,3.0,14.0,1.0,8.0,0.03542352941176471,20.353189970369623,1.7238851859293622,7.064759027791802,8.602489765638317,0.0,0.0,0.0,-0.4390268654741797,8.076923076923077,0.0,0.0,E0001744,U005-normal-007,U005,normal_user,DAILY_NORMAL,0,0,0
0.09710338625204759,0.01840909090909091,1.0,0.0,0.0,0.014506640732470927,0.0,4.0,15.0,2.0,9.0,0.04018823529411765,20.32465732454135,1.728649891811715,5.560681631015528,7.286191714702382,0.0,0.0,0.0,-0.4998123274880687,8.49056603773585,0.0,0.0,E0001745,U005-hard-TRAVEL_MODE-001,U005,hard_negative,TRAVEL_MODE,0,0,0
0.0985423714746082,0.018363636363636363,0.0,0.0,0.0,0.014470821866464827,0.0,1.0,14.0,0.0,9.0,0.004752941176470588,19.865948907757925,1.6927910682823033,10.13618531665515,8.777832892756136,0.0,0.0,0.0,-0.4940456979092277,7.777777777777778,0.0,0.0,E0001746,U005-normal-007,U005,normal_user,DAILY_NORMAL,0,0,0
0.07540955685387724,0.013818181818181818,1.0,0.0,1.0,0.01088893526585472,0.0,1.0,14.0,1.0,9.0,0.0035764705882352942,19.870975093640393,1.6963675388705386,10.257027587779373,9.347054195292005,0.0,0.0,0.0,-0.5018104368124718,7.636363636363637,0.0,0.0,E0001747,U005-normal-008,U005,normal_user,DAILY_NORMAL,0,0,0
0.40922911743844276,0.07372727272727272,0.0,1.0,0.0,0.05809820066189591,0.0,1.0,9.0,0.0,8.0,0.01908235294117647,1.0845649617304227,0.09271764705882353,8.913684824725294,9.434842999328023,0.0,0.0,0.0,-0.31742347339616844,4.821428571428571,0.0,0.0,E0001748,U005-normal-008,U005,normal_user,DAILY_NORMAL,0,0,0
0.14406883487001867,0.02568181818181818,0.0,0.0,0.0,0.020237659293447098,0.0,1.0,10.0,0.0,8.0,0.006647058823529412,1.1537345568699537,0.09936470588235294,9.070733417589766,9.548411329961093,0.0,0.0,0.0,-0.4587490704519469,5.2631578947368425,0.0,0.0,E0001749,U005-normal-008,U005,normal_user,DAILY_NORMAL,0,0,0
0.6855048774544984,0.12036363636363637,0.0,0.0,0.0,0.0948483571841556,0.0,1.0,11.0,0.0,9.0,0.031152941176470588,1.5115660499443881,0.13051764705882352,8.99255742690407,9.653679132512428,0.0,0.0,0.0,-0.1671946810917864,5.689655172413793,0.0,0.0,E0001750,U005-normal-008,U005,normal_user,DAILY_NORMAL,0,0,0
3.852259894809606,0.6727272727272727,1.0,1.0,0.0,0.5301192168902956,0.0,1.0,6.0,1.0,6.0,0.17411764705882352,2.7388113830421186,0.23932941176470587,9.097283649683886,9.418751938529878,0.0,0.0,0.0,1.5209266829384853,3.050847457627119,0.0,0.0,E0001751,U005-hard-NEW_RECIPIENT_NORMAL-002,U005,hard_negative,NEW_RECIPIENT_NORMAL,0,0,0
0.23065666985209038,0.042227272727272724,1.0,0.0,0.0,0.033275726519667884,0.0,2.0,7.0,2.0,7.0,0.18504705882352943,2.685516783726077,0.25025882352941176,8.064950891749143,8.889721799278137,0.0,0.0,0.0,-0.4255042447388824,3.5,0.0,0.0,E0001752,U005-hard-TRAVEL_MODE-001,U005,hard_negative,TRAVEL_MODE,0,0,0
1.1164522451629921,0.20177272727272727,1.0,0.0,0.0,0.1589999462010826,0.0,2.0,8.0,2.0,8.0,0.06315294117647059,3.2332849375293637,0.3024823529411765,8.188966863648876,8.778110255347864,0.0,0.0,0.0,0.06402096518043429,3.934426229508197,0.0,0.0,E0001753,U005-hard-TRAVEL_MODE-001,U005,hard_negative,TRAVEL_MODE,0,0,0
0.4184680500712822,0.07577272727272727,0.0,0.0,0.0,0.05971004963217046,0.0,2.0,9.0,1.0,9.0,0.07183529411764705,3.380024469652432,0.3220941176470588,7.305188215393037,8.52690587027003,0.0,0.0,0.0,-0.3229616348133551,4.354838709677419,0.0,0.0,E0001754,U005-normal-008,U005,normal_user,DAILY_NORMAL,0,0,0
0.6370663829802767,0.11427272727272728,1.0,0.0,0.0,0.09004862913933806,0.0,3.0,10.0,2.0,10.0,0.10141176470588235,3.6652529679048484,0.3516705882352941,7.656337166430183,8.259199362666282,0.0,0.0,0.0,-0.20113042133284223,4.761904761904762,0.0,0.0,E0001755,U005-hard-TRAVEL_MODE-001,U005,hard_negative,TRAVEL_MODE,0,0,0
1.3500769680922386,0.24077272727272728,0.0,0.0,0.0,0.1897325332343173,0.0,2.0,11.0,1.0,11.0,0.09189411764705882,4.270868364860414,0.41398823529411766,7.408530566894626,7.786053343346197,0.0,0.0,0.0,0.19437482073188803,5.15625,0.0,0.0,E0001756,U005-normal-008,U005,normal_user,DAILY_NORMAL,0,0,0
0.15969819525038603,0.028636363636363637,0.0,0.0,0.0,0.022565885583843665,0.0,3.0,12.0,1.0,12.0,0.09930588235294117,4.2561232557095074,0.4214,7.163946684342547,7.615298339825815,0.0,0.0,0.0,-0.472685651979746,5.538461538461539,0.0,0.0,E0001757,U005-normal-008,U005,normal_user,RECURRING_NORMAL,0,0,0
0.542124127655385,0.09595454545454546,1.0,0.0,0.0,0.07561362613887933,0.0,1.0,13.0,1.0,13.0,0.02483529411764706,4.495740588558558,0.44623529411764706,9.004053937728395,7.984803389734406,0.0,0.0,0.0,-0.25577340510978674,5.909090909090908,0.0,0.0,E0001758,U005-normal-008,U005,normal_user,DAILY_NORMAL,0,0,0
1.1435434341371136,0.201,1.0,0.0,0.0,0.15839102547897888,0.0,1.0,12.0,1.0,12.0,0.052023529411764705,4.8951238406321655,0.4899294117647059,10.56936630594188,9.251789369888721,0.0,0.0,0.0,0.08019876708931473,5.3731343283582085,0.0,0.0,E0001759,U005-normal-009,U005,normal_user,DAILY_NORMAL,0,0,0
0.13754084278407896,0.024227272727272726,0.0,0.0,0.0,0.019091455581251863,0.0,2.0,12.0,0.0,12.0,0.05829411764705882,4.685924963547637,0.47711764705882354,6.88653164253051,9.229770380839128,0.0,0.0,0.0,-0.48651579079168555,5.294117647058823,0.0,0.0,E0001760,U005-normal-009,U005,normal_user,DAILY_NORMAL,0,0,0
0.42236635107734494,0.07345454545454545,0.0,1.0,0.0,0.05788328746585931,0.0,3.0,13.0,0.0,13.0,0.07730588235294118,4.862663272955022,0.4961294117647059,4.48863636973214,9.1986725671085,0.0,0.0,0.0,-0.32354144084335074,5.6521739130434785,0.0,0.0,E0001761,U005-normal-009,U005,normal_user,DAILY_NORMAL,0,0,0
0.12493303709729042,0.021545454545454545,0.0,1.0,0.0,0.0169781424868919,0.0,1.0,14.0,0.0,13.0,0.005576470588235294,4.886965113753394,0.5017058823529412,8.93247660846174,9.318333419479377,0.0,0.0,0.0,-0.4892249812331497,6.0,0.0,0.0,E0001762,U005-normal-009,U005,normal_user,DAILY_NORMAL,0,0,0
0.6843531857646871,0.11654545454545455,0.0,0.0,0.0,0.09183957243964311,0.0,1.0,14.0,0.0,13.0,0.03016470588235294,5.106796906387122,0.5252235294117648,8.93247660846174,9.308192772143688,0.0,0.0,0.0,-0.17522203168672165,5.915492957746479,0.0,0.0,E0001763,U005-normal-009,U005,normal_user,DAILY_NORMAL,0,0,0
1.3461317085411015,0.22822727272727272,1.0,0.0,0.0,0.1798465262166334,0.0,2.0,14.0,1.0,13.0,0.08923529411764707,5.3261715897857425,0.5531411764705882,7.692113339595466,8.211048393598622,0.0,0.0,0.0,0.1926104739025673,5.833333333333334,0.0,0.0,E0001764,U005-hard-TRAVEL_MODE-001,U005,hard_negative,TRAVEL_MODE,0,0,0
1.4672301218287545,0.24995454545454546,0.0,0.0,0.0,0.1969679441675497,0.0,2.0,15.0,1.0,13.0,0.12376470588235294,5.838414338816063,0.617835294117647,7.266827347520591,8.235360643753348,0.0,0.0,0.0,0.2630131003057712,6.164383561643836,0.0,0.0,E0001765,U005-normal-009,U005,normal_user,DAILY_NORMAL,0,0,0
0.45706816128129857,0.07836363636363636,1.0,0.0,0.0,0.06175172499451822,0.0,3.0,16.0,2.0,14.0,0.14404705882352942,5.9096503197162455,0.6381176470588236,7.682482446534506,8.340026326342052,0.0,0.0,0.0,-0.30956522690349353,6.486486486486486,0.0,0.0,E0001766,U005-hard-TRAVEL_MODE-001,U005,hard_negative,TRAVEL_MODE,0,0,0
0.9331785299270265,0.15881818181818183,0.0,1.0,0.0,0.1251511178253171,0.0,1.0,15.0,0.0,13.0,0.04110588235294118,4.54812467893819,0.4941764705882353,9.262268464836541,8.472195825485501,0.0,0.0,0.0,-0.038053811416830806,6.0,0.0,0.0,E0001767,U005-normal-009,U005,normal_user,DAILY_NORMAL,0,0,0
0.45577796954293404,0.0775,0.0,0.0,0.0,0.0610711665404023,0.0,1.0,11.0,0.0,8.0,0.020058823529411764,3.1183232670452985,0.3430941176470588,9.157150543462064,8.54900188793089,0.0,0.0,0.0,-0.3117322433015841,4.342105263157895,0.0,0.0,E0001768,U005-normal-009,U005,normal_user,DAILY_NORMAL,0,0,0
0.09854421232994028,0.016636363636363637,0.0,0.0,0.0,0.013109704958232986,0.0,1.0,11.0,0.0,8.0,0.004305882352941177,2.914026330524485,0.3225647058823529,9.015419779605713,8.759229151982272,0.0,0.0,0.0,-0.5157362219052538,4.285714285714286,0.0,0.0,E0001769,U005-normal-009,U005,normal_user,DAILY_NORMAL,0,0,0
0.09971155727018446,0.016636363636363637,0.0,1.0,0.0,0.013109704958232986,0.0,1.0,12.0,0.0,9.0,0.004305882352941177,2.9491014553915322,0.32687058823529413,10.448076718454924,9.47104171609619,0.0,0.0,0.0,-0.511493667228214,4.615384615384615,0.0,0.0,E0001770,U005-normal-010,U005,normal_user,DAILY_NORMAL,0,0,0
0.20340546859958233,0.033545454545454545,0.0,0.0,0.0,0.02643432311250258,0.0,1.0,10.0,0.0,10.0,0.008682352941176471,2.3269509283038525,0.2582470588235294,8.485083137498004,9.511392663366136,0.0,0.0,0.0,-0.4494991395357429,3.79746835443038,0.0,0.0,E0001771,U005-normal-010,U005,normal_user,DAILY_NORMAL,0,0,0
0.06849246492988545,0.011181818181818182,0.0,0.0,0.0,0.00881144103750086,0.0,1.0,4.0,0.0,3.0,0.0028941176470588235,0.18143419237370087,0.020188235294117646,10.729941100404298,9.930470223866015,0.0,0.0,0.0,-0.5229836003148427,1.5,0.0,0.0,E0001772,U005-normal-010,U005,normal_user,DAILY_NORMAL,0,0,0
0.16000831547214917,0.025818181818181817,1.0,0.0,0.0,0.0203451158914654,0.0,2.0,5.0,1.0,4.0,0.009576470588235294,0.24128014472164747,0.02687058823529412,5.971261839790462,9.837828403729853,0.0,0.0,0.0,-0.46825288984341257,1.8518518518518516,0.0,0.0,E0001773,U005-normal-010,U005,normal_user,DAILY_NORMAL,0,0,0
0.7813827717153091,0.12477272727272727,0.0,0.0,0.0,0.0983227871867474,0.0,3.0,6.0,0.0,4.0,0.04187058823529412,0.5301995492081616,0.05916470588235294,5.926926025970411,9.750231472435182,0.0,0.0,0.0,-0.12119176411081252,2.1951219512195124,0.0,0.0,E0001774,U005-normal-010,U005,normal_user,DAILY_NORMAL,0,0,0
0.3305136840875475,0.052636363636363634,0.0,0.0,1.0,0.04147824683506502,0.0,1.0,6.0,0.0,4.0,0.013623529411764706,0.6078352568790641,0.06848235294117647,9.657587014099303,9.502308247240672,0.0,0.0,0.0,-0.372388748790328,2.1686746987951806,0.0,0.0,E0001775,U005-normal-011,U005,normal_user,DAILY_NORMAL,0,0,0
1.144336482649702,0.18077272727272728,1.0,0.0,0.0,0.1424516301062639,0.0,1.0,6.0,1.0,4.0,0.046788235294117644,0.9809460152823304,0.11096470588235294,10.033813814211703,9.739732565316011,0.0,0.0,0.0,0.08005405178161352,2.142857142857143,0.0,0.0,E0001776,U005-normal-011,U005,normal_user,DAILY_NORMAL,0,0,0
0.161718961462721,0.02559090909090909,0.0,0.0,0.0,0.020166021561434894,0.0,2.0,7.0,0.0,5.0,0.05341176470588235,1.025362230284126,0.11758823529411765,6.769641976852503,8.988745620651823,0.0,0.0,0.0,-0.46851821228490487,2.4705882352941173,0.0,0.0,E0001777,U005-normal-011,U005,normal_user,DAILY_NORMAL,0,0,0
0.5979086950715953,0.09368181818181819,0.0,1.0,0.0,0.07382268283857428,0.0,1.0,7.0,0.0,6.0,0.024247058823529413,1.158854458570137,0.13315294117647059,9.94578046472638,9.401522557202334,0.0,0.0,0.0,-0.2235460271290755,2.441860465116279,0.0,0.0,E0001778,U005-normal-011,U005,normal_user,DAILY_NORMAL,0,0,0
0.32935982094591576,0.05136363636363636,0.0,0.0,0.0,0.040475318586894196,0.0,1.0,8.0,0.0,7.0,0.013294117647058824,1.2656527221037537,0.1464470588235294,9.352013530292329,9.570543086010256,0.0,0.0,0.0,-0.37317295877940476,2.7586206896551726,0.0,0.0,E0001779,U005-normal-011,U005,normal_user,DAILY_NORMAL,0,0,0
0.03084197676849003,0.004772727272727273,0.0,0.0,0.0,0.0037609809306406107,0.0,1.0,9.0,0.0,8.0,0.0012352941176470588,1.2714592261900013,0.14768235294117646,9.376617231601282,9.515616752828915,0.0,0.0,0.0,-0.5377959881387869,3.0681818181818183,0.0,0.0,E0001780,U005-normal-011,U005,normal_user,DAILY_NORMAL,0,0,0
0.18206349195517818,0.027863636363636365,0.0,1.0,0.0,0.021956964861739946,0.0,2.0,10.0,0.0,9.0,0.008447058823529412,1.3330757461896834,0.15489411764705882,7.635303886259415,9.151354406828256,0.0,0.0,0.0,-0.45071526110824933,3.3707865168539324,0.0,0.0,E0001781,U005-normal-011,U005,normal_user,DAILY_NORMAL,0,0,0
0.04016769784091834,0.006090909090909091,0.0,0.0,0.0,0.004799728044817542,0.0,1.0,8.0,0.0,8.0,0.0015764705882352942,0.9842534244551036,0.1146,9.338029733117072,9.35230857442092,0.0,0.0,0.0,-0.5264133223222737,2.6666666666666665,0.0,0.0,E0001782,U005-normal-011,U005,normal_user,DAILY_NORMAL,0,0,0
35.59360539432884,5.339746224145681,1.0,1.0,1.0,0.9844960482726131,0.0,1.0,9.0,1.0,9.0,1.382051963896529,12.848344540627474,1.496651963896529,8.480529207044645,9.026008796447362,0.0,0.0,0.0,18.846446545943714,2.967032967032967,0.0,0.0,E0001783,U005-paysim-fraud-001,U005,paysim_fraud,ACCOUNT_DRAIN_TRANSFER,1,1,1
6.14794483282142,1.2729306194840329,0.0,1.0,1.0,0.9380327376388671,0.0,2.0,10.0,1.0,9.0,1.7115163595276905,11.233880066191531,1.8261163595276904,5.198497031265826,8.707549053238514,0.0,0.0,0.0,1.7577398459838236,3.260869565217391,0.0,0.0,E0001784,U005-paysim-fraud-001,U005,paysim_fraud,FOLLOW_UP_CASHOUT_PROXY,1,1,1
7.795698826292252,1.7044160460900208,1.0,1.0,1.0,0.9529826211481508,0.0,1.0,10.0,1.0,9.0,0.44114297663506424,12.986521681051494,2.25363580675099,9.218407743053941,8.648712561279806,0.0,0.0,0.0,2.423266259409398,3.225806451612903,0.0,0.0,E0001785,U005-paysim-fraud-002,U005,paysim_fraud,ACCOUNT_DRAIN_TRANSFER,1,1,1
4.155756462065001,0.9749885727972315,0.0,1.0,1.0,0.7683056710230822,0.0,2.0,11.0,1.0,9.0,0.693492960182583,13.312625604294901,2.5059857902985088,5.484796933490655,8.582418976333944,1.0,0.0,0.0,1.177473822723558,3.5106382978723403,0.0,0.0,E0001786,U005-paysim-fraud-002,U005,paysim_fraud,FOLLOW_UP_CASHOUT_PROXY,1,1,1
0.17639116226003962,0.042772727272727275,1.0,1.0,0.0,0.03370555291174109,0.0,1.0,9.0,1.0,7.0,0.011070588235294117,12.404581289154644,2.4393975550043914,10.462531748572593,9.216382084022325,0.0,0.0,0.0,-0.31699507246940933,2.8421052631578947,0.0,0.0,E0001787,U005-normal-012,U005,normal_user,DAILY_NORMAL,0,0,0
0.22142449074565193,0.05322727272727273,1.0,0.0,0.0,0.041943892093144336,0.0,1.0,9.0,1.0,7.0,0.013776470588235295,12.383795887890317,2.4398799079455675,9.323401164260197,9.335738781370516,0.0,0.0,0.0,-0.2984825877751759,2.8125,0.0,0.0,E0001788,U005-normal-012,U005,normal_user,DAILY_NORMAL,0,0,0
0.39271052301565545,0.09363636363636364,0.0,0.0,0.0,0.07378686397256817,0.0,2.0,10.0,0.0,8.0,0.038011764705882356,12.477721090823904,2.4641152020632147,5.4116460518550396,9.336497138769541,0.0,0.0,0.0,-0.2320330483527543,3.0927835051546393,0.0,0.0,E0001789,U005-normal-012,U005,normal_user,DAILY_NORMAL,0,0,0
0.02302046575072545,0.005454545454545455,0.0,0.0,0.0,0.004298263920732127,0.0,1.0,11.0,0.0,9.0,0.001411764705882353,12.434005729793377,2.465526966769097,8.739696537843024,9.266493836579313,0.0,0.0,0.0,-0.3727707024285886,3.36734693877551,0.0,0.0,E0001790,U005-normal-012,U005,normal_user,DAILY_NORMAL,0,0,0
0.2923973179944538,0.06859090909090909,0.0,0.0,0.0,0.05405066880320649,0.0,1.0,10.0,0.0,8.0,0.01775294117647059,12.47797529988798,2.474832849122038,9.76036747794131,9.54652685348758,0.0,0.0,0.0,-0.26848126072156825,3.0303030303030303,0.0,0.0,E0001791,U005-normal-012,U005,normal_user,DAILY_NORMAL,0,0,0
0.28552473570784237,0.0665,0.0,0.0,1.0,0.05240300096692584,0.0,1.0,10.0,0.0,8.0,0.017211764705882353,12.51945399923808,2.4904681432396854,8.32845106681936,8.965462328515967,0.0,0.0,0.0,-0.27042257897099115,3.0,0.0,0.0,E0001792,U005-normal-013,U005,normal_user,DAILY_NORMAL,0,0,0
0.06997831397887551,0.016181818181818183,1.0,0.0,0.0,0.012751516298171976,0.0,1.0,7.0,1.0,7.0,0.004188235294117647,0.44935512852727366,0.08964705882352941,10.335172561620322,9.37143829231851,0.0,0.0,0.0,-0.35112231231147806,2.0792079207920793,0.0,0.0,E0001793,U005-normal-013,U005,normal_user,DAILY_NORMAL,0,0,0
0.0779692928069417,0.017863636363636363,0.0,1.0,0.0,0.014076814340397715,0.0,1.0,8.0,0.0,8.0,0.004623529411764706,0.4722000931615327,0.09427058823529412,8.421122722665503,9.442372304335796,0.0,0.0,0.0,-0.3464088305782632,2.3529411764705883,0.0,0.0,E0001794,U005-normal-013,U005,normal_user,DAILY_NORMAL,0,0,0
0.03763852170006419,0.008545454545454545,0.0,1.0,0.0,0.006733946809146999,0.0,2.0,9.0,0.0,9.0,0.006835294117647059,0.48290600197469713,0.09648235294117648,7.6487397889562425,9.374328222081633,0.0,0.0,0.0,-0.35985059092436983,2.621359223300971,0.0,0.0,E0001795,U005-normal-013,U005,normal_user,DAILY_NORMAL,0,0,0
0.19784916685644974,0.0445,0.0,0.0,0.0,0.03506666981997293,0.0,2.0,10.0,0.0,10.0,0.013729411764705882,0.540353843849641,0.108,7.8898337513942955,9.088104939093512,0.0,0.0,0.0,-0.2984069278291833,2.8846153846153846,0.0,0.0,E0001796,U005-normal-013,U005,normal_user,DAILY_NORMAL,0,0,0
0.363132877094864,0.08104545454545455,0.0,1.0,0.0,0.06386503808887818,0.0,1.0,11.0,0.0,11.0,0.020976470588235294,0.6440677550138586,0.1289764705882353,8.612321536507814,9.118356653359996,0.0,0.0,0.0,-0.23613002355132787,3.142857142857143,0.0,0.0,E0001797,U005-normal-013,U005,normal_user,DAILY_NORMAL,0,0,0
0.571280221142363,0.12672727272727272,0.0,0.0,0.0,0.09986299842500974,0.0,1.0,11.0,0.0,11.0,0.0328,0.7499589703662297,0.1507058823529412,8.641709066113805,8.317375465405524,0.0,0.0,0.0,-0.15870711960347325,3.1132075471698113,0.0,0.0,E0001798,U005-normal-013,U005,normal_user,DAILY_NORMAL,0,0,0
0.12200319084890948,0.026954545454545453,1.0,1.0,0.0,0.021240587541617926,0.0,2.0,12.0,1.0,12.0,0.039776470588235295,0.7804299056355278,0.15768235294117647,7.477604243197589,8.171769005393195,0.0,0.0,0.0,-0.3252089133632221,3.364485981308411,0.0,0.0,E0001799,U005-normal-013,U005,normal_user,DAILY_NORMAL,0,0,0
0.6820663802025191,0.14945454545454545,0.0,0.0,0.0,0.11777243142806026,0.0,1.0,10.0,0.0,10.0,0.03868235294117647,0.7758685374088959,0.15694117647058822,10.177286194629282,9.033579326842874,0.0,0.0,0.0,-0.11728758625117555,2.7777777777777777,0.0,0.0,E0001800,U005-normal-013,U005,normal_user,DAILY_NORMAL,0,0,0
1.9093077729831502,0.41713636363636364,0.0,0.0,0.0,0.32870973333798936,0.0,2.0,11.0,0.0,10.0,0.1466470588235294,1.3013173974871235,0.26490588235294116,6.035481432524756,8.978332649723502,0.0,0.0,0.0,0.3359993635763762,3.0275229357798166,0.0,0.0,E0001801,U005-normal-013,U005,normal_user,DAILY_NORMAL,0,0,0
0.6592317211503004,0.14522727272727273,0.0,0.0,0.0,0.11444127688949288,0.0,1.0,8.0,0.0,8.0,0.037588235294117645,1.2488404858350568,0.25871764705882355,10.650128105536073,9.633593006532465,0.0,0.0,0.0,-0.1274885748581523,2.181818181818182,0.0,0.0,E0001802,U005-normal-014,U005,normal_user,DAILY_NORMAL,0,0,0
0.18379245814645953,0.040363636363636365,0.0,0.0,0.0,0.03180715301341774,0.0,1.0,7.0,0.0,7.0,0.010447058823529412,1.2255841066572264,0.25543529411764704,8.687442166975924,9.637058036117798,0.0,0.0,0.0,-0.30578503932141704,1.8918918918918919,0.0,0.0,E0001803,U005-normal-014,U005,normal_user,DAILY_NORMAL,0,0,0
0.961632829634918,0.20963636363636365,0.0,0.0,0.0,0.16519661002013808,0.0,1.0,5.0,0.0,5.0,0.05425882352941176,1.1924328236020525,0.24894117647058825,9.81328928461798,9.832184872637285,0.0,0.0,0.0,-0.01432690697597004,1.3392857142857142,0.0,0.0,E0001804,U005-normal-014,U005,normal_user,DAILY_NORMAL,0,0,0
0.7663160717422783,0.167,0.0,0.0,0.0,0.1315985137064153,0.0,1.0,6.0,0.0,6.0,0.04322352941176471,1.387454311594584,0.29216470588235294,9.283683766200392,9.649627028559857,0.0,0.0,0.0,-0.0876233473552373,1.592920353982301,0.0,0.0,E0001805,U005-normal-014,U005,normal_user,DAILY_NORMAL,0,0,0
0.23910786251625113,0.052,0.0,1.0,0.0,0.040976782710979605,0.0,1.0,5.0,0.0,5.0,0.013458823529411764,0.7498293241031551,0.1589764705882353,9.32741204356202,9.780234584036714,0.0,0.0,0.0,-0.2859765995709936,1.3157894736842106,0.0,0.0,E0001806,U005-normal-014,U005,normal_user,DAILY_NORMAL,0,0,0
0.028826825024058346,0.006227272727272727,0.0,0.0,1.0,0.004907184642835845,0.0,1.0,6.0,0.0,6.0,0.001611764705882353,0.7558320429857788,0.16058823529411764,9.148358579620302,9.316590491818841,0.0,0.0,0.0,-0.364043388081543,1.5652173913043477,0.0,0.0,E0001807,U005-normal-015,U005,normal_user,DAILY_NORMAL,0,0,0
0.1379344621220106,0.029545454545454545,0.0,0.0,1.0,0.023282262903965685,0.0,1.0,7.0,0.0,6.0,0.007647058823529412,0.7916238695698,0.16823529411764707,8.246695943718557,9.277849476558586,0.0,0.0,0.0,-0.3216325280789546,1.8103448275862069,0.0,0.0,E0001808,U005-normal-015,U005,normal_user,DAILY_NORMAL,0,0,0
0.5498825632360195,0.11690909090909091,0.0,0.0,0.0,0.09212612336769191,0.0,1.0,6.0,0.0,5.0,0.030258823529411765,0.7071293071163042,0.15045882352941176,10.549464506119595,9.593887015983324,0.0,0.0,0.0,-0.16733719067421765,1.5384615384615385,0.0,0.0,E0001809,U005-normal-015,U005,normal_user,DAILY_NORMAL,0,0,0
0.2440245217835685,0.05168181818181818,0.0,1.0,0.0,0.0407260506489369,0.0,1.0,7.0,0.0,6.0,0.013376470588235293,0.7663634599278297,0.16383529411764705,9.28023949935585,9.59338262298233,0.0,0.0,0.0,-0.2811333034718442,1.7796610169491527,0.0,0.0,E0001810,U005-normal-015,U005,normal_user,DAILY_NORMAL,0,0,0
0.23998182642613952,0.0505,0.0,1.0,0.0,0.03979476013277827,0.0,2.0,7.0,0.0,7.0,0.02644705882352941,0.5725054250619777,0.12264705882352941,8.123854263105914,9.479894114713009,0.0,0.0,0.0,-0.2819291306195946,1.7647058823529411,0.0,0.0,E0001811,U005-normal-015,U005,normal_user,DAILY_NORMAL,0,0,0
0.16608876699871986,0.034727272727272725,0.0,0.0,0.0,0.027365613628661207,0.0,1.0,7.0,0.0,7.0,0.008988235294117648,0.4118605363177152,0.08841176470588236,9.367856809851165,9.514525516526978,0.0,0.0,0.0,-0.3085607470584103,1.75,0.0,0.0,E0001812,U005-normal-015,U005,normal_user,DAILY_NORMAL,0,0,0
0.03940469481510446,0.008181818181818182,0.0,1.0,0.0,0.00644739588109819,0.0,1.0,5.0,0.0,5.0,0.0021176470588235292,0.3154564734920307,0.06781176470588235,10.690375500198106,9.979448093338673,0.0,0.0,0.0,-0.35430532148444926,1.2396694214876034,0.0,0.0,E0001813,U005-normal-016,U005,normal_user,DAILY_NORMAL,0,0,0
0.058918036059730214,0.012136363636363636,0.0,0.0,0.0,0.009563637223628981,0.0,1.0,5.0,0.0,5.0,0.0031411764705882353,0.18924457863367705,0.040694117647058825,9.727644961839882,9.75857738074032,0.0,0.0,0.0,-0.34560500750421375,1.2295081967213115,0.0,0.0,E0001814,U005-normal-016,U005,normal_user,DAILY_NORMAL,0,0,0
0.4665578779143748,0.09536363636363636,0.0,0.0,0.0,0.07514798088080002,0.0,2.0,6.0,0.0,6.0,0.027823529411764705,0.3038798224191088,0.0653764705882353,6.003887067106539,9.631560712028854,0.0,0.0,0.0,-0.19509744321464478,1.4634146341463417,0.0,0.0,E0001815,U005-normal-016,U005,normal_user,DAILY_NORMAL,0,0,0
0.08085301393585766,0.016454545454545454,0.0,0.0,0.0,0.012966429494208582,0.0,1.0,5.0,0.0,4.0,0.0042588235294117645,0.19998073989929485,0.043188235294117645,9.661097469276054,9.78145550259033,0.0,0.0,0.0,-0.33602152074250113,1.2096774193548385,0.0,0.0,E0001816,U005-normal-016,U005,normal_user,DAILY_NORMAL,0,0,0
0.16988920435368104,0.03431818181818182,0.0,1.0,0.0,0.027043243834606295,0.0,2.0,6.0,0.0,5.0,0.013141176470588236,0.24095159745868155,0.05207058823529412,5.564520407322694,9.642992539928311,0.0,0.0,0.0,-0.3023066141643497,1.44,0.0,0.0,E0001817,U005-normal-016,U005,normal_user,DAILY_NORMAL,0,0,0
0.340917307739412,0.0684090909090909,0.0,0.0,0.0,0.05390739333918209,0.0,1.0,5.0,0.0,4.0,0.017705882352941175,0.27112100151969926,0.05867058823529412,11.036968147644128,9.854979848471084,0.0,0.0,0.0,-0.2393002968864692,1.1904761904761905,0.0,0.0,E0001818,U005-normal-017,U005,normal_user,DAILY_NORMAL,0,0,0
0.05351285091976676,0.010681818181818181,0.0,0.0,0.0,0.008417433511433748,0.0,1.0,6.0,0.0,4.0,0.0027647058823529413,0.2831247289797589,0.06143529411764706,8.370084326378025,9.714817889081994,0.0,0.0,0.0,-0.34314049611736125,1.4173228346456692,0.0,0.0,E0001819,U005-normal-017,U005,normal_user,DAILY_NORMAL,0,0,0
2.0421037153203048,0.4045909090909091,0.0,0.0,0.0,0.3188237263203055,0.0,1.0,3.0,0.0,2.0,0.10471764705882353,0.5766854197942025,0.12518823529411766,10.21405572877461,9.995929987925688,0.0,0.0,0.0,0.3763004928700573,0.703125,0.0,0.0,E0001820,U005-normal-017,U005,normal_user,DAILY_NORMAL,0,0,0
0.3668449686319308,0.07327272727272727,0.0,0.0,0.0,0.0577400120018349,0.0,2.0,4.0,0.0,3.0,0.12368235294117647,0.6535386070264589,0.1441529411764706,7.878155336503324,9.86919626975273,0.0,0.0,0.0,-0.23126952299314274,0.9302325581395349,0.0,0.0,E0001821,U005-normal-017,U005,normal_user,DAILY_NORMAL,0,0,0
1.3703331923479336,0.27236363636363636,0.0,0.0,1.0,0.21462664510855753,0.0,1.0,5.0,0.0,3.0,0.07049411764705882,0.9703530713194356,0.2146470588235294,10.31264583248191,10.138393653029636,0.0,0.0,0.0,0.1351026893196929,1.153846153846154,0.0,0.0,E0001822,U005-normal-018,U005,normal_user,DAILY_NORMAL,0,0,0
0.4759281560948132,0.09486363636363636,0.0,0.0,0.0,0.0747539733547329,0.0,1.0,6.0,0.0,4.0,0.02455294117647059,1.0699831856237967,0.2392,8.699848026000312,9.551828578986491,0.0,0.0,0.0,-0.1924615328387322,1.3740458015267176,0.0,0.0,E0001823,U005-normal-018,U005,normal_user,DAILY_NORMAL,0,0,0
2.5858756322086673,0.5133636363636364,0.0,0.0,0.0,0.4045382726729053,0.0,2.0,7.0,0.0,5.0,0.1574235294117647,1.658265540121242,0.3720705882352941,7.497207223203318,9.515454617357003,0.0,0.0,0.0,0.5822157075714051,1.5909090909090908,0.0,0.0,E0001824,U005-normal-018,U005,normal_user,DAILY_NORMAL,0,0,0
1.131436264343137,0.2273181818181818,0.0,0.0,0.0,0.17913014889651138,0.0,1.0,8.0,0.0,6.0,0.05883529411764706,1.8833104312817472,0.4309058823529412,9.04735074348172,9.191177939711427,0.0,0.0,0.0,0.04895657302108808,1.8045112781954886,0.0,0.0,E0001825,U005-normal-018,U005,normal_user,DAILY_NORMAL,0,0,0
1.3278595289091975,0.26704545454545453,0.0,0.0,0.0,0.2104358377858437,0.0,2.0,9.0,0.0,7.0,0.12795294117647057,2.166822039265348,0.5000235294117648,4.276666119016055,9.137425533908663,0.0,0.0,0.0,0.12270083860073543,2.014925373134328,0.0,0.0,E0001826,U005-normal-018,U005,normal_user,DAILY_NORMAL,0,0,0
2.5786659671982926,0.5198636363636364,0.0,0.0,0.0,0.4096603705117778,0.0,1.0,9.0,0.0,7.0,0.1345529411764706,2.646746902709234,0.6168705882352942,9.081369990679223,8.523692028156066,0.0,0.0,0.0,0.5944474189098108,2.0,0.0,0.0,E0001827,U005-normal-018,U005,normal_user,DAILY_NORMAL,0,0,0
0.4675621568645205,0.09536363636363636,0.0,0.0,0.0,0.07514798088080002,0.0,2.0,10.0,0.0,8.0,0.15923529411764706,2.7006778453697735,0.6415529411764705,7.053585727193677,8.30982455921739,0.0,0.0,0.0,-0.20332372090609574,2.2058823529411766,0.0,0.0,E0001828,U005-normal-018,U005,normal_user,DAILY_NORMAL,0,0,0
0.3443309670599861,0.06995454545454545,0.0,0.0,0.0,0.05512523478338952,0.0,1.0,10.0,0.0,9.0,0.018105882352941177,2.7557137766255853,0.6568941176470589,8.628018746505122,8.480570699959737,0.0,0.0,0.0,-0.25028613147379847,2.18978102189781,0.0,0.0,E0001829,U005-normal-018,U005,normal_user,DAILY_NORMAL,0,0,0
0.43209011176630757,0.08736363636363637,0.0,0.0,0.0,0.06884386046372623,0.0,1.0,11.0,0.0,10.0,0.022611764705882352,2.843372628352278,0.6795058823529412,9.743025330095067,8.783855896643942,0.0,0.0,0.0,-0.21649088879741207,2.3913043478260874,0.0,0.0,E0001830,U005-normal-018,U005,normal_user,DAILY_NORMAL,0,0,0
0.12235202622024442,0.024636363636363637,0.0,0.0,0.0,0.01941382537530677,0.0,1.0,11.0,0.0,10.0,0.006376470588235294,2.424220978362688,0.5811647058823529,8.895492631451633,8.983866280565517,0.0,0.0,0.0,-0.33434523326521803,2.3741007194244603,0.0,0.0,E0001831,U005-normal-018,U005,normal_user,DAILY_NORMAL,0,0,0
0.4911548128689965,0.09827272727272728,0.0,0.0,0.0,0.07744038830519048,0.0,1.0,8.0,0.0,6.0,0.02543529411764706,1.4991663951858893,0.35971764705882353,10.673317957867031,9.605957144029533,0.0,0.0,0.0,-0.1932426169103303,1.7142857142857142,0.0,0.0,E0001832,U005-normal-019,U005,normal_user,DAILY_NORMAL,0,0,0
0.15025519451205085,0.029954545454545456,0.0,0.0,0.0,0.023604632698020597,0.0,2.0,9.0,0.0,7.0,0.03318823529411765,1.5260853025961116,0.3674705882352941,7.309212365692763,9.610484683049854,0.0,0.0,0.0,-0.3226436308816203,1.9148936170212765,0.0,0.0,E0001833,U005-normal-019,U005,normal_user,DAILY_NORMAL,0,0,0
0.2442974354880413,0.04840909090909091,0.0,0.0,0.0,0.038147092296497626,0.0,1.0,8.0,0.0,7.0,0.012529411764705883,1.0456154745571464,0.2520470588235294,9.209840246934501,9.667904449828328,0.0,0.0,0.0,-0.2861182329391145,1.6901408450704225,0.0,0.0,E0001834,U005-normal-019,U005,normal_user,DAILY_NORMAL,0,0,0
0.15105253630292795,0.029772727272727274,0.0,0.0,0.0,0.023461357233996193,0.0,1.0,6.0,0.0,5.0,0.007705882352941176,0.3412933072149264,0.08241176470588235,9.135616825780247,9.564596392677606,0.0,0.0,0.0,-0.3207506146411405,1.2587412587412588,0.0,0.0,E0001835,U005-normal-019,U005,normal_user,DAILY_NORMAL,0,0,0
1.0049885818746411,0.19690909090909092,0.0,0.0,0.0,0.15516732753842977,0.0,1.0,7.0,0.0,5.0,0.05096470588235294,0.5517674075854176,0.1333764705882353,9.011523512653032,9.577120090286613,0.0,0.0,0.0,0.0018795137424390618,1.4583333333333335,0.0,0.0,E0001836,U005-normal-019,U005,normal_user,DAILY_NORMAL,0,0,0
0.4829902455182606,0.09463636363636363,0.0,0.0,0.0,0.0745748790247024,0.0,1.0,8.0,0.0,6.0,0.024494117647058822,0.6485396758535001,0.15787058823529412,8.649098262296176,8.84422096920945,0.0,0.0,0.0,-0.19547688289171508,1.6551724137931036,0.0,0.0,E0001837,U005-normal-019,U005,normal_user,DAILY_NORMAL,0,0,0
0.0,0.0,0.0,0.0,0.0,0.0,0.0,2.0,8.0,0.0,6.0,0.024494117647058822,0.5537920277069248,0.13525882352941176,7.524021415206125,8.854493656390211,0.0,0.0,0.0,-0.37799923929046403,1.6438356164383563,0.0,0.0,E0001838,U005-agent-normal-005,U005,normal_agent,DELEGATED_NORMAL,0,0,0
0.09172867862020995,0.01790909090909091,0.0,0.0,0.0,0.014112633206403815,0.0,1.0,9.0,0.0,7.0,0.004635294117647059,0.5727703750076578,0.13989411764705884,8.232971790593437,8.658588581597547,0.0,0.0,0.0,-0.34332586855090524,1.8367346938775508,0.0,0.0,E0001839,U005-normal-019,U005,normal_user,DAILY_NORMAL,0,0,0
0.15040218456381543,0.02918181818181818,0.0,0.0,0.0,0.022995711975916877,0.0,1.0,9.0,0.0,8.0,0.007552941176470589,0.5772220570684646,0.14107058823529411,9.059284897056227,8.634620608292202,0.0,0.0,0.0,-0.32011888572633124,1.8243243243243243,0.0,0.0,E0001840,U005-normal-019,U005,normal_user,DAILY_NORMAL,0,0,0
0.029454146949545353,0.005681818181818182,0.0,1.0,1.0,0.004477358250762632,0.0,1.0,10.0,0.0,9.0,0.0014705882352941176,0.5826390929643943,0.14254117647058823,9.999115863549536,9.034199674257309,0.0,0.0,0.0,-0.3646931139619377,2.013422818791946,0.0,0.0,E0001841,U005-normal-020,U005,normal_user,DAILY_NORMAL,0,0,0
0.06143184669605315,0.011772727272727273,0.0,0.0,0.0,0.009277086295580174,0.0,1.0,11.0,0.0,10.0,0.003047058823529412,0.5949747752767852,0.14558823529411766,9.509184911634074,9.204382660001935,0.0,0.0,0.0,-0.35139622021988637,2.2,0.0,0.0,E0001842,U005-normal-020,U005,normal_user,DAILY_NORMAL,0,0,0
2.1973999015292924,0.41845454545454547,0.0,0.0,0.0,0.3297484804521663,0.0,1.0,10.0,0.0,10.0,0.10830588235294118,0.9015834906186698,0.22070588235294117,9.407550541263888,9.393178462010537,0.0,0.0,0.0,0.4467952661675214,1.9867549668874174,0.0,0.0,E0001843,U005-normal-020,U005,normal_user,DAILY_NORMAL,0,0,0
0.09921996954379021,0.019045454545454546,0.0,0.0,0.0,0.015008104856556343,0.0,1.0,8.0,0.0,8.0,0.004929411764705883,0.6216995418622119,0.15443529411764706,9.985251854338768,9.654667154431936,0.0,0.0,0.0,-0.33970728281411033,1.5789473684210527,0.0,0.0,E0001844,U005-normal-020,U005,normal_user,DAILY_NORMAL,0,0,0
0.8466443253687003,0.16154545454545455,0.0,1.0,0.0,0.12730024978568316,0.0,1.0,7.0,0.0,7.0,0.041811764705882354,0.6909569577078148,0.17175294117647058,8.463792414689122,9.603921814877467,0.0,0.0,0.0,-0.05765864081256101,1.3725490196078431,0.0,0.0,E0001845,U005-agent-normal-019,U005,normal_agent,DELEGATED_NORMAL,0,0,0
0.0,0.0,0.0,0.0,0.0,0.0,0.0,2.0,8.0,0.0,8.0,0.041811764705882354,0.6871044208940025,0.17175294117647058,7.877017895622398,9.300966873189363,0.0,0.0,0.0,-0.3768380359040455,1.5584415584415583,0.0,0.0,E0001846,U005-agent-normal-029,U005,normal_agent,DELEGATED_NORMAL,0,0,0
1.1451018682289107,0.21827272727272728,0.0,0.0,0.0,0.17200219456129726,0.0,1.0,5.0,0.0,5.0,0.05649411764705883,0.8462788267754682,0.21154117647058823,10.806693044861628,9.804881948782006,0.0,0.0,0.0,0.05467990302939036,0.9677419354838709,0.0,0.0,E0001847,U005-normal-021,U005,normal_user,DAILY_NORMAL,0,0,0
0.13317481284798058,0.02540909090909091,0.0,0.0,0.0,0.02002274609741049,0.0,1.0,5.0,0.0,4.0,0.006576470588235294,0.43602150307729165,0.10981176470588236,9.245321340871428,9.784546346459228,0.0,0.0,0.0,-0.328033057483001,0.9615384615384615,0.0,0.0,E0001848,U005-normal-021,U005,normal_user,DAILY_NORMAL,0,0,0
0.28750338846146734,0.05454545454545454,1.0,0.0,0.0,0.04298263920732127,0.0,1.0,6.0,1.0,5.0,0.01411764705882353,0.4916494633203079,0.12392941176470589,9.72184576464693,9.726272933110318,0.0,0.0,0.0,-0.2688935765829759,1.1464968152866242,0.0,0.0,E0001849,U005-normal-021,U005,normal_user,DAILY_NORMAL,0,0,0
0.39786480356950166,0.07513636363636364,0.0,0.0,0.0,0.05920858550808505,0.0,1.0,6.0,0.0,5.0,0.01944705882352941,0.548220011522264,0.13844705882352942,8.502282578680484,9.72849110152724,0.0,0.0,0.0,-0.22687931895406332,1.139240506329114,0.0,0.0,E0001850,U005-normal-021,U005,normal_user,DAILY_NORMAL,0,0,0
0.16672138522745902,0.031363636363636364,0.0,1.0,0.0,0.024715017544209728,0.0,1.0,5.0,0.0,4.0,0.00811764705882353,0.41373668173503203,0.10475294117647059,9.701860844684168,9.87978894575825,0.0,0.0,0.0,-0.3137158004326757,0.9433962264150944,0.0,0.0,E0001851,U005-normal-021,U005,normal_user,DAILY_NORMAL,0,0,0
0.16979721189908853,0.03177272727272727,0.0,0.0,0.0,0.025037387338264636,0.0,1.0,5.0,0.0,5.0,0.008223529411764706,0.22284694631845053,0.05648235294117647,10.637728690631034,9.797971469222725,0.0,0.0,0.0,-0.3117960666416009,0.9375,0.0,0.0,E0001852,U005-normal-022,U005,normal_user,DAILY_NORMAL,0,0,0
0.2522561102424707,0.04695454545454546,0.0,0.0,0.0,0.037000888584302394,0.0,1.0,6.0,0.0,6.0,0.012152941176470589,0.27050292508386053,0.06863529411764706,8.208219383496834,9.720777920450697,0.0,0.0,0.0,-0.28015377049123913,1.1180124223602486,0.0,0.0,E0001853,U005-normal-022,U005,normal_user,DAILY_NORMAL,0,0,0
1.4313802218871745,0.2651818181818182,0.0,0.0,0.0,0.20896726427959356,0.0,2.0,7.0,0.0,7.0,0.08078823529411765,0.5401434799574244,0.13727058823529412,5.7745515455444085,9.50218875329738,0.0,0.0,0.0,0.1613316110059865,1.2962962962962963,0.0,0.0,E0001854,U005-normal-022,U005,normal_user,DAILY_NORMAL,0,0,0
0.6804876362748548,0.12640909090909092,0.0,0.0,1.0,0.09961226636296704,0.0,1.0,4.0,0.0,4.0,0.03271764705882353,0.4747172041893151,0.12172941176470588,10.7463470063244,9.984873972408549,0.0,0.0,0.0,-0.12018281001484465,0.7361963190184049,0.0,0.0,E0001855,U005-normal-023,U005,normal_user,DAILY_NORMAL,0,0,0
0.604609626004669,0.11209090909090909,0.0,0.0,1.0,0.0883293235710452,0.0,1.0,5.0,0.0,5.0,0.02901176470588235,0.5853669385378659,0.15074117647058824,8.701013624333928,9.884712397209794,0.0,0.0,0.0,-0.14888519342170703,0.9146341463414634,0.0,0.0,E0001856,U005-normal-023,U005,normal_user,DAILY_NORMAL,0,0,0
0.3846427907574116,0.07113636363636364,0.0,1.0,0.0,0.05605652529954815,0.0,1.0,6.0,0.0,6.0,0.018411764705882353,0.654407057805001,0.1691529411764706,10.256957365525912,9.740286037188453,0.0,0.0,0.0,-0.23184957224676955,1.0909090909090908,0.0,0.0,E0001857,U005-normal-023,U005,normal_user,DAILY_NORMAL,0,0,0
0.07598653161819072,0.014,0.0,1.0,0.0,0.011032210729879125,0.0,1.0,4.0,0.0,3.0,0.003623529411764706,0.3232954177684156,0.08376470588235294,8.961879012677683,9.787751171053525,0.0,0.0,0.0,-0.34783986451264415,0.7228915662650602,0.0,0.0,E0001858,U005-normal-023,U005,normal_user,DAILY_NORMAL,0,0,0
0.1811184108217637,0.03318181818181818,0.0,0.0,0.0,0.02614777218445377,0.0,1.0,5.0,0.0,4.0,0.008588235294117647,0.35627619235320207,0.09235294117647058,9.539140395148861,9.929564572246246,0.0,0.0,0.0,-0.30735218407564213,0.8982035928143713,0.0,0.0,E0001859,U005-normal-023,U005,normal_user,DAILY_NORMAL,0,0,0
1.0694402353975099,0.19495454545454546,0.0,0.0,0.0,0.15362711630016743,0.0,1.0,6.0,0.0,5.0,0.050458823529411764,0.5503268410729508,0.14281176470588236,9.06843112579349,9.470533049485349,0.0,0.0,0.0,0.026005272540744206,1.0714285714285714,0.0,0.0,E0001860,U005-normal-023,U005,normal_user,DAILY_NORMAL,0,0,0
1.1911209683713355,0.21722727272727274,0.0,0.0,0.0,0.17117836064315695,0.0,2.0,7.0,0.0,5.0,0.10668235294117646,0.7620457174425104,0.19903529411764706,8.01532730902172,9.42346591014683,0.0,0.0,0.0,0.07182098937740893,1.242603550295858,0.0,0.0,E0001861,U005-normal-023,U005,normal_user,DAILY_NORMAL,0,0,0
0.07095237888383654,0.012954545454545455,0.0,0.0,0.0,0.010208376811738801,0.0,1.0,8.0,0.0,6.0,0.003352941176470588,0.7693626056972203,0.20238823529411765,8.30325712085294,8.920896748904742,0.0,0.0,0.0,-0.35057040053351474,1.4117647058823528,0.0,0.0,E0001862,U005-normal-023,U005,normal_user,DAILY_NORMAL,0,0,0
0.2398258230165324,0.04354545454545455,0.0,0.0,0.0,0.03431447363384481,0.0,2.0,9.0,0.0,7.0,0.014623529411764705,0.811861909447369,0.21365882352941176,6.983789965258135,8.723003384279096,0.0,0.0,0.0,-0.28600897309947926,1.5789473684210527,0.0,0.0,E0001863,U005-normal-023,U005,normal_user,DAILY_NORMAL,0,0,0
0.7385710415855978,0.1335,0.0,0.0,0.0,0.1052000094599188,0.0,3.0,10.0,0.0,8.0,0.049176470588235294,0.9418118860189991,0.24821176470588235,5.666426688112432,8.137922007390548,0.0,0.0,0.0,-0.09818518779832086,1.744186046511628,0.0,0.0,E0001864,U005-normal-023,U005,normal_user,DAILY_NORMAL,0,0,0
2.465191543921969,0.4449090909090909,0.0,0.0,1.0,0.35059506046771716,0.0,1.0,11.0,0.0,8.0,0.11515294117647058,1.372747650644978,0.3633647058823529,9.351926736038054,8.291696874518431,0.0,0.0,0.0,0.5510450445469953,1.907514450867052,0.0,0.0,E0001865,U005-normal-024,U005,normal_user,DAILY_NORMAL,0,0,0
0.09264570139550977,0.016863636363636365,0.0,0.0,0.0,0.013288799288263492,0.0,1.0,10.0,0.0,8.0,0.0043647058823529416,1.1395066407987937,0.306,10.126911064657653,9.034390472989077,0.0,0.0,0.0,-0.3448762471177941,1.7241379310344829,0.0,0.0,E0001866,U005-normal-024,U005,normal_user,DAILY_NORMAL,0,0,0
0.0,0.0,0.0,0.0,0.0,0.0,0.0,2.0,11.0,0.0,9.0,0.0043647058823529416,1.1388896043882053,0.306,7.05444965813294,8.963262670366342,0.0,0.0,0.0,-0.3790577137577665,1.885714285714286,0.0,0.0,E0001867,U005-agent-normal-032,U005,normal_agent,DELEGATED_NORMAL,0,0,0
1.5594803822414964,0.28236363636363637,0.0,1.0,0.0,0.22250679562989975,0.0,1.0,10.0,0.0,9.0,0.07308235294117647,1.3288796848741886,0.3570470588235294,9.846811375342572,9.33913807836569,0.0,0.0,0.0,0.2120753545847829,1.7045454545454546,0.0,0.0,E0001868,U005-normal-024,U005,normal_user,DAILY_NORMAL,0,0,0
0.9381270769941852,0.1704090909090909,0.0,0.0,0.0,0.13428492865687286,0.0,1.0,11.0,0.0,10.0,0.044105882352941175,1.4796203259450025,0.4011529411764706,8.97094039814245,9.464284672443105,0.0,0.0,0.0,-0.02359448990727944,1.8644067796610169,0.0,0.0,E0001869,U005-normal-024,U005,normal_user,DAILY_NORMAL,0,0,0
0.049313623574191716,0.008954545454545455,0.0,1.0,0.0,0.007056316603201908,0.0,2.0,12.0,0.0,11.0,0.046423529411764704,1.4801424124600955,0.40347058823529414,6.879355804460439,9.285559155521856,0.0,0.0,0.0,-0.363449142516669,2.0224719101123596,0.0,0.0,E0001870,U005-normal-024,U005,normal_user,DAILY_NORMAL,0,0,0
1.522726121828815,0.275,0.0,1.0,0.0,0.21670413933691138,0.0,1.0,11.0,0.0,10.0,0.0711764705882353,1.524207498835175,0.4156,9.449121024069791,9.026321375346024,0.0,0.0,0.0,0.19924865595031258,1.8435754189944134,0.0,0.0,E0001871,U005-normal-024,U005,normal_user,RECURRING_NORMAL,0,0,0
0.21104470533197991,0.03822727272727273,0.0,1.0,0.0,0.03012366631113099,0.0,1.0,7.0,0.0,6.0,0.009894117647058824,0.7451354110805095,0.20494117647058824,10.673642069456857,9.72483924110847,0.0,0.0,0.0,-0.30244741975581607,1.1666666666666667,0.0,0.0,E0001872,U005-normal-025,U005,normal_user,DAILY_NORMAL,0,0,0
0.0,0.0,0.0,0.0,0.0,0.0,0.0,1.0,6.0,0.0,6.0,0.0,0.7283925660833575,0.2005764705882353,8.850660919017152,9.571100958299867,0.0,0.0,0.0,-0.3826268601281732,0.994475138121547,0.0,0.0,E0001873,U005-agent-normal-000,U005,normal_agent,DELEGATED_NORMAL,0,0,0
0.05898403288959372,0.010636363636363637,0.0,0.0,0.0,0.008381614645427648,0.0,1.0,7.0,0.0,7.0,0.002752941176470588,0.7383898597934581,0.20332941176470587,8.691986481789401,9.544023006988647,0.0,0.0,0.0,-0.36005798482593104,1.153846153846154,0.0,0.0,E0001874,U005-normal-025,U005,normal_user,DAILY_NORMAL,0,0,0
0.3580657668177866,0.06422727272727273,0.0,0.0,0.0,0.05061205766662079,0.0,2.0,8.0,0.0,8.0,0.019376470588235294,0.7984920413685128,0.2199529411764706,7.364547014255642,9.552681069731763,0.0,0.0,0.0,-0.24492280683478984,1.3114754098360657,0.0,0.0,E0001875,U005-normal-025,U005,normal_user,DAILY_NORMAL,0,0,0
0.09537008832265803,0.017045454545454544,0.0,1.0,0.0,0.013432074752287896,0.0,1.0,6.0,0.0,6.0,0.004411764705882353,0.37990328367367643,0.10485882352941177,9.963970987915639,9.66728409063313,0.0,0.0,0.0,-0.34482052860249923,0.9782608695652173,0.0,0.0,E0001876,U005-normal-025,U005,normal_user,DAILY_NORMAL,0,0,0
0.15412971508139486,0.02740909090909091,0.0,1.0,0.0,0.021598776201678938,0.0,1.0,6.0,0.0,5.0,0.007094117647058824,0.14765439261252478,0.040776470588235296,9.732877151670184,9.26147065307779,0.0,0.0,0.0,-0.3215911858302187,0.9729729729729729,0.0,0.0,E0001877,U005-normal-025,U005,normal_user,DAILY_NORMAL,0,0,0
0.10554684068745952,0.01868181818181818,0.0,0.0,0.0,0.014721553928507533,0.0,2.0,7.0,0.0,6.0,0.011929411764705883,0.16502201933511335,0.04561176470588235,7.710653323501202,9.166931701559161,0.0,0.0,0.0,-0.3393146519879961,1.129032258064516,0.0,0.0,E0001878,U005-normal-025,U005,normal_user,DAILY_NORMAL,0,0,0
0.0,0.0,0.0,0.0,0.0,0.0,0.0,1.0,8.0,0.0,6.0,0.0,0.16492584584353054,0.04561176470588235,8.516593011344206,9.146718763678859,0.0,0.0,0.0,-0.37841161318526184,1.2834224598930482,0.0,0.0,E0001879,U005-agent-normal-003,U005,normal_agent,DELEGATED_NORMAL,0,0,0
0.0,0.0,1.0,0.0,1.0,0.0,0.0,1.0,9.0,1.0,7.0,0.0,0.16492584584353054,0.04561176470588235,8.981555940771887,9.274141121026844,0.0,0.0,0.0,-0.37841161318526184,1.4361702127659575,1.0,1.0,E0001880,U005-misuse-UNAUTHORIZED_TOOL-006,U005,agent_misuse,UNAUTHORIZED_TOOL,1,0,1
3.4065673807454027,0.6,1.0,0.0,1.0,0.4728090312805339,0.0,2.0,10.0,2.0,8.0,0.15529411764705883,0.7264479415707946,0.20090588235294118,6.293419278846481,8.782261488996433,0.0,0.0,0.0,0.9106730447868981,1.5873015873015874,0.0,1.0,E0001881,U005-misuse-UNAUTHORIZED_TOOL-006,U005,agent_misuse,UNAUTHORIZED_TOOL,1,0,1
0.0,0.0,1.0,0.0,1.0,0.0,0.0,3.0,11.0,3.0,9.0,0.15529411764705883,0.7131005510412954,0.20090588235294118,6.293419278846481,8.08739440629262,0.0,0.0,0.0,-0.3835716306771766,1.736842105263158,0.0,1.0,E0001882,U005-misuse-UNAUTHORIZED_TOOL-006,U005,agent_misuse,UNAUTHORIZED_TOOL,1,0,1
0.4057745496652563,0.07240909090909091,0.0,0.0,1.0,0.057059453547718984,0.0,1.0,12.0,0.0,10.0,0.018741176470588237,0.7796209690192063,0.21964705882352942,8.92399074475818,8.368414722057334,0.0,0.0,0.0,-0.22792802497477724,1.8848167539267018,0.0,0.0,E0001883,U005-normal-026,U005,normal_user,DAILY_NORMAL,0,0,0
0.18859501454858194,0.033545454545454545,0.0,0.0,0.0,0.02643432311250258,0.0,1.0,11.0,0.0,9.0,0.008682352941176471,0.7736045500007778,0.21843529411764706,9.820757904937132,8.852493312807272,0.0,0.0,0.0,-0.3110293682045288,1.71875,0.0,0.0,E0001884,U005-normal-026,U005,normal_user,DAILY_NORMAL,0,0,0
0.10189980345582322,0.018045454545454545,0.0,0.0,0.0,0.01422008980442212,0.0,1.0,10.0,0.0,10.0,0.004670588235294117,0.7207838095627301,0.20372941176470588,9.028218795184895,8.86330453649141,0.0,0.0,0.0,-0.343591931935732,1.5544041450777202,0.0,0.0,E0001885,U005-normal-026,U005,normal_user,DAILY_NORMAL,0,0,0
0.2476031358547617,0.04363636363636364,0.0,0.0,0.0,0.034386111365857015,0.0,1.0,11.0,0.0,10.0,0.011294117647058824,0.7603230030271303,0.2150235294117647,9.752373922866367,9.249426460683384,0.0,0.0,0.0,-0.2871414582280723,1.7010309278350515,0.0,0.0,E0001886,U005-normal-026,U005,normal_user,DAILY_NORMAL,0,0,0
0.29910095931645014,0.0525,0.0,0.0,0.0,0.04137079023704672,0.0,1.0,9.0,0.0,7.0,0.013588235294117647,0.7495907506002792,0.21227058823529413,10.113181056125933,9.630602134327079,0.0,0.0,0.0,-0.26706814261509243,1.3846153846153846,0.0,0.0,E0001887,U005-normal-026,U005,normal_user,DAILY_NORMAL,0,0,0
0.226399849203375,0.03959090909090909,0.0,0.0,0.0,0.03119823229131402,0.0,1.0,5.0,0.0,4.0,0.010247058823529411,0.17093224562750844,0.04848235294117647,10.348237474307195,9.901585745246532,0.0,0.0,0.0,-0.29439929326391545,0.7653061224489796,0.0,0.0,E0001888,U005-normal-027,U005,normal_user,DAILY_NORMAL,0,0,0
0.03888888711777977,0.006772727272727273,0.0,0.0,0.0,0.005337011034909057,0.0,1.0,3.0,0.0,3.0,0.0017529411764705882,0.09010688130517844,0.025588235294117648,10.565840417922663,10.087349588848662,0.0,0.0,0.0,-0.3651446731458141,0.4568527918781726,0.0,0.0,E0001889,U005-normal-027,U005,normal_user,RECURRING_NORMAL,0,0,0
0.0,0.0,0.0,0.0,0.0,0.0,0.0,1.0,2.0,0.0,2.0,0.0,0.006171569354864615,0.0017529411764705882,11.160228313400713,10.503032593759766,0.0,0.0,0.0,-0.37886326398449544,0.30303030303030304,0.0,0.0,E0001890,U005-agent-normal-012,U005,normal_agent,DELEGATED_NORMAL,0,0,0
1.2859231019538713,0.22281818181818183,0.0,1.0,0.0,0.17558408116190738,0.0,1.0,3.0,0.0,3.0,0.05767058823529412,0.20921205913705485,0.05942352941176471,8.213923595622743,10.426000611377127,0.0,0.0,0.0,0.10832575965481536,0.4522613065326633,0.0,0.0,E0001891,U005-normal-028,U005,normal_user,DAILY_NORMAL,0,0,0
0.8195918119811946,0.14222727272727273,0.0,0.0,1.0,0.1120772317330902,0.0,1.0,3.0,0.0,3.0,0.036811764705882356,0.33040724460858345,0.09448235294117648,10.845933241887135,10.572777396565506,0.0,0.0,0.0,-0.06863014675725118,0.44999999999999996,0.0,0.0,E0001892,U005-normal-029,U005,normal_user,DAILY_NORMAL,0,0,0
4.293991504242503,0.7444545454545455,0.0,0.0,0.0,0.586641387447923,0.0,1.0,2.0,0.0,2.0,0.19268235294117647,0.7991178359809892,0.22949411764705882,10.662703333065778,10.630142040400989,0.0,0.0,0.0,1.255166950121873,0.29850746268656714,0.0,0.0,E0001893,U005-normal-029,U005,normal_user,DAILY_NORMAL,0,0,0
0.36682212040427237,0.06468181818181819,0.0,0.0,0.0,0.0509702463266818,0.0,2.0,3.0,0.0,2.0,0.2094235294117647,0.8386558697120315,0.24623529411764705,7.458186157340487,10.432714822682671,0.0,0.0,0.0,-0.24502879903597105,0.44554455445544555,0.0,0.0,E0001894,U005-normal-029,U005,normal_user,DAILY_NORMAL,0,0,0
0.12413996662664054,0.02181818181818182,0.0,1.0,0.0,0.017193055682928508,0.0,1.0,4.0,0.0,3.0,0.005647058823529412,0.8562618187746049,0.25188235294117645,9.234642664499148,9.996331056231172,0.0,0.0,0.0,-0.3386580120798961,0.5911330049261084,0.0,0.0,E0001895,U005-normal-029,U005,normal_user,DAILY_NORMAL,0,0,0
1.1225604055665608,0.19640909090909092,0.0,0.0,0.0,0.15477332001236266,0.0,2.0,5.0,0.0,4.0,0.05648235294117647,1.0284158508761567,0.30271764705882354,7.9603236291488395,9.98876576179122,0.0,0.0,0.0,0.0472835996176869,0.7352941176470589,0.0,0.0,E0001896,U005-normal-029,U005,normal_user,DAILY_NORMAL,0,0,0
0.021549245205888145,0.0037727272727272726,0.0,1.0,0.0,0.0029729658785063876,0.0,1.0,5.0,0.0,4.0,0.0009764705882352941,0.9014838225268735,0.26688235294117646,10.60893378868309,9.88401926934073,0.0,0.0,0.0,-0.37868582638431375,0.7317073170731707,0.0,0.0,E0001897,U005-normal-030,U005,normal_user,DAILY_NORMAL,0,0,0
0.4550539201629245,0.07927272727272727,0.0,0.0,0.0,0.06246810231464024,0.0,2.0,6.0,0.0,5.0,0.021494117647058823,0.9706822709617965,0.2874,7.419380582918692,9.341508975411516,0.0,0.0,0.0,-0.21031888361746015,0.8737864077669903,0.0,0.0,E0001898,U005-normal-030,U005,normal_user,DAILY_NORMAL,0,0,0
0.025902907233096392,0.0045,0.0,0.0,0.0,0.0035460677346040043,0.0,3.0,7.0,0.0,6.0,0.022658823529411766,0.9723699244159603,0.28856470588235295,6.352629396319567,9.320951081216137,0.0,0.0,0.0,-0.37582098111247736,1.0144927536231882,0.0,0.0,E0001899,U005-hard-SUBSCRIPTION_BURST-003,U005,hard_negative,SUBSCRIPTION_BURST,0,0,0
0.128836960328941,0.022272727272727274,0.0,0.0,0.0,0.017551244342989516,0.0,4.0,8.0,0.0,6.0,0.028423529411764705,0.9916653902705711,0.2943294117647059,6.493753839851686,9.132659872091665,0.0,0.0,0.0,-0.3351868856761545,1.1538461538461537,0.0,0.0,E0001900,U005-hard-SUBSCRIPTION_BURST-003,U005,hard_negative,SUBSCRIPTION_BURST,0,0,0
0.03934834737239691,0.006772727272727273,0.0,0.0,0.0,0.005337011034909057,0.0,5.0,9.0,0.0,6.0,0.030176470588235294,0.9969260318668923,0.29608235294117646,6.493753839851686,9.083847011341472,0.0,0.0,0.0,-0.36882825482633486,1.291866028708134,0.0,0.0,E0001901,U005-hard-SUBSCRIPTION_BURST-003,U005,hard_negative,SUBSCRIPTION_BURST,0,0,0
0.03953731047012615,0.006772727272727273,0.0,0.0,0.0,0.005337011034909057,0.0,5.0,10.0,0.0,6.0,0.03095294117647059,1.0026310246035397,0.29783529411764703,6.493753839851686,6.739336627357174,0.0,0.0,0.0,-0.3677851924549981,1.4285714285714286,0.0,0.0,E0001902,U005-hard-SUBSCRIPTION_BURST-003,U005,hard_negative,SUBSCRIPTION_BURST,0,0,0
0.13064320556503323,0.022272727272727274,0.0,0.0,0.0,0.017551244342989516,0.0,6.0,11.0,0.0,6.0,0.03671764705882353,1.0218362990941343,0.3036,6.493753839851686,6.467077415118228,0.0,0.0,0.0,-0.3320276075807006,1.5639810426540284,0.0,0.0,E0001903,U005-hard-SUBSCRIPTION_BURST-003,U005,hard_negative,SUBSCRIPTION_BURST,0,0,0
0.6225547988969321,0.10568181818181818,0.0,0.0,0.0,0.08327886346418495,0.0,3.0,12.0,0.0,7.0,0.03487058823529412,1.1131790273490925,0.33095294117647056,7.791522819150732,6.9204740513899115,0.0,0.0,0.0,-0.14385355952517673,1.6981132075471699,0.0,0.0,E0001904,U005-normal-030,U005,normal_user,DAILY_NORMAL,0,0,0
0.028704017817531444,0.004863636363636363,0.0,0.0,0.0,0.003832618662652813,0.0,1.0,13.0,0.0,7.0,0.0012588235294117647,1.1139967772559827,0.3322117647058824,8.837971491357209,7.722588977798682,0.0,0.0,0.0,-0.3703898268761444,1.8309859154929577,0.0,0.0,E0001905,U005-normal-030,U005,normal_user,DAILY_NORMAL,0,0,0
0.2107794448926011,0.03554545454545455,0.0,0.0,0.0,0.028010353216771026,0.0,2.0,14.0,0.0,8.0,0.010458823529411765,1.144685825734505,0.34141176470588236,7.66105638236183,7.84439750710419,0.0,0.0,0.0,-0.300164849340166,1.9626168224299065,0.0,0.0,E0001906,U005-normal-030,U005,normal_user,DAILY_NORMAL,0,0,0
0.26029368142443404,0.043727272727272726,0.0,0.0,0.0,0.034457749097869216,0.0,2.0,15.0,0.0,8.0,0.02051764705882353,1.1814169241569015,0.3527294117647059,8.035926369891792,8.018691317339078,0.0,0.0,0.0,-0.2808765287483038,2.093023255813953,0.0,0.0,E0001907,U005-normal-030,U005,normal_user,DAILY_NORMAL,0,0,0
0.5802936117998941,0.09713636363636363,0.0,0.0,0.0,0.07654491665503796,0.0,1.0,14.0,0.0,7.0,0.025141176470588236,0.5634774425580276,0.16844705882352942,9.534378481388618,8.643014940970707,0.0,0.0,0.0,-0.15915335787029453,1.9444444444444444,0.0,0.0,E0001908,U005-normal-030,U005,normal_user,DAILY_NORMAL,0,0,0
0.19618045851937468,0.03277272727272727,0.0,0.0,0.0,0.02582540239039886,0.0,2.0,15.0,0.0,8.0,0.033623529411764705,0.5901974919328542,0.1769294117647059,7.937731775260109,8.656363654554209,0.0,0.0,0.0,-0.30490997056774494,2.0737327188940093,0.0,0.0,E0001909,U005-normal-030,U005,normal_user,DAILY_NORMAL,0,0,0
1.3627227704771068,0.22677272727272726,0.0,1.0,0.0,0.17870032250443815,0.0,1.0,6.0,0.0,5.0,0.05869411764705882,0.3802341829945587,0.11409411764705882,11.02765387128589,9.721905722077173,0.0,0.0,0.0,0.1373596768316918,0.8256880733944955,0.0,0.0,E0001910,U005-normal-031,U005,normal_user,DAILY_NORMAL,0,0,0
0.32093788268980566,0.0535,0.0,1.0,0.0,0.042158805289180944,0.0,1.0,6.0,0.0,6.0,0.013847058823529412,0.4194512830202485,0.12668235294117647,8.324821298768782,9.745616627838114,0.0,0.0,0.0,-0.25820249092360537,0.8219178082191781,0.0,0.0,E0001911,U005-normal-031,U005,normal_user,DAILY_NORMAL,0,0,0
0.3263509712328521,0.05422727272727273,0.0,0.0,0.0,0.04273190714527856,0.0,1.0,4.0,0.0,4.0,0.014035294117647059,0.3142639942589408,0.09505882352941177,9.831615540298333,9.912635581433117,0.0,0.0,0.0,-0.25588666087304685,0.5454545454545455,0.0,0.0,E0001912,U005-normal-031,U005,normal_user,DAILY_NORMAL,0,0,0
0.5655938317984054,0.09368181818181819,0.0,0.0,0.0,0.07382268283857428,0.0,2.0,4.0,0.0,4.0,0.03828235294117647,0.36581622967928495,0.11082352941176471,7.81035268372429,9.793203826631295,0.0,0.0,0.0,-0.1648494038384927,0.5429864253393666,0.0,0.0,E0001913,U005-normal-031,U005,normal_user,DAILY_NORMAL,0,0,0
0.3940574078910317,0.06513636363636363,0.0,0.0,0.0,0.05132843498674281,0.0,1.0,5.0,0.0,4.0,0.016858823529411766,0.4203439104254216,0.12768235294117647,8.53030683056162,9.818180177455718,0.0,0.0,0.0,-0.2300013650617004,0.6756756756756757,0.0,0.0,E0001914,U005-normal-031,U005,normal_user,DAILY_NORMAL,0,0,0
0.44895122271646476,0.074,0.0,1.0,0.0,0.058313113857932516,0.0,1.0,6.0,0.0,4.0,0.019152941176470588,0.4825047828931947,0.14683529411764706,10.59625966276599,9.55044884660634,0.0,0.0,0.0,-0.20903592804463003,0.8071748878923767,0.0,0.0,E0001915,U005-normal-032,U005,normal_user,DAILY_NORMAL,0,0,0
0.3815385086654391,0.06272727272727273,0.0,0.0,0.0,0.049430035088419456,0.0,1.0,7.0,0.0,5.0,0.01623529411764706,0.5347325852994592,0.1630705882352941,9.663070672551461,9.703278972504414,0.0,0.0,0.0,-0.23452937122714518,0.9375,0.0,0.0,E0001916,U005-normal-032,U005,normal_user,DAILY_NORMAL,0,0,0
0.280321057783023,0.045954545454545456,0.0,0.0,0.0,0.03621287353216817,0.0,1.0,6.0,0.0,4.0,0.011894117647058824,0.33526694266663903,0.1024235294117647,8.533656917446903,9.522607734186275,0.0,0.0,0.0,-0.27272845455585815,0.8,0.0,0.0,E0001917,U005-normal-032,U005,normal_user,DAILY_NORMAL,0,0,0
0.4178469424583498,0.06827272727272728,0.0,0.0,0.0,0.05379993674116378,0.0,1.0,7.0,0.0,4.0,0.01767058823529412,0.39259926137943585,0.12009411764705882,9.314790473332646,9.641616166584063,0.0,0.0,0.0,-0.22035082630125796,0.9292035398230089,0.0,0.0,E0001918,U005-normal-032,U005,normal_user,DAILY_NORMAL,0,0,0
0.171826170497101,0.028,0.0,0.0,1.0,0.02206442145975825,0.0,1.0,5.0,0.0,4.0,0.007247058823529412,0.23557515377562596,0.0722,10.399950525466283,9.949922564558316,0.0,0.0,0.0,-0.31331971368037503,0.6607929515418502,0.0,0.0,E0001919,U005-normal-033,U005,normal_user,DAILY_NORMAL,0,0,0
0.348596801768839,0.05659090909090909,0.0,0.0,0.0,0.044594488177595815,0.0,1.0,6.0,0.0,5.0,0.014647058823529412,0.28314260776338995,0.08684705882352942,9.883335864325275,9.733517402101105,0.0,0.0,0.0,-0.24601815128350166,0.7894736842105263,0.0,0.0,E0001920,U005-agent-normal-011,U005,normal_agent,DELEGATED_NORMAL,0,0,0
0.40523616647485233,0.06559090909090909,0.0,1.0,0.0,0.05168662364680382,0.0,1.0,6.0,0.0,5.0,0.016976470588235294,0.2756080788243727,0.08467058823529412,9.033125752550372,9.642369511209898,0.0,0.0,0.0,-0.22444169866266359,0.7860262008733624,0.0,0.0,E0001921,U005-normal-033,U005,normal_user,DAILY_NORMAL,0,0,0
0.903330330856477,0.14581818181818182,0.0,0.0,0.0,0.11490692214757219,0.0,1.0,6.0,0.0,6.0,0.037741176470588236,0.34497563652998603,0.10617647058823529,9.375176614429117,9.72589081617789,0.0,0.0,0.0,-0.03645979038447674,0.7826086956521738,0.0,0.0,E0001922,U005-normal-033,U005,normal_user,DAILY_NORMAL,0,0,0
0.2281846395700436,0.03681818181818182,0.0,0.0,0.0,0.029013281464941854,0.0,1.0,5.0,0.0,5.0,0.009529411764705882,0.27874006188386036,0.08614117647058823,9.729550745276567,9.791818289625876,0.0,0.0,0.0,-0.29162667661290026,0.6493506493506493,0.0,0.0,E0001923,U005-normal-033,U005,normal_user,DAILY_NORMAL,0,0,0
0.6001462626988384,0.0965,0.0,1.0,0.0,0.07604345253095254,0.0,1.0,6.0,0.0,6.0,0.024976470588235294,0.3591910160461566,0.11111764705882353,8.231642179973411,9.398213158808462,0.0,0.0,0.0,-0.15086983392656692,0.7758620689655172,0.0,0.0,E0001924,U005-normal-033,U005,normal_user,DAILY_NORMAL,0,0,0
0.9062187113861161,0.14545454545454545,0.0,0.0,0.0,0.11462037121952338,0.0,1.0,7.0,0.0,6.0,0.03764705882352941,0.47959551920245974,0.14876470588235294,8.226573474977114,9.093177144199204,0.0,0.0,0.0,-0.03539900271753722,0.9012875536480687,0.0,0.0,E0001925,U005-normal-033,U005,normal_user,RECURRING_NORMAL,0,0,0
0.589004469489881,0.0945,0.0,0.0,0.0,0.0744674224266841,0.0,1.0,8.0,0.0,7.0,0.024458823529411765,0.5561970055327246,0.1732235294117647,9.199683791787654,9.12674134809987,0.0,0.0,0.0,-0.15541642560591287,1.0256410256410258,0.0,0.0,E0001926,U005-normal-033,U005,normal_user,DAILY_NORMAL,0,0,0
0.024409172899990807,0.003909090909090909,0.0,0.0,1.0,0.0030804224765246906,0.0,1.0,8.0,0.0,7.0,0.0010117647058823529,0.5347763945397245,0.16698823529411766,9.466841326944389,9.151057349812344,0.0,0.0,0.0,-0.3690428265075972,1.021276595744681,0.0,0.0,E0001927,U005-normal-034,U005,normal_user,DAILY_NORMAL,0,0,0
0.1787280297279346,0.0285,0.0,1.0,0.0,0.02245842898582536,0.0,1.0,7.0,0.0,6.0,0.007376470588235294,0.4570763199395128,0.14274117647058823,10.529051581772277,9.51341831740592,0.0,0.0,0.0,-0.3099231465801333,0.8898305084745763,0.0,0.0,E0001928,U005-normal-034,U005,normal_user,DAILY_NORMAL,0,0,0
0.2866553369523958,0.04554545454545455,0.0,0.0,0.0,0.035890503738113255,0.0,1.0,4.0,0.0,4.0,0.011788235294117646,0.14281573017089372,0.04463529411764706,10.491274217438248,9.90291739002437,0.0,0.0,0.0,-0.26875854348536904,0.5063291139240506,0.0,0.0,E0001929,U005-agent-normal-008,U005,normal_agent,DELEGATED_NORMAL,0,0,0
0.44280569066440556,0.07013636363636364,0.0,0.0,0.0,0.05526851024741393,0.0,1.0,2.0,0.0,2.0,0.018152941176470587,0.09567992506580604,0.029941176470588235,10.97303141870689,10.338414370793911,0.0,0.0,0.0,-0.20969902611634988,0.25210084033613445,0.0,0.0,E0001930,U005-agent-normal-028,U005,normal_agent,DELEGATED_NORMAL,0,0,0
2.4504073954581402,0.3871818181818182,0.0,0.0,0.0,0.3051051006399688,0.0,2.0,3.0,0.0,3.0,0.11836470588235294,0.41511362663138013,0.13015294117647058,7.448333860897476,10.284031355239046,0.0,0.0,0.0,0.5456711838074083,0.37656903765690375,0.0,0.0,E0001931,U005-normal-035,U005,normal_user,DAILY_NORMAL,0,0,0
1.114356528622836,0.1771818181818182,0.0,0.0,0.0,0.1396219396917819,0.0,1.0,4.0,0.0,4.0,0.045858823529411764,0.5554592773092513,0.17601176470588234,8.562357743370612,10.23001767255615,0.0,0.0,0.0,0.043359339799873074,0.5,0.0,0.0,E0001932,U005-normal-035,U005,normal_user,DAILY_NORMAL,0,0,0
0.07886374400703937,0.012545454545454545,0.0,1.0,0.0,0.009886007017683891,0.0,2.0,5.0,0.0,5.0,0.04910588235294118,0.5629904738733409,0.17925882352941178,6.61472560020376,9.923045051751659,0.0,0.0,0.0,-0.35018362546513776,0.6224066390041494,0.0,0.0,E0001933,U005-normal-035,U005,normal_user,DAILY_NORMAL,0,0,0
0.03356406104480435,0.005318181818181818,0.0,0.0,0.0,0.004190807322713824,0.0,2.0,6.0,0.0,6.0,0.004623529411764706,0.5671207145173609,0.18063529411764706,8.002359546252707,9.531887495437504,0.0,0.0,0.0,-0.3666438556158255,0.7438016528925621,0.0,0.0,E0001934,U005-normal-035,U005,normal_user,DAILY_NORMAL,0,0,0
0.27394699284818397,0.043227272727272725,0.0,0.0,0.0,0.03406374157180211,0.0,1.0,6.0,0.0,6.0,0.011188235294117646,0.5651555490247457,0.18003529411764707,9.784309794706799,8.645938147306799,0.0,0.0,0.0,-0.2748195004786639,0.7407407407407408,0.0,0.0,E0001935,U005-normal-035,U005,normal_user,DAILY_NORMAL,0,0,0
0.212670720624061,0.03345454545454545,0.0,0.0,0.0,0.026362685380490376,0.0,2.0,7.0,0.0,7.0,0.019847058823529412,0.5916441410885721,0.18869411764705882,7.160845906664299,8.630736139481622,0.0,0.0,0.0,-0.2976788488101673,0.8606557377049181,0.0,0.0,E0001936,U005-normal-035,U005,normal_user,DAILY_NORMAL,0,0,0
0.9054264189466593,0.14195454545454544,0.0,0.0,0.0,0.1118623185370536,0.0,1.0,8.0,0.0,8.0,0.036741176470588235,0.7062057767081801,0.22543529411764707,8.647694999480395,8.647238514755928,0.0,0.0,0.0,-0.03570677862809651,0.979591836734694,0.0,0.0,E0001937,U005-normal-035,U005,normal_user,DAILY_NORMAL,0,0,0
1.1517398740922196,0.1805,0.0,0.0,0.0,0.1422367169102273,0.0,1.0,9.0,0.0,8.0,0.04671764705882353,0.8492965935747877,0.2721529411764706,10.678191678348384,9.562756258994531,0.0,0.0,0.0,0.057388413950601194,1.0975609756097562,0.0,0.0,E0001938,U005-normal-036,U005,normal_user,DAILY_NORMAL,0,0,0
3.0390361897371556,0.4765796313666563,0.0,1.0,0.0,0.37555192305750457,0.0,1.0,8.0,0.0,7.0,0.12335002223607576,0.8606714946883719,0.2771382575301934,9.479985756941812,9.695626624753075,0.0,0.0,0.0,0.7732813555797012,0.9716599190283401,0.0,0.0,E0001939,U005-misuse-VELOCITY_ATTACK-001,U005,agent_misuse,VELOCITY_ATTACK,1,0,0
0.8226069708682466,0.13010125076899848,0.0,1.0,0.0,0.10252174390745998,0.0,2.0,9.0,0.0,8.0,0.157023287140993,0.9530761964058683,0.3108115224351107,3.8918202981106265,9.449798120140947,0.0,0.0,0.0,-0.06790574164947759,1.0887096774193548,0.0,0.0,E0001940,U005-misuse-VELOCITY_ATTACK-001,U005,agent_misuse,VELOCITY_ATTACK,1,0,0
1.8493877757331745,0.2922778788884556,0.0,1.0,0.0,0.2303193679699665,0.0,3.0,10.0,0.0,9.0,0.2326716793238874,1.180980555702802,0.38645991461800505,4.51085950651685,9.430776260878796,0.0,0.0,0.0,0.32557970830532645,1.2048192771084336,0.0,0.0,E0001941,U005-misuse-VELOCITY_ATTACK-001,U005,agent_misuse,VELOCITY_ATTACK,1,0,0
2.529087132040693,0.4011065056230502,0.0,1.0,0.0,0.31607796393992404,0.0,4.0,11.0,0.0,9.0,0.3364874807792651,1.4867738901453456,0.4902757160733828,3.4339872044851463,9.335474102732949,0.0,0.0,0.0,0.5892762223412112,1.3199999999999998,0.0,0.0,E0001942,U005-misuse-VELOCITY_ATTACK-001,U005,agent_misuse,VELOCITY_ATTACK,1,0,0
2.1553243876674393,0.34398858564727774,0.0,1.0,0.0,0.27106818325241727,0.0,5.0,12.0,0.0,10.0,0.4255198205938546,1.7385224876524485,0.5793080558879723,4.48863636973214,7.890208213109961,0.0,0.0,0.0,0.4486564332926549,1.4342629482071712,0.0,0.0,E0001943,U005-misuse-VELOCITY_ATTACK-001,U005,agent_misuse,VELOCITY_ATTACK,1,0,0
2.7146897349618526,0.4353229019095402,1.0,1.0,0.0,0.34304099924346765,0.0,6.0,13.0,1.0,11.0,0.5381916304998533,2.058322253205141,0.6919798657939709,3.6888794541139363,4.0943445622221,0.0,0.0,0.0,0.6701485521436525,1.5476190476190474,0.0,0.0,E0001944,U005-misuse-VELOCITY_ATTACK-001,U005,agent_misuse,VELOCITY_ATTACK,1,0,0
1.8752835183028587,0.3028304529519881,0.0,1.0,0.0,0.23863495517079136,0.0,7.0,14.0,1.0,11.0,0.6165712771462503,2.2661492711479116,0.7703595124403678,3.58351893845611,4.050044303325521,0.0,0.0,0.0,0.34488003196736594,1.6600790513833992,0.0,0.0,E0001945,U005-misuse-VELOCITY_ATTACK-001,U005,agent_misuse,VELOCITY_ATTACK,1,0,0
2.3470496694484506,0.3803677427318823,0.0,1.0,0.0,0.299735506619041,0.0,8.0,15.0,1.0,11.0,0.7150193987945022,2.5362592547289413,0.8688076340886198,1.9459101490553132,3.703768066607687,0.0,0.0,0.0,0.5336228679864334,1.7716535433070866,0.0,0.0,E0001946,U005-misuse-VELOCITY_ATTACK-001,U005,agent_misuse,VELOCITY_ATTACK,1,0,0
0.954266169094498,0.15549719298326922,1.0,1.0,0.0,0.12253412863543625,0.0,9.0,16.0,2.0,12.0,0.7552657310960541,2.628566885292924,0.9090539663901718,4.5217885770490405,3.966511190712216,0.0,0.0,0.0,-0.018242877148530373,1.8823529411764706,0.0,0.0,E0001947,U005-misuse-VELOCITY_ATTACK-001,U005,agent_misuse,VELOCITY_ATTACK,1,0,0
1.8262113567750515,0.29752512426607236,1.0,1.0,0.0,0.23445427630977025,0.0,10.0,17.0,3.0,13.0,0.8322722338472729,2.840216778919896,0.9860604691413904,3.4965075614664802,3.728100167267218,0.0,0.0,0.0,0.33017723206583743,1.9921875,0.0,0.0,E0001948,U005-misuse-VELOCITY_ATTACK-001,U005,agent_misuse,VELOCITY_ATTACK,1,0,0
1.324857128724203,0.21656391759632854,0.0,1.0,0.0,0.17065562681506247,0.0,11.0,18.0,3.0,14.0,0.8883240713427932,2.9796365381078136,1.042112306636911,3.5263605246161616,3.6988297849671046,0.0,0.0,0.0,0.13048925147889906,2.1011673151750974,0.0,0.0,E0001949,U005-misuse-VELOCITY_ATTACK-001,U005,agent_misuse,VELOCITY_ATTACK,1,0,0
1.4007467005161887,0.2292677094711943,1.0,1.0,0.0,0.1806664060316371,0.0,12.0,19.0,4.0,15.0,0.9476639490882788,3.1325680714889375,1.1014521843823963,5.062595033026967,4.1713056033582285,0.0,0.0,0.0,0.16150185313408524,2.2093023255813953,0.0,0.0,E0001950,U005-misuse-VELOCITY_ATTACK-001,U005,agent_misuse,VELOCITY_ATTACK,1,0,0
2.3514276211936296,0.38548768666246236,1.0,1.0,0.0,0.30377009950242134,0.0,13.0,20.0,5.0,16.0,1.0474372326950339,3.3972157386465343,1.2012254679891514,4.804021044733257,4.475061500641071,0.0,0.0,0.0,0.5465672850030577,2.316602316602317,0.0,0.0,E0001951,U005-misuse-VELOCITY_ATTACK-001,U005,agent_misuse,VELOCITY_ATTACK,1,0,1
0.0678424443145804,0.011181818181818182,0.0,0.0,0.0,0.00881144103750086,0.0,1.0,18.0,0.0,15.0,0.0028941176470588235,3.2322288533956143,1.1536372326950337,8.427706024914702,6.8914226243612395,0.0,0.0,0.0,-0.3795602955637248,2.076923076923077,0.0,0.0,E0001952,U005-normal-036,U005,normal_user,DAILY_NORMAL,0,0,0
0.016885178848500475,0.0027727272727272726,0.0,0.0,0.0,0.0021849508263721644,0.0,1.0,19.0,0.0,16.0,0.0007176470588235295,3.2333655951191775,1.1543548797538572,9.111072370317514,7.933151505318987,0.0,0.0,0.0,-0.39950806340777234,2.1839080459770117,0.0,0.0,E0001953,U005-normal-036,U005,normal_user,DAILY_NORMAL,0,0,0
0.5160343545736947,0.0844090909090909,0.0,0.0,0.0,0.06651563417332966,0.0,2.0,20.0,0.0,16.0,0.02256470588235294,3.294338803430202,1.1762019385773865,4.624972813284271,7.938017346762013,0.0,0.0,0.0,-0.1962311743658083,2.290076335877863,0.0,0.0,E0001954,U005-normal-036,U005,normal_user,DAILY_NORMAL,0,0,0
0.17957865321659322,0.02931818181818182,0.0,0.0,0.0,0.02310316857393518,0.0,1.0,19.0,0.0,15.0,0.007588235294117647,3.253368182894805,1.1639431150479749,9.184201714366488,8.459267424412612,0.0,0.0,0.0,-0.33264868985633234,2.1673003802281365,0.0,0.0,E0001955,U005-normal-036,U005,normal_user,DAILY_NORMAL,0,0,0
0.061170021811903084,0.009954545454545454,0.0,1.0,0.0,0.00784433165533613,0.0,1.0,19.0,0.0,15.0,0.0025764705882352942,3.155642462615446,1.129778409165622,10.298666606775793,9.271698842107122,0.0,0.0,0.0,-0.380097761842284,2.1590909090909087,0.0,0.0,E0001956,U005-normal-037,U005,normal_user,DAILY_NORMAL,0,0,0
0.11438005508349845,0.018545454545454546,0.0,0.0,0.0,0.014614097330489231,0.0,1.0,20.0,0.0,16.0,0.0048,3.168289573655075,1.134578409165622,8.655040258108363,9.29341233297926,0.0,0.0,0.0,-0.3578388700554535,2.2641509433962264,0.0,0.0,E0001957,U005-agent-normal-004,U005,normal_agent,DELEGATED_NORMAL,0,0,0
0.0,0.0,0.0,0.0,0.0,0.0,0.0,1.0,20.0,0.0,16.0,0.0,3.0364747058079744,1.0878607621067986,9.736665259189097,9.428720596641323,0.0,0.0,0.0,-0.40334750882759407,2.255639097744361,0.0,0.0,E0001958,U005-agent-normal-015,U005,normal_agent,DELEGATED_NORMAL,0,0,0
0.48835880117310904,0.07890909090909091,0.0,0.0,0.0,0.062181551386591434,0.0,1.0,7.0,0.0,5.0,0.020423529411764705,0.16176026026412985,0.05795294117647059,9.868119408698337,9.697766346913788,0.0,0.0,0.0,-0.2063692029603902,0.7865168539325842,0.0,0.0,E0001959,U005-normal-037,U005,normal_user,DAILY_NORMAL,0,0,0
0.2277522969923408,0.036727272727272726,0.0,0.0,0.0,0.028941643732929654,0.0,1.0,6.0,0.0,6.0,0.009505882352941177,0.12507235282678628,0.04489411764705882,8.79527937019457,9.658443424768581,0.0,0.0,0.0,-0.3114449884786123,0.6716417910447761,0.0,0.0,E0001960,U005-normal-037,U005,normal_user,DAILY_NORMAL,0,0,0
0.0,0.0,0.0,0.0,0.0,0.0,0.0,2.0,7.0,0.0,7.0,0.009505882352941177,0.1249620412301699,0.04489411764705882,6.727431724850855,9.198449960382835,0.0,0.0,0.0,-0.40279733939791684,0.7806691449814126,0.0,0.0,E0001961,U005-agent-normal-033,U005,normal_agent,DELEGATED_NORMAL,0,0,0
0.2114705291020552,0.034,0.0,0.0,1.0,0.02679251177256359,0.0,1.0,7.0,0.0,7.0,0.0088,0.12833496844366768,0.04610588235294118,9.937744041214218,9.462918445964892,0.0,0.0,0.0,-0.3176175729145393,0.7777777777777778,0.0,0.0,E0001962,U005-normal-038,U005,normal_user,DAILY_NORMAL,0,0,0
0.22912830739491027,0.036727272727272726,0.0,0.0,0.0,0.028941643732929654,0.0,1.0,7.0,0.0,7.0,0.009505882352941177,0.14750243855715758,0.053035294117647055,9.830056274450245,9.48833567883842,0.0,0.0,0.0,-0.3101002480503967,0.7749077490774908,0.0,0.0,E0001963,U005-agent-normal-006,U005,normal_agent,DELEGATED_NORMAL,0,0,0
0.1879980939002183,0.030045454545454545,0.0,1.0,0.0,0.023676270430032797,0.0,1.0,7.0,0.0,7.0,0.007776470588235294,0.1556434738482166,0.05601176470588235,8.99205997632796,9.301240843291808,0.0,0.0,0.0,-0.32624664414221144,0.7720588235294118,0.0,0.0,E0001964,U005-normal-038,U005,normal_user,DAILY_NORMAL,0,0,0
0.8815735278099912,0.14045454545454544,0.0,0.0,0.0,0.11068029595885226,0.0,1.0,8.0,0.0,8.0,0.03635294117647059,0.25647497839013716,0.09236470588235295,8.369388996647842,9.258520826500936,0.0,0.0,0.0,-0.047515129406529875,0.8791208791208791,0.0,0.0,E0001965,U005-normal-038,U005,normal_user,DAILY_NORMAL,0,0,0
0.33337920511321717,0.05309090909090909,0.0,0.0,0.0,0.041836435495126036,0.0,2.0,9.0,0.0,9.0,0.050094117647058824,0.29364293559392146,0.10610588235294117,7.356918242356021,9.272375762895635,0.0,0.0,0.0,-0.267850056885312,0.9854014598540146,0.0,0.0,E0001966,U005-normal-038,U005,normal_user,DAILY_NORMAL,0,0,0
0.430369529023947,0.06836363636363636,0.0,0.0,0.0,0.05387157447317599,0.0,1.0,10.0,0.0,10.0,0.017694117647058822,0.3421768128867712,0.1238,8.513586695822125,8.922258219503062,0.0,0.0,0.0,-0.22870368908782618,1.090909090909091,0.0,0.0,E0001967,U005-normal-038,U005,normal_user,DAILY_NORMAL,0,0,0
0.11528008120618309,0.018272727272727274,0.0,0.0,0.0,0.014399184134452625,0.0,1.0,10.0,0.0,10.0,0.004729411764705882,0.35467048357576747,0.1285294117647059,8.368925174747135,8.442986752876399,0.0,0.0,0.0,-0.3550825564172816,1.0869565217391306,0.0,0.0,E0001968,U005-normal-038,U005,normal_user,DAILY_NORMAL,0,0,0
0.5348776950796245,0.0845,0.0,0.0,0.0,0.06658727190534186,0.0,2.0,11.0,0.0,10.0,0.0266,0.4148408142807346,0.1504,7.101675971619444,8.094805704112124,0.0,0.0,0.0,-0.1863626169192815,1.1913357400722022,0.0,0.0,E0001969,U005-normal-038,U005,normal_user,DAILY_NORMAL,0,0,0
1.5079955069003026,0.23781818181818182,0.0,0.0,0.0,0.1874043069439207,0.0,1.0,11.0,0.0,9.0,0.06155294117647059,0.5272258627189836,0.1915294117647059,9.657523073436215,8.620218983727344,0.0,0.0,0.0,0.20355457059549237,1.1870503597122302,0.0,0.0,E0001970,U005-normal-038,U005,normal_user,DAILY_NORMAL,0,0,0
0.4171362053132729,0.0659090909090909,0.0,1.0,0.0,0.05193735570884653,0.0,2.0,12.0,0.0,10.0,0.07861176470588235,0.5709592063976578,0.20858823529411766,5.659482215759621,8.57293059610074,0.0,0.0,0.0,-0.2344167776931338,1.2903225806451613,0.0,0.0,E0001971,U005-normal-038,U005,normal_user,DAILY_NORMAL,0,0,0
0.08418501173765629,0.013272727272727273,0.0,1.0,0.0,0.010459108873781509,0.0,3.0,13.0,0.0,11.0,0.08204705882352942,0.5794605648276372,0.2120235294117647,6.0330862217988015,8.38334174758079,0.0,0.0,0.0,-0.3681728052285013,1.3928571428571428,0.0,0.0,E0001972,U005-normal-038,U005,normal_user,DAILY_NORMAL,0,0,0
0.0,0.0,0.0,0.0,0.0,0.0,0.0,1.0,14.0,0.0,11.0,0.0,0.5792792762303554,0.2120235294117647,8.24354550792826,8.35983738064003,0.0,0.0,0.0,-0.4012962686052801,1.494661921708185,0.0,0.0,E0001973,U005-agent-normal-022,U005,normal_agent,DELEGATED_NORMAL,0,0,0
1.2702551169319394,0.1995909090909091,0.0,0.0,0.0,0.15728064063278974,0.0,1.0,13.0,0.0,10.0,0.051658823529411764,0.6944472734966611,0.2541764705882353,9.021115038865434,8.645480859717706,0.0,0.0,0.0,0.1084523699962709,1.3829787234042552,0.0,0.0,E0001974,U005-normal-038,U005,normal_user,DAILY_NORMAL,0,0,0
0.2988237900798758,0.047,0.0,0.0,1.0,0.037036707450308494,0.0,1.0,14.0,0.0,10.0,0.01216470588235294,0.7242755662049335,0.26634117647058825,9.099520536870939,8.377195221188696,0.0,0.0,0.0,-0.28217498979400013,1.4840989399293285,0.0,0.0,E0001975,U005-normal-039,U005,normal_user,DAILY_NORMAL,0,0,0
0.18253921291807013,0.028636363636363637,0.0,0.0,0.0,0.022565885583843665,0.0,1.0,5.0,0.0,5.0,0.007411764705882353,0.2028320000684508,0.07467058823529411,11.085475450125289,9.760355939191303,0.0,0.0,0.0,-0.32868019171190577,0.528169014084507,0.0,0.0,E0001976,U005-normal-039,U005,normal_user,RECURRING_NORMAL,0,0,0
0.07962850694419886,0.012454545454545454,0.0,0.0,0.0,0.00981436928567169,0.0,1.0,2.0,0.0,2.0,0.003223529411764706,0.02886988460638316,0.010635294117647059,10.876253131338261,10.233884227395446,0.0,0.0,0.0,-0.3695543640369082,0.21052631578947367,0.0,0.0,E0001977,U005-normal-040,U005,normal_user,DAILY_NORMAL,0,0,0
0.4242699400071255,0.06613636363636363,0.0,0.0,0.0,0.052116450038877035,0.0,2.0,3.0,0.0,3.0,0.020341176470588234,0.07531437944742336,0.027752941176470588,7.783640596221253,10.223757814581061,0.0,0.0,0.0,-0.2307589606249553,0.3146853146853147,0.0,0.0,E0001978,U005-normal-040,U005,normal_user,DAILY_NORMAL,0,0,0
0.46928317783916923,0.073,0.0,0.0,0.0,0.05752509880579829,0.0,3.0,4.0,0.0,4.0,0.039235294117647056,0.1263924691587664,0.04664705882352941,6.90875477931522,10.169499004077514,0.0,0.0,0.0,-0.21263823969299211,0.4181184668989547,0.0,0.0,E0001979,U005-normal-040,U005,normal_user,DAILY_NORMAL,0,0,0
0.5571397398394334,0.0865,0.0,1.0,0.0,0.06816330200961031,0.0,1.0,5.0,0.0,5.0,0.022388235294117646,0.186735817209543,0.06903529411764706,8.596743470174246,10.142016144827215,0.0,0.0,0.0,-0.1774034027582332,0.5208333333333334,0.0,0.0,E0001980,U005-normal-040,U005,normal_user,DAILY_NORMAL,0,0,0
0.2307783028838335,0.035772727272727275,0.0,0.0,0.0,0.02818944754680153,0.0,2.0,6.0,0.0,6.0,0.03164705882352941,0.21135366754323354,0.07829411764705882,7.487733761436444,9.44946750259159,0.0,0.0,0.0,-0.30818573999718984,0.6228373702422145,0.0,0.0,E0001981,U005-normal-040,U005,normal_user,DAILY_NORMAL,0,0,0
0.958020218215349,0.14809090909090908,0.0,0.0,0.0,0.11669786544787723,0.0,1.0,7.0,0.0,6.0,0.03832941176470588,0.3145612048428248,0.11662352941176471,9.515469358031684,8.483429561263428,0.0,0.0,0.0,-0.016799879897561102,0.7241379310344828,0.0,0.0,E0001982,U005-normal-040,U005,normal_user,DAILY_NORMAL,0,0,0
2.055142034193453,0.31763636363636366,0.0,0.0,0.0,0.2503022356506342,0.0,2.0,8.0,0.0,7.0,0.12054117647058823,0.5344639277148469,0.19883529411764705,6.591673732008658,8.411743782918672,0.0,0.0,0.0,0.4229519754231063,0.8247422680412372,0.0,0.0,E0001983,U005-normal-040,U005,normal_user,DAILY_NORMAL,0,0,0
0.27160338352018887,0.04213636363636364,0.0,0.0,0.0,0.033204088787655676,0.0,3.0,9.0,0.0,8.0,0.13144705882352942,0.5596561628985123,0.20974117647058824,7.824046010856292,8.476246189082831,0.0,0.0,0.0,-0.29350789155837725,0.9246575342465754,0.0,0.0,E0001984,U005-normal-040,U005,normal_user,DAILY_NORMAL,0,0,0
0.24205266874563178,0.037454545454545456,0.0,0.0,0.0,0.02951474558902727,0.0,1.0,9.0,0.0,7.0,0.009694117647058824,0.5651979575545609,0.2120235294117647,9.167641617443067,8.636397438894713,0.0,0.0,0.0,-0.30512040507094523,0.9215017064846416,0.0,0.0,E0001985,U005-normal-040,U005,normal_user,DAILY_NORMAL,0,0,0
0.1820287505154819,0.02809090909090909,0.0,0.0,0.0,0.022136059191770453,0.0,1.0,10.0,0.0,8.0,0.007270588235294117,0.5840762772169288,0.21929411764705883,9.063115652219658,8.85395110151461,0.0,0.0,0.0,-0.32892821765612834,1.0204081632653061,0.0,0.0,E0001986,U005-normal-040,U005,normal_user,DAILY_NORMAL,0,0,0
0.20618830077286115,0.03172727272727273,0.0,0.0,1.0,0.025001568472258536,0.0,1.0,11.0,0.0,8.0,0.008211764705882352,0.6055569208863673,0.22750588235294117,9.821192309809298,8.983740855688582,0.0,0.0,0.0,-0.3187932856180356,1.11864406779661,0.0,0.0,E0001987,U005-normal-041,U005,normal_user,DAILY_NORMAL,0,0,0
0.5373552308883821,0.08245454545454546,0.0,0.0,0.0,0.06497542293506732,0.0,1.0,12.0,0.0,9.0,0.021341176470588235,0.6618789215967587,0.24884705882352942,9.923486239042818,9.384915334571307,0.0,0.0,0.0,-0.1855718022908093,1.2162162162162162,0.0,0.0,E0001988,U005-normal-041,U005,normal_user,DAILY_NORMAL,0,0,0
0.6675937863821142,0.10227272727272728,0.0,0.0,0.0,0.08059244851372738,0.0,1.0,10.0,0.0,8.0,0.026470588235294117,0.6267417315242052,0.23608235294117647,8.81314100828505,9.4534277170927,0.0,0.0,0.0,-0.13334137116323783,1.0101010101010102,0.0,0.0,E0001989,U005-normal-041,U005,normal_user,DAILY_NORMAL,0,0,0
0.038022861167564266,0.005818181818181818,0.0,0.0,0.0,0.004584814848780935,0.0,1.0,11.0,0.0,9.0,0.0015058823529411766,0.629265473076071,0.23758823529411766,8.29529885950246,9.361893395098502,0.0,0.0,0.0,-0.3861024572561245,1.1073825503355705,0.0,0.0,E0001990,U005-normal-041,U005,normal_user,DAILY_NORMAL,0,0,0
0.46436599225862935,0.07081818181818182,0.0,0.0,0.0,0.055805793237505445,0.0,1.0,10.0,0.0,8.0,0.018329411764705882,0.5939139952337437,0.2242705882352941,9.020147920801659,9.355634807933061,0.0,0.0,0.0,-0.2145818559289484,1.0033444816053512,0.0,0.0,E0001991,U005-normal-041,U005,normal_user,DAILY_NORMAL,0,0,0
0.16303996242253063,0.02481818181818182,0.0,0.0,0.0,0.019557100839331175,0.0,1.0,11.0,0.0,8.0,0.0064235294117647055,0.6099379241345015,0.23069411764705883,8.41715183723601,9.080755467427492,0.0,0.0,0.0,-0.33522908136382923,1.1,0.0,0.0,E0001992,U005-normal-041,U005,normal_user,DAILY_NORMAL,0,0,0
0.25694979610392665,0.039,0.0,0.0,0.0,0.030732587033234705,0.0,1.0,9.0,0.0,7.0,0.010094117647058823,0.2889262957618378,0.10934117647058823,8.958668737047434,8.741743752427903,0.0,0.0,0.0,-0.29721027004368494,0.8970099667774086,0.0,0.0,E0001993,U005-normal-041,U005,normal_user,DAILY_NORMAL,0,0,0
0.2660167033271765,0.04027272727272727,0.0,0.0,0.0,0.03173551528140554,0.0,2.0,10.0,0.0,7.0,0.02051764705882353,0.31618860899867557,0.11976470588235294,7.19668657083435,8.55283056900737,0.0,0.0,0.0,-0.29329292067769497,0.9933774834437087,0.0,0.0,E0001994,U005-normal-041,U005,normal_user,DAILY_NORMAL,0,0,0
0.14478282867912334,0.021863636363636363,0.0,1.0,0.0,0.017228874548934608,0.0,1.0,8.0,0.0,6.0,0.005658823529411765,0.26441787581173454,0.10024705882352941,10.746712845552901,9.523383126493147,0.0,0.0,0.0,-0.3414116492078872,0.7920792079207921,0.0,0.0,E0001995,U005-normal-042,U005,normal_user,DAILY_NORMAL,0,0,0
0.5295115154620698,0.07972727272727273,0.0,0.0,0.0,0.06282629097470126,0.0,1.0,5.0,0.0,4.0,0.020635294117647057,0.14034689442521978,0.05323529411764706,10.238244032373839,9.77636983397648,0.0,0.0,0.0,-0.18755789459560118,0.493421052631579,0.0,0.0,E0001996,U005-normal-042,U005,normal_user,DAILY_NORMAL,0,0,0
0.3991330454778832,0.06,0.0,0.0,0.0,0.04728090312805339,0.0,2.0,6.0,0.0,5.0,0.03616470588235294,0.18095971539080263,0.06876470588235294,7.4798641311650265,9.74462076935516,0.0,0.0,0.0,-0.23954276121911985,0.5901639344262295,0.0,0.0,E0001997,U005-normal-042,U005,normal_user,DAILY_NORMAL,0,0,0
0.43903651700142243,0.06586363636363636,0.0,1.0,0.0,0.05190153684284043,0.0,1.0,4.0,0.0,4.0,0.01704705882352941,0.1547118161064716,0.05887058823529412,10.049447637979663,9.910254604306548,0.0,0.0,0.0,-0.22353642244255956,0.3921568627450981,0.0,0.0,E0001998,U005-normal-042,U005,normal_user,DAILY_NORMAL,0,0,0
0.8047641372086309,0.1205,0.0,1.0,0.0,0.0949558137821739,0.0,2.0,5.0,0.0,5.0,0.04823529411764706,0.2363215468546722,0.09005882352941176,7.2682230211595655,9.911237444396187,0.0,0.0,0.0,-0.07777629259132027,0.488599348534202,0.0,0.0,E0001999,U005-normal-042,U005,normal_user,DAILY_NORMAL,0,0,0
0.29070825979555637,0.0435,0.0,0.0,0.0,0.03427865476783871,0.0,1.0,6.0,0.0,6.0,0.011258823529411766,0.26514228727435096,0.10131764705882353,8.343791731996841,9.367429587218957,0.0,0.0,0.0,-0.28285014592337915,0.5844155844155844,0.0,0.0,E0002000,U005-normal-042,U005,normal_user,DAILY_NORMAL,0,0,0
0.26034543413930333,0.038863636363636364,0.0,0.0,1.0,0.0306251304352164,0.0,1.0,7.0,0.0,7.0,0.010058823529411764,0.291179659164367,0.1113764705882353,9.243001154215731,9.009080614161977,0.0,0.0,0.0,-0.29471070615696227,0.6796116504854368,0.0,0.0,E0002001,U005-normal-043,U005,normal_user,DAILY_NORMAL,0,0,0
3.288514768690667,0.48968181818181816,0.0,0.0,0.0,0.3858766434837267,0.0,1.0,7.0,0.0,7.0,0.12674117647058825,0.6072018535765109,0.23245882352941177,9.977295479680848,9.40335455830888,0.0,0.0,0.0,0.9109782988855545,0.6774193548387096,0.0,0.0,E0002002,U005-normal-043,U005,normal_user,DAILY_NORMAL,0,0,0
0.296574932598925,0.0445,0.0,0.0,0.0,0.03506666981997293,0.0,1.0,8.0,0.0,7.0,0.01151764705882353,0.6303310270431406,0.2439764705882353,8.728749873478527,9.075207697984686,0.0,0.0,0.0,-0.282233876461238,0.7717041800643086,0.0,0.0,E0002003,U005-normal-043,U005,normal_user,DAILY_NORMAL,0,0,0
0.5055748878709527,0.07568181818181818,0.0,0.0,0.0,0.059638411900158256,0.0,1.0,9.0,0.0,8.0,0.019588235294117646,0.6802639166950724,0.2635647058823529,9.051696278536586,9.225800249838226,0.0,0.0,0.0,-0.19821645137242996,0.8653846153846153,0.0,0.0,E0002004,U005-normal-043,U005,normal_user,DAILY_NORMAL,0,0,0
5.8883087190884975,0.88,1.0,1.0,0.0,0.6934532458781164,0.0,2.0,10.0,1.0,9.0,0.24735294117647058,1.2659940540928978,0.4913294117647059,6.782192056006791,9.15814140443259,0.0,0.0,0.0,1.9596482205303152,0.9584664536741214,0.0,0.0,E0002005,U005-hard-EMERGENCY_LARGE_TRANSFER-004,U005,hard_negative,EMERGENCY_LARGE_TRANSFER,0,0,0
0.43309218684111017,0.06577272727272727,0.0,0.0,0.0,0.05182989911082823,0.0,1.0,10.0,0.0,9.0,0.017023529411764705,1.2325754837149983,0.48771764705882353,9.166806369952454,9.14204011771739,0.0,0.0,0.0,-0.2298697008593326,0.9554140127388535,0.0,0.0,E0002006,U005-normal-043,U005,normal_user,DAILY_NORMAL,0,0,0
0.1535306531289007,0.02327272727272727,0.0,0.0,0.0,0.01833925939512374,0.0,1.0,10.0,0.0,8.0,0.006023529411764706,1.2068212384714487,0.47821176470588234,9.735719576749684,9.037842405330865,0.0,0.0,0.0,-0.3431209083979394,0.9523809523809523,0.0,0.0,E0002007,U005-normal-043,U005,normal_user,DAILY_NORMAL,0,0,0
3.9653551999840886,0.5994090909090909,0.0,0.0,0.0,0.4723433860224546,0.0,2.0,11.0,0.0,9.0,0.16116470588235293,1.5975279970042022,0.6333529411764706,8.087332926473351,8.965794414401538,0.0,0.0,0.0,1.2004197006846191,1.0443037974683544,0.0,0.0,E0002008,U005-normal-043,U005,normal_user,DAILY_NORMAL,0,0,0
0.07474941314319819,0.011409090909090909,0.0,1.0,0.0,0.008990535367531366,0.0,1.0,6.0,0.0,5.0,0.0029529411764705883,1.0668890832087643,0.4284941176470588,10.90063911886528,9.738978408580646,0.0,0.0,0.0,-0.37792654035112966,0.5678233438485805,0.0,0.0,E0002009,U005-normal-044,U005,normal_user,DAILY_NORMAL,0,0,0
0.5027283133652375,0.0765,0.0,0.0,0.0,0.06028315148826808,0.0,1.0,5.0,0.0,4.0,0.0198,0.5001922100053742,0.20094117647058823,8.683554728631462,9.79650349742886,0.0,0.0,0.0,-0.2027851056274765,0.4716981132075472,0.0,0.0,E0002010,U005-normal-044,U005,normal_user,DAILY_NORMAL,0,0,0
0.7593550362893738,0.11536363636363636,0.0,0.0,0.0,0.09090828192348448,0.0,1.0,5.0,0.0,3.0,0.029858823529411764,0.5312696022829877,0.2137764705882353,8.757469141470748,9.760055884948477,0.0,0.0,0.0,-0.09812834120933404,0.4702194357366771,0.0,0.0,E0002011,U005-normal-044,U005,normal_user,DAILY_NORMAL,0,0,0
0.11917242735476109,0.01809090909090909,0.0,1.0,1.0,0.01425590867042822,0.0,1.0,4.0,0.0,3.0,0.004682352941176471,0.1420339655789548,0.05729411764705882,10.55323128448846,9.980707819329641,0.0,0.0,0.0,-0.3594748488961995,0.375,0.0,0.0,E0002012,U005-normal-045,U005,normal_user,DAILY_NORMAL,0,0,0
0.730591439002329,0.11059090909090909,0.0,0.0,1.0,0.08714730099284387,0.0,2.0,5.0,0.0,4.0,0.03330588235294118,0.21291023823055996,0.08591764705882353,7.768956044538332,9.972463090539522,0.0,0.0,0.0,-0.10978988621560182,0.4672897196261683,0.0,0.0,E0002013,U005-normal-045,U005,normal_user,DAILY_NORMAL,0,0,0
0.5403806002136508,0.08172727272727273,0.0,0.0,1.0,0.0644023210789697,0.0,2.0,6.0,0.0,5.0,0.0497764705882353,0.26470292309794585,0.10707058823529411,7.8383433155571165,9.314087586964035,0.0,0.0,0.0,-0.1874411180290633,0.5590062111801243,0.0,0.0,E0002014,U005-normal-045,U005,normal_user,DAILY_NORMAL,0,0,0
0.2158099806066971,0.032590909090909094,0.0,0.0,1.0,0.025682126926374456,0.0,1.0,7.0,0.0,5.0,0.008435294117647058,0.28505998864461407,0.11550588235294118,8.997394645638419,9.352586183514402,0.0,0.0,0.0,-0.3198308371292502,0.6501547987616099,0.0,0.0,E0002015,U005-normal-045,U005,normal_user,DAILY_NORMAL,0,0,0
0.3319234973827408,0.05,0.0,0.0,0.0,0.03940075260671116,0.0,1.0,6.0,0.0,5.0,0.012941176470588235,0.2606643968956769,0.10569411764705883,10.398823833405986,9.730395274620628,0.0,0.0,0.0,-0.27218124690507156,0.5555555555555555,0.0,0.0,E0002016,U005-normal-045,U005,normal_user,DAILY_NORMAL,0,0,0
0.06320036123210124,0.0095,0.0,1.0,0.0,0.0074861429952751204,0.0,1.0,6.0,0.0,5.0,0.0024588235294117646,0.19288490942704511,0.07829411764705882,9.805543908206001,9.456246870395248,0.0,0.0,0.0,-0.3814118985703168,0.5538461538461538,0.0,0.0,E0002017,U005-normal-045,U005,normal_user,DAILY_NORMAL,0,0,0
0.0,0.0,0.0,0.0,0.0,0.0,0.0,1.0,7.0,0.0,6.0,0.0,0.19284597033762824,0.07829411764705882,9.173883834965567,9.564020836934587,0.0,0.0,0.0,-0.4064826097331547,0.6441717791411042,0.0,0.0,E0002018,U005-agent-normal-031,U005,normal_agent,DELEGATED_NORMAL,0,0,0
0.09159628186915406,0.013727272727272727,0.0,0.0,0.0,0.010817297533842519,0.0,1.0,8.0,0.0,6.0,0.003552941176470588,0.20159720745888499,0.08184705882352941,8.333991247194975,9.586610078471463,0.0,0.0,0.0,-0.36925031403712727,0.7339449541284403,0.0,0.0,E0002019,U005-normal-045,U005,normal_user,DAILY_NORMAL,0,0,0
0.3808285225418149,0.05690909090909091,0.0,1.0,0.0,0.04484522023963852,0.0,1.0,5.0,0.0,5.0,0.014729411764705881,0.08293869314142827,0.03368235294117647,10.43190748470307,9.890250325754108,0.0,0.0,0.0,-0.2513015443866785,0.4573170731707317,0.0,0.0,E0002020,U005-normal-046,U005,normal_user,DAILY_NORMAL,0,0,0
0.42515876755944276,0.06340909090909091,0.0,0.0,0.0,0.04996731807851097,0.0,2.0,6.0,0.0,5.0,0.031141176470588235,0.12320171718171413,0.050094117647058824,6.018593214496234,9.492130118723125,0.0,0.0,0.0,-0.23319820673744973,0.547112462006079,0.0,0.0,E0002021,U005-normal-046,U005,normal_user,DAILY_NORMAL,0,0,0
0.636606761024893,0.09477272727272727,0.0,0.0,0.0,0.0746823356227207,0.0,1.0,7.0,0.0,6.0,0.024529411764705883,0.18328287611741806,0.0746235294117647,9.510963348560765,9.419758154431838,0.0,0.0,0.0,-0.1473719137726597,0.6363636363636364,0.0,0.0,E0002022,U005-normal-046,U005,normal_user,DAILY_NORMAL,0,0,0
0.44231359753070215,0.06577272727272727,0.0,0.0,0.0,0.05182989911082823,0.0,1.0,5.0,0.0,4.0,0.017023529411764705,0.18689510018101738,0.07624705882352942,10.526453655972313,9.7902628618215,0.0,0.0,0.0,-0.22625618646324044,0.45317220543806647,0.0,0.0,E0002023,U005-normal-046,U005,normal_user,DAILY_NORMAL,0,0,0
0.5781275450082164,0.08581818181818182,0.0,0.0,0.0,0.0676260190195188,0.0,1.0,5.0,0.0,4.0,0.022211764705882354,0.23230807204624898,0.09490588235294117,8.697011617992073,9.810461761527762,0.0,0.0,0.0,-0.17111126514400807,0.45180722891566266,0.0,0.0,E0002024,U005-agent-normal-013,U005,normal_agent,DELEGATED_NORMAL,0,0,0
0.29097844246453564,0.04313636363636364,0.0,0.0,0.0,0.0339921038397899,0.0,1.0,4.0,0.0,3.0,0.011164705882352941,0.18307840819842872,0.07492941176470588,10.3815833516792,9.792019535112507,0.0,0.0,0.0,-0.28763631866289646,0.3603603603603604,0.0,0.0,E0002025,U005-normal-047,U005,normal_user,DAILY_NORMAL,0,0,0
0.07805282841699586,0.011545454545454546,0.0,0.0,0.0,0.009097991965549668,0.0,1.0,4.0,0.0,3.0,0.002988235294117647,0.13032737337417294,0.053388235294117646,10.46851723031563,10.120460102326671,0.0,0.0,0.0,-0.3737244905330941,0.3592814371257485,0.0,0.0,E0002026,U005-normal-047,U005,normal_user,DAILY_NORMAL,0,0,0
2.7577518083595223,0.4067544541700162,1.0,0.0,0.0,0.32052863240861285,0.0,1.0,5.0,1.0,4.0,0.1052776234322395,0.387229089589921,0.15866585872635713,9.187890243138591,10.089983716851382,0.0,0.0,0.0,0.7114413038794456,0.44776119402985076,0.0,0.0,E0002027,U005-misuse-CATEGORY_DRIFT-005,U005,agent_misuse,CATEGORY_DRIFT,1,0,0
2.134467493663598,0.3165364216522087,1.0,0.0,0.0,0.24943546481064569,0.0,2.0,6.0,2.0,5.0,0.18720469727163466,0.5821886035194259,0.24059293256575232,6.928537818164665,9.731916006765905,0.0,0.0,0.0,0.46202332251551537,0.5357142857142857,1.0,0.0,E0002028,U005-misuse-CATEGORY_DRIFT-005,U005,agent_misuse,CATEGORY_DRIFT,1,0,0
3.285053343708018,0.48887133227494356,1.0,0.0,0.0,0.3852379683895668,0.0,3.0,7.0,3.0,6.0,0.3137361009192671,0.8825382133716567,0.36712433621338475,6.928537818164665,9.671177113397102,0.0,0.0,0.0,0.9350060296915269,0.6231454005934719,1.0,0.0,E0002029,U005-misuse-CATEGORY_DRIFT-005,U005,agent_misuse,CATEGORY_DRIFT,1,0,0
3.109962483350977,0.4660688801959091,1.0,0.0,0.0,0.36726929292571836,0.0,4.0,8.0,4.0,7.0,0.43436569344056125,1.1607533858371843,0.4877539287346789,6.928537818164665,9.170164002328663,0.0,0.0,0.0,0.8696038538413946,0.7100591715976331,0.0,0.0,E0002030,U005-misuse-CATEGORY_DRIFT-005,U005,agent_misuse,CATEGORY_DRIFT,1,0,0
3.0590311499448988,0.46140327439535056,1.0,0.0,0.0,0.3635927253275535,0.0,4.0,8.0,4.0,7.0,0.44851009396947134,1.3911287351733526,0.5901524232840638,6.928537818164665,7.92746865004383,0.0,0.0,0.0,0.8544279575880143,0.7079646017699115,0.0,0.0,E0002031,U005-misuse-CATEGORY_DRIFT-005,U005,agent_misuse,CATEGORY_DRIFT,1,0,0
1.7669408753893459,0.2681914031061472,1.0,0.0,0.0,0.21133886250064104,0.0,4.0,9.0,4.0,8.0,0.4359972656399025,1.5403010539379447,0.65956666879389,6.928537818164665,6.928537818164665,0.0,0.0,0.0,0.3203917339051542,0.7941176470588235,0.0,0.0,E0002032,U005-misuse-CATEGORY_DRIFT-005,U005,agent_misuse,CATEGORY_DRIFT,1,0,0
1.2043507449145672,0.18322727272727274,0.0,0.0,0.0,0.14438584887059336,0.0,4.0,10.0,3.0,9.0,0.3568893914040347,1.6421768173435662,0.7069901982056548,6.881411303642535,6.91928851479581,0.0,0.0,0.0,0.08568504670679697,0.8797653958944281,0.0,0.0,E0002033,U005-normal-047,U005,normal_user,DAILY_NORMAL,0,0,0
4.118377896814492,0.6269501265315444,1.0,0.0,0.0,0.4940461366443128,0.0,5.0,11.0,4.0,10.0,0.5191588359180815,2.0117051082451103,0.8692596427197016,3.871201010907891,6.705639094860003,0.0,0.0,0.0,1.310338210849992,0.9649122807017544,0.0,0.0,E0002034,U005-misuse-CATEGORY_DRIFT-005,U005,agent_misuse,CATEGORY_DRIFT,1,0,0
0.1745170558292928,0.026818181818181817,0.0,0.0,0.0,0.021133130943599622,0.0,1.0,10.0,0.0,10.0,0.006941176470588235,1.926412023334072,0.8428243486020546,10.483382044901216,8.956247802517957,0.0,0.0,0.0,-0.34976758245412365,0.8746355685131195,0.0,0.0,E0002035,U005-normal-048,U005,normal_user,DAILY_NORMAL,0,0,0
0.18651808762183686,0.02859090909090909,0.0,0.0,0.0,0.022530066717837565,0.0,2.0,11.0,0.0,11.0,0.014341176470588236,1.9422987615429552,0.8502243486020545,7.269616749608169,8.96689206732161,0.0,0.0,0.0,-0.3442799201152309,0.9593023255813954,0.0,0.0,E0002036,U005-normal-048,U005,normal_user,DAILY_NORMAL,0,0,0
0.14654893350458842,0.02240909090909091,0.0,0.0,0.0,0.01765870094100782,0.0,1.0,12.0,0.0,12.0,0.0058,1.9544472685125327,0.8560243486020546,8.59932602095476,9.073443321875358,0.0,0.0,0.0,-0.3607900216440306,1.0434782608695652,0.0,0.0,E0002037,U005-normal-048,U005,normal_user,DAILY_NORMAL,0,0,0
0.16272072657756978,0.02481818181818182,0.0,0.0,0.0,0.019557100839331175,0.0,2.0,13.0,0.0,13.0,0.012223529411764706,1.968244456717786,0.8624478780138193,7.972810784121404,9.116688815894728,0.0,0.0,0.0,-0.35350857473443686,1.1271676300578035,0.0,0.0,E0002038,U005-normal-048,U005,normal_user,DAILY_NORMAL,0,0,0
0.47295651657948246,0.07195454545454545,0.0,0.0,0.0,0.05670126488765797,0.0,1.0,14.0,0.0,14.0,0.018623529411764705,2.0097642664200746,0.881071407425584,8.916103530553727,9.267344329443915,0.0,0.0,0.0,-0.22225722002267395,1.2103746397694524,0.0,0.0,E0002039,U005-normal-048,U005,normal_user,DAILY_NORMAL,0,0,0
0.4701108577891521,0.07140909090909091,0.0,0.0,0.0,0.05627143849558476,0.0,1.0,15.0,0.0,15.0,0.01848235294117647,2.0490218689101183,0.8995537603667604,9.287764268940986,8.631271595613786,0.0,0.0,0.0,-0.22342296201197434,1.293103448275862,0.0,0.0,E0002040,U005-normal-048,U005,normal_user,DAILY_NORMAL,0,0,0
0.18462489196246062,0.028,0.0,0.0,0.0,0.02206442145975825,0.0,1.0,16.0,0.0,16.0,0.007247058823529412,2.0626348385799274,0.9068008191902899,8.382289428951436,8.730819598038604,0.0,0.0,0.0,-0.34373975691889935,1.3753581661891119,0.0,0.0,E0002041,U005-hard-PAYDAY_BURST-000,U005,hard_negative,PAYDAY_BURST,0,0,0
0.1348987534118289,0.020409090909090908,0.0,0.0,0.0,0.016082670836739373,0.0,2.0,17.0,0.0,17.0,0.012529411764705883,2.073510877898961,0.9120831721314663,6.042632833682381,8.55437336254052,0.0,0.0,0.0,-0.36429766787845713,1.4571428571428573,0.0,0.0,E0002042,U005-hard-PAYDAY_BURST-000,U005,hard_negative,PAYDAY_BURST,0,0,0
0.27350195376139785,0.04127272727272727,0.0,0.0,0.0,0.03252353033353976,0.0,3.0,18.0,0.0,18.0,0.023211764705882352,2.096956519387582,0.9227655250726428,6.042632833682381,8.453912545488494,0.0,0.0,0.0,-0.30554070065976296,1.5384615384615385,0.0,0.0,E0002043,U005-hard-PAYDAY_BURST-000,U005,hard_negative,PAYDAY_BURST,0,0,0
0.8741880406676469,0.13163636363636363,0.0,0.0,0.0,0.10373143595366865,0.0,4.0,19.0,0.0,19.0,0.05728235294117647,2.17262285502984,0.9568361133079368,6.042632833682381,8.097852257772425,0.0,0.0,0.0,-0.05286966212943681,1.6193181818181819,0.0,0.0,E0002044,U005-hard-PAYDAY_BURST-000,U005,hard_negative,PAYDAY_BURST,0,0,0
0.09300745350360921,0.014,0.0,0.0,0.0,0.011032210729879125,0.0,5.0,20.0,0.0,20.0,0.06090588235294118,2.1752412068753024,0.9604596427197016,6.042632833682381,7.0988713834575865,0.0,0.0,0.0,-0.3815622644088104,1.6997167138810196,0.0,0.0,E0002045,U005-hard-PAYDAY_BURST-000,U005,hard_negative,PAYDAY_BURST,0,0,0
1.1850714485328548,0.1779090909090909,0.0,0.0,0.0,0.14019504154787954,0.0,6.0,21.0,0.0,21.0,0.10695294117647058,2.278904814679427,1.006506701543231,6.042632833682381,6.042632833682381,0.0,0.0,0.0,0.0777480467275561,1.7796610169491525,0.0,0.0,E0002046,U005-hard-PAYDAY_BURST-000,U005,hard_negative,PAYDAY_BURST,0,0,0
0.19155454949931694,0.028772727272727273,0.0,0.0,0.0,0.02267334218186197,0.0,1.0,13.0,0.0,13.0,0.007447058823529412,0.4017862117487959,0.17807058823529412,10.781411606465092,9.206372510414797,0.0,0.0,0.0,-0.3403045551209019,1.0985915492957745,0.0,0.0,E0002047,U005-normal-049,U005,normal_user,DAILY_NORMAL,0,0,0
0.35883792693795513,0.05377272727272727,0.0,0.0,0.0,0.04237371848521755,0.0,1.0,12.0,0.0,12.0,0.01391764705882353,0.40060620920497547,0.1776470588235294,8.8065738205036,9.324722074094899,0.0,0.0,0.0,-0.2696005264799476,1.0112359550561798,0.0,0.0,E0002048,U005-normal-049,U005,normal_user,DAILY_NORMAL,0,0,0
0.08995297216399815,0.013454545454545455,0.0,0.0,0.0,0.010602384337805913,0.0,2.0,13.0,0.0,13.0,0.0174,0.408032279061002,0.18112941176470587,7.899524472032198,9.364502480309564,0.0,0.0,0.0,-0.3824659875351934,1.0924369747899159,0.0,0.0,E0002049,U005-normal-049,U005,normal_user,DAILY_NORMAL,0,0,0
0.5277385231268263,0.07872727272727273,0.0,0.0,0.0,0.06203827592256703,0.0,1.0,11.0,0.0,10.0,0.020376470588235295,0.3843445635343781,0.17065882352941175,9.658290091690503,9.596473142184772,0.0,0.0,0.0,-0.1981995558798104,0.9217877094972067,0.0,0.0,E0002050,U005-normal-049,U005,normal_user,DAILY_NORMAL,0,0,0
0.16262649417534902,0.024227272727272726,0.0,1.0,0.0,0.019091455581251863,0.0,1.0,11.0,0.0,10.0,0.006270588235294118,0.3562971548688741,0.1584470588235294,9.231808278591423,9.721485944553093,0.0,0.0,0.0,-0.35143906945678827,0.9192200557103064,0.0,0.0,E0002051,U005-normal-049,U005,normal_user,DAILY_NORMAL,0,0,0
0.17617158902236654,0.02618181818181818,0.0,1.0,0.0,0.020631666819514206,0.0,1.0,6.0,0.0,5.0,0.006776470588235294,0.1309705031862064,0.058270588235294116,8.496173824192162,8.990640883064527,0.0,0.0,0.0,-0.3453565551779776,0.5,0.0,0.0,E0002052,U005-normal-049,U005,normal_user,DAILY_NORMAL,0,0,0
2.3606600342029793,0.35,0.0,1.0,0.0,0.27580526824697815,0.0,2.0,7.0,0.0,6.0,0.09736470588235294,0.33440921868305307,0.14885882352941177,8.157943507105037,8.907910077175494,0.0,0.0,0.0,0.5697727920258008,0.5817174515235457,0.0,0.0,E0002053,U005-misuse-LIMIT_RATCHETING-000,U005,agent_misuse,LIMIT_RATCHETING,1,0,0
2.8217906149271843,0.42,1.0,1.0,0.0,0.33096632189637376,0.0,2.0,8.0,1.0,7.0,0.19929411764705882,0.5747168341141745,0.2575647058823529,6.580639137284949,8.852979478542165,0.0,0.0,0.0,0.766587338189218,0.6629834254143646,0.0,0.0,E0002054,U005-misuse-LIMIT_RATCHETING-000,U005,agent_misuse,LIMIT_RATCHETING,1,0,0
6.28273377978153,0.94,1.0,1.0,0.0,0.7407341490061699,0.0,3.0,9.0,2.0,8.0,0.44258823529411767,1.1086273495715906,0.5008588235294118,6.580639137284949,8.29634699915071,1.0,0.0,0.0,2.2358034252503725,0.7438016528925621,0.0,0.0,E0002055,U005-misuse-LIMIT_RATCHETING-000,U005,agent_misuse,LIMIT_RATCHETING,1,0,0
6.387117103356774,0.97,1.0,1.0,0.0,0.7643746005701966,0.0,4.0,10.0,3.0,9.0,0.6936470588235294,1.6349851225452041,0.7519176470588236,6.580639137284949,7.6544432264701125,2.0,0.0,0.0,2.3012711058089934,0.8241758241758242,0.0,0.0,E0002056,U005-misuse-LIMIT_RATCHETING-000,U005,agent_misuse,LIMIT_RATCHETING,1,0,0
0.5344560996561211,0.0824090909090909,0.0,0.0,1.0,0.06493960406906121,0.0,1.0,11.0,0.0,10.0,0.02132941176470588,1.6513153866330703,0.7732470588235294,10.408345404522327,8.956454067827442,0.0,0.0,0.0,-0.2006981452885208,0.904109589041096,0.0,0.0,E0002057,U005-normal-050,U005,normal_user,DAILY_NORMAL,0,0,0
0.44690297304558674,0.06881818181818182,0.0,0.0,0.0,0.054229763133237,0.0,2.0,12.0,0.0,11.0,0.039141176470588235,1.6867923502036846,0.7910588235294118,8.11522197256233,8.952683012630096,0.0,0.0,0.0,-0.23845264922833306,0.9836065573770493,0.0,0.0,E0002058,U005-normal-050,U005,normal_user,DAILY_NORMAL,0,0,0
0.19187179872896565,0.0295,0.0,0.0,0.0,0.023246444037959585,0.0,2.0,13.0,0.0,12.0,0.025447058823529413,1.7009198694093584,0.7986941176470588,7.101675971619444,8.965360126052799,0.0,0.0,0.0,-0.3483224061973364,1.0626702997275206,0.0,0.0,E0002059,U005-normal-050,U005,normal_user,DAILY_NORMAL,0,0,0
0.0,0.0,0.0,0.0,0.0,0.0,0.0,1.0,11.0,0.0,10.0,0.0,1.6471121710084455,0.7738470588235294,9.771155440487087,9.322525546581106,0.0,0.0,0.0,-0.430575912203015,0.8967391304347826,0.0,0.0,E0002060,U005-agent-normal-017,U005,normal_agent,DELEGATED_NORMAL,0,0,0
2.266230561226959,0.34763636363636363,0.0,0.0,0.0,0.27394268721466086,0.0,2.0,12.0,0.0,11.0,0.0899764705882353,1.8386246128022732,0.8638235294117647,7.580699752224563,9.344434106456882,0.0,0.0,0.0,0.5452083789596334,0.975609756097561,0.0,0.0,E0002061,U005-normal-050,U005,normal_user,DAILY_NORMAL,0,0,0
0.13198414576616646,0.02031818181818182,0.0,0.0,0.0,0.016011033104727172,0.0,1.0,13.0,0.0,12.0,0.005258823529411765,1.8380840087546655,0.8690823529411764,8.913550280493675,8.747415628194739,0.0,0.0,0.0,-0.3754472630715059,1.054054054054054,0.0,0.0,E0002062,U005-normal-050,U005,normal_user,DAILY_NORMAL,0,0,0
0.19505491320168486,0.029954545454545456,0.0,0.0,0.0,0.023604632698020597,0.0,1.0,13.0,0.0,12.0,0.007752941176470588,1.8107143018030194,0.8564588235294117,9.012986392348266,8.89112635191124,0.0,0.0,0.0,-0.34773923003037355,1.0512129380053907,0.0,0.0,E0002063,U005-normal-050,U005,normal_user,DAILY_NORMAL,0,0,0
0.47019535553203845,0.07204545454545455,0.0,0.0,0.0,0.056772902619670176,0.0,1.0,13.0,0.0,13.0,0.018647058823529412,1.8358774052163214,0.868835294117647,8.201934351194222,8.955964118230874,0.0,0.0,0.0,-0.22864393082544335,1.0483870967741935,0.0,0.0,E0002064,U005-normal-050,U005,normal_user,DAILY_NORMAL,0,0,0
0.0,0.0,0.0,0.0,0.0,0.0,0.0,2.0,14.0,0.0,14.0,0.018647058823529412,1.8334693360366707,0.868835294117647,6.881411303642535,8.399445155147369,0.0,0.0,0.0,-0.4314958395605617,1.126005361930295,0.0,0.0,E0002065,U005-agent-normal-002,U005,normal_agent,DELEGATED_NORMAL,0,0,0
0.876717496861371,0.13413636363636364,0.0,1.0,0.0,0.10570147358400421,0.0,3.0,15.0,0.0,15.0,0.05336470588235294,1.9067326366100443,0.9035529411764706,6.48768401848461,8.339023005744759,0.0,0.0,0.0,-0.05319588719493028,1.2032085561497325,0.0,0.0,E0002066,U005-normal-050,U005,normal_user,DAILY_NORMAL,0,0,0
0.1762357081926348,0.026954545454545453,0.0,0.0,0.0,0.021240587541617926,0.0,1.0,11.0,0.0,11.0,0.006976470588235294,0.4422981327448377,0.21010588235294117,9.329367078397823,8.507223660378747,0.0,0.0,0.0,-0.3558222848009093,0.88,0.0,0.0,E0002067,U005-normal-050,U005,normal_user,DAILY_NORMAL,0,0,0
0.9865558811025406,0.15054545454545454,0.0,1.0,1.0,0.1186320842122067,0.0,1.0,12.0,0.0,12.0,0.03896470588235294,0.5240669677330956,0.24907058823529413,9.450223039294668,8.674333683012934,0.0,0.0,0.0,-0.00580091611718355,0.9574468085106383,0.0,0.0,E0002068,U005-normal-051,U005,normal_user,DAILY_NORMAL,0,0,0
0.0950250647332857,0.0145,0.0,0.0,1.0,0.011426218255946237,0.0,1.0,13.0,0.0,12.0,0.0037529411764705882,0.5305136842822814,0.2528235294117647,9.01127949117793,8.818807754398176,0.0,0.0,0.0,-0.3910077149793431,1.0344827586206897,0.0,0.0,E0002069,U005-normal-051,U005,normal_user,DAILY_NORMAL,0,0,0
0.25174400248632434,0.03831818181818182,0.0,0.0,0.0,0.03019530404314319,0.0,1.0,12.0,0.0,12.0,0.00991764705882353,0.4690691951467193,0.2236,9.519074291124575,9.136564652312796,0.0,0.0,0.0,-0.322866142057649,0.9523809523809524,0.0,0.0,E0002070,U005-normal-051,U005,normal_user,DAILY_NORMAL,0,0,0
0.1663795806407494,0.025272727272727273,0.0,0.0,0.0,0.019915289499392187,0.0,1.0,12.0,0.0,11.0,0.006541176470588235,0.4664504617941873,0.22250588235294116,9.276034475171546,9.331956053652743,0.0,0.0,0.0,-0.3594033887598055,0.949868073878628,0.0,0.0,E0002071,U005-normal-051,U005,normal_user,DAILY_NORMAL,0,0,0
0.3356203888053308,0.05086363636363636,0.0,0.0,0.0,0.04008131106082708,0.0,1.0,13.0,0.0,12.0,0.013164705882352941,0.49382258831013887,0.2356705882352941,8.444837529224097,9.207396041686733,0.0,0.0,0.0,-0.28612513532614464,1.0263157894736843,0.0,0.0,E0002072,U005-normal-051,U005,normal_user,DAILY_NORMAL,0,0,0
0.4353872454234876,0.06586363636363636,0.0,0.0,0.0,0.05190153684284043,0.0,1.0,12.0,0.0,11.0,0.01704705882352941,0.34069351197225356,0.16274117647058822,8.73761303680885,9.06820060481506,0.0,0.0,0.0,-0.24302271943560444,0.9448818897637796,0.0,0.0,E0002073,U005-normal-051,U005,normal_user,DAILY_NORMAL,0,0,0
0.17153424259610012,0.02590909090909091,0.0,0.0,0.0,0.020416753623477602,0.0,2.0,13.0,0.0,12.0,0.023752941176470588,0.3543105831222759,0.16944705882352942,6.684611727667927,8.881280595070423,0.0,0.0,0.0,-0.35650009105152874,1.0209424083769634,0.0,0.0,E0002074,U005-normal-051,U005,normal_user,DAILY_NORMAL,0,0,0
1.0933590370956485,0.16477272727272727,0.0,0.0,0.0,0.12984338927211633,0.0,1.0,13.0,0.0,12.0,0.04264705882352941,0.43228662438932375,0.20683529411764706,8.644002038279933,8.631913764740386,0.0,0.0,0.0,0.04013086566883053,1.0182767624020888,0.0,0.0,E0002075,U005-normal-051,U005,normal_user,DAILY_NORMAL,0,0,0
0.45321461220241627,0.06831818181818182,0.0,0.0,0.0,0.05383575560716989,0.0,1.0,14.0,0.0,13.0,0.017682352941176472,0.46785278544650055,0.22451764705882352,8.743531633626967,8.460834457746854,0.0,0.0,0.0,-0.23541669336970172,1.09375,0.0,0.0,E0002076,U005-normal-051,U005,normal_user,DAILY_NORMAL,0,0,0
0.26333202711000625,0.039636363636363636,0.0,0.0,0.0,0.03123405115732012,0.0,2.0,14.0,0.0,13.0,0.027941176470588237,0.47249424688276004,0.2270235294117647,7.278628942320682,8.315223875333434,0.0,0.0,0.0,-0.3171064134353017,1.0909090909090908,0.0,0.0,E0002077,U005-normal-051,U005,normal_user,DAILY_NORMAL,0,0,0
2.182532037319006,0.3278593282061979,1.0,1.0,0.0,0.2583580856090984,0.0,1.0,12.0,1.0,11.0,0.08485770847689827,0.537656615650111,0.25851653200631003,8.967249182852276,8.391040225415656,0.0,0.0,0.0,0.5086396273621432,0.9326424870466321,0.0,0.0,E0002078,U005-misuse-RECIPIENT_BURST-002,U005,agent_misuse,RECIPIENT_BURST,1,0,0
2.198156027783595,0.3312560358535842,1.0,1.0,0.0,0.2610347423629383,0.0,2.0,13.0,2.0,12.0,0.17059456481547303,0.7117828157963328,0.3442533883448848,5.707110264748875,8.368136183454727,0.0,0.0,0.0,0.5175145559872526,1.0077519379844961,0.0,0.0,E0002079,U005-misuse-RECIPIENT_BURST-002,U005,agent_misuse,RECIPIENT_BURST,1,0,0
2.8215571015831435,0.4265666904464327,1.0,1.0,0.0,0.33614097281086874,0.0,3.0,14.0,3.0,13.0,0.28100006116631443,0.9345364703004306,0.4546588846957262,5.707110264748875,8.081042045975709,0.0,0.0,0.0,0.7900814762010159,1.0824742268041236,0.0,0.0,E0002080,U005-misuse-RECIPIENT_BURST-002,U005,agent_misuse,RECIPIENT_BURST,1,0,0
2.4606746994200335,0.3738198724093237,1.0,1.0,0.0,0.2945756862454419,0.0,4.0,15.0,4.0,14.0,0.3777534399075511,1.1249005703532429,0.5514122634369629,5.707110264748875,7.6201166784658865,0.0,0.0,0.0,0.6369596731469434,1.1568123393316194,0.0,0.0,E0002081,U005-misuse-RECIPIENT_BURST-002,U005,agent_misuse,RECIPIENT_BURST,1,0,0
2.9719849647204097,0.45325555724216876,1.0,1.0,0.0,0.357172201570314,0.0,5.0,16.0,5.0,15.0,0.4950666429584654,1.3553066357348083,0.6687254664878772,5.707110264748875,7.500640037603688,0.0,0.0,0.0,0.863963516832728,1.2307692307692308,0.0,0.0,E0002082,U005-misuse-RECIPIENT_BURST-002,U005,agent_misuse,RECIPIENT_BURST,1,0,0
0.769686219956438,0.118,0.0,1.0,0.0,0.09298577615183834,0.0,1.0,16.0,0.0,15.0,0.030541176470588235,1.392032981393034,0.6922901723702302,9.08398318309966,7.602601016177664,0.0,0.0,0.0,-0.10146847435677345,1.227621483375959,0.0,0.0,E0002083,U005-normal-051,U005,normal_user,DAILY_NORMAL,0,0,0
0.20915272961573794,0.032045454545454544,0.0,1.0,0.0,0.025252300534301244,0.0,1.0,14.0,0.0,14.0,0.008294117647058823,1.3002117046397506,0.6479489958996418,10.636624381312231,9.236943353770716,0.0,0.0,0.0,-0.3486657218396907,1.0714285714285714,0.0,0.0,E0002084,U005-normal-052,U005,normal_user,DAILY_NORMAL,0,0,0
0.1444841698177208,0.02209090909090909,0.0,0.0,0.0,0.017407968878965112,0.0,1.0,13.0,0.0,13.0,0.0057176470588235296,1.2714367376075348,0.6339607606055242,9.28785681440401,9.423077968656472,0.0,0.0,0.0,-0.376825691644993,0.9923664122137404,0.0,0.0,E0002085,U005-normal-052,U005,normal_user,DAILY_NORMAL,0,0,0
0.0280087218896194,0.004272727272727273,0.0,0.0,0.0,0.0033669734045734994,0.0,2.0,14.0,0.0,13.0,0.006823529411764706,1.2731679871216133,0.6350666429584654,7.025538314638521,9.43631192073344,0.0,0.0,0.0,-0.4276473113204277,1.0659898477157361,0.0,0.0,E0002086,U005-normal-052,U005,normal_user,DAILY_NORMAL,0,0,0
0.08483910347081919,0.012909090909090908,0.0,0.0,0.0,0.0101725579457327,0.0,1.0,4.0,0.0,4.0,0.0033411764705882354,0.037003118980462005,0.018458823529411764,10.594958328715128,9.926315012175499,0.0,0.0,0.0,-0.4020464692603696,0.3037974683544304,0.0,0.0,E0002087,U005-normal-052,U005,normal_user,DAILY_NORMAL,0,0,0
0.19284484174856312,0.029272727272727273,0.0,0.0,1.0,0.02306734970792908,0.0,1.0,5.0,0.0,5.0,0.007576470588235294,0.05217949268713873,0.02603529411764706,8.775858314797526,9.903207513328809,0.0,0.0,0.0,-0.35413591894466345,0.3787878787878788,0.0,0.0,E0002088,U005-normal-053,U005,normal_user,DAILY_NORMAL,0,0,0
0.7355023986839891,0.11140909090909092,0.0,0.0,0.0,0.08779204058095369,0.0,1.0,5.0,0.0,5.0,0.02883529411764706,0.0933005439511786,0.046576470588235296,10.332571526242926,9.78759398071816,0.0,0.0,0.0,-0.11593484391615978,0.3778337531486146,0.0,0.0,E0002089,U005-normal-053,U005,normal_user,DAILY_NORMAL,0,0,0
1.3900422087428688,0.2104090909090909,0.0,0.0,0.0,0.16580553074224177,0.0,1.0,6.0,0.0,6.0,0.05445882352941177,0.2020018391604933,0.10103529411764706,8.420021279663963,9.71460048990001,0.0,0.0,0.0,0.17106608299963932,0.4522613065326633,0.0,0.0,E0002090,U005-normal-053,U005,normal_user,DAILY_NORMAL,0,0,0
0.5093749562455647,0.07718181818181818,0.0,0.0,0.0,0.060820434478359595,0.0,1.0,5.0,0.0,5.0,0.019976470588235293,0.22747319113108488,0.11418823529411765,10.427298500859438,10.046998978542991,0.0,0.0,0.0,-0.21567142047048976,0.37593984962406013,0.0,0.0,E0002091,U005-agent-normal-024,U005,normal_agent,DELEGATED_NORMAL,0,0,0
0.07058648593378998,0.010681818181818181,0.0,1.0,1.0,0.008417433511433748,0.0,1.0,4.0,0.0,4.0,0.0027647058823529413,0.2109519749282948,0.10603529411764706,9.88969284151394,9.854559878912704,0.0,0.0,0.0,-0.40854188817608283,0.3,0.0,0.0,E0002092,U005-normal-054,U005,normal_user,DAILY_NORMAL,0,0,0
0.024689625925416337,0.003727272727272727,0.0,0.0,0.0,0.0029371470125002866,0.0,1.0,4.0,0.0,3.0,0.0009647058823529412,0.1554763123800703,0.07816470588235294,10.354435775246705,10.087016713216245,0.0,0.0,0.0,-0.4281470022375258,0.29925187032418954,0.0,0.0,E0002093,U005-normal-054,U005,normal_user,DAILY_NORMAL,0,0,0
0.20646794815240296,0.03109090909090909,0.0,0.0,0.0,0.02450010434817312,0.0,1.0,4.0,0.0,4.0,0.008047058823529412,0.06315528719154717,0.03175294117647059,8.610501368549889,9.851320192053555,0.0,0.0,0.0,-0.3478385028465413,0.29850746268656714,0.0,0.0,E0002094,U005-normal-054,U005,normal_user,DAILY_NORMAL,0,0,0
0.1860204875430901,0.027954545454545454,0.0,0.0,0.0,0.02202860259375215,0.0,1.0,5.0,0.0,5.0,0.0072352941176470585,0.07750463863688718,0.03898823529411765,9.560010841762033,9.948135817538224,0.0,0.0,0.0,-0.3564759281849894,0.37220843672456577,0.0,0.0,E0002095,U005-normal-054,U005,normal_user,DAILY_NORMAL,0,0,0
0.13730728330899897,0.02059090909090909,0.0,1.0,0.0,0.016225946300763777,0.0,2.0,6.0,0.0,6.0,0.012564705882352941,0.08805674870614057,0.04431764705882353,6.39024066706535,9.56651719187173,0.0,0.0,0.0,-0.37744282122676687,0.44554455445544555,0.0,0.0,E0002096,U005-normal-054,U005,normal_user,DAILY_NORMAL,0,0,0
0.6941339952895547,0.10386363636363637,0.0,0.0,0.0,0.08184610882394092,0.0,1.0,7.0,0.0,7.0,0.026882352941176472,0.1414206005552057,0.0712,8.597297435657898,9.342841233786181,0.0,0.0,0.0,-0.13367269575039237,0.5185185185185185,0.0,0.0,E0002097,U005-normal-054,U005,normal_user,DAILY_NORMAL,0,0,0
0.26753441036092934,0.04,0.0,0.0,0.0,0.03152060208536893,0.0,2.0,8.0,0.0,8.0,0.03723529411764706,0.16169627987287513,0.08155294117647059,6.261491684321042,8.564534687725287,0.0,0.0,0.0,-0.32026170268432314,0.5911330049261084,0.0,0.0,E0002098,U005-normal-054,U005,normal_user,DAILY_NORMAL,0,0,0
5.0168278361129195,0.7486818181818182,0.0,0.0,0.0,0.5899725419864905,0.0,1.0,9.0,0.0,8.0,0.1937764705882353,0.5455266237035841,0.2753294117647059,8.714895850248494,8.58731609084771,0.0,0.0,0.0,1.7550382707793457,0.6633906633906634,0.0,0.0,E0002099,U005-normal-054,U005,normal_user,DAILY_NORMAL,0,0,0
0.40672869690566416,0.06131818181818182,0.0,0.0,0.0,0.048319650242230325,0.0,1.0,9.0,0.0,8.0,0.01587058823529412,0.5306007491250619,0.2712235294117647,8.449556542700426,8.149197263422549,0.0,0.0,0.0,-0.2611746687167539,0.6617647058823529,0.0,0.0,E0002100,U005-normal-054,U005,normal_user,DAILY_NORMAL,0,0,0
32.53996543282827,4.89831942603314,1.0,1.0,1.0,0.9831224440712759,0.0,1.0,10.0,1.0,9.0,1.267800322032107,3.0077145231951428,1.5390238514438717,9.160204302482386,8.564763564323654,0.0,0.0,0.0,13.880296090198184,0.7334963325183375,0.0,0.0,E0002101,U005-paysim-fraud-006,U005,paysim_fraud,ACCOUNT_DRAIN_TRANSFER,1,1,1
3.634675183200357,0.590824171854685,0.0,1.0,1.0,0.4655783405862289,0.0,2.0,11.0,1.0,9.0,1.4207195194533195,3.0543126811891796,1.6919430488650842,4.110873864173311,8.336246688801817,0.0,0.0,0.0,1.0278084486861514,0.8048780487804879,0.0,0.0,E0002102,U005-paysim-fraud-006,U005,paysim_fraud,FOLLOW_UP_CASHOUT_PROXY,1,1,1
0.25333758206996654,0.04145454545454545,0.0,1.0,0.0,0.03266680579756416,0.0,1.0,11.0,0.0,9.0,0.010729411764705883,3.040710910754305,1.6999077547474373,10.177476297855906,9.140818789317537,0.0,0.0,0.0,-0.2931972045241071,0.8029197080291971,0.0,0.0,E0002103,U005-normal-055,U005,normal_user,DAILY_NORMAL,0,0,0
0.46894538000649344,0.07659090909090908,0.0,0.0,0.0,0.06035478922028028,0.0,1.0,12.0,0.0,9.0,0.019823529411764705,3.0742035644569947,1.7197312841592018,8.69265796074698,9.137941707354399,0.0,0.0,0.0,-0.2083808456608586,0.8737864077669903,0.0,0.0,E0002104,U005-normal-055,U005,normal_user,DAILY_NORMAL,0,0,0
2.062215020125068,0.33636363636363636,0.0,1.0,0.0,0.2650596084451478,0.0,1.0,13.0,0.0,9.0,0.08705882352941176,3.2260198732298524,1.8067901076886137,8.194229304819817,9.115040192121858,0.0,0.0,0.0,0.4167482320836206,0.9443099273607748,0.0,0.0,E0002105,U005-hard-BUSINESS_BATCH-005,U005,hard_negative,BUSINESS_BATCH,0,0,0
2.056739582338487,0.33636363636363636,0.0,1.0,0.0,0.2650596084451478,0.0,2.0,14.0,0.0,10.0,0.17411764705882352,3.364032666972891,1.8938489312180253,6.175867270105761,8.893572718629306,0.0,0.0,0.0,0.4161351045361937,1.0144927536231882,0.0,0.0,E0002106,U005-hard-BUSINESS_BATCH-005,U005,hard_negative,BUSINESS_BATCH,0,0,0
2.0513203039354293,0.33636363636363636,0.0,1.0,0.0,0.2650596084451478,0.0,3.0,15.0,0.0,11.0,0.2611764705882353,3.500629918485889,1.9809077547474372,6.175867270105761,8.905037290767,0.0,0.0,0.0,0.41552467518353053,1.0843373493975903,0.0,0.0,E0002107,U005-hard-BUSINESS_BATCH-005,U005,hard_negative,BUSINESS_BATCH,0,0,0
2.0459563253175452,0.33636363636363636,0.0,1.0,0.0,0.2650596084451478,0.0,4.0,16.0,0.0,12.0,0.34823529411764703,3.6358332946335303,2.067966578276849,6.175867270105761,7.69821064200908,0.0,0.0,0.0,0.4149169242935726,1.1538461538461537,0.0,0.0,E0002108,U005-hard-BUSINESS_BATCH-005,U005,hard_negative,BUSINESS_BATCH,0,0,0
2.0406468043405823,0.33636363636363636,0.0,1.0,0.0,0.2650596084451478,0.0,5.0,17.0,0.0,13.0,0.43529411764705883,3.7696640223360394,2.155025401806261,6.175867270105761,7.011033628435639,0.0,0.0,0.0,0.41431183233569446,1.223021582733813,0.0,0.0,E0002109,U005-hard-BUSINESS_BATCH-005,U005,hard_negative,BUSINESS_BATCH,0,0,0
2.0353909158736156,0.33636363636363636,0.0,1.0,0.0,0.2650596084451478,0.0,6.0,18.0,0.0,13.0,0.5223529411764706,3.9021428996790917,2.2420842253356725,6.175867270105761,6.175867270105761,0.0,0.0,0.0,0.4137093799780681,1.291866028708134,0.0,0.0,E0002110,U005-hard-BUSINESS_BATCH-005,U005,hard_negative,BUSINESS_BATCH,0,0,0
2.030187851371568,0.33636363636363636,0.0,1.0,0.0,0.2650596084451478,0.0,7.0,19.0,0.0,13.0,0.6094117647058823,4.033290306688752,2.329143048865084,6.175867270105761,6.175867270105761,0.0,0.0,0.0,0.41310954808506806,1.360381861575179,0.0,0.0,E0002111,U005-hard-BUSINESS_BATCH-005,U005,hard_negative,BUSINESS_BATCH,0,0,0
0.21509174855540542,0.035727272727272726,0.0,0.0,0.0,0.02815362868079543,0.0,6.0,19.0,0.0,13.0,0.4445411764705882,4.027394018221472,2.337425401806261,7.307202314764738,6.52649485957079,0.0,0.0,0.0,-0.3158757970109691,1.3571428571428572,0.0,0.0,E0002112,U005-normal-055,U005,normal_user,DAILY_NORMAL,0,0,0
0.4779021815284531,0.07922727272727273,0.0,0.0,0.0,0.06243228344863414,0.0,1.0,20.0,0.0,14.0,0.020505882352941176,4.060569210995095,2.3579312841592017,8.454253391642363,7.330274141656129,0.0,0.0,0.0,-0.20993800167366955,1.4251781472684086,0.0,0.0,E0002113,U005-normal-055,U005,normal_user,DAILY_NORMAL,0,0,0
1.6609420078563264,0.275,0.0,1.0,0.0,0.21670413933691138,0.0,1.0,16.0,0.0,13.0,0.0711764705882353,4.078722593728977,2.3712606959239078,9.980309695137413,8.656781205623291,0.0,0.0,0.0,0.2657392723189349,1.1374407582938388,0.0,0.0,E0002114,U005-normal-055,U005,normal_user,RECURRING_NORMAL,0,0,0
0.4730825371618972,0.07845454545454546,0.0,1.0,0.0,0.06182336272653042,0.0,2.0,17.0,0.0,13.0,0.09148235294117647,4.096930709164283,2.391566578276849,4.23410650459726,8.642344569595156,0.0,0.0,0.0,-0.212438507992641,1.2056737588652482,0.0,0.0,E0002115,U005-normal-055,U005,normal_user,DAILY_NORMAL,0,0,0
0.28789324793473686,0.04768181818181818,0.0,1.0,0.0,0.03757399044040001,0.0,1.0,16.0,0.0,11.0,0.012341176470588236,3.7545776239122324,2.1942606959239077,9.596758567164112,9.049443655391022,0.0,0.0,0.0,-0.28706715305105873,1.1320754716981132,0.0,0.0,E0002116,U005-normal-055,U005,normal_user,DAILY_NORMAL,0,0,0
0.36152364104652285,0.059772727272727276,0.0,0.0,1.0,0.047101808798022886,0.0,1.0,15.0,0.0,11.0,0.015470588235294118,1.3491205328995328,0.7890117647058823,8.875846177738598,9.174402265170553,0.0,0.0,0.0,-0.2572260181034643,1.0588235294117647,0.0,0.0,E0002117,U005-normal-056,U005,normal_user,DAILY_NORMAL,0,0,0
0.15364567390462058,0.025363636363636363,0.0,0.0,1.0,0.01998692723140439,0.0,2.0,16.0,0.0,12.0,0.02203529411764706,1.3591469863859538,0.7955764705882353,7.413970290190444,9.10939232924768,0.0,0.0,0.0,-0.34083260320520736,1.1267605633802817,0.0,0.0,E0002118,U005-normal-056,U005,normal_user,DAILY_NORMAL,0,0,0
2.2056843014019902,0.3633636363636364,0.0,0.0,0.0,0.2863360148527718,0.0,1.0,16.0,0.0,11.0,0.09404705882352941,1.500924097993432,0.8788941176470588,10.106020149946213,9.1714332096607,0.0,0.0,0.0,0.4850605200814206,1.124121779859485,0.0,0.0,E0002119,U005-normal-056,U005,normal_user,DAILY_NORMAL,0,0,0
0.9246592483556744,0.15277272727272728,0.0,0.0,0.0,0.12038720864650565,0.0,1.0,5.0,0.0,4.0,0.03954117647058823,0.2853128736066092,0.16796470588235293,10.627479116391054,9.790050061309975,0.0,0.0,0.0,-0.03042713202821467,0.35046728971962615,0.0,0.0,E0002120,U005-normal-056,U005,normal_user,DAILY_NORMAL,0,0,0
0.09107941663418546,0.015045454545454546,0.0,0.0,0.0,0.01185604464801945,0.0,2.0,6.0,0.0,4.0,0.04343529411764706,0.29127547576342694,0.17185882352941176,2.1972245773362196,9.610028827306893,0.0,0.0,0.0,-0.3674537017066975,0.4195804195804196,0.0,0.0,E0002121,U005-normal-056,U005,normal_user,DAILY_NORMAL,0,0,0
0.12768076010820834,0.021045454545454544,0.0,1.0,0.0,0.016584134960824788,0.0,1.0,7.0,0.0,5.0,0.005447058823529412,0.30044134412929935,0.17730588235294117,9.038127549330516,9.626798171781074,0.0,0.0,0.0,-0.35225174816397126,0.4883720930232558,0.0,0.0,E0002122,U005-normal-056,U005,normal_user,DAILY_NORMAL,0,0,0
0.21306420010887217,0.035045454545454546,0.0,0.0,0.0,0.027616345690703915,0.0,1.0,7.0,0.0,5.0,0.009070588235294118,0.29480869427291095,0.17403529411764707,8.537387898701757,9.671202343304635,0.0,0.0,0.0,-0.3174411536992645,0.4872389791183295,0.0,0.0,E0002123,U005-normal-056,U005,normal_user,DAILY_NORMAL,0,0,0
0.250567668678177,0.04113636363636364,0.0,1.0,1.0,0.03241607373552145,0.0,1.0,8.0,0.0,6.0,0.010647058823529412,0.312684229334236,0.18468235294117646,8.526549286340263,9.389807859787231,0.0,0.0,0.0,-0.30206812390074417,0.5555555555555556,0.0,0.0,E0002124,U005-normal-057,U005,normal_user,DAILY_NORMAL,0,0,0
0.21939780693226701,0.035954545454545454,0.0,0.0,0.0,0.028332723010825935,0.0,1.0,6.0,0.0,6.0,0.009305882352941176,0.13182262270266623,0.07790588235294117,10.259061891030827,9.150930012644574,0.0,0.0,0.0,-0.3144094654431765,0.4157043879907621,0.0,0.0,E0002125,U005-normal-057,U005,normal_user,DAILY_NORMAL,0,0,0
0.1720110307315474,0.028136363636363636,0.0,0.0,0.0,0.022171878057776553,0.0,2.0,7.0,0.0,6.0,0.016588235294117647,0.1440692941722697,0.08518823529411765,5.857933154483459,9.15814140443259,0.0,0.0,0.0,-0.33323314452037256,0.4838709677419355,0.0,0.0,E0002126,U005-normal-057,U005,normal_user,DAILY_NORMAL,0,0,0
0.1801469626278664,0.02940909090909091,0.0,0.0,0.0,0.023174806305947385,0.0,1.0,8.0,0.0,7.0,0.007611764705882353,0.15687781422042504,0.0928,9.20974019190415,9.190810907367679,0.0,0.0,0.0,-0.3296574277247628,0.5517241379310345,0.0,0.0,E0002127,U005-normal-057,U005,normal_user,DAILY_NORMAL,0,0,0
0.8263314549129963,0.13463636363636364,0.0,0.0,1.0,0.10609548111007133,0.0,1.0,4.0,0.0,3.0,0.03484705882352941,0.09977588421369803,0.05904705882352941,10.836301028962945,9.849706956851481,0.0,0.0,0.0,-0.06976888966092637,0.27522935779816515,0.0,0.0,E0002128,U005-normal-058,U005,normal_user,DAILY_NORMAL,0,0,0
0.15461718435425434,0.02518181818181818,0.0,0.0,1.0,0.019843651767379986,0.0,1.0,5.0,0.0,4.0,0.006517647058823529,0.11057217244763538,0.06556470588235294,8.377011160816375,9.842282137091722,0.0,0.0,0.0,-0.3398818463808598,0.34324942791762014,0.0,0.0,E0002129,U005-normal-058,U005,normal_user,DAILY_NORMAL,0,0,0
1.034989406051397,0.16822727272727273,0.0,0.0,0.0,0.13256562308858,0.0,1.0,5.0,0.0,5.0,0.043541176470588236,0.16824693980607125,0.0998,9.95679132455844,9.759825012712147,0.0,0.0,0.0,0.014053903401319493,0.3424657534246575,0.0,0.0,E0002130,U005-normal-058,U005,normal_user,DAILY_NORMAL,0,0,0
0.21559334955641712,0.035045454545454546,0.0,0.0,0.0,0.027616345690703915,0.0,2.0,5.0,0.0,5.0,0.05261176470588235,0.17084360302287477,0.10158823529411765,6.593044534142437,9.764202496432633,0.0,0.0,0.0,-0.31546424406762347,0.3416856492027335,0.0,0.0,E0002131,U005-normal-058,U005,normal_user,DAILY_NORMAL,0,0,0
0.8908619369957756,0.14454545454545453,0.0,0.0,0.0,0.11390399389940135,0.0,1.0,6.0,0.0,6.0,0.03741176470588235,0.23364114951398646,0.139,8.706324840138741,9.717699996098998,0.0,0.0,0.0,-0.043857463454932064,0.4090909090909091,0.0,0.0,E0002132,U005-normal-058,U005,normal_user,DAILY_NORMAL,0,0,0
0.1832619524995858,0.029727272727272727,0.0,0.0,0.0,0.02342553836799009,0.0,2.0,7.0,0.0,7.0,0.045105882352941176,0.24605819934932757,0.14669411764705884,5.0369526024136295,8.77542585564273,0.0,0.0,0.0,-0.3285096510135631,0.4761904761904762,0.0,0.0,E0002133,U005-normal-058,U005,normal_user,DAILY_NORMAL,0,0,0
0.24032547621914913,0.03890909090909091,0.0,0.0,0.0,0.030660949301222505,0.0,1.0,7.0,0.0,6.0,0.010070588235294118,0.25007494042655554,0.1491529411764706,8.971829343530851,8.878998950183986,0.0,0.0,0.0,-0.30529218380574197,0.47511312217194573,0.0,0.0,E0002134,U005-normal-058,U005,normal_user,DAILY_NORMAL,0,0,0
0.041906737053366436,0.006772727272727273,0.0,0.0,0.0,0.005337011034909057,0.0,1.0,8.0,0.0,7.0,0.0017529411764705882,0.2528716597488857,0.15090588235294117,9.962652285704099,8.882447229462903,0.0,0.0,0.0,-0.38475568268136096,0.5417607223476297,0.0,0.0,E0002135,U005-normal-058,U005,normal_user,RECURRING_NORMAL,0,0,0
0.18491511853647982,0.029818181818181817,0.0,0.0,0.0,0.023497176100002293,0.0,1.0,3.0,0.0,3.0,0.00771764705882353,0.03274177169208308,0.019541176470588235,11.012330660769575,9.861717191792085,0.0,0.0,0.0,-0.3269195817642628,0.2027027027027027,0.0,0.0,E0002136,U005-normal-059,U005,normal_user,DAILY_NORMAL,0,0,0
0.11776836408308244,0.018954545454545453,0.0,1.0,0.0,0.01493646712454414,0.0,2.0,4.0,0.0,4.0,0.012623529411764705,0.04094406233305091,0.024447058823529412,8.168486417126681,9.835165884313287,0.0,0.0,0.0,-0.3535479586333222,0.2696629213483146,0.0,0.0,E0002137,U005-normal-059,U005,normal_user,DAILY_NORMAL,0,0,0
0.1126329725029439,0.01809090909090909,0.0,1.0,0.0,0.01425590867042822,0.0,1.0,4.0,0.0,4.0,0.004682352941176471,0.03191107779992231,0.019058823529411763,8.812396905266864,9.903077468463147,0.0,0.0,0.0,-0.3552389261068942,0.26905829596412556,0.0,0.0,E0002138,U005-normal-059,U005,normal_user,DAILY_NORMAL,0,0,0
0.18517768587797578,0.02968181818181818,0.0,0.0,0.0,0.02338971950198399,0.0,1.0,5.0,0.0,5.0,0.007682352941176471,0.0447623021950654,0.026741176470588237,8.977146484808472,9.903497552486128,0.0,0.0,0.0,-0.32585695321907254,0.33557046979865773,0.0,0.0,E0002139,U005-normal-059,U005,normal_user,DAILY_NORMAL,0,0,0
0.44662809746896487,0.07145454545454545,0.0,0.0,0.0,0.05630725736159086,0.0,1.0,5.0,0.0,5.0,0.018494117647058824,0.07275432576932171,0.04348235294117647,9.119320973589014,9.77465368069266,0.0,0.0,0.0,-0.22111183348038244,0.33482142857142855,0.0,0.0,E0002140,U005-normal-059,U005,normal_user,DAILY_NORMAL,0,0,0
0.2088063299202516,0.033363636363636366,0.0,0.0,0.0,0.026291047648478175,0.0,1.0,6.0,0.0,6.0,0.008635294117647059,0.08711297620010748,0.05211764705882353,8.452121194672523,8.763428073953845,0.0,0.0,0.0,-0.31608220128699327,0.40089086859688194,0.0,0.0,E0002141,U005-normal-059,U005,normal_user,DAILY_NORMAL,0,0,0
0.11941317696144849,0.019045454545454546,0.0,0.0,0.0,0.015008104856556343,0.0,1.0,4.0,0.0,3.0,0.004929411764705883,0.06639415879775705,0.03974117647058824,11.184601937255556,9.908126774684552,0.0,0.0,0.0,-0.3515189047816061,0.26666666666666666,0.0,0.0,E0002142,U005-normal-060,U005,normal_user,DAILY_NORMAL,0,0,0
0.18390863727487994,0.029272727272727273,0.0,0.0,0.0,0.02306734970792908,0.0,1.0,4.0,0.0,3.0,0.007576470588235294,0.06619909243180565,0.03963529411764706,8.952605375892354,9.918139683868443,0.0,0.0,0.0,-0.3254425544074999,0.2660753880266075,0.0,0.0,E0002143,U005-normal-060,U005,normal_user,DAILY_NORMAL,0,0,0
0.13275351734094432,0.02109090909090909,0.0,0.0,0.0,0.01661995382683089,0.0,1.0,4.0,0.0,4.0,0.005458823529411765,0.04440873846581439,0.0266,8.445697189711167,9.88543559192838,0.0,0.0,0.0,-0.3455502092575359,0.26548672566371684,0.0,0.0,E0002144,U005-normal-060,U005,normal_user,DAILY_NORMAL,0,0,0
1.2682472706000842,0.2010909090909091,0.0,0.0,0.0,0.15846266321099106,0.0,1.0,4.0,0.0,4.0,0.05204705882352941,0.11684924551235323,0.07001176470588236,8.68406264365127,9.852078461970775,0.0,0.0,0.0,0.1067776381745476,0.26490066225165565,0.0,0.0,E0002145,U005-normal-060,U005,normal_user,DAILY_NORMAL,0,0,0
0.02979592458527556,0.0047272727272727275,0.0,0.0,0.0,0.0037251620646345097,0.0,1.0,5.0,0.0,4.0,0.0012235294117647058,0.1185480484693207,0.07123529411764706,10.631301825004375,10.178957864028105,0.0,0.0,0.0,-0.3868681258156981,0.3303964757709251,0.0,0.0,E0002146,U005-normal-061,U005,normal_user,DAILY_NORMAL,0,0,0
0.09590222309290751,0.015181818181818182,0.0,0.0,0.0,0.011963501246037752,0.0,1.0,6.0,0.0,5.0,0.003929411764705883,0.1250787908289166,0.07516470588235294,8.38206051742474,9.458293602198967,0.0,0.0,0.0,-0.3600615968312916,0.39560439560439564,0.0,0.0,E0002147,U005-normal-061,U005,normal_user,DAILY_NORMAL,0,0,0
0.1786755273641198,0.028227272727272726,0.0,0.0,0.0,0.022243515789788757,0.0,1.0,7.0,0.0,6.0,0.007305882352941177,0.1372063324265755,0.08247058823529411,8.867427438524983,9.448396180824794,0.0,0.0,0.0,-0.326748821623903,0.46052631578947373,0.0,0.0,E0002148,U005-normal-061,U005,normal_user,DAILY_NORMAL,0,0,0
0.4375755030951642,0.069,0.0,1.0,0.0,0.054373038597261406,0.0,1.0,8.0,0.0,7.0,0.017858823529411764,0.16685045921322234,0.10032941176470589,8.54907938027856,9.456356343750326,0.0,0.0,0.0,-0.22356053114215055,0.525164113785558,0.0,0.0,E0002149,U005-normal-061,U005,normal_user,DAILY_NORMAL,0,0,0
0.699914022629716,0.11022727272727273,0.0,1.0,0.0,0.08686075006479506,0.0,1.0,7.0,0.0,7.0,0.028529411764705883,0.19330663984011243,0.11635294117647059,9.89530415972811,9.653422343655654,0.0,0.0,0.0,-0.11925898668513914,0.4585152838427947,0.0,0.0,E0002150,U005-normal-061,U005,normal_user,DAILY_NORMAL,0,0,0
0.29517357345368167,0.04645454545454546,0.0,0.0,0.0,0.03660688105823528,0.0,1.0,7.0,0.0,7.0,0.012023529411764705,0.20389098584149165,0.12291764705882353,8.661812881026181,9.041732353309987,0.0,0.0,0.0,-0.28023129429438065,0.45751633986928103,0.0,0.0,E0002151,U005-normal-061,U005,normal_user,DAILY_NORMAL,0,0,0
0.16749180253553447,0.026318181818181817,0.0,0.0,0.0,0.02073912341753251,0.0,2.0,8.0,0.0,7.0,0.018835294117647058,0.21504711027063386,0.12972941176470587,7.087573705557973,8.963697870373212,0.0,0.0,0.0,-0.3308146701696183,0.5217391304347826,0.0,0.0,E0002152,U005-normal-061,U005,normal_user,DAILY_NORMAL,0,0,0
0.2730092183816725,0.04281818181818182,0.0,0.0,0.0,0.03374137177774719,0.0,1.0,8.0,0.0,7.0,0.01108235294117647,0.1470862409449687,0.08876470588235294,9.245997049184217,9.043978774760955,0.0,0.0,0.0,-0.288634258518929,0.5206073752711496,0.0,0.0,E0002153,U005-normal-061,U005,normal_user,DAILY_NORMAL,0,0,0
14.034437480120062,2.197551283004465,1.0,1.0,1.0,0.9631445678107472,0.0,1.0,9.0,1.0,8.0,0.5687779791305675,1.0889048160878814,0.6575426850129203,8.71028982137815,9.065083359319043,0.0,0.0,0.0,5.171901316644123,0.5844155844155844,0.0,0.0,E0002154,U005-paysim-fraud-007,U005,paysim_fraud,ACCOUNT_DRAIN_TRANSFER,1,1,1
7.235629462700526,1.1659385981481556,0.0,1.0,1.0,0.918777165205022,0.0,2.0,10.0,1.0,8.0,0.8705503221806783,1.5402860150008475,0.9593150280630313,4.795790545596741,8.456338543145746,0.0,0.0,0.0,2.4762016710230226,0.6479481641468683,0.0,0.0,E0002155,U005-paysim-fraud-007,U005,paysim_fraud,FOLLOW_UP_CASHOUT_PROXY,1,1,1
0.3744838677227104,0.061181818181818184,0.0,0.0,0.0,0.04821219364421202,0.0,1.0,8.0,0.0,7.0,0.01583529411764706,1.5211394503696207,0.9626914986512666,10.618738632003,9.369734424126433,0.0,0.0,0.0,-0.25042228967388436,0.5172413793103449,0.0,0.0,E0002156,U005-normal-062,U005,normal_user,DAILY_NORMAL,0,0,0
0.32429864858197344,0.05290909090909091,0.0,0.0,0.0,0.04169316003110163,0.0,1.0,8.0,0.0,6.0,0.013694117647058824,1.5132966895526125,0.9585267927689136,8.643825842349603,9.44332335690558,0.0,0.0,0.0,-0.27041948238226876,0.5161290322580645,0.0,0.0,E0002157,U005-normal-062,U005,normal_user,DAILY_NORMAL,0,0,0
0.03180886481964933,0.0051818181818181815,0.0,0.0,0.0,0.00408335072469552,0.0,2.0,9.0,0.0,7.0,0.015035294117647058,1.5143227860026278,0.9598679692395018,6.810142450115136,9.281022482561713,0.0,0.0,0.0,-0.3872932597881787,0.5793991416309013,0.0,0.0,E0002158,U005-normal-062,U005,normal_user,DAILY_NORMAL,0,0,0
4.429245573088002,0.72,0.0,1.0,0.0,0.5673708375366407,0.0,3.0,10.0,0.0,8.0,0.20138823529411765,1.808192464993429,1.1462209104159724,7.584773077612199,9.201602306032898,0.0,0.0,0.0,1.3701088084440454,0.6423982869379015,0.0,0.0,E0002159,U005-misuse-CUMULATIVE_BYPASS-003,U005,agent_misuse,CUMULATIVE_BYPASS,1,0,1
4.3959677519997395,0.72,0.0,1.0,0.0,0.5673708375366407,0.0,2.0,11.0,0.0,9.0,0.37270588235294116,2.0817692349591512,1.332573851592443,7.427144133408616,9.232590980911002,0.0,0.0,0.0,1.365768815193774,0.7051282051282052,0.0,0.0,E0002160,U005-misuse-CUMULATIVE_BYPASS-003,U005,agent_misuse,CUMULATIVE_BYPASS,1,0,1
4.3633295877457074,0.72,0.0,1.0,0.0,0.5673708375366407,0.0,3.0,12.0,0.0,10.0,0.5590588235294117,2.350087389881211,1.5189267927689136,7.427144133408616,7.775863661929745,0.0,0.0,0.0,1.361469804810315,0.767590618336887,0.0,0.0,E0002161,U005-misuse-CUMULATIVE_BYPASS-003,U005,agent_misuse,CUMULATIVE_BYPASS,1,0,1
4.331312812937935,0.72,0.0,1.0,0.0,0.5673708375366407,0.0,3.0,13.0,0.0,11.0,0.5590588235294117,2.613297105847852,1.7052797339453842,7.427144133408616,7.3674560152319755,0.0,0.0,0.0,1.3572111363208796,0.8297872340425532,0.0,0.0,E0002162,U005-misuse-CUMULATIVE_BYPASS-003,U005,agent_misuse,CUMULATIVE_BYPASS,1,0,1
4.299899849205461,0.72,0.0,1.0,0.0,0.5673708375366407,0.0,3.0,14.0,0.0,11.0,0.5590588235294117,2.8715428945425883,1.8916326751218548,7.427144133408616,7.46072042894222,0.0,0.0,0.0,1.3529921827002003,0.89171974522293,0.0,0.0,E0002163,U005-misuse-CUMULATIVE_BYPASS-003,U005,agent_misuse,CUMULATIVE_BYPASS,1,0,1
0.0,0.0,0.0,0.0,0.0,0.0,0.0,2.0,15.0,0.0,12.0,0.18635294117647058,2.844718324597481,1.8916326751218548,7.652545692693921,7.476472381163905,0.0,0.0,0.0,-0.41259770299242626,0.9533898305084746,0.0,0.0,E0002164,U005-agent-normal-025,U005,normal_agent,DELEGATED_NORMAL,0,0,0
0.38594151804401466,0.06509090909090909,0.0,0.0,0.0,0.05129261612073671,0.0,2.0,16.0,0.0,13.0,0.016847058823529413,2.870053654009561,1.9084797339453843,7.956827122090111,7.60130237956341,0.0,0.0,0.0,-0.25335911915805576,1.014799154334038,0.0,0.0,E0002165,U005-normal-062,U005,normal_user,DAILY_NORMAL,0,0,0
0.22912308030659553,0.03859090909090909,0.0,0.0,0.0,0.030410217239179797,0.0,1.0,15.0,0.0,12.0,0.009988235294117647,2.821706176927425,1.8779150280630312,9.005036738790304,8.099675744783898,0.0,0.0,0.0,-0.3179606597391468,0.9493670886075949,0.0,0.0,E0002166,U005-normal-062,U005,normal_user,DAILY_NORMAL,0,0,0
0.04379314765818538,0.007363636363636364,0.0,0.0,0.0,0.005802656292988371,0.0,2.0,16.0,0.0,12.0,0.011894117647058824,2.823157568614237,1.8798209104159724,5.961005339623274,8.01790080346392,0.0,0.0,0.0,-0.39412681208753453,1.0105263157894737,0.0,0.0,E0002167,U005-normal-062,U005,normal_user,DAILY_NORMAL,0,0,0
1.175667705184605,0.19727272727272727,0.0,1.0,0.0,0.15545387846647857,0.0,3.0,16.0,0.0,12.0,0.06295294117647059,2.889333131505846,1.9240679692395017,7.351799869057777,8.009828239279228,0.0,0.0,0.0,0.07232219563832988,1.0084033613445378,0.0,0.0,E0002168,U005-normal-062,U005,normal_user,DAILY_NORMAL,0,0,0
1.0341393353339599,0.1735909090909091,0.0,1.0,0.0,0.13679224927729994,0.0,1.0,17.0,0.0,12.0,0.044929411764705884,2.949264971698363,1.9689973810042076,8.946244609330543,8.324821298768782,0.0,0.0,0.0,0.014075676564908508,1.069182389937107,0.0,0.0,E0002169,U005-normal-062,U005,normal_user,DAILY_NORMAL,0,0,0
1.216831311510917,0.20427272727272727,0.0,0.0,0.0,0.16096998383141814,0.0,1.0,15.0,0.0,12.0,0.05287058823529412,1.7040800535149043,1.140235294117647,10.092370867165224,9.034271228047903,0.0,0.0,0.0,0.08950323586705922,0.9414225941422594,0.0,0.0,E0002170,U005-normal-063,U005,normal_user,DAILY_NORMAL,0,0,0
1.5104487374576807,0.2536818181818182,0.0,0.0,0.0,0.19990509118004998,0.0,1.0,16.0,0.0,13.0,0.06565882352941177,1.7974728284543369,1.2058941176470588,9.672122799562842,9.20337617817455,0.0,0.0,0.0,0.2110269710052172,1.0020876826722338,0.0,0.0,E0002171,U005-normal-063,U005,normal_user,DAILY_NORMAL,0,0,0
0.1627469852226881,0.027363636363636364,0.0,0.0,0.0,0.021562957335672834,0.0,2.0,17.0,0.0,13.0,0.07274117647058824,1.8021504200167702,1.2129764705882353,6.981934677156389,9.217157085303105,0.0,0.0,0.0,-0.34687077716543385,1.0625,0.0,0.0,E0002172,U005-normal-063,U005,normal_user,DAILY_NORMAL,0,0,0
0.0,0.0,0.0,0.0,0.0,0.0,0.0,1.0,15.0,0.0,11.0,0.0,1.755669393850149,1.1821058823529411,9.600624158088683,9.450254507606083,0.0,0.0,0.0,-0.41394212846349715,0.9355509355509355,0.0,0.0,E0002173,U005-agent-normal-007,U005,normal_agent,DELEGATED_NORMAL,0,0,0
0.34476846549780765,0.05786363636363637,0.0,1.0,0.0,0.045597416425766646,0.0,2.0,14.0,0.0,10.0,0.014976470588235294,1.2243679352488346,0.8243764705882353,8.01862546504575,9.37441309371334,0.0,0.0,0.0,-0.27122793602824086,0.8713692946058091,0.0,0.0,E0002174,U005-normal-063,U005,normal_user,DAILY_NORMAL,0,0,0
0.8678810214228665,0.14545454545454545,0.0,0.0,0.0,0.11462037121952338,0.0,1.0,11.0,0.0,7.0,0.03764705882352941,0.4496312781051836,0.3029647058823529,9.134107065976593,9.083029591164717,0.0,0.0,0.0,-0.054667090438267917,0.6832298136645962,0.0,0.0,E0002175,U005-normal-063,U005,normal_user,RECURRING_NORMAL,0,0,0
0.2696618323134104,0.045181818181818184,0.0,0.0,0.0,0.03560395281006445,0.0,2.0,11.0,0.0,8.0,0.049341176470588236,0.44116215213217236,0.29781176470588233,7.321188556739478,8.688318975449457,0.0,0.0,0.0,-0.30243075855446594,0.6818181818181819,0.0,0.0,E0002176,U005-normal-063,U005,normal_user,DAILY_NORMAL,0,0,0
0.2094911800679138,0.035045454545454546,0.0,1.0,0.0,0.027616345690703915,0.0,2.0,12.0,0.0,9.0,0.020764705882352942,0.4543364787714534,0.3068823529411765,7.991592282068092,8.74973246437081,0.0,0.0,0.0,-0.32715417318174816,0.7422680412371133,0.0,0.0,E0002177,U005-normal-063,U005,normal_user,DAILY_NORMAL,0,0,0
0.765076461009059,0.12777272727272726,0.0,0.0,0.0,0.10068683234315007,0.0,1.0,13.0,0.0,10.0,0.033070588235294116,0.503071987614552,0.33995294117647057,8.315566483564277,8.336054934247057,0.0,0.0,0.0,-0.09715241379889096,0.8024691358024691,0.0,0.0,E0002178,U005-normal-063,U005,normal_user,DAILY_NORMAL,0,0,0
23.371835702897624,3.9012970408416785,1.0,1.0,1.0,0.9789001948750481,0.0,1.0,10.0,1.0,10.0,1.0097474693943167,1.8346846135710384,1.241818057629611,9.698245312357605,8.82790796297859,0.0,0.0,0.0,9.256987940779563,0.6160164271047227,0.0,0.0,E0002179,U005-paysim-fraud-005,U005,paysim_fraud,ACCOUNT_DRAIN_TRANSFER,1,1,1
4.53544361323507,0.7930296268805862,0.0,1.0,1.0,0.6249192827702886,0.0,2.0,11.0,1.0,10.0,1.2150021963516449,2.036654343248891,1.447072784586939,4.795790545596741,8.51579221050061,0.0,0.0,0.0,1.4110096849189655,0.6762295081967213,0.0,0.0,E0002180,U005-paysim-fraud-005,U005,paysim_fraud,FOLLOW_UP_CASHOUT_PROXY,1,1,1
2.634344373621503,0.4640695589509216,1.0,1.0,1.0,0.3656937976906165,0.0,3.0,12.0,2.0,11.0,1.3351143174918836,2.1846667906830315,1.5671849057271776,5.484796933490655,8.463539218080603,0.0,0.0,0.0,0.6564732988816901,0.7361963190184049,0.0,0.0,E0002181,U005-misuse-LOW_AND_SLOW_ATTACK-008,U005,agent_misuse,LOW_AND_SLOW_ATTACK,1,0,1
1.6613602049962506,0.29367863793978544,0.0,1.0,1.0,0.23142318718682767,0.0,1.0,13.0,0.0,12.0,0.07601094158441504,2.2779130035283863,1.6431958473115926,8.881975184248867,8.628340928755668,0.0,0.0,0.0,0.2667297072001487,0.7959183673469389,0.0,0.0,E0002182,U005-misuse-LOW_AND_SLOW_ATTACK-008,U005,agent_misuse,LOW_AND_SLOW_ATTACK,1,0,1
1.7428651764008636,0.30851613644345127,0.0,1.0,1.0,0.2431153593437354,0.0,1.0,14.0,0.0,13.0,0.07985123531477563,2.3802480124847025,1.7230470826263684,8.881975184248867,8.73401278861776,0.0,0.0,0.0,0.3003135150813874,0.855397148676171,0.0,0.0,E0002183,U005-misuse-LOW_AND_SLOW_ATTACK-008,U005,agent_misuse,LOW_AND_SLOW_ATTACK,1,0,1
2.312536180640306,0.4099975881103,1.0,1.0,0.0,0.32308427076964386,0.0,1.0,14.0,1.0,13.0,0.10611702280501883,2.444814175721988,1.7762935171960932,8.881975184248867,8.38776764397578,0.0,0.0,0.0,0.5319505266202625,0.853658536585366,0.0,0.0,E0002184,U005-misuse-LOW_AND_SLOW_ATTACK-008,U005,agent_misuse,LOW_AND_SLOW_ATTACK,1,0,1
0.3911831109198697,0.06954545454545455,0.0,0.0,0.0,0.054802864989334614,0.0,2.0,15.0,1.0,13.0,0.12411702280501884,2.45762366932816,1.7942935171960932,7.70796153183549,8.479283618343016,0.0,0.0,0.0,-0.24761112873185467,0.9127789046653144,0.0,0.0,E0002185,U005-normal-064,U005,normal_user,DAILY_NORMAL,0,0,0
1.6070626576522495,0.2853427219090653,0.0,1.0,0.0,0.22485435988129326,0.0,1.0,16.0,0.0,14.0,0.07385341037646397,2.556678743195371,1.868146927572557,8.512381634419015,8.658866349732383,0.0,0.0,0.0,0.24682555777545395,0.9716599190283401,0.0,0.0,E0002186,U005-misuse-LOW_AND_SLOW_ATTACK-008,U005,agent_misuse,LOW_AND_SLOW_ATTACK,1,0,1
0.09843574947513153,0.0175,0.0,0.0,0.0,0.013790263412348906,0.0,2.0,17.0,0.0,14.0,0.07838282214116984,2.554271925321271,1.872676339337263,8.05356916913454,8.507102450706066,0.0,0.0,0.0,-0.36739359563370294,1.0303030303030303,0.0,0.0,E0002187,U005-normal-064,U005,normal_user,DAILY_NORMAL,0,0,0
1.3815854065123931,0.24515725103678204,0.0,1.0,0.0,0.19318760395683265,0.0,1.0,16.0,0.0,12.0,0.06345246497422594,2.5410791226578797,1.8633876278409007,8.308199063206446,8.371242135931933,0.0,0.0,0.0,0.15534636382786973,0.9677419354838709,0.0,0.0,E0002188,U005-misuse-LOW_AND_SLOW_ATTACK-008,U005,agent_misuse,LOW_AND_SLOW_ATTACK,1,0,1
1.681419846840722,0.29859895867869546,1.0,1.0,0.0,0.23530047399041695,0.0,1.0,17.0,1.0,13.0,0.07728443636389765,2.638859677386161,1.9406720642047983,8.881975184248867,8.371242135931933,0.0,0.0,0.0,0.27791447828644766,1.0261569416498995,0.0,0.0,E0002189,U005-misuse-LOW_AND_SLOW_ATTACK-008,U005,agent_misuse,LOW_AND_SLOW_ATTACK,1,0,1
1.2506206559446371,0.22240909090909092,0.0,0.0,0.0,0.17526171136785246,0.0,1.0,17.0,0.0,14.0,0.05756470588235294,2.707649418705694,1.998236770087151,8.722091302389098,8.537623072927746,0.0,0.0,0.0,0.10245782401407776,1.0240963855421685,0.0,0.0,E0002190,U005-normal-064,U005,normal_user,DAILY_NORMAL,0,0,0
1.3760270052256844,0.24483846707374848,0.0,1.0,0.0,0.1929363973955832,0.0,2.0,18.0,0.0,15.0,0.12093466206614667,2.786272505136711,2.0616067262709445,6.970730078143525,8.371242135931933,0.0,0.0,0.0,0.1539640442501867,1.0821643286573146,0.0,0.0,E0002191,U005-misuse-LOW_AND_SLOW_ATTACK-008,U005,agent_misuse,LOW_AND_SLOW_ATTACK,1,0,1
0.19476512125087164,0.03468181818181818,0.0,0.0,0.0,0.027329794762655107,0.0,1.0,18.0,0.0,14.0,0.008976470588235294,2.7702548724251908,2.0556067262709448,8.592115117933497,8.47005965428218,0.0,0.0,0.0,-0.330293645886931,1.0799999999999998,0.0,0.0,E0002192,U005-normal-064,U005,normal_user,DAILY_NORMAL,0,0,0
2.018824778355893,0.3588939661821141,0.0,1.0,0.0,0.2828138474716568,0.0,2.0,19.0,0.0,14.0,0.10186667360007659,2.894272011219346,2.148496929282786,7.502738210754851,8.371242135931933,0.0,0.0,0.0,0.41759392708374543,1.1377245508982037,0.0,0.0,E0002193,U005-misuse-LOW_AND_SLOW_ATTACK-008,U005,agent_misuse,LOW_AND_SLOW_ATTACK,1,0,1
0.04184487592198556,0.007454545454545454,0.0,0.0,0.0,0.005874294025000573,0.0,1.0,18.0,0.0,13.0,0.0019294117647058824,2.818645994892823,2.101085164576904,8.666302614004078,8.304395932156172,0.0,0.0,0.0,-0.39388730190836035,1.0756972111553784,0.0,0.0,E0002194,U005-normal-064,U005,normal_user,DAILY_NORMAL,0,0,0
1.468670770108865,0.2611236887332401,1.0,1.0,0.0,0.20576939719060489,0.0,2.0,19.0,1.0,14.0,0.06951436649566214,2.909061517979622,2.16867011930786,7.242797922793756,8.037155387802565,0.0,0.0,0.0,0.19245310216999656,1.1332007952286283,0.0,0.0,E0002195,U005-misuse-LOW_AND_SLOW_ATTACK-008,U005,agent_misuse,LOW_AND_SLOW_ATTACK,1,0,1
2.417518697555601,0.4302386382106258,0.0,1.0,0.0,0.3390345229197035,0.0,1.0,18.0,0.0,14.0,0.1113558828309855,2.9928620634853704,2.2378848256682575,8.881975184248867,8.371242135931933,0.0,0.0,0.0,0.5832213626603026,1.0714285714285714,0.0,0.0,E0002196,U005-misuse-LOW_AND_SLOW_ATTACK-008,U005,agent_misuse,LOW_AND_SLOW_ATTACK,1,0,1
2.145131661783329,0.38287165050207306,0.0,1.0,0.0,0.3017086236311072,0.0,1.0,19.0,0.0,14.0,0.0990961918946542,3.109951419494014,2.3369810175629118,8.881975184248867,8.451779620867912,0.0,0.0,0.0,0.4728396260638738,1.1287128712871288,0.0,0.0,E0002197,U005-misuse-LOW_AND_SLOW_ATTACK-008,U005,agent_misuse,LOW_AND_SLOW_ATTACK,1,0,1
0.0391275764185052,0.007,0.0,0.0,0.0,0.005516105364939562,0.0,1.0,10.0,0.0,8.0,0.001811764705882353,0.7709301319932634,0.5818639779573052,10.71944953261348,9.500484411298883,0.0,0.0,0.0,-0.39800200971017585,0.5928853754940712,0.0,0.0,E0002198,U005-normal-065,U005,normal_user,DAILY_NORMAL,0,0,0
0.17718377041608083,0.031636363636363636,0.0,0.0,0.0,0.024929930740246336,0.0,1.0,11.0,0.0,9.0,0.008188235294117647,0.7817164365174559,0.5900522132514228,8.213381737034572,9.468341284701047,0.0,0.0,0.0,-0.3404421589017802,0.6508875739644971,0.0,0.0,E0002199,U005-normal-065,U005,normal_user,DAILY_NORMAL,0,0,0
0.4230478432575357,0.07540909090909091,0.0,1.0,0.0,0.05942349870412165,0.0,1.0,4.0,0.0,4.0,0.01951764705882353,0.1703293500181924,0.12861383895347772,10.492856298620898,9.897228002364983,0.0,0.0,0.0,-0.2385301835134589,0.23622047244094488,0.0,0.0,E0002200,U005-normal-065,U005,normal_user,DAILY_NORMAL,0,0,0
0.43554367149212286,0.07754545454545454,0.0,0.0,1.0,0.0611069854064084,0.0,1.0,4.0,0.0,4.0,0.020070588235294118,0.06561549535853722,0.04958823529411765,9.111845125227083,9.915781669229606,0.0,0.0,0.0,-0.23331410839206904,0.23575638506876231,0.0,0.0,E0002201,U005-normal-066,U005,normal_user,DAILY_NORMAL,0,0,0
0.11348361921474763,0.020181818181818183,0.0,0.0,1.0,0.01590357650670887,0.0,1.0,5.0,0.0,5.0,0.005223529411764706,0.0724631574367509,0.05481176470588235,9.391327705757,9.961945122107696,0.0,0.0,0.0,-0.36636740252967454,0.29411764705882354,0.0,0.0,E0002202,U005-normal-066,U005,normal_user,DAILY_NORMAL,0,0,0
3.378622525745377,0.5997727272727272,0.0,1.0,0.0,0.4726299369505034,0.0,1.0,6.0,0.0,6.0,0.15523529411764705,0.27762598660082244,0.21004705882352942,9.723523215315852,9.648582399598284,0.0,0.0,0.0,0.982101871653631,0.3522504892367906,0.0,0.0,E0002203,U005-normal-066,U005,normal_user,DAILY_NORMAL,0,0,0
3.7770711973871385,0.6737272727272727,0.0,0.0,0.0,0.5309072319424298,0.0,1.0,6.0,0.0,5.0,0.1743764705882353,0.5022751171739982,0.3826117647058824,9.347403022364523,9.744233874532966,0.0,0.0,0.0,1.1521694610792654,0.3515625,0.0,0.0,E0002204,U005-normal-066,U005,normal_user,DAILY_NORMAL,0,0,0
0.061832012840287685,0.01109090909090909,0.0,1.0,0.0,0.008739803305488658,0.0,1.0,6.0,0.0,6.0,0.002870588235294118,0.49154365707331427,0.37729411764705884,8.952346543226227,9.340438377266171,0.0,0.0,0.0,-0.39128446143078655,0.3508771929824561,0.0,0.0,E0002205,U005-normal-066,U005,normal_user,DAILY_NORMAL,0,0,0
0.44481378303565144,0.07963636363636363,0.0,0.0,1.0,0.06275465324268904,0.0,1.0,5.0,0.0,5.0,0.020611764705882354,0.4667626784652034,0.3583176470588235,10.618591900448115,9.784399916258302,0.0,0.0,0.0,-0.23131327902017212,0.2918287937743191,0.0,0.0,E0002206,U005-normal-067,U005,normal_user,DAILY_NORMAL,0,0,0
27.9241283037149,4.993768143850555,1.0,1.0,1.0,0.9834396921588051,0.0,2.0,6.0,1.0,6.0,1.3131164607613202,2.148521704401349,1.6508223431142612,6.825460036255307,9.651301315769187,0.0,0.0,0.0,11.21585156471481,0.3495145631067961,0.0,0.0,E0002207,U005-paysim-fraud-000,U005,paysim_fraud,ACCOUNT_DRAIN_TRANSFER,1,1,1
2.6885864241798525,0.5067518015403343,0.0,1.0,1.0,0.39932804730991805,0.0,3.0,7.0,1.0,6.0,1.4442757505717596,2.196083644122329,1.7819816329247007,4.795790545596741,9.411238314343073,0.0,0.0,0.0,0.6632136150095047,0.4069767441860465,0.0,0.0,E0002208,U005-paysim-fraud-000,U005,paysim_fraud,FOLLOW_UP_CASHOUT_PROXY,1,1,1
0.6172154975613257,0.11672727272727272,0.0,0.0,1.0,0.09198284790366751,0.0,1.0,7.0,0.0,6.0,0.030211764705882355,2.2149447087554925,1.8069698682188184,9.225721474014485,9.389506957076836,0.0,0.0,0.0,-0.15093587983473303,0.4061895551257253,0.0,0.0,E0002209,U005-normal-067,U005,normal_user,DAILY_NORMAL,0,0,0
0.18208309543705517,0.03440909090909091,0.0,1.0,0.0,0.0271148815666185,0.0,1.0,7.0,0.0,6.0,0.008905882352941177,2.0330675888220413,1.6606404564541124,10.176753713253548,9.65975856761281,0.0,0.0,0.0,-0.3225814350915634,0.40540540540540543,0.0,0.0,E0002210,U005-normal-067,U005,normal_user,DAILY_NORMAL,0,0,0
0.4076451572116387,0.07690909090909091,0.0,0.0,0.0,0.06060552128232299,0.0,2.0,7.0,0.0,6.0,0.028811764705882353,1.8432843971979787,1.5061698682188183,5.998936561946683,8.932872621931374,0.0,0.0,0.0,-0.2334489563668063,0.40462427745664736,0.0,0.0,E0002211,U005-normal-067,U005,normal_user,DAILY_NORMAL,0,0,0
1.02272655097223,0.19272727272727272,0.0,0.0,0.0,0.15187199186586847,0.0,1.0,7.0,0.0,6.0,0.04988235294117647,1.8992761548210566,1.5531816329247008,9.679155795585109,9.267571005430455,0.0,0.0,0.0,0.008954480336795292,0.40384615384615385,0.0,0.0,E0002212,U005-normal-067,U005,normal_user,DAILY_NORMAL,0,0,0
0.21297802473940003,0.04013636363636364,0.0,0.0,0.0,0.03162805868338723,0.0,2.0,8.0,0.0,7.0,0.06027058823529412,1.9080995440597177,1.5635698682188184,7.65491704784832,9.30446803470088,0.0,0.0,0.0,-0.31041631483809584,0.4606525911708253,0.0,0.0,E0002213,U005-normal-067,U005,normal_user,DAILY_NORMAL,0,0,0
0.09880405244932482,0.018590909090909092,0.0,0.0,0.0,0.014649916196495331,0.0,1.0,9.0,0.0,8.0,0.004811764705882353,1.9131631162997267,1.5683816329247007,9.442800389927742,9.348309403699343,0.0,0.0,0.0,-0.3552127476148388,0.5172413793103449,0.0,0.0,E0002214,U005-normal-067,U005,normal_user,DAILY_NORMAL,0,0,0
0.24853987167249653,0.04668181818181818,0.0,0.0,0.0,0.036785975388265786,0.0,1.0,6.0,0.0,5.0,0.012082352941176471,0.1292482708390751,0.1059764705882353,10.61665792430154,9.573885660952891,0.0,0.0,0.0,-0.2959214912636227,0.3441682600382409,0.0,0.0,E0002215,U005-normal-068,U005,normal_user,DAILY_NORMAL,0,0,0
0.5748896455640989,0.10781818181818181,0.0,1.0,0.0,0.0849623501664717,0.0,1.0,7.0,0.0,6.0,0.027905882352941176,0.16320195591864273,0.13388235294117648,8.735364401103888,9.651648701055125,0.0,0.0,0.0,-0.167308995081042,0.400763358778626,0.0,0.0,E0002216,U005-normal-068,U005,normal_user,DAILY_NORMAL,0,0,0
0.0,0.0,0.0,0.0,0.0,0.0,0.0,2.0,8.0,0.0,7.0,0.027905882352941176,0.16301711006336617,0.13388235294117648,7.406103381237015,9.447812773234986,0.0,0.0,0.0,-0.39361345479338644,0.45714285714285713,0.0,0.0,E0002217,U005-agent-normal-026,U005,normal_agent,DELEGATED_NORMAL,0,0,0
3.8354841374210555,0.7187272727272728,0.0,0.0,0.0,0.5663679092884699,0.0,1.0,6.0,0.0,6.0,0.1860235294117647,0.2937029707934267,0.24121176470588235,10.091211158619078,9.745909338753053,0.0,0.0,0.0,1.116084707342147,0.34220532319391633,0.0,0.0,E0002218,U005-normal-068,U005,normal_user,DAILY_NORMAL,0,0,0
0.059099915638939536,0.011136363636363637,0.0,0.0,0.0,0.008775622171494758,0.0,1.0,6.0,0.0,6.0,0.0028823529411764704,0.28243129565796093,0.23370588235294118,8.19891444498699,9.634836567990478,0.0,0.0,0.0,-0.37232510820780335,0.3415559772296015,0.0,0.0,E0002219,U005-normal-068,U005,normal_user,DAILY_NORMAL,0,0,0
0.40648894499112,0.07645454545454546,0.0,1.0,0.0,0.06024733262226198,0.0,1.0,6.0,0.0,6.0,0.019788235294117648,0.30049532486613606,0.24868235294117647,9.467846701917901,9.18130283385289,0.0,0.0,0.0,-0.23462421885701273,0.3409090909090909,0.0,0.0,E0002220,U005-normal-068,U005,normal_user,DAILY_NORMAL,0,0,0
0.6022160931760129,0.11313636363636363,0.0,1.0,1.0,0.08915315748918552,0.0,1.0,7.0,0.0,7.0,0.02928235294117647,0.3356111619140576,0.27796470588235295,9.308283446306147,9.275734776740846,0.0,0.0,0.0,-0.15721301384848566,0.39697542533081287,0.0,0.0,E0002221,U005-normal-069,U005,normal_user,DAILY_NORMAL,0,0,0
0.04697499411459511,0.008818181818181819,0.0,0.0,0.0,0.006948860005183605,0.0,1.0,8.0,0.0,8.0,0.0022823529411764706,0.3379685490910227,0.2802470588235294,10.125990898962915,9.638440693126133,0.0,0.0,0.0,-0.37672295571978365,0.45283018867924524,0.0,0.0,E0002222,U005-normal-069,U005,normal_user,DAILY_NORMAL,0,0,0
0.16811474234871646,0.0315,0.0,0.0,0.0,0.024822474142228032,0.0,1.0,8.0,0.0,7.0,0.008152941176470588,0.3331992399807856,0.27631764705882356,8.499029220788566,9.350050139077192,0.0,0.0,0.0,-0.32850145211636816,0.4519774011299435,0.0,0.0,E0002223,U005-normal-069,U005,normal_user,DAILY_NORMAL,0,0,0
0.045923800736223264,0.008590909090909092,0.0,1.0,0.0,0.0067697656751531,0.0,1.0,7.0,0.0,6.0,0.002223529411764706,0.3021310144168058,0.25063529411764707,9.617470759403409,9.5307558140446,0.0,0.0,0.0,-0.37647033872659574,0.39473684210526316,0.0,0.0,E0002224,U005-normal-069,U005,normal_user,DAILY_NORMAL,0,0,0
0.14289578884887089,0.02668181818181818,0.0,0.0,0.0,0.021025674345581318,0.0,1.0,7.0,0.0,5.0,0.006905882352941177,0.0862040158527599,0.07151764705882353,9.54559758504085,9.545826408175868,0.0,0.0,0.0,-0.33786120443174544,0.39399624765478425,0.0,0.0,E0002225,U005-normal-069,U005,normal_user,DAILY_NORMAL,0,0,0
0.15361862203863122,0.028636363636363637,0.0,0.0,0.0,0.022565885583843665,0.0,2.0,8.0,0.0,6.0,0.014317647058823529,0.09511141890523964,0.07892941176470589,7.739359202689098,9.412448216063538,0.0,0.0,0.0,-0.3333665448358628,0.449438202247191,0.0,0.0,E0002226,U005-normal-069,U005,normal_user,RECURRING_NORMAL,0,0,0
0.8377395177845607,0.1559090909090909,0.0,0.0,0.0,0.12285871040092662,0.0,2.0,8.0,0.0,6.0,0.04776470588235294,0.14022243356706574,0.1164,7.671826797878781,8.945384752847533,0.0,0.0,0.0,-0.06386028585548137,0.44859813084112155,0.0,0.0,E0002227,U005-normal-069,U005,normal_user,DAILY_NORMAL,0,0,0
0.23454283858686842,0.04363636363636364,0.0,0.0,0.0,0.034386111365857015,0.0,3.0,9.0,0.0,7.0,0.05905882352941177,0.1535791487706244,0.12769411764705882,7.093404625868766,8.843788237366617,0.0,0.0,0.0,-0.30145384229705763,0.503731343283582,0.0,0.0,E0002228,U005-normal-069,U005,normal_user,DAILY_NORMAL,0,0,0
0.0,0.0,0.0,0.0,0.0,0.0,0.0,1.0,10.0,0.0,8.0,0.0,0.15350964184562646,0.12769411764705882,9.032050676295599,8.63045044560067,0.0,0.0,0.0,-0.3935860649492225,0.558659217877095,0.0,0.0,E0002229,U005-agent-normal-027,U005,normal_agent,DELEGATED_NORMAL,0,0,0
0.0880834760838918,0.016363636363636365,0.0,0.0,1.0,0.01289479176219638,0.0,1.0,9.0,0.0,7.0,0.0042352941176470585,0.09961013520533879,0.08285882352941176,9.887408982323437,8.815696502499602,0.0,0.0,0.0,-0.3589176362103146,0.5018587360594795,0.0,0.0,E0002230,U005-normal-070,U005,normal_user,DAILY_NORMAL,0,0,0
0.12941605332847125,0.024,0.0,1.0,1.0,0.01891236125122136,0.0,1.0,10.0,0.0,8.0,0.006211764705882353,0.10705954324189859,0.08907058823529412,9.261983605128021,9.034295078173713,0.0,0.0,0.0,-0.342335776579512,0.5565862708719852,0.0,0.0,E0002231,U005-normal-070,U005,normal_user,DAILY_NORMAL,0,0,0
0.04394743850241916,0.008136363636363636,0.0,1.0,0.0,0.006411577015092089,0.0,1.0,8.0,0.0,8.0,0.0021058823529411766,0.09435181737906652,0.07851764705882353,10.248423867569471,9.518119146127086,0.0,0.0,0.0,-0.37563447683182644,0.4444444444444444,0.0,0.0,E0002232,U005-normal-070,U005,normal_user,DAILY_NORMAL,0,0,0
0.07821747709827158,0.014454545454545454,0.0,0.0,0.0,0.011390399389940136,0.0,2.0,9.0,0.0,9.0,0.005847058823529412,0.09883911658192636,0.08225882352941176,7.859026979751538,9.53827627757511,0.0,0.0,0.0,-0.36180427973909257,0.499075785582255,0.0,0.0,E0002233,U005-agent-normal-001,U005,normal_agent,DELEGATED_NORMAL,0,0,0
0.028336136719425916,0.005227272727272727,0.0,1.0,0.0,0.004119169590701621,0.0,1.0,9.0,0.0,8.0,0.0013529411764705882,0.0921531023745899,0.07670588235294118,9.37305428246393,9.586102000710904,0.0,0.0,0.0,-0.3810275831214319,0.4981549815498155,0.0,0.0,E0002234,U005-normal-070,U005,normal_user,DAILY_NORMAL,0,0,0
0.33548130547867216,0.06177272727272727,0.0,0.0,0.0,0.04867783890229133,0.0,1.0,6.0,0.0,5.0,0.015988235294117647,0.04040666348025562,0.03363529411764706,9.80890211004626,9.565480138132282,0.0,0.0,0.0,-0.26031317106191393,0.3314917127071823,0.0,0.0,E0002235,U005-normal-070,U005,normal_user,DAILY_NORMAL,0,0,0
0.1329784295358005,0.024454545454545455,0.0,0.0,1.0,0.019270549911282367,0.0,1.0,7.0,0.0,6.0,0.006329411764705882,0.04797957781551931,0.039964705882352944,8.923591197573002,9.522168566256042,0.0,0.0,0.0,-0.3395117176108879,0.3860294117647059,0.0,0.0,E0002236,U005-normal-071,U005,normal_user,DAILY_NORMAL,0,0,0
0.6610383209203181,0.12136363636363637,0.0,0.0,1.0,0.09563637223628982,0.0,1.0,8.0,0.0,7.0,0.031411764705882354,0.08566923341358502,0.07137647058823529,8.366602832783736,9.09063298594473,0.0,0.0,0.0,-0.1326247737925667,0.4403669724770642,0.0,0.0,E0002237,U005-normal-071,U005,normal_user,DAILY_NORMAL,0,0,0
0.14839580424193247,0.02722727272727273,0.0,0.0,1.0,0.021455500737654534,0.0,2.0,9.0,0.0,8.0,0.03845882352941177,0.09400928471013248,0.07842352941176471,7.336936913707618,9.066608560086134,0.0,0.0,0.0,-0.3333017625037356,0.4945054945054945,0.0,0.0,E0002238,U005-normal-071,U005,normal_user,DAILY_NORMAL,0,0,0
0.22307737452057305,0.040863636363636366,0.0,0.0,0.0,0.03220116053948485,0.0,1.0,8.0,0.0,8.0,0.010576470588235295,0.0941379076293019,0.07855294117647059,10.243631611189063,9.38667739042288,0.0,0.0,0.0,-0.30383830504680587,0.43875685557586835,0.0,0.0,E0002239,U005-normal-071,U005,normal_user,DAILY_NORMAL,0,0,0
0.37225963492840136,0.06809090909090909,0.0,0.0,0.0,0.05365666127713938,0.0,1.0,9.0,0.0,8.0,0.017623529411764705,0.11520928404374128,0.0961764705882353,8.991562278171614,9.19992633362731,0.0,0.0,0.0,-0.24534628882878853,0.4927007299270073,0.0,0.0,E0002240,U005-normal-071,U005,normal_user,DAILY_NORMAL,0,0,0
4.085281399087029,0.7463636363636363,0.0,1.0,0.0,0.5881457798201793,0.0,1.0,9.0,0.0,8.0,0.19317647058823528,0.34384975975033527,0.2872470588235294,8.624611588183507,9.159930897431101,0.0,0.0,0.0,1.2054937578275202,0.4918032786885246,0.0,0.0,E0002241,U005-normal-071,U005,normal_user,DAILY_NORMAL,0,0,0
0.2688823402350388,0.04940909090909091,0.0,1.0,0.0,0.03893510734863185,0.0,2.0,10.0,0.0,9.0,0.20596470588235294,0.356410704994007,0.30003529411764707,6.901737206656574,9.087833697483386,0.0,0.0,0.0,-0.2872032877235396,0.5454545454545455,0.0,0.0,E0002242,U005-normal-071,U005,normal_user,DAILY_NORMAL,0,0,0
0.14341961499289574,0.026318181818181817,0.0,0.0,0.0,0.02073912341753251,0.0,1.0,9.0,0.0,8.0,0.006811764705882353,0.35826967401854215,0.3017529411764706,9.795902341856191,9.403585383344529,0.0,0.0,0.0,-0.336316283175867,0.4900181488203267,0.0,0.0,E0002243,U005-normal-071,U005,normal_user,DAILY_NORMAL,0,0,0
0.15456691828231747,0.02831818181818182,0.0,0.0,0.0,0.022315153521800957,0.0,1.0,10.0,0.0,9.0,0.007329411764705882,0.3668729421981977,0.3090823529411765,8.690978417187905,8.94910546953925,0.0,0.0,0.0,-0.3316822314254206,0.5434782608695653,0.0,0.0,E0002244,U005-normal-071,U005,normal_user,DAILY_NORMAL,0,0,0
32.1280250166891,5.876851591769449,1.0,1.0,1.0,0.9858930179113836,0.0,1.0,9.0,1.0,8.0,1.5210674708109162,2.1452290044513664,1.8078321766932692,9.684647229041753,9.13860803729834,0.0,0.0,0.0,12.203058825630487,0.488245931283906,0.0,0.0,E0002245,U005-paysim-fraud-004,U005,paysim_fraud,ACCOUNT_DRAIN_TRANSFER,1,1,1
3.662187390434049,0.7088627080340014,0.0,1.0,1.0,0.5585944838274203,0.0,2.0,10.0,1.0,8.0,1.7045378187726579,2.2288425770251634,1.9913025246550107,5.198497031265826,9.015614195023469,0.0,0.0,0.0,0.977684734312989,0.5415162454873647,0.0,0.0,E0002246,U005-paysim-fraud-004,U005,paysim_fraud,FOLLOW_UP_CASHOUT_PROXY,1,1,1
2.724599059602539,0.53,0.0,0.0,1.0,0.4176479776311383,0.0,1.0,9.0,0.0,8.0,0.1371764705882353,2.323431753495289,2.0900201717138343,8.569975376855206,9.114490046319348,0.0,0.0,0.0,0.6365296821602784,0.4864864864864865,0.0,0.0,E0002247,U005-normal-072,U005,normal_user,DAILY_NORMAL,0,0,0
0.2683267745154666,0.05236363636363636,0.0,0.0,0.0,0.04126333363902841,0.0,1.0,10.0,0.0,9.0,0.013552941176470589,2.3266713225889286,2.103573112890305,9.803446198355902,9.117479190924895,0.0,0.0,0.0,-0.27106982151185177,0.539568345323741,0.0,0.0,E0002248,U005-normal-072,U005,normal_user,DAILY_NORMAL,0,0,0
0.06624008912669153,0.012909090909090908,0.0,1.0,0.0,0.0101725579457327,0.0,2.0,11.0,0.0,10.0,0.016894117647058823,2.329203003360072,2.106914289360893,7.7458682297922685,9.034295078173713,0.0,0.0,0.0,-0.34576619741874143,0.59245960502693,0.0,0.0,E0002249,U005-normal-072,U005,normal_user,DAILY_NORMAL,0,0,0
0.08668211491809981,0.016863636363636365,0.0,0.0,0.0,0.013288799288263492,0.0,2.0,12.0,0.0,11.0,0.007705882352941176,2.3337408680800804,2.111278995243246,7.911324018963353,8.65130441590577,0.0,0.0,0.0,-0.33788688545181433,0.6451612903225806,0.0,0.0,E0002250,U005-normal-072,U005,normal_user,DAILY_NORMAL,0,0,0
0.5656755354714884,0.10986363636363636,0.0,0.0,0.0,0.08657419913674626,0.0,3.0,13.0,0.0,12.0,0.03614117647058823,2.36479203427501,2.139714289360893,5.963579343618446,8.658553855155093,0.0,0.0,0.0,-0.1605406813796224,0.6976744186046512,0.0,0.0,E0002251,U005-normal-072,U005,normal_user,DAILY_NORMAL,0,0,0
1.1552144524284198,0.22418181818181818,0.0,0.0,0.0,0.1766586471420904,0.0,3.0,14.0,0.0,13.0,0.0908235294117647,2.426377346245894,2.1977378187726577,7.160069207596127,8.509644773658907,0.0,0.0,0.0,0.05737802226737564,0.75,0.0,0.0,E0002252,U005-normal-072,U005,normal_user,DAILY_NORMAL,0,0,0
0.1538439997700669,0.029863636363636363,0.0,1.0,0.0,0.023532994966008393,0.0,1.0,11.0,0.0,10.0,0.007729411764705882,2.171747673737503,1.9713025246550109,10.391239003331517,8.969261948025606,0.0,0.0,0.0,-0.3131755871962581,0.5882352941176471,0.0,0.0,E0002253,U005-normal-072,U005,normal_user,DAILY_NORMAL,0,0,0
0.35835695314774463,0.06945454545454545,0.0,0.0,0.0,0.054731227257322414,0.0,1.0,10.0,0.0,9.0,0.017976470588235295,2.175355482792348,1.9751378187726578,9.291182759820284,9.165740416607157,0.0,0.0,0.0,-0.2373092786212029,0.5338078291814946,0.0,0.0,E0002254,U005-normal-072,U005,normal_user,DAILY_NORMAL,0,0,0
0.6473539406365991,0.12531818181818183,0.0,0.0,0.0,0.0987526135788206,0.0,1.0,11.0,0.0,10.0,0.03243529411764706,2.209620453185567,2.007573112890305,8.757469141470748,9.23890839229324,0.0,0.0,0.0,-0.13038414097327505,0.5861456483126111,0.0,0.0,E0002255,U005-normal-072,U005,normal_user,DAILY_NORMAL,0,0,0
0.0,0.0,0.0,0.0,0.0,0.0,0.0,1.0,9.0,0.0,8.0,0.0,0.18233430787077573,0.16585882352941175,10.25019296543737,9.672160608413899,0.0,0.0,0.0,-0.3698253343716255,0.4787234042553191,0.0,0.0,E0002256,U005-agent-normal-020,U005,normal_agent,DELEGATED_NORMAL,0,0,0
0.16446904632501286,0.031818181818181815,0.0,1.0,0.0,0.02507320620427074,0.0,1.0,8.0,0.0,7.0,0.00823529411764706,0.17281536542554302,0.1572,8.485083137498004,9.715988616213037,0.0,0.0,0.0,-0.3090005143206953,0.42477876106194695,0.0,0.0,E0002257,U005-normal-073,U005,normal_user,DAILY_NORMAL,0,0,0
0.027061326063969948,0.005227272727272727,0.0,0.0,0.0,0.004119169590701621,0.0,1.0,6.0,0.0,5.0,0.0013529411764705882,0.07443480848078117,0.06772941176470589,9.578657284448841,9.469360589808606,0.0,0.0,0.0,-0.359564763895952,0.31802120141342755,0.0,0.0,E0002258,U005-normal-073,U005,normal_user,DAILY_NORMAL,0,0,0
0.1732653547779703,0.03340909090909091,0.0,0.0,0.0,0.026326866514484275,0.0,1.0,7.0,0.0,6.0,0.008647058823529412,0.08393378974134115,0.0763764705882353,9.591854259261833,9.526405798819733,0.0,0.0,0.0,-0.305232420822522,0.3703703703703704,0.0,0.0,E0002259,U005-normal-073,U005,normal_user,DAILY_NORMAL,0,0,0
0.15912557218879486,0.030636363636363635,0.0,1.0,0.0,0.024141915688112112,0.0,1.0,7.0,0.0,6.0,0.007929411764705883,0.08412693171095859,0.07657647058823529,8.854522203757432,9.535809437988622,0.0,0.0,0.0,-0.31024134994659547,0.36971830985915494,0.0,0.0,E0002260,U005-normal-073,U005,normal_user,DAILY_NORMAL,0,0,0
0.019625641895423308,0.0037727272727272726,0.0,1.0,0.0,0.0029729658785063876,0.0,1.0,8.0,0.0,7.0,0.0009764705882352941,0.08517494988124988,0.07755294117647059,8.536995818712418,9.127958263370216,0.0,0.0,0.0,-0.3614536465165669,0.421792618629174,0.0,0.0,E0002261,U005-normal-073,U005,normal_user,DAILY_NORMAL,0,0,0
0.8669652360545713,0.16636363636363635,0.0,1.0,0.0,0.13109704958232987,0.0,2.0,9.0,0.0,8.0,0.04403529411764706,0.13246091803325583,0.12061176470588235,5.181783550292085,9.021163370225246,0.0,0.0,0.0,-0.04899983152352477,0.47368421052631576,0.0,0.0,E0002262,U005-normal-073,U005,normal_user,DAILY_NORMAL,0,0,0
0.1457137662287147,0.027954545454545454,0.0,1.0,0.0,0.02202860259375215,0.0,1.0,8.0,0.0,6.0,0.0072352941176470585,0.08490885833450491,0.07743529411764706,10.488603988882367,9.438797779714132,0.0,0.0,0.0,-0.31486289932367384,0.42031523642732044,0.0,0.0,E0002263,U005-normal-074,U005,normal_user,DAILY_NORMAL,0,0,0
0.17133074711189092,0.032818181818181816,0.0,0.0,0.0,0.025861221256404963,0.0,1.0,7.0,0.0,7.0,0.008494117647058824,0.08517013834810667,0.07769411764705883,9.676900579444158,9.459276418592829,0.0,0.0,0.0,-0.30519780596306495,0.36713286713286714,0.0,0.0,E0002264,U005-normal-074,U005,normal_user,DAILY_NORMAL,0,0,0
0.13831598477730148,0.026454545454545456,0.0,0.0,0.0,0.020846580015550814,0.0,1.0,8.0,0.0,7.0,0.006847058823529412,0.09264729093507658,0.08454117647058823,8.629449873761905,9.437013686340638,0.0,0.0,0.0,-0.31714173342483204,0.41884816753926696,0.0,0.0,E0002265,U005-normal-074,U005,normal_user,DAILY_NORMAL,0,0,0
0.1259160473180705,0.024045454545454547,0.0,0.0,0.0,0.01894818011722746,0.0,2.0,9.0,0.0,8.0,0.013070588235294117,0.0994426823710953,0.09076470588235294,6.104793232414985,9.359949325187886,0.0,0.0,0.0,-0.32146624823719494,0.47038327526132406,0.0,0.0,E0002266,U005-normal-074,U005,normal_user,DAILY_NORMAL,0,0,0
0.03647550906398387,0.006954545454545455,0.0,0.0,0.0,0.005480286498933461,0.0,3.0,10.0,0.0,8.0,0.014870588235294118,0.10139173478729027,0.09256470588235294,6.821107472256465,9.372595266619824,0.0,0.0,0.0,-0.35408836143201283,0.5217391304347826,0.0,0.0,E0002267,U005-normal-074,U005,normal_user,DAILY_NORMAL,0,0,0
0.13660268212711882,0.026,0.0,0.0,0.0,0.020488391355489802,0.0,1.0,10.0,0.0,9.0,0.006729411764705882,0.10727385879800752,0.09794117647058824,9.511851382364405,8.893517809777984,0.0,0.0,0.0,-0.3169919731848145,0.5208333333333334,0.0,0.0,E0002268,U005-normal-074,U005,normal_user,DAILY_NORMAL,0,0,0
0.25425539561134736,0.048318181818181816,0.0,0.0,0.0,0.038075454564485425,0.0,2.0,11.0,0.0,10.0,0.01923529411764706,0.120941695820372,0.11044705882352941,5.713732805509369,8.332356474256615,0.0,0.0,0.0,-0.2735930152454896,0.5719237435008665,0.0,0.0,E0002269,U005-normal-074,U005,normal_user,DAILY_NORMAL,0,0,0
0.3422551151435428,0.06495454545454546,0.0,0.0,0.0,0.05118515952271841,0.0,3.0,11.0,0.0,11.0,0.03604705882352941,0.12982294825606291,0.11861176470588235,8.047829357457841,8.205983161233577,0.0,0.0,0.0,-0.24118591089045777,0.5709342560553633,0.0,0.0,E0002270,U005-normal-074,U005,normal_user,DAILY_NORMAL,0,0,0
0.30740933788377406,0.058272727272727275,0.0,1.0,0.0,0.045919786219821554,0.0,1.0,11.0,0.0,10.0,0.01508235294117647,0.13756760688007938,0.12576470588235295,9.201299627324033,8.622489705025977,0.0,0.0,0.0,-0.25387853542857497,0.5699481865284974,0.0,0.0,E0002271,U005-normal-074,U005,normal_user,DAILY_NORMAL,0,0,0
0.2991469140215393,0.05663636363636364,0.0,0.0,0.0,0.044630307043601915,0.0,1.0,10.0,0.0,10.0,0.014658823529411764,0.10537623251168618,0.09638823529411765,8.988695696785708,8.84997290477105,0.0,0.0,0.0,-0.25680413124319845,0.5172413793103449,0.0,0.0,E0002272,U005-normal-074,U005,normal_user,DAILY_NORMAL,0,0,0
0.20384742837586423,0.03854545454545454,0.0,0.0,0.0,0.030374398373173694,0.0,1.0,10.0,0.0,10.0,0.009976470588235295,0.10831515686453387,0.09912941176470588,10.495017203717081,9.349876201833311,0.0,0.0,0.0,-0.2916018736429708,0.5163511187607573,0.0,0.0,E0002273,U005-normal-075,U005,normal_user,DAILY_NORMAL,0,0,0
0.06547778274606311,0.012363636363636363,0.0,0.0,0.0,0.009742731553659487,0.0,1.0,4.0,0.0,3.0,0.0032,0.04687754176084066,0.04291764705882353,10.390931953464207,9.795311967173914,0.0,0.0,0.0,-0.3420753954246799,0.2061855670103093,0.0,0.0,E0002274,U005-normal-075,U005,normal_user,DAILY_NORMAL,0,0,0
6.259667022775167,1.18,1.0,1.0,0.0,0.9298577615183834,0.0,1.0,5.0,1.0,4.0,0.3054117647058823,0.3804244976086871,0.3483294117647059,8.761550139129644,9.830959869529044,0.0,0.0,0.0,1.9235783764073042,0.25728987993138935,0.0,0.0,E0002275,U005-misuse-POLICY_CONFLICT-007,U005,agent_misuse,POLICY_CONFLICT,1,0,1
0.17367993352216304,0.033045454545454545,0.0,0.0,0.0,0.026040315586435468,0.0,1.0,5.0,0.0,4.0,0.008552941176470588,0.3691886731115487,0.3418,9.148464968258095,9.825461144097735,0.0,0.0,0.0,-0.30429628194695424,0.2568493150684932,0.0,0.0,E0002276,U005-agent-normal-016,U005,normal_agent,DELEGATED_NORMAL,0,0,0
0.28877402743844277,0.054863636363636364,0.0,0.0,0.0,0.043233371269363975,0.0,1.0,4.0,0.0,4.0,0.0142,0.3578070073610947,0.33136470588235295,10.558309618774405,10.110322844134158,0.0,0.0,0.0,-0.2617395884456911,0.20512820512820512,0.0,0.0,E0002277,U005-normal-076,U005,normal_user,DAILY_NORMAL,0,0,0
0.3844784182192149,0.07295454545454545,0.0,1.0,0.0,0.05748927993979219,0.0,1.0,5.0,0.0,5.0,0.01888235294117647,0.3780029387670238,0.3502470588235294,9.09121894106832,9.85974462958821,0.0,0.0,0.0,-0.22642101470125112,0.25597269624573377,0.0,0.0,E0002278,U005-normal-076,U005,normal_user,DAILY_NORMAL,0,0,0
0.17554146835981466,0.03327272727272727,0.0,0.0,0.0,0.02621940991646597,0.0,1.0,6.0,0.0,6.0,0.008611764705882353,0.3870342476493644,0.3588588235294118,8.496173824192162,9.518604179905234,0.0,0.0,0.0,-0.30320351312116245,0.30664395229982966,0.0,0.0,E0002279,U005-normal-076,U005,normal_user,DAILY_NORMAL,0,0,0
0.1306466826865074,0.024727272727272726,0.0,0.0,0.0,0.019485463107318975,0.0,1.0,5.0,0.0,5.0,0.0064,0.06107573436874091,0.05664705882352941,10.151947911834128,9.767782370370753,0.0,0.0,0.0,-0.319505532075971,0.25510204081632654,0.0,0.0,E0002280,U005-normal-076,U005,normal_user,DAILY_NORMAL,0,0,0
0.3903750530700498,0.07377272727272727,0.0,0.0,0.0,0.058134019527902016,0.0,2.0,6.0,0.0,6.0,0.025494117647058823,0.08164385394699593,0.07574117647058823,6.85751406254539,9.666004175617093,0.0,0.0,0.0,-0.22388436138052112,0.30560271646859083,0.0,0.0,E0002281,U005-normal-076,U005,normal_user,DAILY_NORMAL,0,0,0
0.6936997353680086,0.13095454545454546,0.0,1.0,0.0,0.10319415296357715,0.0,3.0,7.0,0.0,7.0,0.059388235294117644,0.11809839116342045,0.10963529411764705,6.535241271013659,9.013205639843024,0.0,0.0,0.0,-0.11246201637731242,0.3559322033898305,0.0,0.0,E0002282,U005-normal-076,U005,normal_user,DAILY_NORMAL,0,0,0
13.755478712498649,2.595324865166132,1.0,1.0,1.0,0.9686159535601652,0.0,1.0,7.0,1.0,7.0,0.6717311415724105,0.831457528060151,0.772813494513587,9.7242412622591,9.187992508312275,0.0,0.0,0.0,4.684875375808588,0.3553299492385787,0.0,0.0,E0002283,U005-paysim-fraud-003,U005,paysim_fraud,ACCOUNT_DRAIN_TRANSFER,1,1,1
4.4956672385792436,0.8671384568645013,0.0,1.0,1.0,0.6833181562936699,0.0,2.0,8.0,1.0,7.0,0.8961669774667521,1.047685504055891,0.9972493304079284,5.484796933490655,9.087946723762116,0.0,0.0,0.0,1.2891794583174239,0.4054054054054054,0.0,0.0,E0002284,U005-paysim-fraud-003,U005,paysim_fraud,FOLLOW_UP_CASHOUT_PROXY,1,1,0
0.5544212430628052,0.10759090909090908,0.0,0.0,1.0,0.0847832558364412,0.0,1.0,9.0,0.0,8.0,0.027847058823529412,1.068542662792196,1.025096389231458,8.239065331769268,8.406708458240965,0.0,0.0,0.0,-0.16523405824310605,0.45531197301854975,0.0,0.0,E0002285,U005-normal-077,U005,normal_user,DAILY_NORMAL,0,0,0
0.09540546971483471,0.0185,0.0,0.0,1.0,0.014578278464483129,0.0,1.0,10.0,0.0,8.0,0.004788235294117647,1.0724961141911977,1.0298846245255755,9.51125944745996,8.85209276347713,0.0,0.0,0.0,-0.3354749491089975,0.5050505050505051,0.0,0.0,E0002286,U005-normal-077,U005,normal_user,DAILY_NORMAL,0,0,0
0.7313422934131275,0.1415909090909091,0.0,0.0,0.0,0.11157576760900478,0.0,1.0,9.0,0.0,8.0,0.036647058823529415,1.0760294612259491,1.0334493304079284,10.111679889397125,9.373903755841548,0.0,0.0,0.0,-0.09955364058039023,0.45378151260504207,0.0,0.0,E0002287,U005-normal-077,U005,normal_user,DAILY_NORMAL,0,0,0
0.4744785878910557,0.09181818181818181,0.0,1.0,0.0,0.07235410933232413,0.0,2.0,9.0,0.0,8.0,0.06041176470588235,1.0904198285855278,1.048602271584399,7.925518979786926,9.10351211304332,0.0,0.0,0.0,-0.1948135819090886,0.45302013422818793,0.0,0.0,E0002288,U005-normal-077,U005,normal_user,DAILY_NORMAL,0,0,0
0.21935251631088074,0.04240909090909091,0.0,0.0,0.0,0.033419001983692284,0.0,1.0,10.0,0.0,9.0,0.010976470588235294,1.1009271474380875,1.0595787421726344,8.293549515060345,9.183811574629914,0.0,0.0,0.0,-0.28936795445158203,0.5025125628140704,0.0,0.0,E0002289,U005-normal-077,U005,normal_user,DAILY_NORMAL,0,0,0
0.44071088437803807,0.08509090909090909,0.0,0.0,0.0,0.06705291716342118,0.0,1.0,11.0,0.0,9.0,0.022023529411764706,1.1233830450020161,1.0816022715843991,9.056839480990421,9.277662515240339,0.0,0.0,0.0,-0.20719985146927034,0.5518394648829431,0.0,0.0,E0002290,U005-normal-077,U005,normal_user,DAILY_NORMAL,0,0,0
0.33391620423833057,0.06440909090909092,0.0,0.0,1.0,0.050755333130645196,0.0,1.0,9.0,0.0,7.0,0.016670588235294118,1.0781931793933468,1.0388846245255756,10.253968352311533,9.523192991569909,0.0,0.0,0.0,-0.24672973384345923,0.4507512520868114,0.0,0.0,E0002291,U005-normal-078,U005,normal_user,DAILY_NORMAL,0,0,0
0.11371394387077988,0.02190909090909091,0.0,0.0,1.0,0.017264693414940708,0.0,1.0,7.0,0.0,6.0,0.005670588235294117,0.12503001884032164,0.12054117647058823,8.579416534596369,9.191320638138928,0.0,0.0,0.0,-0.3281855264767654,0.35,0.0,0.0,E0002292,U005-normal-078,U005,normal_user,DAILY_NORMAL,0,0,0
0.10112847378230086,0.019454545454545454,0.0,0.0,1.0,0.015330474650611253,0.0,2.0,8.0,0.0,6.0,0.010705882352941176,0.13022729050206855,0.1255764705882353,7.900266036767701,9.18991314966114,0.0,0.0,0.0,-0.332593646861061,0.39933444259567386,0.0,0.0,E0002293,U005-normal-078,U005,normal_user,DAILY_NORMAL,0,0,0
0.26457131343844315,0.05081818181818182,0.0,0.0,0.0,0.04004549219482098,0.0,1.0,8.0,0.0,7.0,0.013152941176470588,0.13887761667081658,0.13394117647058823,9.740968623038354,9.425306579765886,0.0,0.0,0.0,-0.27190536941427595,0.39867109634551495,0.0,0.0,E0002294,U005-normal-078,U005,normal_user,DAILY_NORMAL,0,0,0
0.5933124524601691,0.11381818181818182,0.0,0.0,0.0,0.08969044047927704,0.0,2.0,9.0,0.0,7.0,0.042611764705882356,0.16934517092828397,0.1634,6.647688373563329,9.290721483922995,0.0,0.0,0.0,-0.15029175397236347,0.4477611940298507,0.0,0.0,E0002295,U005-normal-078,U005,normal_user,DAILY_NORMAL,0,0,0
0.329584272772707,0.06318181818181819,0.0,0.0,0.0,0.049788223748480465,0.0,1.0,6.0,0.0,5.0,0.016352941176470587,0.08939165435149171,0.08634117647058824,10.685309309535713,9.539629730526059,0.0,0.0,0.0,-0.24778766259529816,0.2980132450331126,0.0,0.0,E0002296,U005-normal-078,U005,normal_user,DAILY_NORMAL,0,0,0
0.17613820891568166,0.03372727272727273,0.0,0.0,0.0,0.026577598576526983,0.0,2.0,7.0,0.0,6.0,0.025082352941176472,0.09837396269594467,0.09507058823529412,7.412160334945205,9.485453788752109,0.0,0.0,0.0,-0.30439714561861214,0.3471074380165289,0.0,0.0,E0002297,U005-normal-078,U005,normal_user,DAILY_NORMAL,0,0,0
0.13003132991445923,0.024863636363636362,0.0,1.0,0.0,0.01959291970533728,0.0,1.0,3.0,0.0,3.0,0.006435294117647059,0.0326029599404293,0.03151764705882353,10.646019958276817,9.953809875683637,0.0,0.0,0.0,-0.321229455755235,0.1485148514851485,0.0,0.0,E0002298,U005-normal-079,U005,normal_user,DAILY_NORMAL,0,0,0
0.17474343375922746,0.033363636363636366,0.0,0.0,0.0,0.026291047648478175,0.0,1.0,4.0,0.0,4.0,0.008635294117647059,0.041526396591469346,0.040152941176470586,10.417866854501417,10.099161238260598,0.0,0.0,0.0,-0.30450097244895463,0.19769357495881382,0.0,0.0,E0002299,U005-normal-079,U005,normal_user,DAILY_NORMAL,0,0,0
0.39432133016675475,0.07518181818181818,0.0,0.0,0.0,0.05924440437409115,0.0,1.0,5.0,0.0,5.0,0.019458823529411765,0.06163247353215909,0.05961176470588235,8.273846932784508,10.124725288938244,0.0,0.0,0.0,-0.22334045105757816,0.2467105263157895,0.0,0.0,E0002300,U005-normal-079,U005,normal_user,DAILY_NORMAL,0,0,0
0.46656090940672773,0.08886363636363637,0.0,1.0,0.0,0.07002588304192757,0.0,2.0,6.0,0.0,6.0,0.042458823529411764,0.08535488315244205,0.08261176470588236,7.615791072035833,9.718157474677717,0.0,0.0,0.0,-0.19665895205781228,0.29556650246305416,0.0,0.0,E0002301,U005-normal-079,U005,normal_user,DAILY_NORMAL,0,0,0
0.15096334263064978,0.028727272727272726,0.0,1.0,0.0,0.022637523315855865,0.0,1.0,5.0,0.0,4.0,0.007435294117647059,0.06706872811680284,0.06496470588235294,9.42512911890764,9.839727395061617,0.0,0.0,0.0,-0.3129800178697034,0.24590163934426232,0.0,0.0,E0002302,U005-normal-079,U005,normal_user,DAILY_NORMAL,0,0,0
0.11649512369174372,0.022136363636363638,0.0,0.0,0.0,0.017443787744971215,0.0,1.0,6.0,0.0,4.0,0.005729411764705882,0.07296502968174444,0.07069411764705882,8.541495483939203,9.339981708132582,0.0,0.0,0.0,-0.3254666591756959,0.2945990180032733,0.0,0.0,E0002303,U005-normal-079,U005,normal_user,DAILY_NORMAL,0,0,0
0.0701931987879014,0.013318181818181818,0.0,0.0,0.0,0.010494927739787609,0.0,1.0,6.0,0.0,4.0,0.0034470588235294116,0.06986703123980247,0.06770588235294117,10.659421721194839,9.488895924149663,0.0,0.0,0.0,-0.34227084502146804,0.29411764705882354,0.0,0.0,E0002304,U005-normal-080,U005,normal_user,DAILY_NORMAL,0,0,0
0.5185178078488197,0.09822727272727273,0.0,0.0,0.0,0.07740456943918438,0.0,1.0,7.0,0.0,5.0,0.025423529411764706,0.09609067768726903,0.09312941176470588,8.841448244098858,9.533235136183706,0.0,0.0,0.0,-0.17709223598082596,0.3425774877650897,0.0,0.0,E0002305,U005-normal-080,U005,normal_user,DAILY_NORMAL,0,0,0
0.07372239852430656,0.013954545454545454,0.0,0.0,0.0,0.010996391863873025,0.0,1.0,5.0,0.0,5.0,0.003611764705882353,0.04705736621496882,0.04564705882352941,10.08526729590903,9.809319720004634,0.0,0.0,0.0,-0.34069259520442013,0.244299674267101,0.0,0.0,E0002306,U005-normal-080,U005,normal_user,DAILY_NORMAL,0,0,0
0.3574016172165061,0.06754545454545455,0.0,0.0,0.0,0.05322683488506617,0.0,1.0,6.0,0.0,6.0,0.01748235294117647,0.06507177617371451,0.06312941176470588,8.596004371840527,9.729455542315682,0.0,0.0,0.0,-0.2361605986897733,0.2926829268292683,0.0,0.0,E0002307,U005-normal-080,U005,normal_user,DAILY_NORMAL,0,0,0
0.7695077126284071,0.14527272727272728,0.0,1.0,0.0,0.11447709575549897,0.0,2.0,6.0,0.0,6.0,0.05508235294117647,0.09610686010317955,0.09329411764705882,8.098338846189057,9.707387506833157,0.0,0.0,0.0,-0.0846837411882377,0.2922077922077922,0.0,0.0,E0002308,U005-normal-080,U005,normal_user,DAILY_NORMAL,0,0,0
0.0,0.0,0.0,0.0,0.0,0.0,0.0,1.0,6.0,0.0,6.0,0.0,0.09008839623216058,0.08756470588235295,10.455071168774287,9.606710916291407,0.0,0.0,0.0,-0.36756771544759775,0.29173419773095627,0.0,0.0,E0002309,U005-agent-normal-030,U005,normal_agent,DELEGATED_NORMAL,0,0,0
0.6460002507085353,0.12190909090909091,0.0,0.0,0.0,0.09606619862836303,0.0,1.0,5.0,0.0,5.0,0.03155294117647059,0.09284805689868385,0.09024705882352942,10.626314887197484,9.986090058052913,0.0,0.0,0.0,-0.13011887911608602,0.24271844660194172,0.0,0.0,E0002310,U005-normal-081,U005,normal_user,DAILY_NORMAL,0,0,0
0.14749676725979213,0.02781818181818182,0.0,0.0,0.0,0.021921145995733846,0.0,2.0,6.0,0.0,6.0,0.03875294117647059,0.10014720007974771,0.09744705882352941,6.042632833682381,9.741497894714092,0.0,0.0,0.0,-0.3134249068240651,0.29079159935379645,0.0,0.0,E0002311,U005-normal-081,U005,normal_user,DAILY_NORMAL,0,0,0
0.49766634632665463,0.09372727272727273,0.0,0.0,0.0,0.07385850170458037,0.0,1.0,4.0,0.0,4.0,0.024258823529411763,0.06474177664986978,0.06301176470588235,10.587947104698507,10.079866486874405,0.0,0.0,0.0,-0.18456035755317923,0.1935483870967742,0.0,0.0,E0002312,U005-normal-082,U005,normal_user,DAILY_NORMAL,0,0,0
0.7239358918882997,0.13622727272727272,0.0,0.0,0.0,0.10734914142028486,0.0,1.0,5.0,0.0,4.0,0.035258823529411766,0.10088482657562509,0.09827058823529412,8.351610750626559,10.087782161581696,0.0,0.0,0.0,-0.10142434879720016,0.24154589371980678,0.0,0.0,E0002313,U005-normal-082,U005,normal_user,DAILY_NORMAL,0,0,0
3.987464645530554,0.75,0.0,1.0,0.0,0.5910112891006675,0.0,2.0,5.0,0.0,4.0,0.2293764705882353,0.2998047461363511,0.29238823529411767,7.160069207596127,9.761970070101864,0.0,0.0,0.0,1.0979774349766775,0.24115755627009644,0.0,0.0,E0002314,U005-normal-082,U005,normal_user,DAILY_NORMAL,0,0,0
0.5030656875439664,0.09509090909090909,0.0,1.0,0.0,0.0749330676847634,0.0,1.0,6.0,0.0,5.0,0.024611764705882354,0.32289845553553587,0.317,10.336827197410273,9.634915056818942,0.0,0.0,0.0,-0.18351268928863124,0.28892455858747995,0.0,0.0,E0002315,U005-normal-082,U005,normal_user,DAILY_NORMAL,0,0,0
0.12201943979428902,0.023045454545454546,0.0,0.0,0.0,0.018160165065093235,0.0,2.0,7.0,0.0,6.0,0.030576470588235295,0.32869946728221044,0.32296470588235293,7.68937110752969,9.657727669168551,0.0,0.0,0.0,-0.3242218256493334,0.3365384615384615,0.0,0.0,E0002316,U005-agent-normal-023,U005,normal_agent,DELEGATED_NORMAL,0,0,0
0.4331126801854486,0.08168181818181817,0.0,0.0,0.0,0.0643665022129636,0.0,1.0,8.0,0.0,7.0,0.021141176470588236,0.3501451863133972,0.34410588235294115,8.722905701000768,9.098268496552663,0.0,0.0,0.0,-0.20919165690767574,0.384,0.0,0.0,E0002317,U005-normal-082,U005,normal_user,DAILY_NORMAL,0,0,0
0.330024396336107,0.06218181818181818,0.0,0.0,0.0,0.04900020869634624,0.0,2.0,7.0,0.0,6.0,0.03723529411764706,0.3268543055347053,0.3214470588235294,7.756623334538858,9.054832104376853,0.0,0.0,0.0,-0.2471968834904185,0.33546325878594246,0.0,0.0,E0002318,U005-normal-082,U005,normal_user,DAILY_NORMAL,0,0,0
0.4786785940796805,0.0900909090909091,0.0,0.0,0.0,0.0709929924240923,0.0,1.0,1.0,0.0,1.0,0.02331764705882353,0.023696960102954478,0.02331764705882353,11.398961377838235,10.171535633471917,0.0,0.0,0.0,-0.19228521016453462,0.04784688995215311,0.0,0.0,E0002319,U005-normal-083,U005,normal_user,DAILY_NORMAL,0,0,0
0.29514074845671495,0.0555,0.0,0.0,0.0,0.04373483539344939,0.0,2.0,2.0,0.0,2.0,0.03768235294117647,0.0382651140991001,0.03768235294117647,6.52795791762255,9.90924096984364,0.0,0.0,0.0,-0.2599647005991455,0.09554140127388534,0.0,0.0,E0002320,U005-normal-083,U005,normal_user,DAILY_NORMAL,0,0,0
0.05638624895497772,0.01059090909090909,0.0,0.0,0.0,0.008345795779421546,0.0,1.0,3.0,0.0,3.0,0.002741176470588235,0.041028733780488366,0.040423529411764705,11.207350939676859,10.446172243525828,0.0,0.0,0.0,-0.34788505608701153,0.14308426073131958,0.0,0.0,E0002321,U005-normal-084,U005,normal_user,DAILY_NORMAL,0,0,0
0.0,0.0,0.0,0.0,0.0,0.0,0.0,1.0,2.0,0.0,2.0,0.0,0.00278195823101963,0.002741176470588235,9.653165488841426,10.499523432246617,0.0,0.0,0.0,-0.36836790313648216,0.09523809523809523,0.0,0.0,E0002322,U005-agent-normal-021,U005,normal_agent,DELEGATED_NORMAL,0,0,0
0.11343225741621843,0.021272727272727273,0.0,0.0,0.0,0.016763229290855296,0.0,1.0,3.0,0.0,3.0,0.005505882352941176,0.00836975416285305,0.008247058823529411,10.48542380376007,10.668694895632491,0.0,0.0,0.0,-0.3265831003240321,0.14263074484944532,0.0,0.0,E0002323,U005-normal-085,U005,normal_user,DAILY_NORMAL,0,0,0
0.0,0.0,0.0,0.0,0.0,0.0,0.0,1.0,4.0,0.0,4.0,0.0,0.00836819550389327,0.008247058823529411,9.54050705603412,10.237291947917177,0.0,0.0,0.0,-0.36810221494500417,0.189873417721519,0.0,0.0,E0002324,U005-agent-normal-018,U005,normal_agent,DELEGATED_NORMAL,0,0,0
0.06772150227330458,0.012681818181818181,0.0,0.0,0.0,0.009993463615702195,0.0,1.0,5.0,0.0,5.0,0.0032823529411764706,0.011698761189465626,0.011529411764705882,9.676210469940312,10.340948620053995,0.0,0.0,0.0,-0.34317377995879766,0.23696682464454974,0.0,0.0,E0002325,U005-normal-085,U005,normal_user,DAILY_NORMAL,0,0,0
0.23459181570558843,0.04386363636363636,0.0,0.0,0.0,0.034565205695887516,0.0,2.0,6.0,0.0,6.0,0.014635294117647059,0.023215882306964856,0.02288235294117647,6.966024187106113,9.708287421766808,0.0,0.0,0.0,-0.28152191406008653,0.28391167192429023,0.0,0.0,E0002326,U005-normal-085,U005,normal_user,DAILY_NORMAL,0,0,0
0.4140314719780745,0.07731818181818181,0.0,1.0,0.0,0.060927891076377895,0.0,1.0,6.0,0.0,6.0,0.020011764705882354,0.040722568439014194,0.040152941176470586,8.670772279344538,9.582262484809291,0.0,0.0,0.0,-0.2154154681893363,0.28346456692913385,0.0,0.0,E0002327,U005-normal-085,U005,normal_user,DAILY_NORMAL,0,0,0
1.024008998301518,0.19104545454545455,0.0,0.0,0.0,0.15054669382364275,0.0,1.0,7.0,0.0,7.0,0.04944705882352941,0.0908096702199939,0.0896,8.240121298076472,9.000261109991174,0.0,0.0,0.0,0.008824688453271692,0.33018867924528306,0.0,0.0,E0002328,U005-normal-085,U005,normal_user,DAILY_NORMAL,0,0,0
1.4739500829457532,0.275,0.0,1.0,0.0,0.21670413933691138,0.0,2.0,8.0,0.0,7.0,0.12062352941176471,0.16267533179155785,0.1607764705882353,4.127134385045092,8.582081651318097,0.0,0.0,0.0,0.17435276825643942,0.3767660910518053,0.0,0.0,E0002329,U005-normal-085,U005,normal_user,RECURRING_NORMAL,0,0,0
0.31257760883906316,0.05836363636363636,0.0,0.0,0.0,0.045991423951833754,0.0,1.0,9.0,0.0,7.0,0.015105882352941177,0.17753344168923307,0.17588235294117646,9.090880931938855,8.274662926301838,0.0,0.0,0.0,-0.2532777954000233,0.42319749216300945,0.0,0.0,E0002330,U005-normal-085,U005,normal_user,DAILY_NORMAL,0,0,0
1.1108414617416205,0.2071818181818182,0.0,0.0,0.0,0.1632623912558086,0.0,1.0,2.0,0.0,2.0,0.05362352941176471,0.06933936427774925,0.06872941176470589,11.31571765567974,9.910045998833374,0.0,0.0,0.0,0.04082450747804483,0.09389671361502347,0.0,0.0,E0002331,U005-normal-086,U005,normal_user,DAILY_NORMAL,0,0,0
0.18421353802536633,0.03436363636363637,0.0,1.0,0.0,0.0270790627006124,0.0,1.0,2.0,0.0,2.0,0.008894117647058823,0.06295893732260532,0.06251764705882353,10.77008371138643,10.25698545501904,0.0,0.0,0.0,-0.30076330943340335,0.09375,0.0,0.0,E0002332,U005-normal-087,U005,normal_user,DAILY_NORMAL,0,0,0
0.274489626788882,0.05113636363636364,0.0,1.0,0.0,0.04029622425686369,0.0,1.0,3.0,0.0,3.0,0.013235294117647059,0.07626488487135324,0.07575294117647059,10.198244538659871,10.40710727605179,0.0,0.0,0.0,-0.2673241500143638,0.14040561622464898,0.0,0.0,E0002333,U005-normal-087,U005,normal_user,DAILY_NORMAL,0,0,0
0.05569517625502523,0.010363636363636363,0.0,0.0,0.0,0.00816670144939104,0.0,2.0,4.0,0.0,4.0,0.01591764705882353,0.07893030781656603,0.07843529411764706,8.038834757787749,10.425294658504273,0.0,0.0,0.0,-0.34779511225668375,0.1869158878504673,0.0,0.0,E0002334,U005-normal-087,U005,normal_user,DAILY_NORMAL,0,0,0
0.1494809716066015,0.027772727272727272,0.0,0.0,0.0,0.021885327129727745,0.0,1.0,5.0,0.0,5.0,0.007188235294117647,0.08615615685704392,0.08562352941176471,8.655737000864297,10.406539035828064,0.0,0.0,0.0,-0.31299795032523525,0.2332814930015552,0.0,0.0,E0002335,U005-normal-087,U005,normal_user,DAILY_NORMAL,0,0,0
0.2836929065292439,0.052636363636363634,0.0,0.0,1.0,0.04147824683506502,0.0,1.0,5.0,0.0,4.0,0.013623529411764706,0.04589626840881779,0.04562352941176471,10.572521327732806,10.104966103413386,0.0,0.0,0.0,-0.26343725767228493,0.23291925465838512,0.0,0.0,E0002336,U005-normal-088,U005,normal_user,DAILY_NORMAL,0,0,0
1.0391992184822512,0.1925909090909091,0.0,1.0,0.0,0.15176453526785016,0.0,1.0,6.0,0.0,5.0,0.04984705882352941,0.09599745988277517,0.09547058823529411,8.927048647825695,9.708421123793809,0.0,0.0,0.0,0.014410534482202145,0.27906976744186046,0.0,0.0,E0002337,U005-normal-088,U005,normal_user,DAILY_NORMAL,0,0,0
0.21116219798633454,0.039136363636363636,0.0,0.0,0.0,0.03084004363125301,0.0,1.0,6.0,0.0,5.0,0.010129411764705882,0.09707738029695975,0.09670588235294118,9.8536143020404,9.608431693754401,0.0,0.0,0.0,-0.29024615710007007,0.2786377708978328,0.0,0.0,E0002338,U005-normal-088,U005,normal_user,DAILY_NORMAL,0,0,0
0.20553597469108642,0.03804545454545454,0.0,1.0,0.0,0.029980390847106582,0.0,1.0,7.0,0.0,5.0,0.009847058823529412,0.10692602488151191,0.10655294117647059,9.318835968129482,9.711067173864759,0.0,0.0,0.0,-0.2921612349713059,0.32457496136012365,0.0,0.0,E0002339,U005-normal-088,U005,normal_user,DAILY_NORMAL,0,0,0
0.07253319468623275,0.013409090909090909,0.0,0.0,0.0,0.010566565471799811,0.0,2.0,7.0,0.0,6.0,0.01331764705882353,0.0970951472841172,0.09678823529411765,7.424165281042028,9.660511123468199,0.0,0.0,0.0,-0.3408885296553477,0.32407407407407407,0.0,0.0,E0002340,U005-normal-088,U005,normal_user,DAILY_NORMAL,0,0,0
0.2597832629596317,0.04795454545454545,0.0,0.0,0.0,0.03778890363643661,0.0,1.0,7.0,0.0,6.0,0.012411764705882353,0.10684301119739437,0.10651764705882354,8.246433786160365,9.06406526491855,0.0,0.0,0.0,-0.27185407597337713,0.3235747303543914,0.0,0.0,E0002341,U005-normal-088,U005,normal_user,DAILY_NORMAL,0,0,0
0.0889977295003665,0.016409090909090908,0.0,1.0,0.0,0.012930610628202482,0.0,2.0,8.0,0.0,7.0,0.016658823529411764,0.11105695545944289,0.11076470588235295,6.588926477533519,8.892611378172106,0.0,0.0,0.0,-0.33442936189015215,0.3692307692307692,0.0,0.0,E0002342,U005-normal-088,U005,normal_user,DAILY_NORMAL,0,0,0
0.03678649887799666,0.006772727272727273,0.0,0.0,0.0,0.005337011034909057,0.0,3.0,9.0,0.0,8.0,0.018411764705882353,0.11279851085874837,0.11251764705882353,6.9411900550683745,8.210504974391682,0.0,0.0,0.0,-0.35333317983121937,0.4147465437788019,0.0,0.0,E0002343,U005-normal-088,U005,normal_user,RECURRING_NORMAL,0,0,0
0.05983883317976127,0.011,0.0,0.0,0.0,0.008668165573476456,0.0,1.0,9.0,0.0,9.0,0.0028470588235294117,0.10844014592648141,0.10817647058823529,8.65834547117212,7.863958792167459,0.0,0.0,0.0,-0.3445886845715282,0.41411042944785276,0.0,0.0,E0002344,U005-normal-088,U005,normal_user,DAILY_NORMAL,0,0,0
0.5559460973976587,0.10204545454545455,0.0,0.0,0.0,0.08041335418369687,0.0,1.0,10.0,0.0,10.0,0.026411764705882353,0.13490345432663514,0.13458823529411765,8.920789888464375,8.233184364330752,0.0,0.0,0.0,-0.16262594487248325,0.45941807044410415,0.0,0.0,E0002345,U005-normal-088,U005,normal_user,DAILY_NORMAL,0,0,0
0.18808919612903252,0.0345,0.0,0.0,1.0,0.027186519298630703,0.0,1.0,11.0,0.0,10.0,0.008929411764705882,0.14372694722462417,0.14351764705882353,9.535607204755236,8.660392696856341,0.0,0.0,0.0,-0.29736649369665474,0.5045871559633027,0.0,0.0,E0002346,U005-normal-089,U005,normal_user,DAILY_NORMAL,0,0,0
0.07741675291556084,0.014181818181818183,0.0,0.0,1.0,0.011175486193903529,0.0,2.0,12.0,0.0,11.0,0.0126,0.14735896356599648,0.14718823529411765,4.90527477843843,8.639658581056826,0.0,0.0,0.0,-0.33771042832558834,0.549618320610687,0.0,0.0,E0002347,U005-normal-089,U005,normal_user,DAILY_NORMAL,0,0,0
0.27110563494473816,0.04959090909090909,0.0,1.0,0.0,0.03907838281265625,0.0,1.0,12.0,0.0,10.0,0.01283529411764706,0.14655186212276758,0.1464,9.980587472916977,9.186580324411844,0.0,0.0,0.0,-0.26660866478461787,0.5487804878048781,0.0,0.0,E0002348,U005-normal-089,U005,normal_user,DAILY_NORMAL,0,0,0
0.5109916673253895,0.09336363636363636,0.0,0.0,0.0,0.07357195077653157,0.0,1.0,7.0,0.0,6.0,0.024164705882352942,0.08066083807804963,0.08061176470588235,10.534174051753467,9.688386572865102,0.0,0.0,0.0,-0.17879063699470835,0.31963470319634707,0.0,0.0,E0002349,U005-normal-089,U005,normal_user,DAILY_NORMAL,0,0,0
0.3707171282337565,0.06768181818181818,0.0,0.0,0.0,0.053334291483084474,0.0,1.0,5.0,0.0,5.0,0.01751764705882353,0.06710442086821196,0.06711764705882353,9.598252320836758,9.774505794610176,0.0,0.0,0.0,-0.23007591102983316,0.22796352583586627,0.0,0.0,E0002350,U005-agent-normal-009,U005,normal_agent,DELEGATED_NORMAL,0,0,0
0.2672727272727273,0.018375,0.0,0.0,1.0,0.003504962988676489,0.0,1.0,1.0,0.0,1.0,0.006533333333333334,0.12727272727272726,0.006533333333333334,11.366754528799243,11.366754528799243,0.0,0.0,0.0,-0.5427609427609428,0.47619047619047616,0.0,0.0,E0002351,U006-normal-000,U006,normal_user,DAILY_NORMAL,0,0,0
1.6904761904761905,0.0310625,1.0,0.0,0.0,0.005945896628475176,0.0,1.0,2.0,1.0,2.0,0.011044444444444445,80.71428571428571,0.01757777777777778,10.532602750312952,10.532602750312952,0.0,0.0,0.0,0.18454545454545454,6.666666666666667,1.0,0.0,E0002352,U006-normal-000,U006,normal_user,DAILY_NORMAL,0,0,0
5.825537294563843,0.144,1.0,0.0,0.0,0.027728949588608102,0.0,1.0,3.0,1.0,3.0,0.0512,117.38305941845765,0.06877777777777777,9.182249491809657,10.069891425857708,0.0,0.0,0.0,18.80295566502463,10.0,1.0,0.0,E0002353,U006-normal-000,U006,normal_user,DAILY_NORMAL,0,0,0
1.9773828756058158,0.1275,0.0,0.0,0.0,0.025251882285834804,0.0,1.0,4.0,0.0,3.0,0.04533333333333334,49.77382875605816,0.11411111111111111,9.239122173401634,9.861519067713626,0.0,0.0,0.0,1.1160494124562992,13.333333333333334,0.0,0.0,E0002354,U006-agent-normal-004,U006,normal_agent,DELEGATED_NORMAL,0,0,0
2.362609542356378,0.1895625,1.0,0.0,0.0,0.03851621424796047,0.0,1.0,5.0,1.0,4.0,0.0674,47.71957156767283,0.18151111111111112,9.133243321591216,9.723044230753946,0.0,0.0,0.0,1.9522451633537579,16.666666666666668,1.0,0.0,E0002355,U006-normal-000,U006,normal_user,DAILY_NORMAL,0,0,0
0.3281096963761019,0.0335,0.0,0.0,0.0,0.007079360175310348,0.0,1.0,5.0,0.0,4.0,0.011911111111111112,30.888834476003915,0.18688888888888888,10.718077729583944,10.016432235552259,0.0,0.0,0.0,-1.031686013166903,16.666666666666668,0.0,0.0,E0002356,U006-normal-001,U006,normal_user,DAILY_NORMAL,0,0,0
0.29503676470588236,0.02675,0.0,0.0,0.0,0.005693226330786596,0.0,1.0,4.0,0.0,3.0,0.00951111111111111,20.807674632352942,0.13415555555555556,10.050138752861821,9.879164121789753,0.0,0.0,0.0,-0.9704359775709579,13.333333333333334,0.0,0.0,E0002357,U006-normal-001,U006,normal_user,DAILY_NORMAL,0,0,0
0.0,0.0,1.0,0.0,0.0,0.0,0.0,1.0,2.0,1.0,2.0,0.0,1.4060446780551905,0.00951111111111111,11.101296398644163,10.336120256715203,0.0,0.0,0.0,-1.2553507025998236,6.666666666666667,1.0,0.0,E0002358,U006-agent-normal-011,U006,normal_agent,DELEGATED_NORMAL,0,0,0
0.08661848445028471,0.0070625,1.0,1.0,0.0,0.0015117247579700737,0.0,2.0,3.0,1.0,3.0,0.002511111111111111,1.7772667542706964,0.012022222222222222,8.1797604936999,10.291514834999276,0.0,0.0,0.0,-1.146614127287027,10.0,0.0,0.0,E0002359,U006-normal-002,U006,normal_user,DAILY_NORMAL,0,0,0
0.13239588967009194,0.0095625,0.0,1.0,0.0,0.0020499475225234116,0.0,1.0,4.0,0.0,3.0,0.0034,2.252028123309897,0.015422222222222223,9.508294505698569,10.319694757176194,0.0,0.0,0.0,-0.9558543237231651,13.333333333333334,0.0,0.0,E0002360,U006-normal-002,U006,normal_user,DAILY_NORMAL,0,0,0
0.5927856990849117,0.0386875,1.0,0.0,0.0,0.00831061486318598,0.0,1.0,4.0,1.0,3.0,0.013755555555555556,2.8250691636518406,0.019666666666666666,10.87557243473248,10.369257231249803,0.0,0.0,0.0,-0.40968465103732393,12.0,0.0,0.0,E0002361,U006-normal-003,U006,normal_user,DAILY_NORMAL,0,0,0
1.5353898372766297,0.096125,1.0,0.0,0.0,0.02082203528845411,0.0,1.0,3.0,1.0,3.0,0.03417777777777778,6.918238993710692,0.051333333333333335,10.181119289134408,10.389395288339156,0.0,0.0,0.0,0.5401394509354801,8.181818181818182,1.0,0.0,E0002362,U006-normal-003,U006,normal_user,DAILY_NORMAL,0,0,0
4.876936391172652,0.3201875,1.0,0.0,0.0,0.07083201016710493,0.0,1.0,3.0,1.0,3.0,0.11384444444444444,18.900908697533538,0.16177777777777777,9.274253697719836,9.970847090860401,0.0,0.0,0.0,4.24596185183214,7.5,0.0,0.0,E0002363,U006-normal-003,U006,normal_user,DAILY_NORMAL,0,0,0
0.33745053363712674,0.0293125,0.0,0.0,0.0,0.006978849198333832,0.0,1.0,4.0,0.0,4.0,0.010422222222222222,13.938721669264899,0.1722,9.316680407747508,10.039084310823847,0.0,0.0,0.0,-0.6338864825977532,9.23076923076923,0.0,0.0,E0002364,U006-normal-003,U006,normal_user,DAILY_NORMAL,0,0,0
0.15238817285822592,0.0125625,1.0,1.0,0.0,0.003011955352914605,0.0,1.0,4.0,1.0,4.0,0.0044666666666666665,12.826150346999476,0.16291111111111112,10.903935592417007,10.344583604947017,0.0,0.0,0.0,-0.7889386446880934,8.571428571428571,0.0,0.0,E0002365,U006-normal-004,U006,normal_user,DAILY_NORMAL,0,0,0
0.028245330873875953,0.0021875,0.0,0.0,0.0,0.0005260542896056964,0.0,2.0,5.0,0.0,5.0,0.005244444444444445,12.738067788794098,0.16368888888888888,7.628031126930335,9.948719011065053,0.0,0.0,0.0,-0.8628317354699931,10.0,0.0,0.0,E0002366,U006-normal-004,U006,normal_user,DAILY_NORMAL,0,0,0
0.09923488465742392,0.0071875,1.0,0.0,0.0,0.0017293738389450258,0.0,1.0,6.0,1.0,6.0,0.0025555555555555557,12.910889949951102,0.16624444444444444,8.963160242833732,9.753094802836193,0.0,0.0,0.0,-0.7557118388892892,11.25,0.0,0.0,E0002367,U006-agent-normal-018,U006,normal_agent,DELEGATED_NORMAL,0,0,0
1.45296605326323,0.0993125,0.0,0.0,0.0,0.023936830773131926,0.0,1.0,5.0,0.0,5.0,0.03531111111111111,4.1301863070065155,0.053533333333333336,9.73996812270477,9.824011351034331,0.0,0.0,0.0,0.36395187456311484,8.823529411764707,0.0,0.0,E0002368,U006-normal-004,U006,normal_user,DAILY_NORMAL,0,0,0
2.172316236181694,0.1524375,0.0,1.0,1.0,0.03764234121865916,0.0,1.0,5.0,0.0,5.0,0.0542,6.8826950280295485,0.09731111111111111,10.157237900443238,9.971286378100563,0.0,0.0,0.0,0.9929387549163191,8.333333333333334,0.0,0.0,E0002369,U006-normal-005,U006,normal_user,DAILY_NORMAL,0,0,0
0.4272972219641364,0.0319375,0.0,0.0,0.0,0.008195004946462357,0.0,1.0,3.0,0.0,3.0,0.011355555555555556,6.325838520858497,0.10086666666666666,10.816252074633725,9.927682480326352,0.0,0.0,0.0,-0.5176559225856,4.736842105263158,0.0,0.0,E0002370,U006-normal-005,U006,normal_user,DAILY_NORMAL,0,0,0
2.275309706402868,0.1649375,0.0,0.0,0.0,0.042671844812412506,0.0,1.0,2.0,0.0,2.0,0.058644444444444443,4.288242501247901,0.07,10.891503419862211,10.335996977354283,0.0,0.0,0.0,1.1406042790765794,3.0,0.0,0.0,E0002371,U006-normal-006,U006,normal_user,DAILY_NORMAL,0,0,0
0.18560544658777758,0.0143125,0.0,0.0,0.0,0.003867912841643037,0.0,1.0,1.0,0.0,1.0,0.005088888888888889,0.2784081698816664,0.005088888888888889,11.383397476589728,10.754292114395318,0.0,0.0,0.0,-0.7702886685355121,1.4285714285714286,0.0,0.0,E0002372,U006-normal-007,U006,normal_user,DAILY_NORMAL,0,0,0
0.032041758682995386,0.002375,1.0,0.0,0.0,0.0006443292749021226,0.0,1.0,2.0,1.0,2.0,0.0008444444444444444,0.3216221642240514,0.005933333333333333,10.398366704472432,10.819682279801988,0.0,0.0,0.0,-0.8892873092923985,2.7272727272727275,0.0,0.0,E0002373,U006-normal-007,U006,normal_user,DAILY_NORMAL,0,0,0
17.69265348849949,1.2537154998967126,1.0,1.0,0.0,0.34034796941592754,0.0,2.0,3.0,1.0,3.0,0.44660995551883115,24.447477847509205,0.45169884440772,6.480044561926653,10.713755327164247,0.0,0.0,0.0,14.743566399563493,3.913043478260869,0.0,0.0,E0002374,U006-misuse-RETRY_PATTERN-004,U006,agent_misuse,RETRY_PATTERN,1,0,1
8.139283713653818,0.9953469893138638,0.0,1.0,0.0,0.40962247018491277,0.0,3.0,4.0,1.0,3.0,0.8005111072748715,24.166685218124453,0.8055999961637604,5.198497031265826,10.464291206108303,1.0,1.0,1.0,3.4418186939371482,5.0,0.0,0.0,E0002375,U006-misuse-RETRY_PATTERN-004,U006,agent_misuse,RETRY_PATTERN,1,0,0
4.881572924602428,0.7745429018423619,0.0,1.0,0.0,0.5399144163078472,0.0,4.0,5.0,1.0,3.0,1.0759041390410446,23.95188733981492,1.0809930279299336,5.198497031265826,10.099638047266524,1.0,2.0,2.0,2.029386400904776,6.0,0.0,0.0,E0002376,U006-misuse-RETRY_PATTERN-004,U006,agent_misuse,RETRY_PATTERN,1,0,1
3.1363769730422333,0.5749032800590728,0.0,1.0,0.0,0.8710350008851987,0.0,5.0,6.0,1.0,3.0,1.2803141941731595,23.66718385661203,1.2854030830620484,5.198497031265826,8.824707302496387,1.0,3.0,3.0,1.2202990774830036,6.9230769230769225,0.0,0.0,E0002377,U006-misuse-RETRY_PATTERN-004,U006,agent_misuse,RETRY_PATTERN,1,0,1
2.2880127128410384,0.4538577848191392,0.0,1.0,0.0,0.6925734913366121,0.0,6.0,7.0,1.0,3.0,1.4416858509977422,23.669004896587087,1.446774739886631,5.198497031265826,5.617498106059188,1.0,3.0,3.0,0.7896346869346296,7.777777777777778,0.0,0.0,E0002378,U006-misuse-RETRY_PATTERN-004,U006,agent_misuse,RETRY_PATTERN,1,0,1
1.6973309519701232,0.35274962538201254,0.0,1.0,0.0,0.5382854448907539,0.0,7.0,8.0,1.0,3.0,1.567107940022458,23.640513592064362,1.5721968289113466,5.198497031265826,5.198497031265826,1.0,3.0,3.0,0.4512541848079348,8.571428571428571,0.0,0.0,E0002379,U006-misuse-RETRY_PATTERN-004,U006,agent_misuse,RETRY_PATTERN,1,0,1
0.4113812806255489,0.087625,0.0,0.0,0.0,0.13371314585372618,0.0,1.0,8.0,0.0,3.0,0.031155555555555554,22.61104475350855,1.5982634955780133,11.28158591805648,9.681231107626653,0.0,0.0,0.0,-0.3961170051159459,8.275862068965518,0.0,0.0,E0002380,U006-normal-008,U006,normal_user,DAILY_NORMAL,0,0,0
0.18868731785028525,0.039375,0.0,0.0,0.0,0.060085079805882666,0.0,1.0,2.0,0.0,1.0,0.014,0.6295773889520191,0.04515555555555555,8.996528148090857,9.775256374639046,0.0,0.0,0.0,-0.5429005436171241,2.0,0.0,0.0,E0002381,U006-normal-008,U006,normal_user,RECURRING_NORMAL,0,0,0
1.3544454813712858,0.275,1.0,1.0,0.0,0.41964182721568843,0.0,1.0,3.0,1.0,2.0,0.09777777777777778,1.979953030950025,0.14293333333333333,10.926316106770527,10.263990161609186,0.0,0.0,0.0,0.23356803077849286,2.9032258064516125,0.0,0.0,E0002382,U006-hard-BUSINESS_BATCH-005,U006,hard_negative,BUSINESS_BATCH,0,0,0
1.3391341890404729,0.275,1.0,1.0,0.0,0.41964182721568843,0.0,2.0,4.0,2.0,3.0,0.19555555555555557,3.1903595752975957,0.2407111111111111,6.175867270105761,10.266079953738897,0.0,0.0,0.0,0.22956801455860631,3.75,0.0,0.0,E0002383,U006-hard-BUSINESS_BATCH-005,U006,hard_negative,BUSINESS_BATCH,0,0,0
1.325090950141068,0.275,1.0,1.0,0.0,0.41964182721568843,0.0,3.0,5.0,3.0,4.0,0.29333333333333333,4.300522447276011,0.3384888888888889,6.175867270105761,10.268165387743457,0.0,0.0,0.0,0.22576671079059396,4.545454545454545,0.0,0.0,E0002384,U006-hard-BUSINESS_BATCH-005,U006,hard_negative,BUSINESS_BATCH,0,0,0
1.3121645015186414,0.275,1.0,1.0,0.0,0.41964182721568843,0.0,4.0,6.0,4.0,5.0,0.39111111111111113,5.322399482192969,0.4362666666666667,6.175867270105761,9.47484081472778,0.0,0.0,0.0,0.22214819351662887,5.294117647058823,0.0,0.0,E0002385,U006-hard-BUSINESS_BATCH-005,U006,hard_negative,BUSINESS_BATCH,0,0,0
1.3002267184181642,0.275,1.0,1.0,0.0,0.41964182721568843,0.0,5.0,7.0,5.0,6.0,0.4888888888888889,6.2661193510077515,0.5340444444444444,6.175867270105761,9.350884616968491,0.0,0.0,0.0,0.21869826829798716,6.0,0.0,0.0,E0002386,U006-hard-BUSINESS_BATCH-005,U006,hard_negative,BUSINESS_BATCH,0,0,0
1.289168353156543,0.275,1.0,1.0,0.0,0.41964182721568843,0.0,6.0,8.0,6.0,7.0,0.5866666666666667,7.1403184318727595,0.6318222222222222,6.175867270105761,6.175867270105761,0.0,0.0,0.0,0.21540423745490292,6.666666666666667,0.0,0.0,E0002387,U006-hard-BUSINESS_BATCH-005,U006,hard_negative,BUSINESS_BATCH,0,0,0
1.278895682094039,0.275,1.0,1.0,0.0,0.41964182721568843,0.0,7.0,9.0,7.0,8.0,0.6844444444444444,7.952405877748388,0.7296,6.175867270105761,6.175867270105761,0.0,0.0,0.0,0.212254703071942,7.297297297297297,0.0,0.0,E0002388,U006-hard-BUSINESS_BATCH-005,U006,hard_negative,BUSINESS_BATCH,0,0,0
0.02798290926134926,0.0060625,0.0,0.0,0.0,0.00925119482725495,0.0,1.0,8.0,0.0,8.0,0.0021555555555555555,7.226982007087558,0.6866,11.157777925383916,9.575413948457202,0.0,0.0,0.0,-0.755155024170717,6.315789473684211,0.0,0.0,E0002389,U006-normal-010,U006,normal_user,DAILY_NORMAL,0,0,0
1.657916672507547,0.35,0.0,1.0,0.0,0.5340895982745125,0.0,1.0,9.0,0.0,9.0,0.12444444444444444,8.530401991988901,0.8110444444444445,8.981555940771887,9.674137279312397,0.0,0.0,0.0,0.5009980339698014,6.9230769230769225,0.0,0.0,E0002390,U006-misuse-LIMIT_RATCHETING-000,U006,agent_misuse,LIMIT_RATCHETING,1,0,0
1.956494611506964,0.42,1.0,1.0,0.0,0.640907517929415,0.0,2.0,10.0,1.0,10.0,0.2737777777777778,9.678780634786682,0.9603777777777778,6.580639137284949,9.677151410322754,0.0,0.0,0.0,0.7479290422009366,7.5,0.0,0.0,E0002391,U006-misuse-LIMIT_RATCHETING-000,U006,agent_misuse,LIMIT_RATCHETING,1,0,0
4.276558640975561,0.94,1.0,1.0,0.0,0.9318463444857497,0.0,3.0,11.0,2.0,11.0,0.608,12.423843587798203,1.2946,6.580639137284949,9.680156483641596,1.0,0.0,0.0,2.6383994072154624,8.048780487804878,0.0,0.0,E0002392,U006-misuse-LIMIT_RATCHETING-000,U006,agent_misuse,LIMIT_RATCHETING,1,0,0
4.086469958610872,0.97,1.0,1.0,0.0,0.9338146811070999,0.0,4.0,12.0,3.0,12.0,0.9528888888888889,14.213956537737348,1.639488888888889,6.580639137284949,9.683152553543957,2.0,0.0,0.0,2.5123706553927923,8.571428571428571,0.0,0.0,E0002393,U006-misuse-LIMIT_RATCHETING-000,U006,agent_misuse,LIMIT_RATCHETING,1,0,0
0.026980645491612908,0.006875,1.0,0.0,0.0,0.01049104568039221,0.0,1.0,6.0,1.0,6.0,0.0024444444444444444,7.548799170760556,0.9574888888888888,9.13259502335133,8.262042843966942,0.0,0.0,0.0,-0.8023611746605976,4.186046511627907,0.0,0.0,E0002394,U006-normal-010,U006,normal_user,DAILY_NORMAL,0,0,0
0.1342621811039637,0.0334375,0.0,1.0,0.0,0.05102463126372575,0.0,1.0,7.0,0.0,6.0,0.011888888888888888,7.6376242522718165,0.9693777777777778,9.181117513299279,8.348869209866134,0.0,0.0,0.0,-0.7007726841139503,4.772727272727273,0.0,0.0,E0002395,U006-normal-010,U006,normal_user,DAILY_NORMAL,0,0,0
0.02841536228883972,0.0069375,0.0,0.0,0.0,0.010586418822941231,0.0,2.0,8.0,0.0,7.0,0.014355555555555555,7.633225055146361,0.9718444444444444,6.51025834052315,8.346547209059782,0.0,0.0,0.0,-0.775573702339595,5.333333333333333,0.0,0.0,E0002396,U006-normal-010,U006,normal_user,DAILY_NORMAL,0,0,0
0.054945100532649095,0.013125,0.0,0.0,0.0,0.02002835993529422,0.0,3.0,9.0,0.0,7.0,0.01902222222222222,7.66492873874984,0.9765111111111111,7.632885505395133,8.408359986279438,0.0,0.0,0.0,-0.7415092220394691,5.869565217391304,0.0,0.0,E0002397,U006-normal-010,U006,normal_user,DAILY_NORMAL,0,0,0
0.12929162862825053,0.03025,1.0,0.0,0.0,0.04616060099372573,0.0,1.0,6.0,1.0,5.0,0.010755555555555556,2.956448442986092,0.3771111111111111,11.066888331097017,9.749368538874158,0.0,0.0,0.0,-0.6725264497094321,3.8297872340425534,0.0,0.0,E0002398,U006-normal-011,U006,normal_user,DAILY_NORMAL,0,0,0
0.05089647716566593,0.0116875,0.0,0.0,0.0,0.01783477765666676,0.0,1.0,5.0,0.0,4.0,0.0041555555555555556,0.26528246887690937,0.033933333333333336,9.824444345195674,9.851615143125416,0.0,0.0,0.0,-0.7238015488984039,3.125,0.0,0.0,E0002399,U006-normal-011,U006,normal_user,DAILY_NORMAL,0,0,0
0.20852560438935974,0.0469375,1.0,0.0,0.0,0.07162523005431409,0.0,2.0,4.0,1.0,3.0,0.020844444444444443,0.2832171990374793,0.03626666666666667,8.07775756373692,9.780811314668615,0.0,0.0,0.0,-0.594680869028476,2.4489795918367347,0.0,0.0,E0002400,U006-normal-011,U006,normal_user,DAILY_NORMAL,0,0,0
0.02201335741601788,0.004875,0.0,0.0,0.0,0.007439105118823568,0.0,1.0,4.0,0.0,4.0,0.0017333333333333333,0.259183957017479,0.03333333333333333,9.147507062804614,9.874820552520742,0.0,0.0,0.0,-0.7278194099601937,2.4,0.0,0.0,E0002401,U006-normal-011,U006,normal_user,DAILY_NORMAL,0,0,0
0.21185970196986392,0.046,0.0,0.0,0.0,0.07019463291607879,0.0,1.0,4.0,0.0,3.0,0.016355555555555557,0.3025909221613057,0.038933333333333334,11.022016841044596,10.350196965978782,0.0,0.0,0.0,-0.5778483764951589,2.3529411764705883,0.0,0.0,E0002402,U006-normal-012,U006,normal_user,DAILY_NORMAL,0,0,0
0.07689359405534502,0.0164375,0.0,0.0,0.0,0.025083136490392285,0.0,1.0,5.0,0.0,4.0,0.005844444444444445,0.3465457213632749,0.04477777777777778,8.401557847817314,9.870489041272553,0.0,0.0,0.0,-0.6707817926528928,2.8846153846153846,0.0,0.0,E0002403,U006-normal-012,U006,normal_user,DAILY_NORMAL,0,0,0
0.014882753328604396,0.003125,0.0,0.0,0.0,0.004768657127451005,0.0,1.0,4.0,0.0,3.0,0.0011111111111111111,0.19353303463081334,0.025044444444444446,9.530102337891375,9.820562361161862,0.0,0.0,0.0,-0.7069428069337382,2.2641509433962264,0.0,0.0,E0002404,U006-agent-normal-012,U006,normal_agent,DELEGATED_NORMAL,0,0,0
0.051256415282712124,0.0105625,1.0,1.0,0.0,0.016118061090784397,0.0,1.0,2.0,1.0,2.0,0.0037555555555555554,0.03759681237104149,0.004866666666666667,11.244169819069379,10.405794999426695,0.0,0.0,0.0,-0.6714214505312424,1.1111111111111112,0.0,0.0,E0002405,U006-normal-013,U006,normal_user,DAILY_NORMAL,0,0,0
0.1142250443053224,0.023125,1.0,0.0,0.0,0.035288062743137436,0.0,1.0,3.0,1.0,3.0,0.008222222222222223,0.1010188454892416,0.01308888888888889,8.857230494201946,10.391374075411097,0.0,0.0,0.0,-0.6190494415773032,1.6363636363636365,0.0,0.0,E0002406,U006-normal-013,U006,normal_user,DAILY_NORMAL,0,0,0
0.13554846505538873,0.027,0.0,0.0,0.0,0.041201197581176685,0.0,1.0,3.0,0.0,3.0,0.0096,0.16618378733432126,0.02157777777777778,11.268685950361284,10.49132977145065,0.0,0.0,0.0,-0.5978166998416378,1.6071428571428572,0.0,0.0,E0002407,U006-normal-014,U006,normal_user,DAILY_NORMAL,0,0,0
0.0,0.0,1.0,0.0,0.0,0.0,0.0,1.0,2.0,1.0,2.0,0.0,0.07375375896077208,0.0096,10.379690675149634,10.634676867382668,0.0,0.0,0.0,-0.6848608355192725,1.0526315789473684,1.0,0.0,E0002408,U006-agent-normal-000,U006,normal_agent,DELEGATED_NORMAL,0,0,0
0.03218759727485546,0.0063125,1.0,0.0,0.0,0.00963268739745103,0.0,1.0,2.0,1.0,2.0,0.0022444444444444443,0.017243355682958286,0.0022444444444444443,11.249207284371794,10.89972006391382,0.0,0.0,0.0,-0.6628168107562571,1.0344827586206897,0.0,0.0,E0002409,U006-normal-015,U006,normal_user,DAILY_NORMAL,0,0,0
0.024962908652446734,0.0048125,1.0,0.0,0.0,0.007343731976274547,0.0,1.0,2.0,1.0,2.0,0.0017111111111111112,0.030371823240844285,0.003955555555555556,10.682491276855757,10.770415756471955,0.0,0.0,0.0,-0.659724124091639,1.0169491525423728,0.0,0.0,E0002410,U006-normal-016,U006,normal_user,DAILY_NORMAL,0,0,0
0.4916375976769966,0.0931875,1.0,0.0,0.0,0.14220135554058896,0.0,1.0,3.0,1.0,3.0,0.033133333333333334,0.2846538369953886,0.037088888888888887,10.611277009832943,10.902367899805228,0.0,0.0,0.0,-0.3398637415924452,1.5,0.0,0.0,E0002411,U006-agent-normal-002,U006,normal_agent,DELEGATED_NORMAL,0,0,0
0.05521203613922938,0.010375,0.0,0.0,0.0,0.015831941663137335,0.0,2.0,4.0,0.0,4.0,0.03682222222222222,0.31033516331065725,0.04077777777777778,6.672032945461067,10.566093047983374,0.0,0.0,0.0,-0.6309498420835576,1.9672131147540985,0.0,0.0,E0002412,U006-normal-016,U006,normal_user,DAILY_NORMAL,0,0,0
0.6907161080481574,0.12775,0.0,0.0,0.0,0.1949427033701971,0.0,3.0,4.0,0.0,4.0,0.08224444444444444,0.6383379296002786,0.08395555555555556,7.348587530927593,10.394145162260331,0.0,0.0,0.0,-0.20433293963358934,1.9354838709677418,0.0,0.0,E0002413,U006-normal-016,U006,normal_user,DAILY_NORMAL,0,0,0
0.04313501832038887,0.0079375,0.0,1.0,0.0,0.012112389103725552,0.0,4.0,5.0,0.0,5.0,0.08506666666666667,0.6522870009337236,0.08677777777777777,4.941642422609304,9.7603097828598,0.0,0.0,0.0,-0.6339644192058276,2.380952380952381,0.0,0.0,E0002414,U006-normal-016,U006,normal_user,DAILY_NORMAL,0,0,0
0.020353220482200646,0.0036875,0.0,1.0,0.0,0.0056270154103921855,0.0,1.0,5.0,0.0,5.0,0.0013111111111111112,0.6488214982037773,0.08637777777777778,11.066935193283145,9.972014982388592,0.0,0.0,0.0,-0.6421798967515127,2.34375,0.0,0.0,E0002415,U006-normal-017,U006,normal_user,DAILY_NORMAL,0,0,0
0.2148067450160215,0.0383125,0.0,0.0,0.0,0.05846373638254932,0.0,1.0,6.0,0.0,6.0,0.013622222222222223,0.750897500638621,0.1,8.852378886511985,9.59552113678164,0.0,0.0,0.0,-0.509114027830523,2.7692307692307696,0.0,0.0,E0002416,U006-normal-017,U006,normal_user,DAILY_NORMAL,0,0,0
0.14545627310980816,0.025625,0.0,0.0,0.0,0.03910298844509824,0.0,1.0,3.0,0.0,3.0,0.009111111111111111,0.1799356183362947,0.024044444444444445,11.108814439677994,10.236102358830037,0.0,0.0,0.0,-0.5504953896248848,1.3636363636363635,0.0,0.0,E0002417,U006-normal-018,U006,normal_user,DAILY_NORMAL,0,0,0
0.3113249658519424,0.054125,0.0,1.0,0.0,0.0825931414474514,0.0,1.0,4.0,0.0,4.0,0.019244444444444446,0.32321604200368653,0.04328888888888889,9.33300038471207,10.303685480037887,0.0,0.0,0.0,-0.4401927950269663,1.791044776119403,0.0,0.0,E0002418,U006-normal-018,U006,normal_user,DAILY_NORMAL,0,0,0
0.021070725622660658,0.003625,0.0,1.0,0.0,0.005531642267843166,0.0,1.0,3.0,0.0,3.0,0.001288888888888889,0.22028485878236143,0.029644444444444445,10.331105465285425,10.489850982898059,0.0,0.0,0.0,-0.6230216883667734,1.3235294117647058,0.0,0.0,E0002419,U006-agent-normal-024,U006,normal_agent,DELEGATED_NORMAL,0,0,0
0.11392058776854239,0.0193125,0.0,0.0,0.0,0.02947030104764721,0.0,1.0,4.0,0.0,4.0,0.006866666666666667,0.2712237729368427,0.03651111111111111,8.614138397472717,10.096039928895419,0.0,0.0,0.0,-0.5582687325379593,1.7391304347826089,0.0,0.0,E0002420,U006-normal-018,U006,normal_user,DAILY_NORMAL,0,0,0
0.0,0.0,0.0,0.0,0.0,0.0,0.0,1.0,3.0,0.0,3.0,0.0,0.06048092809074503,0.008155555555555555,11.207011530923644,10.534163407170762,0.0,0.0,0.0,-0.625026505461644,1.2857142857142856,0.0,0.0,E0002421,U006-agent-normal-008,U006,normal_agent,DELEGATED_NORMAL,0,0,0
0.2577443366047009,0.043125,0.0,0.0,0.0,0.06580746835882387,0.0,1.0,4.0,0.0,4.0,0.015333333333333332,0.17419166482811307,0.02348888888888889,8.685753832960154,10.142890205366273,0.0,0.0,0.0,-0.46392946345107805,1.6901408450704225,0.0,0.0,E0002422,U006-normal-019,U006,normal_user,DAILY_NORMAL,0,0,0
0.02039064477140935,0.003375,0.0,0.0,0.0,0.005150149697647086,0.0,1.0,3.0,0.0,3.0,0.0012,0.12214685756786278,0.016533333333333334,10.618273908199555,10.352133470969843,0.0,0.0,0.0,-0.6091833150442292,1.25,0.0,0.0,E0002423,U006-normal-020,U006,normal_user,DAILY_NORMAL,0,0,0
0.1420796032202631,0.0231875,0.0,0.0,0.0,0.03538343588568646,0.0,1.0,4.0,0.0,4.0,0.008244444444444445,0.1830020303318368,0.024777777777777777,9.535823881654714,10.238487276971787,0.0,0.0,0.0,-0.5284425183542325,1.6438356164383563,0.0,0.0,E0002424,U006-normal-020,U006,normal_user,DAILY_NORMAL,0,0,0
0.07714195007577321,0.0124375,0.0,0.0,0.0,0.018979255367255,0.0,1.0,5.0,0.0,5.0,0.004422222222222222,0.21522653209618373,0.0292,8.921190556249368,10.252551606993523,0.0,0.0,0.0,-0.5644607102415449,2.0270270270270268,0.0,0.0,E0002425,U006-normal-020,U006,normal_user,DAILY_NORMAL,0,0,0
0.07775087177863067,0.012375,0.0,0.0,0.0,0.01888388222470598,0.0,1.0,6.0,0.0,6.0,0.0044,0.24738913747746125,0.0336,9.657906656102982,9.726440063364864,0.0,0.0,0.0,-0.559529251104327,2.4,0.0,0.0,E0002426,U006-agent-normal-016,U006,normal_agent,DELEGATED_NORMAL,0,0,0
0.2040229749111828,0.0320625,0.0,0.0,0.0,0.048926422127647314,0.0,1.0,4.0,0.0,4.0,0.0114,0.2093674844678564,0.028466666666666668,10.835828783228976,10.155529493892987,0.0,0.0,0.0,-0.4790924655613371,1.5789473684210527,0.0,0.0,E0002427,U006-normal-021,U006,normal_user,DAILY_NORMAL,0,0,0
0.1563896771628051,0.0243125,0.0,1.0,0.0,0.03710015245156882,0.0,1.0,3.0,0.0,3.0,0.008644444444444444,0.17928365686002112,0.024444444444444446,10.00247278922055,9.99762431688501,0.0,0.0,0.0,-0.5049470719849343,1.1688311688311688,0.0,0.0,E0002428,U006-normal-021,U006,normal_user,DAILY_NORMAL,0,0,0
0.029682059231790167,0.0045625,0.0,1.0,0.0,0.006962239406078467,0.0,1.0,4.0,0.0,4.0,0.0016222222222222222,0.19077838618569792,0.026066666666666665,9.35218709620442,9.976254626087009,0.0,0.0,0.0,-0.5771426302497995,1.5384615384615383,0.0,0.0,E0002429,U006-normal-021,U006,normal_user,DAILY_NORMAL,0,0,0
0.0,0.0,0.0,0.0,0.0,0.0,0.0,1.0,4.0,0.0,4.0,0.0,0.1585126518446806,0.021666666666666667,8.986571625268054,9.980948468713907,0.0,0.0,0.0,-0.5898140796483111,1.518987341772152,0.0,0.0,E0002430,U006-agent-normal-028,U006,normal_agent,DELEGATED_NORMAL,0,0,0
0.028006611443873827,0.00425,0.0,0.0,0.0,0.006485373693333366,0.0,1.0,5.0,0.0,4.0,0.001511111111111111,0.1695678932041045,0.023177777777777776,8.857372832825773,9.897821530909502,0.0,0.0,0.0,-0.5732953858954748,1.875,0.0,0.0,E0002431,U006-normal-021,U006,normal_user,DAILY_NORMAL,0,0,0
0.15517141293854586,0.02325,0.0,0.0,1.0,0.035478809028235476,0.0,1.0,6.0,0.0,5.0,0.008266666666666667,0.22996182374114202,0.03144444444444444,9.477079667408038,9.42032573275261,0.0,0.0,0.0,-0.4941744420170635,2.222222222222222,0.0,0.0,E0002432,U006-normal-022,U006,normal_user,DAILY_NORMAL,0,0,0
0.18934100503205997,0.0280625,0.0,0.0,0.0,0.04282254100451002,0.0,1.0,4.0,0.0,3.0,0.009977777777777778,0.14418721387142483,0.019755555555555554,11.07668151066948,9.94509004239064,0.0,0.0,0.0,-0.4713499473448717,1.4634146341463414,0.0,0.0,E0002433,U006-normal-022,U006,normal_user,DAILY_NORMAL,0,0,0
0.48188175174897113,0.0706875,0.0,0.0,0.0,0.10786702422294173,0.0,1.0,4.0,0.0,4.0,0.025133333333333334,0.3268311246459127,0.04488888888888889,8.938794081433805,9.906941580507642,0.0,0.0,0.0,-0.29964775466853827,1.4457831325301205,0.0,0.0,E0002434,U006-normal-022,U006,normal_user,DAILY_NORMAL,0,0,0
17.10533688612241,2.492940581654747,1.0,1.0,1.0,0.9731622544532329,0.0,1.0,3.0,1.0,3.0,0.8863788734772434,6.66859162679613,0.9214899845883545,9.56976154158294,9.968113569845798,0.0,0.0,0.0,9.307177010899572,1.0714285714285714,0.0,0.0,E0002435,U006-paysim-fraud-007,U006,paysim_fraud,ACCOUNT_DRAIN_TRANSFER,1,1,1
3.925301349677726,0.6858219479324976,0.0,1.0,1.0,0.9088887412414777,0.0,2.0,4.0,1.0,3.0,1.1302266771865759,6.94771860828397,1.165337788297687,5.198497031265826,9.90179612287515,0.0,0.0,0.0,1.4175858456802704,1.4117647058823528,0.0,0.0,E0002436,U006-paysim-fraud-007,U006,paysim_fraud,FOLLOW_UP_CASHOUT_PROXY,1,1,1
0.08807620177689764,0.0159375,0.0,1.0,0.0,0.024320151350000124,0.0,1.0,5.0,0.0,4.0,0.005666666666666667,6.658813643570861,1.1710044549643537,10.90178214468937,10.247410534716325,0.0,0.0,0.0,-0.4549540810586031,1.744186046511628,0.0,0.0,E0002437,U006-normal-023,U006,normal_user,DAILY_NORMAL,0,0,0
0.01431859049474227,0.0025625,0.0,1.0,0.0,0.0039102988445098245,0.0,1.0,1.0,0.0,1.0,0.0009111111111111111,0.0051753941547261215,0.0009111111111111111,11.380456365055815,10.398147208337122,0.0,0.0,0.0,-0.48869606781501546,0.3448275862068966,0.0,0.0,E0002438,U006-normal-024,U006,normal_user,DAILY_NORMAL,0,0,0
0.23499809184163797,0.0415625,0.0,0.0,0.0,0.06342313979509837,0.0,2.0,2.0,0.0,2.0,0.015688888888888888,0.0891023914286769,0.015688888888888888,7.893945138235959,10.367554846558388,0.0,0.0,0.0,-0.3765499648275662,0.6818181818181819,0.0,0.0,E0002439,U006-normal-024,U006,normal_user,DAILY_NORMAL,0,0,0
0.5926524244337892,0.103875,0.0,0.0,0.0,0.1585101629164714,0.0,3.0,3.0,0.0,3.0,0.05262222222222222,0.2980252582414978,0.05262222222222222,5.517452896464707,10.274892475697364,0.0,0.0,0.0,-0.19971319898708093,1.0112359550561798,0.0,0.0,E0002440,U006-normal-024,U006,normal_user,DAILY_NORMAL,0,0,0
2.1676361585216384,0.378125,0.0,1.0,0.0,0.5770075124215716,0.0,3.0,4.0,0.0,4.0,0.18615555555555555,1.0521138486893227,0.18706666666666666,7.700295203420117,10.288783966353765,0.0,0.0,0.0,0.5729626051622507,1.3333333333333333,0.0,0.0,E0002441,U006-normal-024,U006,normal_user,RECURRING_NORMAL,0,0,0
0.2032866749372483,0.0359375,0.0,0.0,0.0,0.054839556965686556,0.0,1.0,5.0,0.0,5.0,0.012777777777777779,1.096346067592608,0.19984444444444444,10.81458482169893,10.257469874620124,0.0,0.0,0.0,-0.39774371586081264,1.6483516483516485,0.0,0.0,E0002442,U006-normal-025,U006,normal_user,DAILY_NORMAL,0,0,0
0.0,0.0,0.0,0.0,0.0,0.0,0.0,1.0,6.0,0.0,6.0,0.0,1.093790286094461,0.19984444444444444,9.280705634636746,9.482030248209641,0.0,0.0,0.0,-0.49709925934443777,1.9565217391304346,0.0,0.0,E0002443,U006-agent-normal-015,U006,normal_agent,DELEGATED_NORMAL,0,0,0
0.04887777786113207,0.0085625,0.0,0.0,0.0,0.013066120529215753,0.0,2.0,7.0,0.0,7.0,0.0030444444444444442,1.110453164910756,0.2028888888888889,7.401231264413015,9.466005322994347,0.0,0.0,0.0,-0.47280215217126703,2.258064516129032,0.0,0.0,E0002444,U006-normal-025,U006,normal_user,DAILY_NORMAL,0,0,0
0.0,0.0,1.0,0.0,0.0,0.0,0.0,1.0,4.0,1.0,4.0,0.0,0.08655024656133226,0.015822222222222224,10.261092064292793,9.830002463273651,0.0,0.0,0.0,-0.49395328202701844,1.2765957446808511,0.0,0.0,E0002445,U006-agent-normal-034,U006,normal_agent,DELEGATED_NORMAL,0,0,0
0.0,0.0,0.0,0.0,0.0,0.0,0.0,2.0,5.0,0.0,5.0,0.0,0.08655024656133226,0.015822222222222224,7.9229859587111955,9.835915100347307,0.0,0.0,0.0,-0.49395328202701844,1.5789473684210527,0.0,0.0,E0002446,U006-agent-normal-007,U006,normal_agent,DELEGATED_NORMAL,0,0,0
0.0,0.0,0.0,0.0,0.0,0.0,0.0,1.0,6.0,0.0,5.0,0.0,0.08655024656133226,0.015822222222222224,9.312264991698108,9.301971063485633,0.0,0.0,0.0,-0.49395328202701844,1.875,0.0,0.0,E0002447,U006-agent-normal-020,U006,normal_agent,DELEGATED_NORMAL,0,0,0
0.3375459615891958,0.0585,0.0,0.0,0.0,0.08926926142588282,0.0,2.0,7.0,0.0,6.0,0.0208,0.2003297841756679,0.03662222222222222,6.833031732786201,9.10491318742937,0.0,0.0,0.0,-0.3272213464650693,2.1649484536082473,0.0,0.0,E0002448,U006-normal-025,U006,normal_user,DAILY_NORMAL,0,0,0
1.996581598549569,0.34348005429055767,1.0,1.0,0.0,0.5241403548895763,0.0,1.0,7.0,1.0,6.0,0.12212624152553161,0.7954675476096954,0.14597068596997606,10.574925789933857,9.711115659888671,0.0,0.0,0.0,0.4910868570634842,2.142857142857143,0.0,0.0,E0002449,U006-misuse-LOW_AND_SLOW_ATTACK-008,U006,agent_misuse,LOW_AND_SLOW_ATTACK,1,0,0
0.7920395182348837,0.13775,0.0,0.0,0.0,0.2102024061780403,0.0,2.0,8.0,1.0,6.0,0.1711040193033094,1.0393156192785955,0.19494846374775385,6.253828811575473,9.295085850422241,0.0,0.0,0.0,-0.10403543411247139,2.4242424242424243,0.0,0.0,E0002450,U006-normal-026,U006,normal_user,DAILY_NORMAL,0,0,0
2.3140812982769026,0.401550860826327,0.0,1.0,0.0,0.6127546798443363,0.0,1.0,7.0,0.0,5.0,0.14277363940491627,1.7688488838661403,0.3346776587082257,8.807172622916703,9.364673892229968,0.0,0.0,0.0,0.659458648527747,2.1,0.0,0.0,E0002451,U006-misuse-LOW_AND_SLOW_ATTACK-008,U006,agent_misuse,LOW_AND_SLOW_ATTACK,1,0,0
2.819028876501004,0.4960838210187185,0.0,1.0,0.0,0.757009167652493,0.0,1.0,8.0,0.0,5.0,0.17638535858443324,2.6348127301640667,0.5110630172926589,8.881975184248867,9.296004174728703,0.0,0.0,0.0,0.9286092870514119,2.376237623762376,0.0,0.0,E0002452,U006-misuse-LOW_AND_SLOW_ATTACK-008,U006,agent_misuse,LOW_AND_SLOW_ATTACK,1,0,0
2.1786761947156825,0.3908158226955255,1.0,1.0,0.0,0.5963733306936467,0.0,1.0,9.0,1.0,6.0,0.13895673695840907,3.252617820726894,0.650019754251068,8.881975184248867,9.405002140854743,0.0,0.0,0.0,0.613834611044291,2.6470588235294117,0.0,0.0,E0002453,U006-misuse-LOW_AND_SLOW_ATTACK-008,U006,agent_misuse,LOW_AND_SLOW_ATTACK,1,0,0
2.5010435725283062,0.4542091701767494,0.0,1.0,0.0,0.693109694949428,0.0,1.0,10.0,0.0,6.0,0.161496593840622,3.9687415100323737,0.8115163480916899,8.881975184248867,8.658866349732383,0.0,0.0,0.0,0.794042357538836,2.912621359223301,0.0,0.0,E0002454,U006-misuse-LOW_AND_SLOW_ATTACK-008,U006,agent_misuse,LOW_AND_SLOW_ATTACK,1,0,0
1.6013595277611492,0.2953666921029485,0.0,1.0,0.0,0.4507207940826726,0.0,1.0,9.0,0.0,6.0,0.10501926830327057,4.367362370613183,0.9165356163949605,8.881975184248867,8.867455619049425,0.0,0.0,0.0,0.32372400734346196,2.5961538461538463,0.0,0.0,E0002455,U006-misuse-LOW_AND_SLOW_ATTACK-008,U006,agent_misuse,LOW_AND_SLOW_ATTACK,1,0,0
1.4989249951592505,0.2781869197335073,1.0,1.0,0.0,0.4245049720162657,0.0,1.0,10.0,1.0,7.0,0.09891090479413593,4.75929147880665,1.0154465211890964,8.881975184248867,8.881975184248867,0.0,0.0,0.0,0.2715037804969913,2.857142857142857,0.0,0.0,E0002456,U006-misuse-LOW_AND_SLOW_ATTACK-008,U006,agent_misuse,LOW_AND_SLOW_ATTACK,1,0,0
1.5137297608563063,0.2823648081706226,0.0,1.0,1.0,0.43088030560773605,0.0,1.0,9.0,0.0,7.0,0.1003963762384436,5.054248882633319,1.0950428974275401,8.881975184248867,8.881975184248867,0.0,0.0,0.0,0.28232195764718654,2.547169811320755,0.0,0.0,E0002457,U006-misuse-LOW_AND_SLOW_ATTACK-008,U006,agent_misuse,LOW_AND_SLOW_ATTACK,1,0,0
2.9038208281082465,0.544477382883805,0.0,1.0,1.0,0.8308563048399125,0.0,1.0,10.0,0.0,7.0,0.1935919583586862,5.857313066638128,1.2886348557862264,8.881975184248867,8.881975184248867,0.0,0.0,0.0,1.0566073248626393,2.803738317757009,0.0,0.0,E0002458,U006-misuse-LOW_AND_SLOW_ATTACK-008,U006,agent_misuse,LOW_AND_SLOW_ATTACK,1,0,0
1.390412912314334,0.2656710844427847,1.0,1.0,1.0,0.40540617932343137,0.0,1.0,11.0,1.0,8.0,0.09446083002410123,6.107528697428126,1.3830956858103276,8.881975184248867,8.881975184248867,0.0,0.0,0.0,0.22068547320541532,3.0555555555555554,0.0,0.0,E0002459,U006-misuse-LOW_AND_SLOW_ATTACK-008,U006,agent_misuse,LOW_AND_SLOW_ATTACK,1,0,0
1.2474210074514243,0.23927045077025244,0.0,1.0,0.0,0.3651195969452733,0.0,1.0,12.0,0.0,8.0,0.0850739380516453,6.394294465941078,1.4681696238619728,8.881975184248867,8.881975184248867,0.0,0.0,0.0,0.14106447806591005,3.302752293577982,0.0,0.0,E0002460,U006-misuse-LOW_AND_SLOW_ATTACK-008,U006,agent_misuse,LOW_AND_SLOW_ATTACK,1,0,0
2.1887582689267266,0.42084871437244553,0.0,1.0,0.0,0.6422026308386415,0.0,1.0,13.0,0.0,8.0,0.1496350984435362,6.9600363509537555,1.617804722305509,8.881975184248867,8.881975184248867,0.0,0.0,0.0,0.6826905274960979,3.5454545454545454,0.0,0.0,E0002461,U006-misuse-LOW_AND_SLOW_ATTACK-008,U006,agent_misuse,LOW_AND_SLOW_ATTACK,1,0,0
0.047880033254525244,0.0093125,0.0,0.0,0.0,0.014210598239803996,0.0,1.0,9.0,0.0,6.0,0.003311111111111111,4.1776388411349314,0.9918960791655522,10.491301994830229,9.469700127423375,0.0,0.0,0.0,-0.5545539537736902,2.4324324324324325,0.0,0.0,E0002462,U006-normal-027,U006,normal_user,RECURRING_NORMAL,0,0,0
0.011999528365716555,0.0023125,0.0,0.0,0.0,0.003528806274313744,0.0,1.0,8.0,0.0,5.0,0.0008222222222222222,3.0571770109395384,0.7262024392438818,8.990690709916228,9.482380748438008,0.0,0.0,0.0,-0.5720999417015361,2.142857142857143,0.0,0.0,E0002463,U006-normal-027,U006,normal_user,DAILY_NORMAL,0,0,0
10.626662858672889,2.028656950914857,1.0,1.0,1.0,0.9672214302665431,0.0,1.0,6.0,1.0,4.0,0.7213002492141714,4.439171904204883,1.0546034490667873,10.066201463023875,9.704609693426455,0.0,0.0,0.0,5.539707283843845,1.592920353982301,0.0,0.0,E0002464,U006-paysim-fraud-000,U006,paysim_fraud,ACCOUNT_DRAIN_TRANSFER,1,1,1
3.6513636119178314,0.7603594019987102,0.0,1.0,1.0,0.917079700417983,0.0,2.0,7.0,1.0,4.0,0.9916502588137127,5.0645948208395755,1.3249534586663287,5.484796933490655,9.61587214452889,0.0,0.0,0.0,1.4725767091852335,1.842105263157895,0.0,0.0,E0002465,U006-paysim-fraud-000,U006,paysim_fraud,FOLLOW_UP_CASHOUT_PROXY,1,1,0
4.123714366054027,0.88,1.0,1.0,0.0,0.927536231884058,0.0,1.0,5.0,1.0,3.0,0.3128888888888889,4.835783864688468,1.308672481035935,10.318935994253193,9.884355700220102,0.0,0.0,0.0,1.7684485071863942,1.3043478260869565,0.0,0.0,E0002466,U006-hard-EMERGENCY_LARGE_TRANSFER-004,U006,hard_negative,EMERGENCY_LARGE_TRANSFER,0,0,0
2.5370371896238275,0.5570625,0.0,1.0,0.0,0.8500608195394161,0.0,1.0,4.0,0.0,3.0,0.19806666666666667,5.3463576130369,1.5026058143692682,10.568620986640875,9.913427982350182,0.0,0.0,0.0,0.8867674505412809,1.0344827586206897,0.0,0.0,E0002467,U006-normal-028,U006,normal_user,DAILY_NORMAL,0,0,0
0.9032493234912046,0.201125,0.0,0.0,0.0,0.3069107727227467,0.0,1.0,3.0,0.0,3.0,0.07151111111111111,2.024883084658084,0.5824666666666667,10.693557248751725,10.218604814736448,0.0,0.0,0.0,-0.05666320481256856,0.7692307692307693,0.0,0.0,E0002468,U006-normal-029,U006,normal_user,DAILY_NORMAL,0,0,0
0.2696963014827097,0.06,0.0,1.0,0.0,0.0915582168470593,0.0,1.0,3.0,0.0,3.0,0.021333333333333333,1.0030097394062931,0.2909111111111111,8.764365720529808,10.08505882793938,0.0,0.0,0.0,-0.42928451873093715,0.7627118644067797,0.0,0.0,E0002469,U006-normal-029,U006,normal_user,DAILY_NORMAL,0,0,0
0.0,0.0,0.0,0.0,0.0,0.0,0.0,1.0,4.0,0.0,4.0,0.0,1.0005565902080817,0.2909111111111111,9.507774735870642,10.189665995102875,0.0,0.0,0.0,-0.5861109814663044,1.0084033613445378,0.0,0.0,E0002470,U006-agent-normal-032,U006,normal_agent,DELEGATED_NORMAL,0,0,0
0.0718297367258082,0.015875,0.0,0.0,0.0,0.024224778207451104,0.0,1.0,5.0,0.0,5.0,0.005644444444444444,1.0199700325664083,0.29655555555555557,9.728896041804084,10.082704294376605,0.0,0.0,0.0,-0.5440107839754746,1.25,0.0,0.0,E0002471,U006-agent-normal-019,U006,normal_agent,DELEGATED_NORMAL,0,0,0
0.0,0.0,0.0,0.0,0.0,0.0,0.0,1.0,5.0,0.0,5.0,0.0,0.33852257693902366,0.09848888888888889,10.505451027673455,10.062600187193144,0.0,0.0,0.0,-0.5830962561026767,1.2396694214876034,0.0,0.0,E0002472,U006-agent-normal-023,U006,normal_agent,DELEGATED_NORMAL,0,0,0
5.499953983616059,1.205464482107549,1.0,1.0,1.0,0.9460451902208115,0.0,1.0,2.0,1.0,2.0,0.42860959363823964,1.4732019598971589,0.42860959363823964,11.135537479433955,10.2523188150767,0.0,0.0,0.0,2.62390632048085,0.49180327868852464,0.0,0.0,E0002473,U006-paysim-fraud-002,U006,paysim_fraud,ACCOUNT_DRAIN_TRANSFER,1,1,1
1.2128384371775338,0.2764124294544691,0.0,1.0,1.0,0.4217971525869127,0.0,2.0,3.0,1.0,2.0,0.5268895685553843,1.7262366256727535,0.5268895685553843,5.198497031265826,10.207436597451782,0.0,0.0,0.0,0.12584523761221794,0.7317073170731708,0.0,0.0,E0002474,U006-paysim-fraud-002,U006,paysim_fraud,FOLLOW_UP_CASHOUT_PROXY,1,1,0
0.005474510884288794,0.00125,0.0,0.0,0.0,0.001907462850980402,0.0,1.0,3.0,0.0,2.0,0.00044444444444444447,1.709346193711135,0.5273340129998287,9.869723922383319,10.249853541323686,0.0,0.0,0.0,-0.591692078754714,0.7258064516129031,0.0,0.0,E0002475,U006-normal-031,U006,normal_user,DAILY_NORMAL,0,0,0
0.1720186394502593,0.0389375,0.0,0.0,0.0,0.05941746780803952,0.0,2.0,4.0,0.0,3.0,0.01428888888888889,1.7541385390694089,0.5411784574442732,6.561030665896573,10.12905217070135,0.0,0.0,0.0,-0.48973900110660135,0.96,0.0,0.0,E0002476,U006-normal-031,U006,normal_user,DAILY_NORMAL,0,0,0
0.0,0.0,0.0,0.0,0.0,0.0,0.0,1.0,5.0,0.0,4.0,0.0,1.751518592588809,0.5411784574442732,9.694493424326337,9.952439608362303,0.0,0.0,0.0,-0.5892026343432215,1.1904761904761905,0.0,0.0,E0002477,U006-agent-normal-027,U006,normal_agent,DELEGATED_NORMAL,0,0,0
1.0445375467791638,0.23475,0.0,0.0,0.0,0.3582215234141195,0.0,1.0,6.0,0.0,5.0,0.08346666666666666,2.0216576133075583,0.6246451241109399,9.078749951588586,9.109834719044539,0.0,0.0,0.0,0.02624163988946773,1.4173228346456692,0.0,0.0,E0002478,U006-normal-031,U006,normal_user,DAILY_NORMAL,0,0,0
0.08812364372612702,0.0198125,0.0,1.0,0.0,0.03023328618803937,0.0,1.0,7.0,0.0,6.0,0.007044444444444444,2.0262115925097874,0.6316895685553843,9.28618968425962,9.320557077235181,0.0,0.0,0.0,-0.5397946571200855,1.640625,0.0,0.0,E0002479,U006-normal-031,U006,normal_user,DAILY_NORMAL,0,0,0
0.17902068016438974,0.0399375,0.0,0.0,0.0,0.06094343808882385,0.0,1.0,1.0,0.0,1.0,0.0142,0.045513732245183826,0.0142,11.381163933787974,10.119767603828935,0.0,0.0,0.0,-0.48369123045413365,0.23255813953488372,0.0,0.0,E0002480,U006-normal-032,U006,normal_user,DAILY_NORMAL,0,0,0
0.11594465727899442,0.0256875,0.0,1.0,0.0,0.03919836158764726,0.0,1.0,2.0,0.0,2.0,0.009133333333333334,0.07467453238234933,0.023333333333333334,9.889844913494969,10.262329147590235,0.0,0.0,0.0,-0.5189372586560363,0.46153846153846156,0.0,0.0,E0002481,U006-normal-032,U006,normal_user,DAILY_NORMAL,0,0,0
0.06934419204486278,0.01525,0.0,0.0,0.0,0.023271046781960906,0.0,1.0,3.0,0.0,3.0,0.005422222222222222,0.0919378939611193,0.028755555555555555,11.037145182947038,10.540482283692427,0.0,0.0,0.0,-0.5439306436950085,0.6870229007633588,0.0,0.0,E0002482,U006-normal-033,U006,normal_user,DAILY_NORMAL,0,0,0
0.0,0.0,0.0,0.0,0.0,0.0,0.0,1.0,3.0,0.0,3.0,0.0,0.04651046507546842,0.014555555555555556,9.71063069382679,10.580525676162887,0.0,0.0,0.0,-0.5816650374271336,0.6818181818181818,0.0,0.0,E0002483,U006-agent-normal-005,U006,normal_agent,DELEGATED_NORMAL,0,0,0
0.016038417880477048,0.0035,0.0,1.0,0.0,0.005340895982745126,0.0,1.0,3.0,0.0,3.0,0.0012444444444444445,0.0213025030880008,0.006666666666666667,10.516671188955689,10.705229014492868,0.0,0.0,0.0,-0.5723360504904139,0.6766917293233082,0.0,0.0,E0002484,U006-normal-034,U006,normal_user,DAILY_NORMAL,0,0,0
0.19431461253732346,0.0420625,0.0,0.0,0.0,0.06418612493549053,0.0,1.0,4.0,0.0,4.0,0.014955555555555555,0.06908196161016822,0.021622222222222223,10.228646029257067,10.391895773457968,0.0,0.0,0.0,-0.4661508945306681,0.8955223880597015,0.0,0.0,E0002485,U006-normal-034,U006,normal_user,DAILY_NORMAL,0,0,0
0.04621060268820218,0.0099375,0.0,0.0,0.0,0.015164329665294195,0.0,1.0,4.0,0.0,4.0,0.003533333333333333,0.0629467942738511,0.019733333333333332,8.722905701000768,10.304844232599748,0.0,0.0,0.0,-0.5499823743196927,0.8888888888888888,0.0,0.0,E0002486,U006-normal-034,U006,normal_user,DAILY_NORMAL,0,0,0
0.37108599570710504,0.0791875,0.0,0.0,0.0,0.12083777160960847,0.0,1.0,5.0,0.0,5.0,0.028155555555555555,0.15270202422832918,0.04788888888888889,9.600488775972455,9.92345683261163,0.0,0.0,0.0,-0.36088043421040383,1.1029411764705883,0.0,0.0,E0002487,U006-normal-034,U006,normal_user,DAILY_NORMAL,0,0,0
0.1748537623470503,0.037125,0.0,0.0,0.0,0.05665164667411794,0.0,2.0,5.0,0.0,5.0,0.041355555555555555,0.19421131017860252,0.06108888888888889,7.02197642307216,9.76014821892052,0.0,0.0,0.0,-0.4727488155335426,1.094890510948905,0.0,0.0,E0002488,U006-normal-034,U006,normal_user,DAILY_NORMAL,0,0,0
0.28919568361091613,0.061,0.0,0.0,0.0,0.09308418712784362,0.0,2.0,6.0,0.0,6.0,0.034888888888888886,0.2627961361852709,0.08277777777777778,7.874739125171811,9.256269303864583,0.0,0.0,0.0,-0.4058275944232193,1.3043478260869565,0.0,0.0,E0002489,U006-normal-034,U006,normal_user,DAILY_NORMAL,0,0,0
1.0673456737468316,0.223875,0.0,0.0,0.0,0.34162659661058997,0.0,1.0,4.0,0.0,4.0,0.0796,0.45181892927768186,0.14264444444444443,11.26901782430329,9.933250217491404,0.0,0.0,0.0,0.038361790160910264,0.8633093525179856,0.0,0.0,E0002490,U006-normal-035,U006,normal_user,DAILY_NORMAL,0,0,0
0.5250532924121354,0.1101875,0.0,1.0,0.0,0.16814285031392243,0.0,1.0,2.0,0.0,2.0,0.03917777777777778,0.37308695865661295,0.11877777777777777,9.494917629474484,10.000351070739999,0.0,0.0,0.0,-0.2717459694408409,0.42857142857142855,0.0,0.0,E0002491,U006-normal-035,U006,normal_user,DAILY_NORMAL,0,0,0
0.2932391816804281,0.0613125,0.0,0.0,1.0,0.09356105284058872,0.0,1.0,3.0,0.0,3.0,0.0218,0.43975797437602554,0.14057777777777777,9.639847474564585,10.00571917831932,0.0,0.0,0.0,-0.4043471416281354,0.6382978723404255,0.0,0.0,E0002492,U006-normal-036,U006,normal_user,DAILY_NORMAL,0,0,0
2.906252514404127,0.6043559963296726,1.0,0.0,0.0,0.8978615546810138,0.0,1.0,4.0,1.0,4.0,0.21488213202832804,1.109434253265955,0.3554599098061058,9.138629524422182,10.077029010155318,0.0,0.0,0.0,1.0881748882703683,0.8450704225352113,0.0,0.0,E0002493,U006-misuse-CATEGORY_DRIFT-005,U006,agent_misuse,CATEGORY_DRIFT,1,0,0
2.950127282984712,0.6224068453067737,1.0,0.0,0.0,0.9005290905142015,0.0,2.0,5.0,2.0,5.0,0.4361823436929587,1.760775993340457,0.5767601214707365,6.928537818164665,10.063410114386604,0.0,0.0,0.0,1.1286656688587358,1.048951048951049,1.0,0.0,E0002494,U006-misuse-CATEGORY_DRIFT-005,U006,agent_misuse,CATEGORY_DRIFT,1,0,0
2.512478870859585,0.5379045576168057,1.0,0.0,0.0,0.8208263688216832,0.0,3.0,6.0,3.0,6.0,0.6274372975122674,2.2930144608186613,0.7680150752900452,6.928537818164665,8.987371805351259,0.0,0.0,0.0,0.8874147134656727,1.25,0.0,0.0,E0002495,U006-misuse-CATEGORY_DRIFT-005,U006,agent_misuse,CATEGORY_DRIFT,1,0,0
1.4810238414293821,0.3206828915482455,1.0,0.0,0.0,0.48935256205860433,0.0,4.0,7.0,4.0,7.0,0.7414578811738658,2.5842501308556893,0.8820356589516436,6.928537818164665,8.621048574930759,0.0,0.0,0.0,0.2856746766477765,1.4482758620689655,0.0,0.0,E0002496,U006-misuse-CATEGORY_DRIFT-005,U006,agent_misuse,CATEGORY_DRIFT,1,0,0
2.6560759847513356,0.5771788980616379,1.0,0.0,0.0,0.8807578451379029,0.0,4.0,8.0,4.0,8.0,0.7317949129007868,3.15043396254923,1.0872548227068928,6.928537818164665,7.8929748802951565,0.0,0.0,0.0,0.9904578077383823,1.6438356164383563,0.0,0.0,E0002497,U006-misuse-CATEGORY_DRIFT-005,U006,agent_misuse,CATEGORY_DRIFT,1,0,0
1.7909144783955466,0.3939489747268279,1.0,0.0,0.0,0.6011544275785932,0.0,4.0,9.0,4.0,9.0,0.6505654478056949,3.4871824664069426,1.2273255692764313,6.928537818164665,6.928537818164665,0.0,0.0,0.0,0.4788755536509508,1.8367346938775508,1.0,0.0,E0002498,U006-misuse-CATEGORY_DRIFT-005,U006,agent_misuse,CATEGORY_DRIFT,1,0,1
1.7380631347003799,0.38454663878616074,1.0,0.0,0.0,0.5868067423631849,0.0,4.0,10.0,4.0,10.0,0.5960381877770212,3.8249233340506126,1.3640532630670663,6.928537818164665,6.928537818164665,0.0,0.0,0.0,0.45075621780258945,2.0270270270270268,0.0,0.0,E0002499,U006-misuse-CATEGORY_DRIFT-005,U006,agent_misuse,CATEGORY_DRIFT,1,0,1
0.040740949226526955,0.0090625,0.0,0.0,0.0,0.013829105669607914,0.0,1.0,11.0,0.0,11.0,0.0032222222222222222,3.785579487467504,1.3672754852892886,8.714567550836485,7.618251097876695,0.0,0.0,0.0,-0.5907266244900251,2.214765100671141,0.0,0.0,E0002500,U006-normal-036,U006,normal_user,DAILY_NORMAL,0,0,0
0.1898519445232946,0.0419375,0.0,0.0,0.0,0.06399537865039248,0.0,1.0,11.0,0.0,11.0,0.014911111111111111,3.605403006753973,1.3025865964003995,10.609180702264592,9.203497009494175,0.0,0.0,0.0,-0.4966111909904568,2.2,0.0,0.0,E0002501,U006-normal-036,U006,normal_user,DAILY_NORMAL,0,0,0
0.13945280629363077,0.030625,0.0,0.0,0.0,0.046732839849019846,0.0,2.0,12.0,0.0,12.0,0.0258,3.6305474565995848,1.3134754852892885,7.037905963447182,9.20587039650473,0.0,0.0,0.0,-0.5258611342896812,2.384105960264901,0.0,0.0,E0002502,U006-normal-036,U006,normal_user,DAILY_NORMAL,0,0,0
1.7757043319506072,0.3875625,0.0,0.0,0.0,0.5914088569464736,0.0,1.0,3.0,0.0,3.0,0.1378,0.45174978546618183,0.1636,11.05600389126808,10.017521346338555,0.0,0.0,0.0,0.4723272280448319,0.5921052631578948,0.0,0.0,E0002503,U006-normal-037,U006,normal_user,DAILY_NORMAL,0,0,0
2.157640156134806,0.47351398652016147,0.0,1.0,0.0,0.7225682709654743,0.0,1.0,4.0,0.0,4.0,0.16836052854050187,0.905164108920635,0.3319605285405019,9.060911858484253,10.083055321133461,0.0,0.0,0.0,0.7107310424008985,0.7843137254901962,0.0,0.0,E0002504,U006-misuse-VELOCITY_ATTACK-001,U006,agent_misuse,VELOCITY_ATTACK,1,0,0
0.9016671925329314,0.19949235158358025,1.0,1.0,0.0,0.30441939976032056,0.0,2.0,5.0,1.0,5.0,0.23929114243688596,1.0820147453591553,0.402891142436886,4.5217885770490405,10.03162567760393,0.0,0.0,0.0,-0.06097051339785443,0.9740259740259739,0.0,0.0,E0002505,U006-misuse-VELOCITY_ATTACK-001,U006,agent_misuse,VELOCITY_ATTACK,1,0,0
1.4313332292875938,0.31646230987648677,1.0,1.0,0.0,0.4829120798598775,0.0,3.0,6.0,2.0,6.0,0.35181107483741453,1.375467251260484,0.5154110748374147,4.189654742026425,9.591949850459322,0.0,0.0,0.0,0.2681969223917054,1.161290322580645,0.0,0.0,E0002506,U006-misuse-VELOCITY_ATTACK-001,U006,agent_misuse,VELOCITY_ATTACK,1,0,0
1.5186071082076884,0.3367639511691067,0.0,1.0,0.0,0.5138917811235593,0.0,4.0,7.0,2.0,6.0,0.4715493685864302,1.6782126734290659,0.6351493685864303,2.833213344056216,9.576510097476705,0.0,0.0,0.0,0.3244763538718766,1.346153846153846,0.0,0.0,E0002507,U006-misuse-VELOCITY_ATTACK-001,U006,agent_misuse,VELOCITY_ATTACK,1,0,0
1.5793001169237515,0.351475746754039,0.0,1.0,0.0,0.53634154396314,0.0,5.0,8.0,2.0,7.0,0.5965185229878663,1.9874508834855964,0.7601185229878663,4.343805421853684,7.480315496552965,0.0,0.0,0.0,0.3648748018645994,1.5286624203821655,0.0,0.0,E0002508,U006-misuse-VELOCITY_ATTACK-001,U006,agent_misuse,VELOCITY_ATTACK,1,0,0
1.479545707155502,0.33058174587436595,0.0,1.0,0.0,0.5044579195740775,0.0,6.0,9.0,2.0,8.0,0.7140586992987521,2.2700535866846483,0.8776586992987521,4.48863636973214,4.222444564849416,0.0,0.0,0.0,0.3041477146637317,1.7088607594936709,0.0,0.0,E0002509,U006-misuse-VELOCITY_ATTACK-001,U006,agent_misuse,VELOCITY_ATTACK,1,0,0
1.6834350471617499,0.3773647271344705,0.0,1.0,0.0,0.5758473586234869,0.0,7.0,10.0,2.0,9.0,0.8482328245021193,2.590838106299104,1.0118328245021193,1.6094379124341003,3.927896354584436,0.0,0.0,0.0,0.43622634061120547,1.8867924528301887,0.0,0.0,E0002510,U006-misuse-VELOCITY_ATTACK-001,U006,agent_misuse,VELOCITY_ATTACK,1,0,0
1.9463939534235402,0.43832531800952124,0.0,1.0,0.0,0.6688714085978661,0.0,8.0,11.0,2.0,9.0,1.0040818264610603,2.956043234302036,1.1676818264610602,4.624972813284271,4.060443010546419,0.0,0.0,0.0,0.6085280987878434,2.0625,0.0,0.0,E0002511,U006-misuse-VELOCITY_ATTACK-001,U006,agent_misuse,VELOCITY_ATTACK,1,0,1
0.8442491494923955,0.19133137787481452,1.0,1.0,0.0,0.29196599641848187,0.0,9.0,12.0,3.0,10.0,1.0721107608165499,3.0876550738273214,1.2357107608165498,2.0794415416798357,4.028916756899646,0.0,0.0,0.0,-0.100997852324104,2.236024844720497,0.0,0.0,E0002512,U006-misuse-VELOCITY_ATTACK-001,U006,agent_misuse,VELOCITY_ATTACK,1,0,1
1.5331577539536714,0.34709729722005705,0.0,1.0,0.0,0.5296601600983696,0.0,10.0,13.0,3.0,10.0,1.195523133161459,3.3768902267929786,1.359123133161459,3.367295829986474,3.8416005411316,0.0,0.0,0.0,0.3465165576923435,2.4074074074074074,0.0,0.0,E0002513,U006-misuse-VELOCITY_ATTACK-001,U006,agent_misuse,VELOCITY_ATTACK,1,0,1
1.5772085349542835,0.3583308773012953,0.0,1.0,0.0,0.5468022694491499,0.0,11.0,14.0,3.0,10.0,1.3229296673130309,3.656076760328826,1.4865296673130308,4.2626798770413155,3.7612001156935624,0.0,0.0,0.0,0.37757390490893056,2.576687116564417,0.0,0.0,E0002514,U006-misuse-VELOCITY_ATTACK-001,U006,agent_misuse,VELOCITY_ATTACK,1,0,1
1.6809733930881359,0.38335579330108777,0.0,1.0,0.0,0.5849895475439573,0.0,12.0,15.0,3.0,10.0,1.4592339493756399,3.9500545296335177,1.6228339493756399,4.6443908991413725,4.139955073474153,0.0,0.0,0.0,0.44840990731459646,2.74390243902439,0.0,0.0,E0002515,U006-misuse-VELOCITY_ATTACK-001,U006,agent_misuse,VELOCITY_ATTACK,1,0,1
1.908756145111607,0.43724042868086826,0.0,1.0,0.0,0.6672158997244018,0.0,13.0,16.0,3.0,10.0,1.6146972129066153,4.281114463675256,1.7782972129066152,4.718498871295094,4.1713056033582285,0.0,0.0,0.0,0.6026425941246126,2.909090909090909,0.0,0.0,E0002516,U006-misuse-VELOCITY_ATTACK-001,U006,agent_misuse,VELOCITY_ATTACK,1,0,1
0.8419662384264306,0.19400806601129,0.0,1.0,0.0,0.2960505429656714,0.0,14.0,17.0,3.0,10.0,1.6836778585995182,4.3923827849521295,1.8472778585995184,5.6937321388027,4.808927023502111,0.0,0.0,0.0,-0.10563813768267732,3.072289156626506,0.0,0.0,E0002517,U006-misuse-VELOCITY_ATTACK-001,U006,agent_misuse,VELOCITY_ATTACK,1,0,1
0.0,0.0,1.0,0.0,1.0,0.0,0.0,1.0,16.0,1.0,9.0,0.0,4.307486209189355,1.8214778585995184,10.31294468191383,8.722710305813381,0.0,0.0,0.0,-0.669911901851585,2.874251497005988,0.0,1.0,E0002518,U006-misuse-UNAUTHORIZED_TOOL-006,U006,agent_misuse,UNAUTHORIZED_TOOL,1,0,1
2.6065686163952155,0.6,1.0,0.0,1.0,0.897196261682243,0.0,2.0,17.0,2.0,10.0,0.21333333333333335,4.8119833607497196,2.0348111919328518,6.293419278846481,8.737901780614896,0.0,0.0,0.0,1.0762594372643886,3.035714285714286,0.0,1.0,E0002519,U006-misuse-UNAUTHORIZED_TOOL-006,U006,agent_misuse,UNAUTHORIZED_TOOL,1,0,1
0.0,0.0,1.0,0.0,1.0,0.0,0.0,3.0,18.0,3.0,11.0,0.21333333333333335,4.7324006065481825,2.0348111919328518,6.293419278846481,8.751822527833538,0.0,0.0,0.0,-0.6764838760210973,3.195266272189349,0.0,1.0,E0002520,U006-misuse-UNAUTHORIZED_TOOL-006,U006,agent_misuse,UNAUTHORIZED_TOOL,1,0,1
0.22091236805137313,0.051375,0.0,0.0,0.0,0.07839672317529452,0.0,1.0,19.0,0.0,12.0,0.018266666666666667,4.77488375425037,2.053077858599518,10.043075566743182,9.296426320889312,0.0,0.0,0.0,-0.5270402210207052,3.352941176470588,0.0,0.0,E0002521,U006-normal-038,U006,normal_user,DAILY_NORMAL,0,0,0
0.45348130965437844,0.1049375,0.0,1.0,0.0,0.16013150633980475,0.0,1.0,5.0,0.0,5.0,0.037311111111111114,0.6245274896106229,0.2689111111111111,10.74834672745997,9.910969492883885,0.0,0.0,0.0,-0.3687276164102245,0.8771929824561403,0.0,0.0,E0002522,U006-normal-038,U006,normal_user,DAILY_NORMAL,0,0,0
0.1092241218714233,0.0251875,0.0,1.0,0.0,0.0384353764472551,0.0,1.0,3.0,0.0,2.0,0.008955555555555555,0.149442558932035,0.06453333333333333,10.569006565978599,9.994616274947207,0.0,0.0,0.0,-0.6005597421571053,0.5232558139534884,0.0,0.0,E0002523,U006-normal-039,U006,normal_user,DAILY_NORMAL,0,0,0
0.17170936491514102,0.039375,0.0,0.0,0.0,0.060085079805882666,0.0,1.0,3.0,0.0,2.0,0.014,0.13946564769387915,0.06026666666666667,10.511757440962972,10.280175885872874,0.0,0.0,0.0,-0.5564275276428953,0.5202312138728323,0.0,0.0,E0002524,U006-normal-039,U006,normal_user,RECURRING_NORMAL,0,0,0
0.8731514878350269,0.1991875,0.0,0.0,0.0,0.3039542053037271,0.0,1.0,4.0,0.0,3.0,0.07082222222222222,0.30303110056903965,0.1310888888888889,8.202756381655638,10.301290044308947,0.0,0.0,0.0,-0.08495692229564371,0.6896551724137931,0.0,0.0,E0002525,U006-normal-039,U006,normal_user,DAILY_NORMAL,0,0,0
0.10830460851692106,0.0246875,0.0,0.0,0.0,0.03767239130686294,0.0,1.0,3.0,0.0,3.0,0.008777777777777778,0.2151956967088316,0.0936,10.99122424909553,10.519807682982748,0.0,0.0,0.0,-0.5985918799372282,0.5142857142857143,0.0,0.0,E0002526,U006-normal-040,U006,normal_user,DAILY_NORMAL,0,0,0
0.053487051549165596,0.012125,0.0,0.0,0.0,0.0185023896545099,0.0,2.0,4.0,0.0,3.0,0.01308888888888889,0.2249560415479416,0.09791111111111112,7.902117546276448,10.249627194559478,0.0,0.0,0.0,-0.6331528762482908,0.6818181818181819,0.0,0.0,E0002527,U006-normal-040,U006,normal_user,DAILY_NORMAL,0,0,0
0.0990020912143942,0.0223125,0.0,0.0,0.0,0.03404821189000017,0.0,1.0,5.0,0.0,4.0,0.007933333333333334,0.2431030367861832,0.10584444444444445,9.874316175235847,10.101313295866047,0.0,0.0,0.0,-0.6003153963146797,0.847457627118644,0.0,0.0,E0002528,U006-normal-040,U006,normal_user,DAILY_NORMAL,0,0,0
0.29641621738624785,0.0664375,0.0,1.0,0.0,0.10138165052960836,0.0,1.0,2.0,0.0,2.0,0.02362222222222222,0.07243266216560446,0.03155555555555556,11.227587310062901,10.375401855282155,0.0,0.0,0.0,-0.4671221429791676,0.33707865168539325,0.0,0.0,E0002529,U006-normal-041,U006,normal_user,DAILY_NORMAL,0,0,0
0.19070920782515663,0.0425625,0.0,1.0,1.0,0.0649491100758827,0.0,1.0,2.0,0.0,2.0,0.015133333333333334,0.08879905445122765,0.03875555555555556,10.623106250301866,10.585209715426606,0.0,0.0,0.0,-0.536285990916889,0.33519553072625696,0.0,0.0,E0002530,U006-normal-042,U006,normal_user,DAILY_NORMAL,0,0,0
0.19642756961976554,0.043625,0.0,0.0,0.0,0.06657045349921603,0.0,1.0,2.0,0.0,2.0,0.015511111111111111,0.07013332891885335,0.030644444444444443,11.159359967402821,10.638711939508168,0.0,0.0,0.0,-0.5310441033267611,0.3333333333333333,0.0,0.0,E0002531,U006-normal-042,U006,normal_user,DAILY_NORMAL,0,0,0
0.06560392029853108,0.0145,0.0,0.0,0.0,0.022126569071372663,0.0,1.0,2.0,0.0,2.0,0.005155555555555556,0.0472421375265594,0.020666666666666667,10.57385217019883,10.79953884172415,0.0,0.0,0.0,-0.6158565918674751,0.3314917127071823,0.0,0.0,E0002532,U006-normal-043,U006,normal_user,DAILY_NORMAL,0,0,0
0.16833939069919326,0.037,0.0,0.0,0.0,0.0564609003890199,0.0,1.0,3.0,0.0,3.0,0.013155555555555556,0.0772841917966253,0.03382222222222222,10.262629451038649,10.836470196090634,0.0,0.0,0.0,-0.5461088377970648,0.4945054945054945,0.0,0.0,E0002533,U006-normal-043,U006,normal_user,DAILY_NORMAL,0,0,0
1.1982056842414561,0.2620625,0.0,0.0,0.0,0.39989958670804127,0.0,2.0,4.0,0.0,4.0,0.10633333333333334,0.28990606288474263,0.127,8.15507488781144,10.505138769910355,0.0,0.0,0.0,0.12978143079772364,0.6557377049180328,0.0,0.0,E0002534,U006-normal-043,U006,normal_user,DAILY_NORMAL,0,0,0
0.283432538058927,0.0620625,0.0,0.0,0.0,0.09470553055117696,0.0,1.0,4.0,0.0,4.0,0.022066666666666665,0.3027242853623869,0.13355555555555557,10.88939762629034,10.571547667719429,0.0,0.0,0.0,-0.4711065984429093,0.6521739130434783,0.0,0.0,E0002535,U006-normal-044,U006,normal_user,DAILY_NORMAL,0,0,0
0.008312318385211917,0.0018125,0.0,0.0,0.0,0.002765821133921583,0.0,1.0,2.0,0.0,2.0,0.0006444444444444444,0.05139255529150986,0.022711111111111112,10.411749893898953,10.361386970492713,0.0,0.0,0.0,-0.650736622384804,0.3243243243243243,0.0,0.0,E0002536,U006-hard-PAYDAY_BURST-000,U006,hard_negative,PAYDAY_BURST,0,0,0
0.26494206015602045,0.0574375,0.0,0.0,0.0,0.08764791800254947,0.0,2.0,3.0,0.0,3.0,0.021066666666666668,0.09760088166412602,0.043133333333333336,6.042632833682381,10.080771441562744,0.0,0.0,0.0,-0.4803666998141202,0.48387096774193544,0.0,0.0,E0002537,U006-hard-PAYDAY_BURST-000,U006,hard_negative,PAYDAY_BURST,0,0,0
1.5156582380078965,0.3271875,0.0,0.0,0.0,0.4992784012441202,0.0,3.0,4.0,0.0,4.0,0.1374,0.36028168063814575,0.15946666666666667,6.042632833682381,9.811109071101471,0.0,0.0,0.0,0.3363051083176225,0.6417112299465241,0.0,0.0,E0002538,U006-hard-PAYDAY_BURST-000,U006,hard_negative,PAYDAY_BURST,0,0,0
0.016742774983285982,0.003625,0.0,0.0,0.0,0.005531642267843166,0.0,4.0,5.0,0.0,5.0,0.1386888888888889,0.3600393407523507,0.16075555555555557,6.042632833682381,9.77697149480551,0.0,0.0,0.0,-0.6448137247862202,0.7978723404255319,0.0,0.0,E0002539,U006-hard-PAYDAY_BURST-000,U006,hard_negative,PAYDAY_BURST,0,0,0
1.0012433731838877,0.2155625,0.0,0.0,0.0,0.3289419686515703,0.0,5.0,6.0,0.0,6.0,0.21533333333333332,0.5316464211932306,0.2374,6.042632833682381,8.851720681099524,0.0,0.0,0.0,0.0008121770231718194,0.9523809523809524,0.0,0.0,E0002540,U006-hard-PAYDAY_BURST-000,U006,hard_negative,PAYDAY_BURST,0,0,0
1.6558573076914096,0.3565,0.0,0.0,0.0,0.5440084050996107,0.0,6.0,7.0,0.0,7.0,0.3420888888888889,0.8108703730976008,0.36415555555555557,6.042632833682381,6.042632833682381,0.0,0.0,0.0,0.429634295047004,1.105263157894737,0.0,0.0,E0002541,U006-hard-PAYDAY_BURST-000,U006,hard_negative,PAYDAY_BURST,0,0,0
0.059580528082910665,0.012875,0.0,0.0,0.0,0.01964686736509814,0.0,7.0,8.0,0.0,8.0,0.3466666666666667,0.8134109778506965,0.36873333333333336,6.018593214496234,6.037870919922137,0.0,0.0,0.0,-0.61975697082989,1.256544502617801,0.0,0.0,E0002542,U006-normal-044,U006,normal_user,DAILY_NORMAL,0,0,0
0.1695142661642221,0.0364375,0.0,0.0,0.0,0.05560254210607872,0.0,1.0,9.0,0.0,9.0,0.012955555555555555,0.8417070852920805,0.3816888888888889,8.780941113572387,7.400376198093281,0.0,0.0,0.0,-0.5453643091205316,1.40625,0.0,0.0,E0002543,U006-normal-044,U006,normal_user,DAILY_NORMAL,0,0,0
0.037975253918758965,0.008125,0.0,0.0,0.0,0.012398508531372613,0.0,2.0,10.0,0.0,10.0,0.015844444444444446,0.8472708349609489,0.3845777777777778,8.092851027538384,7.699208148326206,0.0,0.0,0.0,-0.6300530982291354,1.5544041450777202,0.0,0.0,E0002544,U006-agent-normal-001,U006,normal_agent,DELEGATED_NORMAL,0,0,0
0.14420030321156282,0.0306875,0.0,0.0,1.0,0.04682821299156887,0.0,1.0,1.0,0.0,1.0,0.010911111111111111,0.0240333838685938,0.010911111111111111,11.521131701517328,10.011767801620904,0.0,0.0,0.0,-0.558427841718621,0.15463917525773196,0.0,0.0,E0002545,U006-normal-046,U006,normal_user,DAILY_NORMAL,0,0,0
7.903898944418222,1.674088544579959,1.0,1.0,1.0,0.9605528577424426,0.0,2.0,2.0,1.0,2.0,0.6061425936284298,1.3340526449039376,0.6061425936284298,8.151909872940905,10.038761176593697,0.0,0.0,0.0,4.492212665144235,0.3076923076923077,0.0,0.0,E0002546,U006-paysim-fraud-001,U006,paysim_fraud,ACCOUNT_DRAIN_TRANSFER,1,1,1
5.029846686073906,1.105761149488413,0.0,1.0,1.0,0.9414650086293811,0.0,3.0,3.0,1.0,2.0,0.9993021134465322,2.1073303612280294,0.9993021134465322,4.110873864173311,10.035699324844632,0.0,0.0,0.0,2.5893274270036075,0.45918367346938777,0.0,0.0,E0002547,U006-paysim-fraud-001,U006,paysim_fraud,FOLLOW_UP_CASHOUT_PROXY,1,1,1
7.304348982614761,1.6411486585059456,1.0,1.0,1.0,0.9597929388048813,0.0,3.0,4.0,2.0,3.0,1.5719105253597572,3.248091587883408,1.5828216364708683,6.042632833682381,9.980883684191832,0.0,0.0,0.0,4.077321596518008,0.6091370558375635,0.0,0.0,E0002548,U006-paysim-fraud-005,U006,paysim_fraud,ACCOUNT_DRAIN_TRANSFER,1,1,1
3.364812122431487,0.7819124312536022,0.0,1.0,1.0,0.9191806320884718,0.0,4.0,5.0,2.0,3.0,1.849923834249927,3.672032515936758,1.860834945361038,5.484796933490655,9.952439608362303,0.0,0.0,0.0,1.5190165082542244,0.7575757575757576,0.0,0.0,E0002549,U006-paysim-fraud-005,U006,paysim_fraud,FOLLOW_UP_CASHOUT_PROXY,1,1,1
1.7962633749179056,0.42275,0.0,0.0,0.0,0.6451039362015719,0.0,1.0,6.0,0.0,4.0,0.15031111111111112,3.8973738583035176,2.0111460564721493,10.258781543397928,8.786456678344,0.0,0.0,0.0,0.5162074056253906,0.9045226130653266,0.0,0.0,E0002550,U006-agent-normal-033,U006,normal_agent,DELEGATED_NORMAL,0,0,0
0.026178597168860035,0.0061875,0.0,0.0,0.0,0.00944194111235299,0.0,1.0,7.0,0.0,5.0,0.0022,3.8641184291713575,2.013346056472149,8.649448770536708,8.852579123937028,0.0,0.0,0.0,-0.6352750277524731,1.05,0.0,0.0,E0002551,U006-normal-046,U006,normal_user,DAILY_NORMAL,0,0,0
0.35619147082996594,0.08375,0.0,0.0,0.0,0.12780001101568694,0.0,1.0,8.0,0.0,6.0,0.029777777777777778,3.920717666503613,2.043123834249927,10.238530196347746,9.439243306158723,0.0,0.0,0.0,-0.41847339475181383,1.1940298507462686,0.0,0.0,E0002552,U006-normal-046,U006,normal_user,DAILY_NORMAL,0,0,0
0.023738787007306205,0.0055625,0.0,0.0,0.0,0.008488209686862789,0.0,1.0,2.0,0.0,2.0,0.001977777777777778,0.06082248380368259,0.03175555555555556,11.332757587343485,10.281602018621493,0.0,0.0,0.0,-0.6337869706750917,0.297029702970297,0.0,0.0,E0002553,U006-normal-047,U006,normal_user,DAILY_NORMAL,0,0,0
9.88065231774461,2.3032866889586234,1.0,1.0,1.0,0.9710164685394547,0.0,1.0,2.0,1.0,2.0,0.8189463782963995,1.5721451367987045,0.8209241560741772,10.154751979566992,10.442463219718466,0.0,0.0,0.0,5.744655353146345,0.2955665024630542,0.0,0.0,E0002554,U006-paysim-fraud-006,U006,paysim_fraud,ACCOUNT_DRAIN_TRANSFER,1,1,1
3.0099334768746573,0.7344431968337897,0.0,1.0,1.0,0.9144041554746548,0.0,2.0,3.0,1.0,2.0,1.080081737170636,1.9692915534130677,1.0820595149484136,5.198497031265826,10.261679345477523,0.0,0.0,0.0,1.2595312865631803,0.4411764705882353,0.0,0.0,E0002555,U006-paysim-fraud-006,U006,paysim_fraud,FOLLOW_UP_CASHOUT_PROXY,1,1,1
0.27349781004734053,0.0674375,0.0,0.0,0.0,0.10290762081039269,0.0,1.0,4.0,0.0,3.0,0.02397777777777778,1.9815387986659092,1.1060372927261914,10.32980049315713,10.422275393552628,0.0,0.0,0.0,-0.45936112141255225,0.5853658536585367,0.0,0.0,E0002556,U006-normal-048,U006,normal_user,DAILY_NORMAL,0,0,0
0.06615340234002472,0.01625,1.0,0.0,0.0,0.024797017062745227,0.0,1.0,5.0,1.0,4.0,0.0057777777777777775,1.9890419085960584,1.111815070503969,8.565983355585669,10.277042228821445,0.0,0.0,0.0,-0.5894430227461323,0.7281553398058253,0.0,0.0,E0002557,U006-hard-TRAVEL_MODE-001,U006,hard_negative,TRAVEL_MODE,0,0,0
0.032470503922990654,0.0079375,1.0,0.0,0.0,0.012112389103725552,0.0,2.0,6.0,2.0,5.0,0.0086,1.9934040508889723,1.1146372927261914,8.188966863648876,9.478487881199401,0.0,0.0,0.0,-0.608781591984811,0.8695652173913043,0.0,0.0,E0002558,U006-hard-TRAVEL_MODE-001,U006,hard_negative,TRAVEL_MODE,0,0,0
0.03494584747362184,0.0085,1.0,0.0,0.0,0.012970747386666733,0.0,2.0,7.0,2.0,6.0,0.005844444444444445,1.9984727321376492,1.1176595149484136,8.188966863648876,9.06566136060674,0.0,0.0,0.0,-0.605181149669766,1.0096153846153846,0.0,0.0,E0002559,U006-hard-TRAVEL_MODE-001,U006,hard_negative,TRAVEL_MODE,0,0,0
2.2724482317749533,0.55,1.0,1.0,0.0,0.8392836544313769,0.0,2.0,8.0,2.0,7.0,0.19857777777777777,2.347720225888347,1.3132150705039691,6.042632833682381,9.071193240566025,0.0,0.0,0.0,0.7952948237352031,1.1483253588516746,0.0,0.0,E0002560,U006-hard-NEW_RECIPIENT_NORMAL-002,U006,hard_negative,NEW_RECIPIENT_NORMAL,0,0,0
0.045412376480166564,0.0110625,0.0,0.0,0.0,0.016881046231176557,0.0,1.0,8.0,0.0,6.0,0.003933333333333333,2.324131842167258,1.3151706260595246,10.069256195989015,8.895054119097741,0.0,0.0,0.0,-0.6010703670055582,1.1428571428571428,0.0,0.0,E0002561,U006-normal-048,U006,normal_user,DAILY_NORMAL,0,0,0
0.003867245693941351,0.0009375,0.0,0.0,0.0,0.0014305971382353015,0.0,1.0,4.0,0.0,4.0,0.0003333333333333333,0.358377854764433,0.20284444444444444,11.022833407591145,9.825374648260293,0.0,0.0,0.0,-0.6252078241916649,0.5687203791469194,0.0,0.0,E0002562,U006-normal-049,U006,normal_user,DAILY_NORMAL,0,0,0
0.02591200054786824,0.00625,0.0,0.0,0.0,0.00953731425490201,0.0,1.0,3.0,0.0,3.0,0.0022222222222222222,0.01146409721208716,0.006488888888888889,8.244859395911256,9.82761032386303,0.0,0.0,0.0,-0.609236841721795,0.42452830188679247,0.0,0.0,E0002563,U006-normal-049,U006,normal_user,DAILY_NORMAL,0,0,0
0.004426708452841047,0.0010625,1.0,0.0,0.0,0.0016213434233333416,0.0,2.0,4.0,1.0,4.0,0.0026,0.012129940099862993,0.006866666666666667,6.816735880594968,9.798182590890704,0.0,0.0,0.0,-0.6206109743642731,0.5633802816901409,0.0,0.0,E0002564,U006-hard-TRAVEL_MODE-001,U006,hard_negative,TRAVEL_MODE,0,0,0
0.11462342139902834,0.027375,1.0,0.0,0.0,0.0417734364364708,0.0,2.0,5.0,2.0,5.0,0.01011111111111111,0.0293231834880391,0.0166,8.188966863648876,9.832904131080666,0.0,0.0,0.0,-0.550018967153782,0.7009345794392523,0.0,0.0,E0002565,U006-hard-TRAVEL_MODE-001,U006,hard_negative,TRAVEL_MODE,0,0,0
0.13247899504225352,0.0315,1.0,0.0,0.0,0.04806806384470613,0.0,2.0,6.0,2.0,6.0,0.020933333333333335,0.04907937183068561,0.0278,8.188966863648876,9.591239526139097,0.0,0.0,0.0,-0.5374881049989749,0.8372093023255813,0.0,0.0,E0002566,U006-hard-TRAVEL_MODE-001,U006,hard_negative,TRAVEL_MODE,0,0,0
0.21858280175819605,0.05175,0.0,0.0,1.0,0.07896896203058865,0.0,1.0,6.0,0.0,6.0,0.0184,0.07457032733248832,0.04226666666666667,10.276119503549053,9.010766852174406,0.0,0.0,0.0,-0.48291420690148873,0.8333333333333333,0.0,0.0,E0002567,U006-normal-050,U006,normal_user,DAILY_NORMAL,0,0,0
0.04637657540309356,0.0109375,1.0,0.0,0.0,0.016690299946078516,0.0,1.0,7.0,1.0,7.0,0.0038888888888888888,0.08134340361342039,0.046155555555555554,10.13982369763632,9.43313186132385,0.0,0.0,0.0,-0.5881823262349034,0.967741935483871,0.0,0.0,E0002568,U006-normal-050,U006,normal_user,DAILY_NORMAL,0,0,0
0.4214795091408984,0.0989375,1.0,0.0,0.0,0.1509756846550988,0.0,1.0,8.0,1.0,8.0,0.03517777777777778,0.1433071052223708,0.08133333333333333,9.549665677579801,9.623839785112668,0.0,0.0,0.0,-0.3557279623737671,1.1009174311926606,0.0,0.0,E0002569,U006-hard-TRAVEL_MODE-001,U006,hard_negative,TRAVEL_MODE,0,0,0
0.3588576041541136,0.084,1.0,0.0,0.0,0.128181503585883,0.0,2.0,9.0,2.0,9.0,0.06504444444444445,0.19552737926689726,0.1112,8.188966863648876,9.623839785112668,0.0,0.0,0.0,-0.3939619406588323,1.2328767123287672,0.0,0.0,E0002570,U006-hard-TRAVEL_MODE-001,U006,hard_negative,TRAVEL_MODE,0,0,0
0.1424912832108656,0.03325,0.0,0.0,0.0,0.05073851183607869,0.0,1.0,1.0,0.0,1.0,0.011822222222222222,0.020751157749155185,0.011822222222222222,12.049249230459402,10.79127592393757,0.0,0.0,0.0,-0.5263536898425375,0.13636363636363638,0.0,0.0,E0002571,U006-normal-052,U006,normal_user,DAILY_NORMAL,0,0,0
0.7536116809026681,0.175125,0.0,0.0,0.0,0.26723554542235434,0.0,1.0,2.0,0.0,2.0,0.062266666666666665,0.12995589817467315,0.07408888888888888,8.741136422901011,10.692849049500238,0.0,0.0,0.0,-0.1508750911583726,0.2714932126696833,0.0,0.0,E0002572,U006-normal-052,U006,normal_user,DAILY_NORMAL,0,0,0
0.17772076681108523,0.04125,0.0,0.0,0.0,0.06294627408235326,0.0,1.0,3.0,0.0,3.0,0.014666666666666666,0.15511729515810194,0.08875555555555556,10.958374330000542,10.828936222195049,0.0,0.0,0.0,-0.5041093263156915,0.4054054054054054,0.0,0.0,E0002573,U006-normal-053,U006,normal_user,DAILY_NORMAL,0,0,0
0.025141386711833358,0.0058125,0.0,0.0,0.0,0.008869702257058869,0.0,1.0,2.0,0.0,2.0,0.0020666666666666667,0.029219731739482207,0.016733333333333333,10.845290073579006,10.966652267465882,0.0,0.0,0.0,-0.5963656352230213,0.26905829596412556,0.0,0.0,E0002574,U006-normal-053,U006,normal_user,DAILY_NORMAL,0,0,0
0.09940497808432205,0.022875,0.0,0.0,0.0,0.034906570172941354,0.0,1.0,2.0,0.0,2.0,0.008133333333333333,0.01780908857950969,0.0102,10.704995742766139,11.099011767829973,0.0,0.0,0.0,-0.5492231172987276,0.26785714285714285,0.0,0.0,E0002575,U006-normal-054,U006,normal_user,DAILY_NORMAL,0,0,0
0.11974274275208825,0.0274375,0.0,0.0,0.0,0.041868809579019825,0.0,1.0,2.0,0.0,2.0,0.009755555555555556,0.031219026843244898,0.017888888888888888,11.306872533448725,10.782852855076554,0.0,0.0,0.0,-0.5354175667027185,0.26666666666666666,0.0,0.0,E0002576,U006-normal-055,U006,normal_user,DAILY_NORMAL,0,0,0
0.06381865033522154,0.0145625,0.0,0.0,0.0,0.022221942213921684,0.0,2.0,3.0,0.0,3.0,0.014933333333333333,0.040232261143388105,0.023066666666666666,7.719573989259581,10.766098987887473,0.0,0.0,0.0,-0.5680273443135031,0.39823008849557523,0.0,0.0,E0002577,U006-normal-055,U006,normal_user,DAILY_NORMAL,0,0,0
0.007978159565919013,0.0018125,0.0,0.0,0.0,0.002765821133921583,0.0,1.0,3.0,0.0,3.0,0.0006444444444444444,0.027162165399267746,0.015577777777777777,9.868430160720726,10.590677021121826,0.0,0.0,0.0,-0.6002202568470077,0.39647577092511016,0.0,0.0,E0002578,U006-normal-055,U006,normal_user,DAILY_NORMAL,0,0,0
1.6721606455927287,0.378125,0.0,1.0,0.0,0.5770075124215716,0.0,1.0,4.0,0.0,4.0,0.13444444444444445,0.2615761918219629,0.15002222222222222,9.759501702007746,10.403280539967616,0.0,0.0,0.0,0.405411834705469,0.5263157894736842,0.0,0.0,E0002579,U006-normal-055,U006,normal_user,RECURRING_NORMAL,0,0,0
0.20086049214118212,0.0455625,0.0,0.0,0.0,0.06952702091823565,0.0,1.0,5.0,0.0,4.0,0.0162,0.2875751710625021,0.16622222222222222,9.870809390145546,10.237220325966451,0.0,0.0,0.0,-0.4844489050592619,0.6550218340611353,0.0,0.0,E0002580,U006-normal-055,U006,normal_user,DAILY_NORMAL,0,0,0
0.016593117636494847,0.00375,0.0,1.0,0.0,0.005722388552941206,0.0,1.0,3.0,0.0,3.0,0.0013333333333333333,0.2626859525833062,0.15197777777777777,11.064855524029626,10.103354288545832,0.0,0.0,0.0,-0.5950051284828467,0.3913043478260869,0.0,0.0,E0002581,U006-normal-056,U006,normal_user,DAILY_NORMAL,0,0,0
0.1475176156845186,0.0331875,0.0,0.0,0.0,0.050643138693529675,0.0,1.0,3.0,0.0,3.0,0.0118,0.050697298212284775,0.029333333333333333,9.067854723679428,10.154588624724909,0.0,0.0,0.0,-0.5142203580017104,0.38961038961038963,0.0,0.0,E0002582,U006-normal-056,U006,normal_user,DAILY_NORMAL,0,0,0
0.2936833727146526,0.0658125,0.0,0.0,0.0,0.10042791910411816,0.0,1.0,4.0,0.0,4.0,0.0234,0.0910780003988435,0.05273333333333333,8.789964651132264,10.05019056722823,0.0,0.0,0.0,-0.42510558382642716,0.5172413793103449,0.0,0.0,E0002583,U006-normal-056,U006,normal_user,DAILY_NORMAL,0,0,0
0.3886477693883886,0.0868125,0.0,0.0,0.0,0.1324732950005889,0.0,1.0,4.0,0.0,4.0,0.030866666666666667,0.11625281660749161,0.0674,11.154921066269436,10.424600084170255,0.0,0.0,0.0,-0.36745201510636466,0.5150214592274678,0.0,0.0,E0002584,U006-normal-057,U006,normal_user,DAILY_NORMAL,0,0,0
0.0,0.0,0.0,0.0,0.0,0.0,0.0,1.0,4.0,0.0,4.0,0.0,0.11375118937750618,0.06606666666666666,9.055556158175316,10.35837119877402,0.0,0.0,0.0,-0.6005603507082773,0.5128205128205129,0.0,0.0,E0002585,U006-agent-normal-029,U006,normal_agent,DELEGATED_NORMAL,0,0,0
1.4180701025346067,0.315875,0.0,1.0,0.0,0.4820158624427476,0.0,1.0,4.0,0.0,4.0,0.11231111111111111,0.2868075733514249,0.16657777777777777,8.675222055641148,9.899168237711898,0.0,0.0,0.0,0.25107632739882896,0.5106382978723405,0.0,0.0,E0002586,U006-normal-057,U006,normal_user,DAILY_NORMAL,0,0,0
2.0469141945908103,0.4568125,0.0,0.0,0.0,0.6970822988907879,0.0,1.0,4.0,0.0,4.0,0.16242222222222222,0.5228011334939969,0.3056,10.792222075639238,10.236654332148614,0.0,0.0,0.0,0.631264543836023,0.5084745762711864,0.0,0.0,E0002587,U006-normal-058,U006,normal_user,DAILY_NORMAL,0,0,0
0.04153217730674632,0.0093125,0.0,0.0,0.0,0.014210598239803996,0.0,1.0,4.0,0.0,4.0,0.003311111111111111,0.47129566702522213,0.2780444444444444,10.23120731201944,10.378018418363867,0.0,0.0,0.0,-0.581449507227072,0.5063291139240506,0.0,0.0,E0002588,U006-normal-058,U006,normal_user,RECURRING_NORMAL,0,0,0
0.01119770623596272,0.0025,0.0,0.0,0.0,0.003814925701960804,0.0,1.0,3.0,0.0,2.0,0.0008888888888888889,0.28237803147056667,0.16662222222222223,10.68898599416026,10.20128578367504,0.0,0.0,0.0,-0.5981639977368802,0.37815126050420167,0.0,0.0,E0002589,U006-normal-059,U006,normal_user,DAILY_NORMAL,0,0,0
0.10263211794619131,0.0228125,0.0,0.0,0.0,0.03481119703039234,0.0,1.0,2.0,0.0,2.0,0.00811111111111111,0.015251715179136796,0.009,10.842283139750352,10.475940589273042,0.0,0.0,0.0,-0.5412338849330497,0.2510460251046025,0.0,0.0,E0002590,U006-normal-059,U006,normal_user,DAILY_NORMAL,0,0,0
0.0019761687506724755,0.0004375,0.0,0.0,0.0,0.0006676119978431407,0.0,1.0,2.0,0.0,2.0,0.00015555555555555556,0.014002567147622115,0.008266666666666667,10.902555710867851,10.717612659648976,0.0,0.0,0.0,-0.6004882743683426,0.25,0.0,0.0,E0002591,U006-normal-060,U006,normal_user,DAILY_NORMAL,0,0,0
0.07202475849654838,0.015875,0.0,1.0,0.0,0.024224778207451104,0.0,1.0,3.0,0.0,3.0,0.005644444444444444,0.02356325281452823,0.013911111111111112,9.495669678844367,10.54734469400999,0.0,0.0,0.0,-0.55666597598475,0.37344398340248963,0.0,0.0,E0002592,U006-normal-060,U006,normal_user,DAILY_NORMAL,0,0,0
0.17966210616575456,0.0394375,0.0,0.0,0.0,0.06018045294843168,0.0,1.0,4.0,0.0,4.0,0.014022222222222222,0.04729963643130341,0.027933333333333334,8.228977643358313,10.412549622154245,0.0,0.0,0.0,-0.4908338574812235,0.49586776859504134,0.0,0.0,E0002593,U006-normal-060,U006,normal_user,DAILY_NORMAL,0,0,0
0.33861865114942674,0.0740625,0.0,0.0,0.0,0.11301717392058881,0.0,1.0,4.0,0.0,4.0,0.026333333333333334,0.07809359742808787,0.046155555555555554,9.70996348123418,10.232676185139635,0.0,0.0,0.0,-0.3949603060547431,0.4938271604938272,0.0,0.0,E0002594,U006-normal-060,U006,normal_user,DAILY_NORMAL,0,0,0
0.5066766595611841,0.1105,0.0,0.0,0.0,0.16861971602666753,0.0,1.0,4.0,0.0,4.0,0.03928888888888889,0.14409183786943713,0.08528888888888889,11.070412481386326,10.322776667237362,0.0,0.0,0.0,-0.2942927114293232,0.49180327868852464,0.0,0.0,E0002595,U006-normal-061,U006,normal_user,DAILY_NORMAL,0,0,0
0.06490670891745949,0.014125,0.0,0.0,0.0,0.021554330216078544,0.0,1.0,3.0,0.0,3.0,0.005022222222222222,0.11908720333701636,0.07064444444444444,9.993693820422276,10.082980111486535,0.0,0.0,0.0,-0.5577437289556821,0.3673469387755102,0.0,0.0,E0002596,U006-agent-normal-022,U006,normal_agent,DELEGATED_NORMAL,0,0,0
0.24684055619594805,0.0535,0.0,1.0,1.0,0.0816394100219612,0.0,1.0,3.0,0.0,3.0,0.01902222222222222,0.10673255024251305,0.06333333333333334,9.611864390851085,10.096584182498042,0.0,0.0,0.0,-0.4480793446571916,0.3658536585365854,0.0,0.0,E0002597,U006-normal-062,U006,normal_user,DAILY_NORMAL,0,0,0
0.03384860621567687,0.0073125,0.0,1.0,0.0,0.011158657678235352,0.0,1.0,4.0,0.0,4.0,0.0026,0.11099559531599609,0.06593333333333333,10.488130391904537,10.331620460456506,0.0,0.0,0.0,-0.5739197478236742,0.4858299595141701,0.0,0.0,E0002598,U006-normal-062,U006,normal_user,DAILY_NORMAL,0,0,0
0.19667455442824427,0.0423125,0.0,0.0,0.0,0.06456761750568661,0.0,1.0,4.0,0.0,4.0,0.015044444444444444,0.07017100134538001,0.041688888888888886,10.297959119169427,10.41409315209857,0.0,0.0,0.0,-0.4759048614982868,0.48387096774193544,0.0,0.0,E0002599,U006-agent-normal-003,U006,normal_agent,DELEGATED_NORMAL,0,0,0
0.5459976683216897,0.1170625,0.0,0.0,0.0,0.17863389599431465,0.0,1.0,2.0,0.0,2.0,0.04162222222222222,0.09530124811561796,0.056666666666666664,11.005593730458493,10.389598263463098,0.0,0.0,0.0,-0.26848071301461146,0.24096385542168672,0.0,0.0,E0002600,U006-normal-063,U006,normal_user,DAILY_NORMAL,0,0,0
1.4092180802573202,0.3015541970615236,1.0,1.0,0.0,0.4601627427616638,0.0,1.0,3.0,1.0,3.0,0.1072192700663195,0.2749795775947604,0.16388593673298615,8.99205997632796,10.300577688262102,0.0,0.0,0.0,0.2420078167925529,0.36,0.0,0.0,E0002601,U006-misuse-RECIPIENT_BURST-002,U006,agent_misuse,RECIPIENT_BURST,1,0,0
1.9278339212510518,0.41324650772112625,1.0,1.0,0.0,0.6306018894203473,0.0,2.0,4.0,2.0,4.0,0.25415136170049774,0.5184040784761801,0.3108180283671644,5.707110264748875,10.19697026867758,0.0,0.0,0.0,0.5507638381594895,0.4780876494023904,0.0,0.0,E0002602,U006-misuse-RECIPIENT_BURST-002,U006,agent_misuse,RECIPIENT_BURST,1,0,0
1.5256528327375454,0.32831611420628526,1.0,1.0,0.0,0.5010006329813825,0.0,3.0,5.0,3.0,5.0,0.3708859800849547,0.7073242696466948,0.42755264675162136,5.707110264748875,9.888607390006676,0.0,0.0,0.0,0.3137122690810232,0.5952380952380952,0.0,0.0,E0002603,U006-misuse-RECIPIENT_BURST-002,U006,agent_misuse,RECIPIENT_BURST,1,0,0
2.3656130873066363,0.510197503946543,1.0,1.0,0.0,0.7785462283527661,0.0,4.0,6.0,4.0,6.0,0.5522895370437255,1.0009866204358027,0.6089562037103923,5.707110264748875,9.534624346872512,0.0,0.0,0.0,0.8183570584854062,0.7114624505928854,0.0,0.0,E0002604,U006-misuse-RECIPIENT_BURST-002,U006,agent_misuse,RECIPIENT_BURST,1,0,0
1.8018690244953548,0.39083394033240326,1.0,1.0,0.0,0.5964009776690803,0.0,5.0,7.0,5.0,7.0,0.69125271582858,1.21731121013728,0.7479193824952467,5.707110264748875,7.522183874830677,0.0,0.0,0.0,0.48361068191415324,0.8267716535433071,0.0,0.0,E0002605,U006-misuse-RECIPIENT_BURST-002,U006,agent_misuse,RECIPIENT_BURST,1,0,0
1.2107490050445424,0.26349463939722195,1.0,1.0,0.0,0.40208498886614236,0.0,6.0,8.0,6.0,8.0,0.7849396987253701,1.3595459556266634,0.8416063653920367,5.707110264748875,5.707110264748875,0.0,0.0,0.0,0.12773260117375576,0.9411764705882353,0.0,0.0,E0002606,U006-misuse-RECIPIENT_BURST-002,U006,agent_misuse,RECIPIENT_BURST,1,0,0
0.04533564785113797,0.009875,0.0,1.0,0.0,0.015068956522745175,0.0,1.0,1.0,0.0,1.0,0.003511111111111111,0.005643441641220494,0.003511111111111111,11.519503780330352,9.92195595681917,0.0,0.0,0.0,-0.5803029043343052,0.1171875,0.0,0.0,E0002607,U006-normal-064,U006,normal_user,DAILY_NORMAL,0,0,0
0.32119904145555067,0.0696875,0.0,0.0,0.0,0.10634105394215741,0.0,1.0,2.0,0.0,2.0,0.024777777777777777,0.04546044321679383,0.028288888888888888,11.198995237365494,10.460929550930699,0.0,0.0,0.0,-0.41155421593989117,0.23346303501945526,0.0,0.0,E0002608,U006-normal-065,U006,normal_user,DAILY_NORMAL,0,0,0
0.03610973077880126,0.0078125,0.0,1.0,0.0,0.011921642818627513,0.0,1.0,3.0,0.0,2.0,0.002777777777777778,0.04985817642347078,0.031066666666666666,9.234740258799718,10.51632448963803,0.0,0.0,0.0,-0.5837696189622299,0.3488372093023256,0.0,0.0,E0002609,U006-normal-065,U006,normal_user,DAILY_NORMAL,0,0,0
0.0493040029109711,0.010625,0.0,0.0,0.0,0.016213434233333417,0.0,1.0,3.0,0.0,3.0,0.003777777777777778,0.050278672206703894,0.03133333333333333,10.879159780925365,10.767743662675924,0.0,0.0,0.0,-0.5742820507400277,0.3474903474903475,0.0,0.0,E0002610,U006-agent-normal-010,U006,normal_agent,DELEGATED_NORMAL,0,0,0
0.06055989379610621,0.013,0.0,0.0,0.0,0.019837613650196182,0.0,1.0,2.0,0.0,2.0,0.004622222222222222,0.013476240102979677,0.0084,10.752847570927493,10.946537799542742,0.0,0.0,0.0,-0.5660570219669676,0.23076923076923078,0.0,0.0,E0002611,U006-normal-066,U006,normal_user,DAILY_NORMAL,0,0,0
0.7099225484705974,0.1518125,0.0,0.0,0.0,0.23166136325156983,0.0,2.0,3.0,0.0,3.0,0.0586,0.10004883037067182,0.062377777777777775,6.807934943699926,10.513421588227024,0.0,0.0,0.0,-0.17435934427301938,0.3448275862068966,0.0,0.0,E0002612,U006-normal-066,U006,normal_user,DAILY_NORMAL,0,0,0
0.24638024537467487,0.052625,0.0,0.0,0.0,0.08030418602627493,0.0,1.0,3.0,0.0,3.0,0.018711111111111112,0.12364385072054591,0.07731111111111111,10.695642613426124,10.342625964051097,0.0,0.0,0.0,-0.4533434981151272,0.3435114503816794,0.0,0.0,E0002613,U006-normal-067,U006,normal_user,DAILY_NORMAL,0,0,0
0.028469986740172815,0.0060625,0.0,0.0,0.0,0.00925119482725495,0.0,1.0,4.0,0.0,4.0,0.0021555555555555555,0.12696459001852925,0.07946666666666667,10.12121647114884,10.432673587634051,0.0,0.0,0.0,-0.5835889852317087,0.4562737642585551,0.0,0.0,E0002614,U006-normal-067,U006,normal_user,DAILY_NORMAL,0,0,0
0.07602090745269986,0.016125,0.0,0.0,0.0,0.024606270777647186,0.0,1.0,5.0,0.0,5.0,0.005733333333333333,0.13610916184442481,0.0852,8.339261982923576,10.09312395714541,0.0,0.0,0.0,-0.5535950821987596,0.5681818181818181,0.0,0.0,E0002615,U006-normal-067,U006,normal_user,DAILY_NORMAL,0,0,0
0.09907549255129502,0.0209375,0.0,0.0,0.0,0.031950002753921736,0.0,1.0,1.0,0.0,1.0,0.0074444444444444445,0.011889059106155403,0.0074444444444444445,11.808776579752061,10.638472211837653,0.0,0.0,0.0,-0.5385359377668446,0.11320754716981131,0.0,0.0,E0002616,U006-normal-069,U006,normal_user,DAILY_NORMAL,0,0,0
0.18699225444755266,0.039375,0.0,0.0,0.0,0.060085079805882666,0.0,1.0,2.0,0.0,2.0,0.014,0.034234021161428256,0.021444444444444443,10.573877745973457,10.806652517191354,0.0,0.0,0.0,-0.4849259585842507,0.22556390977443608,0.0,0.0,E0002617,U006-normal-069,U006,normal_user,RECURRING_NORMAL,0,0,0
0.17985536698797272,0.03775,0.0,0.0,0.0,0.05760537809960814,0.0,1.0,3.0,0.0,3.0,0.013422222222222223,0.05561988938901948,0.034866666666666664,8.982937763741589,10.648007274343508,0.0,0.0,0.0,-0.48834717038969194,0.33707865168539325,0.0,0.0,E0002618,U006-normal-069,U006,normal_user,DAILY_NORMAL,0,0,0
0.0,0.0,0.0,0.0,0.0,0.0,0.0,1.0,3.0,0.0,3.0,0.0,0.04371318857579331,0.027422222222222223,10.717967018263598,10.740033532343565,0.0,0.0,0.0,-0.5944064285869254,0.33582089552238803,0.0,0.0,E0002619,U006-agent-normal-021,U006,normal_agent,DELEGATED_NORMAL,0,0,0
0.3698428591728397,0.077375,0.0,1.0,0.0,0.11807195047568689,0.0,1.0,4.0,0.0,4.0,0.02751111111111111,0.0875680730626913,0.054933333333333334,10.361292074324865,10.85230355611368,0.0,0.0,0.0,-0.37456945552762055,0.44609665427509293,0.0,0.0,E0002620,U006-normal-070,U006,normal_user,DAILY_NORMAL,0,0,0
6.765263230368324,1.4118525055173619,1.0,1.0,1.0,0.9535662004192159,0.0,1.0,3.0,1.0,3.0,0.5019920019617287,0.8428377079349645,0.5295031130728398,10.169154050930228,10.308445865578697,0.0,0.0,0.0,3.4242110881208596,0.3333333333333333,0.0,0.0,E0002621,U006-paysim-fraud-003,U006,paysim_fraud,ACCOUNT_DRAIN_TRANSFER,1,1,1
0.8425902255566626,0.17981694052349864,0.0,1.0,1.0,0.2743953072204209,0.0,2.0,4.0,1.0,3.0,0.5659269141478616,0.9200994876884311,0.5934380252589726,4.795790545596741,10.007351949566416,0.0,0.0,0.0,-0.09366426345410465,0.44280442804428044,0.0,0.0,E0002622,U006-paysim-fraud-003,U006,paysim_fraud,FOLLOW_UP_CASHOUT_PROXY,1,1,0
0.004102617116877499,0.000875,0.0,0.0,0.0,0.0013352239956862814,0.0,1.0,5.0,0.0,4.0,0.0003111111111111111,0.917550013812566,0.5937491363700838,10.12149795173859,10.149182889920658,0.0,0.0,0.0,-0.5933789638437641,0.5514705882352942,0.0,0.0,E0002623,U006-normal-071,U006,normal_user,DAILY_NORMAL,0,0,0
0.5189406971239863,0.11025,0.0,0.0,0.0,0.16823822345647146,0.0,1.0,4.0,0.0,3.0,0.0392,0.9355984402840692,0.6054380252589726,10.711769821588275,10.146998277642505,0.0,0.0,0.0,-0.2858770275895554,0.43956043956043955,0.0,0.0,E0002624,U006-normal-071,U006,normal_user,DAILY_NORMAL,0,0,0
0.1332195964246206,0.02825,0.0,0.0,0.0,0.04310866043215709,0.0,1.0,2.0,0.0,2.0,0.010044444444444444,0.07594531428199199,0.049244444444444445,11.07375361379616,10.37609404140184,0.0,0.0,0.0,-0.5150551250117495,0.21897810218978103,0.0,0.0,E0002625,U006-normal-072,U006,normal_user,DAILY_NORMAL,0,0,0
0.3675840626083845,0.0776875,0.0,0.0,0.0,0.11854881618843198,0.0,1.0,3.0,0.0,3.0,0.02762222222222222,0.11848342432485877,0.07686666666666667,8.76795190976342,10.245345261433679,0.0,0.0,0.0,-0.3750673827270489,0.32727272727272727,0.0,0.0,E0002626,U006-normal-072,U006,normal_user,DAILY_NORMAL,0,0,0
0.5866633936741524,0.1236875,0.0,0.0,0.0,0.18874344910451077,0.0,1.0,4.0,0.0,4.0,0.043977777777777775,0.18600743585338603,0.12084444444444445,9.28887424963029,10.31858610961253,0.0,0.0,0.0,-0.2449469545340147,0.4347826086956522,0.0,0.0,E0002627,U006-normal-072,U006,normal_user,DAILY_NORMAL,0,0,0
0.7479278167266706,0.1574375,0.0,0.0,0.0,0.24024494608098163,0.0,1.0,1.0,0.0,1.0,0.05597777777777778,0.08596871456628398,0.05597777777777778,11.877082349256716,10.898626432727962,0.0,0.0,0.0,-0.14941301960773729,0.10830324909747294,0.0,0.0,E0002628,U006-normal-074,U006,normal_user,DAILY_NORMAL,0,0,0
0.0032692056625659733,0.0006875,0.0,0.0,0.0,0.001049104568039221,0.0,1.0,2.0,0.0,2.0,0.00024444444444444443,0.08609740103704282,0.05622222222222222,9.459619396895018,10.772518947926022,0.0,0.0,0.0,-0.5913372634750055,0.2158273381294964,0.0,0.0,E0002629,U006-normal-074,U006,normal_user,DAILY_NORMAL,0,0,0
0.10680255003425462,0.022375,0.0,0.0,0.0,0.0341435850325492,0.0,1.0,3.0,0.0,3.0,0.007955555555555556,0.09827912712118254,0.06417777777777778,9.673696958500125,10.544799186453181,0.0,0.0,0.0,-0.528560266743075,0.3225806451612903,0.0,0.0,E0002630,U006-normal-074,U006,normal_user,DAILY_NORMAL,0,0,0
0.06585566300006009,0.01375,0.0,0.0,0.0,0.02098209136078442,0.0,1.0,4.0,0.0,4.0,0.004888888888888889,0.10572283089059231,0.06906666666666667,10.746002564746897,10.736031391371814,0.0,0.0,0.0,-0.5516753637505567,0.42857142857142855,0.0,0.0,E0002631,U006-normal-075,U006,normal_user,DAILY_NORMAL,0,0,0
0.11655631152149308,0.02425,0.0,0.0,0.0,0.0370047793090198,0.0,1.0,2.0,0.0,2.0,0.008622222222222222,0.020676785860260977,0.013511111111111111,10.666324028690118,10.866608433766922,0.0,0.0,0.0,-0.5205789238258451,0.21352313167259784,0.0,0.0,E0002632,U006-normal-075,U006,normal_user,DAILY_NORMAL,0,0,0
0.023509503610286423,0.004875,0.0,0.0,0.0,0.007439105118823568,0.0,1.0,3.0,0.0,3.0,0.0017333333333333333,0.023319143257166695,0.015244444444444444,9.254261559034111,10.154285180632154,0.0,0.0,0.0,-0.5742853083796696,0.3191489361702127,0.0,0.0,E0002633,U006-normal-075,U006,normal_user,DAILY_NORMAL,0,0,0
0.022688269008121136,0.0046875,0.0,0.0,0.0,0.007152985691176507,0.0,1.0,3.0,0.0,3.0,0.0016666666666666668,0.018388544619316157,0.012022222222222222,10.67466002253384,10.366718297494435,0.0,0.0,0.0,-0.5733876143151108,0.31802120141342755,0.0,0.0,E0002634,U006-normal-076,U006,normal_user,DAILY_NORMAL,0,0,0
0.022467691360406498,0.004625,0.0,0.0,0.0,0.007057612548627488,0.0,1.0,4.0,0.0,4.0,0.0016444444444444445,0.02090202226701795,0.013666666666666667,10.034910473896547,10.409310684679328,0.0,0.0,0.0,-0.5721438401751303,0.4225352112676056,0.0,0.0,E0002635,U006-normal-076,U006,normal_user,DAILY_NORMAL,0,0,0
0.27120507667154226,0.055625,0.0,0.0,0.0,0.08488209686862788,0.0,1.0,4.0,0.0,4.0,0.019777777777777776,0.03796032796985665,0.02482222222222222,9.600150240473774,10.197335576378824,0.0,0.0,0.0,-0.4255425793690219,0.42105263157894735,0.0,0.0,E0002636,U006-agent-normal-026,U006,normal_agent,DELEGATED_NORMAL,0,0,0
0.09288706532029622,0.019,0.0,1.0,0.0,0.02899343533490211,0.0,2.0,5.0,0.0,5.0,0.026533333333333332,0.048242880051221106,0.03157777777777778,7.682482446534506,9.835647587625482,0.0,0.0,0.0,-0.5290361444842242,0.5244755244755245,0.0,0.0,E0002637,U006-normal-076,U006,normal_user,DAILY_NORMAL,0,0,0
3.281586848545271,0.669,0.0,0.0,0.0,0.9068112504235852,0.0,1.0,4.0,0.0,4.0,0.23786666666666667,0.4063090297393806,0.2660444444444444,10.999797192141562,10.260140496232857,0.0,0.0,0.0,1.3279553200347913,0.4181184668989547,0.0,0.0,E0002638,U006-normal-077,U006,normal_user,DAILY_NORMAL,0,0,0
1.1297588655673996,0.23225,0.0,1.0,0.0,0.3544065977121587,0.0,1.0,2.0,0.0,2.0,0.08257777777777778,0.4835347199357083,0.3204444444444444,11.256250982947074,10.47429759323113,0.0,0.0,0.0,0.07605149601113954,0.20833333333333334,0.0,0.0,E0002639,U006-normal-078,U006,normal_user,DAILY_NORMAL,0,0,0
0.24827085222619183,0.0510625,0.0,1.0,0.0,0.07791985746254942,0.0,1.0,2.0,0.0,2.0,0.018155555555555557,0.15137285608583098,0.10073333333333333,9.862300908205878,10.453653113117207,0.0,0.0,0.0,-0.4416017205462561,0.20761245674740486,0.0,0.0,E0002640,U006-normal-078,U006,normal_user,DAILY_NORMAL,0,0,0
3.6566051365303616,0.75,0.0,0.0,0.0,0.916030534351145,0.0,2.0,3.0,0.0,3.0,0.2848222222222222,0.5515935467359167,0.3674,5.170483995038151,10.365729890731833,0.0,0.0,0.0,1.5586288062414755,0.3103448275862069,0.0,0.0,E0002641,U006-normal-078,U006,normal_user,DAILY_NORMAL,0,0,0
9.462849853966942,1.959658804670975,1.0,1.0,1.0,0.9661064377941547,0.0,1.0,4.0,1.0,4.0,0.6967675749941245,1.576640215818584,1.0641675749941244,10.109200062120658,10.49770350520315,0.0,0.0,0.0,5.000217232997923,0.4123711340206186,0.0,0.0,E0002642,U006-paysim-fraud-004,U006,paysim_fraud,ACCOUNT_DRAIN_TRANSFER,1,1,1
1.8706695005959209,0.3992749408540718,0.0,1.0,1.0,0.6092816936052313,0.0,2.0,5.0,1.0,4.0,0.8387319984089056,1.7275258498515054,1.2061319984089056,4.795790545596741,10.097572976250325,0.0,0.0,0.0,0.5086276469372223,0.5136986301369864,0.0,0.0,E0002643,U006-paysim-fraud-004,U006,paysim_fraud,FOLLOW_UP_CASHOUT_PROXY,1,1,0
0.04933200820990375,0.0105625,0.0,1.0,0.0,0.016118061090784397,0.0,1.0,6.0,0.0,5.0,0.0037555555555555554,1.7212386881009007,1.2098875539644611,10.319265961919356,9.60735655489074,0.0,0.0,0.0,-0.5578546748205869,0.614334470989761,0.0,0.0,E0002644,U006-normal-079,U006,normal_user,DAILY_NORMAL,0,0,0
0.10017420052757157,0.021375,0.0,0.0,0.0,0.032617614751764876,0.0,1.0,7.0,0.0,6.0,0.0076,1.731742366111206,1.2174875539644612,8.668711839055147,9.409092865227883,0.0,0.0,0.0,-0.5268688534095056,0.7142857142857142,0.0,0.0,E0002645,U006-normal-079,U006,normal_user,DAILY_NORMAL,0,0,0
0.20334748988761564,0.04325,0.0,0.0,0.0,0.06599821464392192,0.0,1.0,7.0,0.0,6.0,0.015377777777777778,1.6355683857983292,1.150287553964461,9.03455739202181,9.535404930615295,0.0,0.0,0.0,-0.4655580404945727,0.711864406779661,0.0,0.0,E0002646,U006-normal-079,U006,normal_user,DAILY_NORMAL,0,0,0
0.2451847520724575,0.052,0.0,0.0,0.0,0.07935045460078473,0.0,1.0,6.0,0.0,5.0,0.018488888888888888,1.2559595217159227,0.8839542206311277,9.856553165346915,9.452831545126502,0.0,0.0,0.0,-0.44047072103647805,0.6081081081081081,0.0,0.0,E0002647,U006-normal-079,U006,normal_user,DAILY_NORMAL,0,0,0
1.1293510897895662,0.238875,0.0,0.0,0.0,0.36451615082235483,0.0,1.0,5.0,0.0,5.0,0.08493333333333333,0.18476872050641877,0.13015555555555555,10.79121418728553,10.018529055846805,0.0,0.0,0.0,0.0753880621832822,0.5050505050505051,0.0,0.0,E0002648,U006-normal-080,U006,normal_user,DAILY_NORMAL,0,0,0
0.0,0.0,0.0,0.0,0.0,0.0,0.0,1.0,3.0,0.0,3.0,0.0,0.1462303960580323,0.10342222222222222,10.056079875899302,9.95397151950658,0.0,0.0,0.0,-0.5841154151161856,0.30201342281879195,0.0,0.0,E0002649,U006-agent-normal-013,U006,normal_agent,DELEGATED_NORMAL,0,0,0
0.6246683506724839,0.1321875,0.0,0.0,0.0,0.2017141964911775,0.0,1.0,3.0,0.0,3.0,0.047,0.18654272913548298,0.13193333333333335,9.585827256564661,10.033787479595286,0.0,0.0,0.0,-0.21923700215318462,0.3010033444816054,0.0,0.0,E0002650,U006-normal-080,U006,normal_user,DAILY_NORMAL,0,0,0
3.1490434904074447,0.6654925150263945,0.0,1.0,0.0,0.906366086690678,0.0,1.0,3.0,0.0,3.0,0.2366195608982736,0.4001280650999415,0.2836195608982736,10.841187463647783,10.352082390294289,0.0,0.0,0.0,1.2557387285195265,0.3,0.0,0.0,E0002651,U006-misuse-CUMULATIVE_BYPASS-003,U006,agent_misuse,CUMULATIVE_BYPASS,1,0,0
0.0137955620892543,0.0029375,0.0,1.0,0.0,0.004482537699803945,0.0,2.0,4.0,0.0,3.0,0.23766400534271806,0.39718197081058837,0.2846640053427181,6.61338421837956,10.227547358393602,0.0,0.0,0.0,-0.5800408701923051,0.39867109634551495,0.0,0.0,E0002652,U006-normal-081,U006,normal_user,DAILY_NORMAL,0,0,0
3.3931217695837144,0.72,0.0,1.0,0.0,0.9128367670364501,0.0,3.0,5.0,0.0,4.0,0.493664005342718,0.7543333908547295,0.540664005342718,6.842683282238422,9.804970235360296,0.0,0.0,0.0,1.404294132430414,0.49668874172185434,0.0,0.0,E0002653,U006-misuse-CUMULATIVE_BYPASS-003,U006,agent_misuse,CUMULATIVE_BYPASS,1,0,0
2.9314511256426545,0.6272411953352425,0.0,1.0,0.0,0.9012200147634271,0.0,4.0,6.0,0.0,5.0,0.7166830970174709,1.0529530696674194,0.763683097017471,7.427144133408616,9.53245285623247,0.0,0.0,0.0,1.1409439557374028,0.594059405940594,0.0,0.0,E0002654,U006-misuse-CUMULATIVE_BYPASS-003,U006,agent_misuse,CUMULATIVE_BYPASS,1,0,0
3.085525068182259,0.6646513897132791,0.0,1.0,0.0,0.9062586995821243,0.0,3.0,7.0,0.0,5.0,0.71533958579503,1.364798733252012,1.000003591137748,7.427144133408616,9.325916529823665,0.0,0.0,0.0,1.2396074110027238,0.6907894736842105,0.0,0.0,E0002655,U006-misuse-CUMULATIVE_BYPASS-003,U006,agent_misuse,CUMULATIVE_BYPASS,1,0,0
2.8711104363564597,0.6229429950666009,0.0,1.0,0.0,0.900606193079373,0.0,3.0,8.0,0.0,5.0,0.6808304284853769,1.6493559123768897,1.221494433828095,7.427144133408616,7.20414929203594,0.0,0.0,0.0,1.119184085115359,0.7868852459016394,0.0,0.0,E0002656,U006-misuse-CUMULATIVE_BYPASS-003,U006,agent_misuse,CUMULATIVE_BYPASS,1,0,1
0.015741334653773472,0.0034375,0.0,1.0,0.0,0.005245522840196105,0.0,1.0,8.0,0.0,5.0,0.0012222222222222222,1.6347096127085046,1.222716656050317,10.248353038515363,8.831010737472644,0.0,0.0,0.0,-0.5922808043909894,0.7843137254901962,0.0,0.0,E0002657,U006-agent-normal-017,U006,normal_agent,DELEGATED_NORMAL,0,0,0
0.02756935438485106,0.006,0.0,0.0,0.0,0.009155821684705929,0.0,2.0,8.0,0.0,5.0,0.0033555555555555556,1.574639406926715,1.1778499893836505,7.590852123688581,8.861038182366864,0.0,0.0,0.0,-0.5838322923778838,0.7817589576547231,0.0,0.0,E0002658,U006-agent-normal-009,U006,normal_agent,DELEGATED_NORMAL,0,0,0
0.09710441358779086,0.0210625,0.0,0.0,0.0,0.03214074903901978,0.0,1.0,9.0,0.0,5.0,0.007488888888888889,1.5845004896099342,1.1853388782725394,8.395703293828527,8.936061408547202,0.0,0.0,0.0,-0.5408870587529085,0.8766233766233765,0.0,0.0,E0002659,U006-normal-081,U006,normal_user,DAILY_NORMAL,0,0,0
0.0,0.0,0.0,0.0,0.0,0.0,0.0,1.0,10.0,0.0,5.0,0.0,1.58397193062209,1.1853388782725394,8.592486175451668,9.029202114807003,0.0,0.0,0.0,-0.5979316907826523,0.9708737864077669,0.0,0.0,E0002660,U006-agent-normal-030,U006,normal_agent,DELEGATED_NORMAL,0,0,0
0.024279141212792104,0.00525,0.0,0.0,0.0,0.008011343974117688,0.0,1.0,5.0,0.0,4.0,0.0018666666666666666,0.016985896249653968,0.01271111111111111,11.219413095989136,10.039756444787114,0.0,0.0,0.0,-0.5834144228265368,0.48387096774193544,0.0,0.0,E0002661,U006-normal-082,U006,normal_user,DAILY_NORMAL,0,0,0
0.12528135491515652,0.027,0.0,0.0,0.0,0.041201197581176685,0.0,1.0,2.0,0.0,2.0,0.0096,0.015321667409987857,0.011466666666666667,10.790225882148258,10.202903018704596,0.0,0.0,0.0,-0.5218690857947852,0.19292604501607716,0.0,0.0,E0002662,U006-agent-normal-025,U006,normal_agent,DELEGATED_NORMAL,0,0,0
0.11053004451323767,0.02375,0.0,0.0,1.0,0.03624179416862764,0.0,1.0,2.0,0.0,2.0,0.008444444444444444,0.0241005360216834,0.018044444444444443,11.239882384368588,10.640809500785627,0.0,0.0,0.0,-0.5297478591801412,0.1923076923076923,0.0,0.0,E0002663,U006-normal-084,U006,normal_user,DAILY_NORMAL,0,0,0
0.028883072145132038,0.0061875,0.0,0.0,0.0,0.00944194111235299,0.0,1.0,2.0,0.0,2.0,0.0022,0.01421159892914047,0.010644444444444444,9.657523073436215,10.693053389222547,0.0,0.0,0.0,-0.5773363190599498,0.19169329073482427,0.0,0.0,E0002664,U006-hard-SUBSCRIPTION_BURST-003,U006,hard_negative,SUBSCRIPTION_BURST,0,0,0
0.08488547130190575,0.018125,0.0,0.0,0.0,0.027658211339215828,0.0,2.0,3.0,0.0,3.0,0.008644444444444444,0.022813464852457662,0.01708888888888889,6.493753839851686,10.671343239178908,0.0,0.0,0.0,-0.5428703103193878,0.28662420382165604,0.0,0.0,E0002665,U006-hard-SUBSCRIPTION_BURST-003,U006,hard_negative,SUBSCRIPTION_BURST,0,0,0
0.02906770688665308,0.0061875,0.0,0.0,0.0,0.00944194111235299,0.0,3.0,4.0,0.0,3.0,0.010844444444444445,0.025743056399974363,0.01928888888888889,6.493753839851686,10.251401228406259,0.0,0.0,0.0,-0.5748921510454645,0.38095238095238093,0.0,0.0,E0002666,U006-hard-SUBSCRIPTION_BURST-003,U006,hard_negative,SUBSCRIPTION_BURST,0,0,0
0.029162723766721046,0.0061875,0.0,0.0,0.0,0.00944194111235299,0.0,4.0,5.0,0.0,4.0,0.013044444444444444,0.028676381820641906,0.021488888888888887,6.493753839851686,9.838714337193359,0.0,0.0,0.0,-0.573608760139437,0.4746835443037975,0.0,0.0,E0002667,U006-hard-SUBSCRIPTION_BURST-003,U006,hard_negative,SUBSCRIPTION_BURST,0,0,0
0.14481094752823012,0.030625,0.0,0.0,0.0,0.046732839849019846,0.0,5.0,6.0,0.0,4.0,0.023933333333333334,0.04320310228966581,0.032377777777777776,6.493753839851686,8.204289032894405,0.0,0.0,0.0,-0.5042056157840973,0.5678233438485805,0.0,0.0,E0002668,U006-hard-SUBSCRIPTION_BURST-003,U006,hard_negative,SUBSCRIPTION_BURST,0,0,0
0.17130614203173875,0.036125,0.0,1.0,0.0,0.05512567639333362,0.0,1.0,7.0,0.0,5.0,0.012844444444444445,0.06031280260113985,0.04522222222222222,10.303638565820524,8.77909581088053,0.0,0.0,0.0,-0.4877990869350966,0.6603773584905661,0.0,0.0,E0002669,U006-normal-084,U006,normal_user,DAILY_NORMAL,0,0,0
0.2101173091837684,0.0441875,0.0,0.0,0.0,0.0674288117821572,0.0,1.0,2.0,0.0,2.0,0.01571111111111111,0.03806276235760229,0.028555555555555556,11.037949494097935,9.841761073898363,0.0,0.0,0.0,-0.46426203147085665,0.18808777429467086,0.0,0.0,E0002670,U006-agent-normal-014,U006,normal_agent,DELEGATED_NORMAL,0,0,0
5.625767688540767,1.18,1.0,1.0,0.0,0.944944944944945,0.0,1.0,3.0,1.0,3.0,0.41955555555555557,0.5968873055307024,0.4481111111111111,9.546241016698438,9.974365313169566,0.0,0.0,0.0,2.7152654940891994,0.28125,0.0,0.0,E0002671,U006-misuse-POLICY_CONFLICT-007,U006,agent_misuse,POLICY_CONFLICT,1,0,1
1.775640724485619,0.378125,0.0,1.0,0.0,0.5770075124215716,0.0,1.0,3.0,0.0,3.0,0.13444444444444445,0.7449816095841225,0.5697111111111111,9.320180837655714,10.067687568216387,0.0,0.0,0.0,0.4574741837369963,0.28037383177570097,0.0,0.0,E0002672,U006-normal-085,U006,normal_user,RECURRING_NORMAL,0,0,0
0.2508845255139417,0.0535625,0.0,0.0,0.0,0.08173478316451023,0.0,1.0,4.0,0.0,4.0,0.019044444444444444,0.765399644448931,0.5887555555555556,9.682903223616842,10.190356794730883,0.0,0.0,0.0,-0.443534558137184,0.3726708074534162,0.0,0.0,E0002673,U006-normal-085,U006,normal_user,DAILY_NORMAL,0,0,0
0.21511218792977757,0.0458125,0.0,0.0,0.0,0.06990851348843173,0.0,1.0,1.0,0.0,1.0,0.016288888888888887,0.021158575861945337,0.016288888888888887,11.899296094985369,10.821963894224133,0.0,0.0,0.0,-0.46418532389021155,0.09287925696594426,0.0,0.0,E0002674,U006-normal-087,U006,normal_user,DAILY_NORMAL,0,0,0
0.017947595431740394,0.0038125,0.0,0.0,0.0,0.0058177616954902265,0.0,1.0,2.0,0.0,2.0,0.0013555555555555556,0.022903231714564248,0.017644444444444445,10.185201853208117,10.668327290482809,0.0,0.0,0.0,-0.5800441277956717,0.18518518518518517,0.0,0.0,E0002675,U006-agent-normal-031,U006,normal_agent,DELEGATED_NORMAL,0,0,0
0.2396756660179349,0.05075,0.0,0.0,1.0,0.07744299174980432,0.0,1.0,3.0,0.0,3.0,0.018044444444444443,0.04632296332193042,0.03568888888888889,8.228977643358313,10.619476854094698,0.0,0.0,0.0,-0.44813040387710557,0.2769230769230769,0.0,0.0,E0002676,U006-normal-088,U006,normal_user,DAILY_NORMAL,0,0,0
0.1748754371070077,0.0369375,0.0,0.0,0.0,0.05636552724647088,0.0,1.0,4.0,0.0,4.0,0.013133333333333334,0.06332014887667216,0.048822222222222225,10.258150473713906,10.700877624444454,0.0,0.0,0.0,-0.4857538487197141,0.36809815950920244,0.0,0.0,E0002677,U006-normal-088,U006,normal_user,DAILY_NORMAL,0,0,0
0.02254842306845611,0.00475,0.0,0.0,0.0,0.007248358833725528,0.0,1.0,5.0,0.0,5.0,0.0016888888888888889,0.06547338481681239,0.05051111111111111,9.987552927653796,10.726289245322095,0.0,0.0,0.0,-0.5746042897061256,0.4587155963302752,0.0,0.0,E0002678,U006-normal-088,U006,normal_user,DAILY_NORMAL,0,0,0
0.7190697788171589,0.151,0.0,0.0,0.0,0.23042151239843256,0.0,1.0,5.0,0.0,5.0,0.05368888888888889,0.1139436035970151,0.0879111111111111,9.223157875686796,9.8053563975201,0.0,0.0,0.0,-0.16480523531897073,0.4573170731707317,0.0,0.0,E0002679,U006-normal-088,U006,normal_user,DAILY_NORMAL,0,0,0
0.0241296824428212,0.0050625,0.0,0.0,0.0,0.0077252245464706285,0.0,1.0,6.0,0.0,6.0,0.0018,0.11600753605057663,0.08971111111111112,8.365206834418355,9.52427481557203,0.0,0.0,0.0,-0.5728653496407461,0.547112462006079,0.0,0.0,E0002680,U006-agent-normal-006,U006,normal_agent,DELEGATED_NORMAL,0,0,0
0.06305355151203368,0.0131875,0.0,1.0,0.0,0.02012373307784324,0.0,2.0,7.0,0.0,7.0,0.006488888888888889,0.12206137751691536,0.0944,7.5256399750415355,9.49622583148502,0.0,0.0,0.0,-0.548887729968653,0.6363636363636364,0.0,0.0,E0002681,U006-normal-088,U006,normal_user,DAILY_NORMAL,0,0,0
0.044659653610179956,0.0093125,0.0,0.0,0.0,0.014210598239803996,0.0,3.0,8.0,0.0,8.0,0.0098,0.1263171925235079,0.09771111111111111,5.645446897643238,8.944184930068682,0.0,0.0,0.0,-0.5586127530603305,0.7250755287009063,0.0,0.0,E0002682,U006-normal-088,U006,normal_user,RECURRING_NORMAL,0,0,0
0.24983510046338295,0.0519375,0.0,0.0,0.0,0.0792550814582357,0.0,1.0,5.0,0.0,5.0,0.018466666666666666,0.1059338971359374,0.08195555555555556,11.170364731008458,9.770607376395544,0.0,0.0,0.0,-0.4377872233222777,0.45180722891566266,0.0,0.0,E0002683,U006-normal-089,U006,normal_user,DAILY_NORMAL,0,0,0
